geoid,name,estimate_coresident_grandparents_total,estimate_responsible_total,estimate_less_than_six_months,estimate_six_to_eleven_months,estimate_one_or_two_years,estimate_three_or_four_years,estimate_five_plus_years,estimate_not_responsible,moe_coresident_grandparents_total,moe_responsible_total,moe_less_than_six_months,moe_six_to_eleven_months,moe_one_or_two_years,moe_three_or_four_years,moe_five_plus_years,moe_not_responsible,duration_sum,duration_difference,duration_reconciliation_status,coresident_components_sum,coresident_difference,coresident_reconciliation_status,pct_responsible,moe_ratio,moe_exceeds_estimate,high_moe_flag,severe_moe_flag,cv_responsible_percent,responsible_ci90_lower,responsible_ci90_upper,pct_responsible_moe,percent_responsible_grandparents_less_than_six_months,percent_responsible_grandparents_less_than_six_months_moe,percent_responsible_grandparents_six_to_eleven_months,percent_responsible_grandparents_six_to_eleven_months_moe,percent_responsible_grandparents_one_or_two_years,percent_responsible_grandparents_one_or_two_years_moe,percent_responsible_grandparents_three_or_four_years,percent_responsible_grandparents_three_or_four_years_moe,percent_responsible_grandparents_five_plus_years,percent_responsible_grandparents_five_plus_years_moe,pct_responsible_ci90_lower,pct_responsible_ci90_upper,pct_responsible_cv_percent,pct_responsible_exclusion,percent_responsible_grandparents_less_than_six_months_ci90_lower,percent_responsible_grandparents_less_than_six_months_ci90_upper,percent_responsible_grandparents_less_than_six_months_cv_percent,percent_responsible_grandparents_less_than_six_months_exclusion,percent_responsible_grandparents_six_to_eleven_months_ci90_lower,percent_responsible_grandparents_six_to_eleven_months_ci90_upper,percent_responsible_grandparents_six_to_eleven_months_cv_percent,percent_responsible_grandparents_six_to_eleven_months_exclusion,percent_responsible_grandparents_one_or_two_years_ci90_lower,percent_responsible_grandparents_one_or_two_years_ci90_upper,percent_responsible_grandparents_one_or_two_years_cv_percent,percent_responsible_grandparents_one_or_two_years_exclusion,percent_responsible_grandparents_three_or_four_years_ci90_lower,percent_responsible_grandparents_three_or_four_years_ci90_upper,percent_responsible_grandparents_three_or_four_years_cv_percent,percent_responsible_grandparents_three_or_four_years_exclusion,percent_responsible_grandparents_five_plus_years_ci90_lower,percent_responsible_grandparents_five_plus_years_ci90_upper,percent_responsible_grandparents_five_plus_years_cv_percent,percent_responsible_grandparents_five_plus_years_exclusion,acs_year,acs_period,acs_product,state_fips,map_pct_responsible,five_core_county,national_rank_caregiver_count,national_percentile_caregiver_count,national_decile_caregiver_count,eligible_n_caregiver_count,exclusion_reason_caregiver_count,national_rank_caregiving_percent,national_percentile_caregiving_percent,national_decile_caregiving_percent,eligible_n_caregiving_percent,exclusion_reason_caregiving_percent,national_rank_less_than_six_months,national_percentile_less_than_six_months,national_decile_less_than_six_months,eligible_n_less_than_six_months,exclusion_reason_less_than_six_months,national_rank_six_to_eleven_months,national_percentile_six_to_eleven_months,national_decile_six_to_eleven_months,eligible_n_six_to_eleven_months,exclusion_reason_six_to_eleven_months,national_rank_one_or_two_years,national_percentile_one_or_two_years,national_decile_one_or_two_years,eligible_n_one_or_two_years,exclusion_reason_one_or_two_years,national_rank_three_or_four_years,national_percentile_three_or_four_years,national_decile_three_or_four_years,eligible_n_three_or_four_years,exclusion_reason_three_or_four_years,national_rank_five_plus_years,national_percentile_five_plus_years,national_decile_five_plus_years,eligible_n_five_plus_years,exclusion_reason_five_plus_years
13251,"Screven County, Georgia",321,242,0,17,22,34,169,79,130,111,23,20,48,35,87,65,242,0,Pass,321,0,Pass,75.38940809968847,0.45867768595041325,FALSE,TRUE,FALSE,27.885623281903474,131,353,16.234621309569178,0,9.50413223140496,7.024793388429752,7.610473978389544,9.090909090909092,19.391455387871208,14.049586776859504,12.947769895333408,69.83471074380165,16.321988402042546,59.15478679011929,91.62402940925764,13.091957063254572,Retained,0,9.50413223140496,NA,Unavailable MOE or zero percentage,0,14.635267366819296,65.86442324224573,Percentage MOE exceeds 50% of estimate,0,28.482364478780298,129.6808456214545,Percentage MOE exceeds 50% of estimate,1.101816881526096,26.997356672192915,56.02787676897807,Percentage MOE exceeds 50% of estimate,53.5127223417591,86.1566991458442,14.209358431812758,Retained,2024,2020-2024,ACS five-year,13,75.38940809968847,FALSE,1503,52.099236641221374,6,3144,Retained,34,97.81188765512736,10,1531,Retained,NA,NA,NA,132,Unavailable MOE or zero percentage,NA,NA,NA,119,Percentage MOE exceeds 50% of estimate,NA,NA,NA,420,Percentage MOE exceeds 50% of estimate,NA,NA,NA,354,Percentage MOE exceeds 50% of estimate,132,90.16454749439043,10,1337,Retained
13303,"Washington County, Georgia",801,588,5,46,117,91,329,213,250,215,8,44,104,68,172,129,588,0,Pass,801,0,Pass,73.40823970037454,0.3656462585034014,FALSE,TRUE,FALSE,22.229714092011974,373,803,13.983184870682003,0.8503401360544218,1.3245403080970297,7.8231292517006805,6.914675604967218,19.897959183673468,16.121353919540216,15.476190476190476,10.085555388797323,55.952380952380956,20.90694537141542,59.425054829692534,87.39142457105655,11.580679238073381,Retained,0,2.1748804441514515,94.69896754333283,Percentage MOE exceeds 50% of estimate,0.908453646733463,14.737804856667898,53.73584072613389,Percentage MOE exceeds 50% of estimate,3.776605264133252,36.01931310321368,49.256746204877,Percentage MOE exceeds 50% of estimate,5.390635087393154,25.5617458649878,39.619454876037466,Percentage MOE exceeds 50% of estimate,35.04543558096553,76.85932632379638,22.716674530393288,Retained,2024,2020-2024,ACS five-year,13,73.40823970037454,FALSE,773,75.39758269720102,8,3144,Retained,43,97.2240365774004,10,1531,Retained,NA,NA,NA,132,Percentage MOE exceeds 50% of estimate,NA,NA,NA,119,Percentage MOE exceeds 50% of estimate,NA,NA,NA,420,Percentage MOE exceeds 50% of estimate,NA,NA,NA,354,Percentage MOE exceeds 50% of estimate,467,65.10845175766642,7,1337,Retained
13131,"Grady County, Georgia",746,496,17,0,102,29,348,250,245,196,30,27,64,36,183,119,496,0,Pass,746,0,Pass,66.48793565683646,0.3951612903225806,FALSE,TRUE,FALSE,24.024100615868306,300,692,14.611306084110096,3.4274193548387095,5.89479702194788,0,5.443548387096774,20.56451612903226,10.022797647551105,5.846774193548387,6.880513449537052,70.16129032258065,24.34288107703023,51.87662957272636,81.09924174094655,13.360383758696768,Retained,0,9.322216376786589,104.56211368378104,Percentage MOE exceeds 50% of estimate,0,5.443548387096774,NA,Unavailable MOE or zero percentage,10.541718481481155,30.587313776583365,29.63078861892314,Retained,0,12.72728764308544,71.54466754202089,Percentage MOE exceeds 50% of estimate,45.81840924555043,94.50417139961088,21.093427431498114,Retained,2024,2020-2024,ACS five-year,13,66.48793565683646,FALSE,903,71.27862595419847,8,3144,Retained,91,94.08883082952319,10,1531,Retained,NA,NA,NA,132,Percentage MOE exceeds 50% of estimate,NA,NA,NA,119,Unavailable MOE or zero percentage,201,52.26190476190476,6,420,Retained,NA,NA,NA,354,Percentage MOE exceeds 50% of estimate,125,90.68810770381451,10,1337,Retained
13033,"Burke County, Georgia",798,500,2,0,130,60,308,298,258,219,4,27,94,71,176,133,500,0,Pass,798,0,Pass,62.65664160401002,0.438,FALSE,TRUE,FALSE,26.628509237735496,281,719,18.51456179093896,0.4,0.7805798870070891,0,5.4,26,14.95839082254505,12,13.191454203384856,61.6,22.60699960985535,44.142079813071064,81.17120339494898,17.964662711723697,Retained,0,1.1805798870070892,118.63971878971921,Percentage MOE exceeds 50% of estimate,0,5.4,NA,Unavailable MOE or zero percentage,11.04160917745495,40.95839082254505,34.97713805758683,Percentage MOE exceeds 50% of estimate,0,25.191454203384858,66.83195588165876,Percentage MOE exceeds 50% of estimate,38.99300039014465,84.20699960985536,22.31181795752965,Retained,2024,2020-2024,ACS five-year,13,62.65664160401002,FALSE,896,71.50127226463104,8,3144,Retained,144,90.62704114957545,10,1531,Retained,NA,NA,NA,132,Percentage MOE exceeds 50% of estimate,NA,NA,NA,119,Unavailable MOE or zero percentage,NA,NA,NA,420,Percentage MOE exceeds 50% of estimate,NA,NA,NA,354,Percentage MOE exceeds 50% of estimate,301,77.5243081525804,8,1337,Retained
13191,"McIntosh County, Georgia",500,312,0,35,10,33,234,188,192,151,23,66,22,35,124,124,312,0,Pass,500,0,Pass,62.4,0.483974358974359,FALSE,TRUE,FALSE,29.42355180085807,161,463,18.381559385427558,0,7.371794871794872,11.217948717948719,20.445268388012977,3.205128205128205,6.878543271265694,10.576923076923077,9.981914966549105,75,16.186492436385418,44.01844061457244,80.78155938542756,17.908965720452866,Retained,0,7.371794871794872,NA,Unavailable MOE or zero percentage,0,31.663217105961696,110.80315046256604,Percentage MOE exceeds 50% of estimate,0,10.0836714763939,130.47395011144135,Percentage MOE exceeds 50% of estimate,0.5950081103739713,20.558838043472182,57.37560304959004,Percentage MOE exceeds 50% of estimate,58.81350756361458,91.18649243638542,13.120918215184927,Retained,2024,2020-2024,ACS five-year,13,62.4,FALSE,1275,59.38295165394402,6,3144,Retained,148,90.365774003919,10,1531,Retained,NA,NA,NA,132,Unavailable MOE or zero percentage,NA,NA,NA,119,Percentage MOE exceeds 50% of estimate,NA,NA,NA,420,Percentage MOE exceeds 50% of estimate,NA,NA,NA,354,Percentage MOE exceeds 50% of estimate,66,95.0261780104712,10,1337,Retained
13145,"Harris County, Georgia",841,480,36,12,110,24,298,361,276,214,54,18,89,38,168,152,480,0,Pass,841,0,Pass,57.07491082045184,0.44583333333333336,FALSE,TRUE,FALSE,27.10474208939972,266,694,17.22346103105145,7.5,10.741593733590001,2.5,3.5805312445300013,22.916666666666664,15.472751208884262,5,7.596343007219549,62.083333333333336,21.42155349552978,39.85144978940039,74.29837185150329,18.346276240245487,Retained,0,18.24159373359,87.07233727942256,Percentage MOE exceeds 50% of estimate,0,6.080531244530001,87.07233727942257,Percentage MOE exceeds 50% of estimate,7.443915457782403,38.389417875550926,41.047700971253576,Percentage MOE exceeds 50% of estimate,0,12.596343007219549,92.3649725756864,Percentage MOE exceeds 50% of estimate,40.66177983780356,83.5048868288631,20.977256050100575,Retained,2024,2020-2024,ACS five-year,13,57.07491082045184,FALSE,929,70.41984732824427,8,3144,Retained,234,84.74853037230568,9,1531,Retained,NA,NA,NA,132,Percentage MOE exceeds 50% of estimate,NA,NA,NA,119,Percentage MOE exceeds 50% of estimate,NA,NA,NA,420,Percentage MOE exceeds 50% of estimate,NA,NA,NA,354,Percentage MOE exceeds 50% of estimate,283,78.87060583395662,8,1337,Retained
13263,"Talbot County, Georgia",281,160,0,0,58,0,102,121,118,77,20,20,20,20,76,82,160,0,Pass,281,0,Pass,56.93950177935944,0.48125,FALSE,TRUE,FALSE,29.257922535753902,83,237,13.38518518161647,0,12.5,0,12.5,36.25,21.46133565793742,0,12.5,63.74999999999999,36.263022142429655,43.55431659774297,70.32468696097591,14.29168595310364,Retained,0,12.5,NA,Unavailable MOE or zero percentage,0,12.5,NA,Unavailable MOE or zero percentage,14.788664342062582,57.71133565793742,35.99328451088199,Percentage MOE exceeds 50% of estimate,0,12.5,NA,Unavailable MOE or zero percentage,27.486977857570338,100,34.58251303099275,Percentage MOE exceeds 50% of estimate,2024,2020-2024,ACS five-year,13,56.93950177935944,FALSE,1872,40.42620865139949,5,3144,Retained,237,84.55258001306336,9,1531,Retained,NA,NA,NA,132,Unavailable MOE or zero percentage,NA,NA,NA,119,Unavailable MOE or zero percentage,NA,NA,NA,420,Percentage MOE exceeds 50% of estimate,NA,NA,NA,354,Unavailable MOE or zero percentage,NA,NA,NA,1337,Percentage MOE exceeds 50% of estimate
13177,"Lee County, Georgia",1093,616,169,49,270,11,117,477,501,308,153,81,212,23,74,334,616,0,Pass,1093,0,Pass,56.358645928636776,0.5,FALSE,TRUE,FALSE,30.39784159558847,308,924,11.257011309603635,27.435064935064936,20.706008147441715,7.954545454545454,12.533424278802299,43.83116883116883,26.535629074691453,1.7857142857142856,3.6254401678778074,18.993506493506494,7.356869901287933,45.10163461903314,67.61565723824042,12.143260044337131,Retained,6.729056787623222,48.14107308250665,45.88419653699702,Percentage MOE exceeds 50% of estimate,0,20.487969733347754,95.79153153487279,Percentage MOE exceeds 50% of estimate,17.29553975647738,70.36679790586028,36.80603875104339,Percentage MOE exceeds 50% of estimate,0,5.4111544535920935,123.43022264992524,Percentage MOE exceeds 50% of estimate,11.636636592218562,26.350376394794427,23.548360169846347,Retained,2024,2020-2024,ACS five-year,13,56.358645928636776,FALSE,740,76.44720101781171,8,3144,Retained,255,83.3768778576094,9,1531,Retained,NA,NA,NA,132,Percentage MOE exceeds 50% of estimate,NA,NA,NA,119,Percentage MOE exceeds 50% of estimate,NA,NA,NA,420,Percentage MOE exceeds 50% of estimate,NA,NA,NA,354,Percentage MOE exceeds 50% of estimate,1330,0.5609573672400897,1,1337,Retained
13267,"Tattnall County, Georgia",637,352,72,27,48,46,159,285,205,176,87,39,59,42,111,123,352,0,Pass,637,0,Pass,55.25902668759811,0.5,FALSE,TRUE,FALSE,30.39784159558847,176,528,21.14560291880198,20.454545454545457,22.50064565189333,7.670454545454546,10.394583168452103,13.636363636363635,15.311946566149848,13.068181818181818,9.983683744775897,45.17045454545455,22.00696250058299,34.113423768796125,76.40462960640009,23.264278308876413,Retained,0,42.95519110643879,66.87717053841705,Percentage MOE exceeds 50% of estimate,0,18.065037713906648,82.38700607228559,Percentage MOE exceeds 50% of estimate,0,28.948310202513483,68.26601851489757,Percentage MOE exceeds 50% of estimate,3.0844980734059213,23.051865562957715,46.44600775173066,Percentage MOE exceeds 50% of estimate,23.163492044871557,67.17741704603753,29.61954520159215,Retained,2024,2020-2024,ACS five-year,13,55.25902668759811,FALSE,1173,62.70674300254453,7,3144,Retained,283,81.54800783801437,9,1531,Retained,NA,NA,NA,132,Percentage MOE exceeds 50% of estimate,NA,NA,NA,119,Percentage MOE exceeds 50% of estimate,NA,NA,NA,420,Percentage MOE exceeds 50% of estimate,NA,NA,NA,354,Percentage MOE exceeds 50% of estimate,941,29.655946148092745,3,1337,Retained
13195,"Madison County, Georgia",892,482,48,20,248,4,162,410,275,231,75,31,177,6,96,146,482,0,Pass,892,0,Pass,54.035874439461885,0.47925311203319504,FALSE,TRUE,FALSE,29.136520367555754,251,713,19.827347990662872,9.95850622406639,14.810152731519977,4.149377593360995,6.116380262498265,51.45228215767634,27.21130001632823,0.8298755186721992,1.1795671073339522,33.60995850622407,11.714526015865378,34.20852644879901,73.86322243012475,22.3077201852637,Retained,0,24.768658955586368,90.41449924512591,Percentage MOE exceeds 50% of estimate,0,10.26575785585926,89.61573352846254,Percentage MOE exceeds 50% of estimate,24.240982141348113,78.66358217400457,32.152695772425396,Percentage MOE exceeds 50% of estimate,0,2.0094426260061513,86.41366873305059,Percentage MOE exceeds 50% of estimate,21.89543249035869,45.32448452208945,21.189928344108612,Retained,2024,2020-2024,ACS five-year,13,54.035874439461885,FALSE,925,70.59478371501272,8,3144,Retained,323,78.93533638145003,8,1531,Retained,NA,NA,NA,132,Percentage MOE exceeds 50% of estimate,NA,NA,NA,119,Percentage MOE exceeds 50% of estimate,NA,NA,NA,420,Percentage MOE exceeds 50% of estimate,NA,NA,NA,354,Percentage MOE exceeds 50% of estimate,1245,6.918474195961107,1,1337,Retained
13209,"Montgomery County, Georgia",363,195,0,0,166,8,21,168,129,80,20,20,77,10,23,92,195,0,Pass,363,0,Pass,53.71900826446281,0.41025641025641024,FALSE,TRUE,FALSE,24.941818745098228,115,275,11.011890185622105,0,10.256410256410255,0,10.256410256410255,85.12820512820512,18.42618240268953,4.102564102564102,4.844135772509654,10.76923076923077,10.936132175663161,42.7071180788407,64.73089845008491,12.462541820676087,Retained,0,10.256410256410255,NA,Unavailable MOE or zero percentage,0,10.256410256410255,NA,Unavailable MOE or zero percentage,66.70202272551559,100,13.159355892558235,Retained,0,8.946699875073756,71.78499504163263,Percentage MOE exceeds 50% of estimate,0,21.70536294489393,61.73789394392788,Percentage MOE exceeds 50% of estimate,2024,2020-2024,ACS five-year,13,53.71900826446281,FALSE,1699,45.849236641221374,5,3144,Retained,328,78.6087524493795,8,1531,Retained,NA,NA,NA,132,Unavailable MOE or zero percentage,NA,NA,NA,119,Unavailable MOE or zero percentage,1,99.88095238095238,10,420,Retained,NA,NA,NA,354,Percentage MOE exceeds 50% of estimate,NA,NA,NA,1337,Percentage MOE exceeds 50% of estimate
13103,"Effingham County, Georgia",1472,772,6,252,165,47,302,700,422,368,11,334,141,38,151,205,772,0,Pass,1472,0,Pass,52.44565217391305,0.47668393782383417,FALSE,TRUE,FALSE,28.98032566626051,404,1140,19.973423271133726,0.7772020725388601,1.3758635850864838,32.64248704663213,40.36925774406147,21.373056994818654,15.158611569624556,6.0880829015544045,3.975764613606647,39.119170984455955,5.903292028674103,32.47222890277932,72.41907544504677,23.153452442700864,Retained,0,2.1530656576253437,107.62524906804396,Percentage MOE exceeds 50% of estimate,0,73.0117447906936,75.18656899410935,Percentage MOE exceeds 50% of estimate,6.214445425194098,36.53166856444321,43.1186866169129,Percentage MOE exceeds 50% of estimate,2.1123182879477573,10.06384751516105,39.70204246558612,Percentage MOE exceeds 50% of estimate,33.215878955781854,45.02246301313006,9.174393601103615,Retained,2024,2020-2024,ACS five-year,13,52.44565217391305,FALSE,597,81.02735368956743,9,3144,Retained,365,76.19203135205748,8,1531,Retained,NA,NA,NA,132,Percentage MOE exceeds 50% of estimate,NA,NA,NA,119,Percentage MOE exceeds 50% of estimate,NA,NA,NA,420,Percentage MOE exceeds 50% of estimate,NA,NA,NA,354,Percentage MOE exceeds 50% of estimate,1139,14.846671652954376,2,1337,Retained
13031,"Bulloch County, Georgia",2009,1046,69,192,165,296,324,963,475,351,87,146,129,275,178,271,1046,0,Pass,2009,0,Pass,52.065704330512695,0.3355640535372849,FALSE,TRUE,FALSE,20.40084588919991,695,1397,12.397896408669935,6.596558317399618,8.01743436389165,18.35564053537285,12.525358015430127,15.77437858508604,11.138950251333728,28.298279158699806,24.51582020145909,30.975143403441685,13.473942947635095,39.66780792184276,64.46360073918262,14.47668080150805,Retained,0,14.613992681291268,73.89086492384054,Percentage MOE exceeds 50% of estimate,5.830282519942722,30.88099855080298,41.48521520100093,Percentage MOE exceeds 50% of estimate,4.635428333752312,26.91332883641977,42.9303814986809,Percentage MOE exceeds 50% of estimate,3.782458957240717,52.81409936015889,52.66949378020918,Percentage MOE exceeds 50% of estimate,17.50120045580659,44.44908635107678,26.445642433713427,Retained,2024,2020-2024,ACS five-year,13,52.065704330512695,FALSE,444,85.87786259541984,9,3144,Retained,377,75.40822991508817,8,1531,Retained,NA,NA,NA,132,Percentage MOE exceeds 50% of estimate,NA,NA,NA,119,Percentage MOE exceeds 50% of estimate,NA,NA,NA,420,Percentage MOE exceeds 50% of estimate,NA,NA,NA,354,Percentage MOE exceeds 50% of estimate,1289,3.6275243081525805,1,1337,Retained
13291,"Union County, Georgia",739,379,146,25,14,122,72,360,240,187,129,32,23,91,72,171,379,0,Pass,739,0,Pass,51.285520974289575,0.49340369393139843,FALSE,TRUE,FALSE,29.996814661609733,192,566,19.05007378625543,38.522427440633244,28.2354933266716,6.596306068601583,7.790773069817615,3.6939313984168867,5.788441639355835,32.189973614775724,18.006889699918634,18.997361477572557,16.52391325617203,32.235447188034144,70.335594760545,22.582635969679217,Retained,10.286934113961642,66.75792076730485,44.560953737413264,Percentage MOE exceeds 50% of estimate,0,14.3870791384192,71.8046382992349,Percentage MOE exceeds 50% of estimate,0,9.482373037772721,95.26767720367349,Percentage MOE exceeds 50% of estimate,14.18308391485709,50.196863314694355,34.0087623107655,Percentage MOE exceeds 50% of estimate,2.4734482214005276,35.52127473374459,52.88011161901032,Percentage MOE exceeds 50% of estimate,2024,2020-2024,ACS five-year,13,51.285520974289575,FALSE,1111,64.6469465648855,7,3144,Retained,400,73.90594382756369,8,1531,Retained,NA,NA,NA,132,Percentage MOE exceeds 50% of estimate,NA,NA,NA,119,Percentage MOE exceeds 50% of estimate,NA,NA,NA,420,Percentage MOE exceeds 50% of estimate,NA,NA,NA,354,Percentage MOE exceeds 50% of estimate,NA,NA,NA,1337,Percentage MOE exceeds 50% of estimate
13279,"Toombs County, Georgia",964,494,0,51,43,137,263,470,314,235,27,49,61,137,160,226,494,0,Pass,964,0,Pass,51.244813278008294,0.4757085020242915,FALSE,TRUE,FALSE,28.92102338041818,259,729,17.766589320905336,0,5.465587044534413,10.323886639676113,8.617866574544578,8.704453441295547,11.633203494514035,27.732793522267208,24.393848120341087,53.23886639676113,20.189355862890945,33.478223957102955,69.01140259891363,21.07787826021891,Retained,0,5.465587044534413,NA,Unavailable MOE or zero percentage,1.7060200651315345,18.94175321422069,50.74920951149483,Percentage MOE exceeds 50% of estimate,0,20.337656935809584,81.25134552339026,Percentage MOE exceeds 50% of estimate,3.3389454019261215,52.12664164260829,53.47606475154337,Percentage MOE exceeds 50% of estimate,33.04951053387019,73.42822225965207,23.05506795969121,Retained,2024,2020-2024,ACS five-year,13,51.244813278008294,FALSE,905,71.18320610687023,8,3144,Retained,403,73.70999346832136,8,1531,Retained,NA,NA,NA,132,Unavailable MOE or zero percentage,NA,NA,NA,119,Percentage MOE exceeds 50% of estimate,NA,NA,NA,420,Percentage MOE exceeds 50% of estimate,NA,NA,NA,354,Percentage MOE exceeds 50% of estimate,573,57.18025430067315,6,1337,Retained
13095,"Dougherty County, Georgia",1686,855,43,83,221,173,335,831,319,221,39,80,137,97,122,230,855,0,Pass,1686,0,Pass,50.71174377224199,0.2584795321637427,FALSE,FALSE,FALSE,15.71443974883053,634,1076,8.930603508832965,5.029239766081871,4.3722439958198125,9.707602339181287,9.013996780680431,25.84795321637427,14.564034284753602,20.23391812865497,10.067582968752964,39.1812865497076,10.051718452040387,41.78114026340902,59.642347281074954,10.706438020895101,Retained,0.6569957702620588,9.401483761901684,52.85362662505832,Percentage MOE exceeds 50% of estimate,0.693605558500856,18.721599119861718,56.451848089479334,Percentage MOE exceeds 50% of estimate,11.283918931620667,40.41198750112787,34.255339560132484,Percentage MOE exceeds 50% of estimate,10.166335159902006,30.301501097407936,30.249484097812758,Retained,29.129568097667214,49.23300500174798,15.59675917639604,Retained,2024,2020-2024,ACS five-year,13,50.71174377224199,FALSE,538,82.903944020356235,9,3144,Retained,418,72.73024167210973,8,1531,Retained,NA,NA,NA,132,Percentage MOE exceeds 50% of estimate,NA,NA,NA,119,Percentage MOE exceeds 50% of estimate,NA,NA,NA,420,Percentage MOE exceeds 50% of estimate,99,72.17514124293785,8,354,Retained,1136,15.033657442034405,2,1337,Retained
13299,"Ware County, Georgia",764,384,15,44,172,69,84,380,244,186,22,50,125,104,63,161,384,0,Pass,764,0,Pass,50.26178010471204,0.484375,FALSE,TRUE,FALSE,29.44790904572633,198,570,18.30390500525856,3.90625,5.407711782040769,11.458333333333332,11.778716201903764,44.79166666666667,24.267741867321494,17.96875,25.64671636476867,21.875,12.52581791139266,31.957875099453478,68.5656851099706,22.14005169619475,Retained,0,9.313961782040769,84.16397626627725,Percentage MOE exceeds 50% of estimate,0,23.237049535237098,62.495572242303204,Percentage MOE exceeds 50% of estimate,20.523924799345178,69.05940853398816,32.93858112738838,Percentage MOE exceeds 50% of estimate,0,43.615466364768665,86.77340621948933,Percentage MOE exceeds 50% of estimate,9.34918208860734,34.400817911392664,34.81214434063533,Percentage MOE exceeds 50% of estimate,2024,2020-2024,ACS five-year,13,50.26178010471204,FALSE,1101,64.9650127226463,7,3144,Retained,432,71.81580666231221,8,1531,Retained,NA,NA,NA,132,Percentage MOE exceeds 50% of estimate,NA,NA,NA,119,Percentage MOE exceeds 50% of estimate,NA,NA,NA,420,Percentage MOE exceeds 50% of estimate,NA,NA,NA,354,Percentage MOE exceeds 50% of estimate,NA,NA,NA,1337,Percentage MOE exceeds 50% of estimate
13069,"Coffee County, Georgia",1227,613,2,117,119,124,251,614,397,278,3,99,123,119,252,253,613,0,Pass,1227,0,Pass,49.95925020374899,0.4535073409461664,FALSE,TRUE,FALSE,27.5712886250362,335,891,15.875892430335451,0.3262642740619902,0.46649300723641274,19.086460032626427,13.634566363217326,19.412724306688418,18.03073068751852,20.22838499184339,17.10838117366679,40.94616639477977,36.67631784409645,34.08335777341354,65.83514263408443,19.31945981245831,Retained,0,0.792757281298403,86.92573270665795,Percentage MOE exceeds 50% of estimate,5.451893669409101,32.72102639584375,43.429885670274956,Percentage MOE exceeds 50% of estimate,1.3819936191698972,37.44345499420694,56.46763294351885,Percentage MOE exceeds 50% of estimate,3.1200038181766026,37.336766165510184,51.41862398642025,Percentage MOE exceeds 50% of estimate,4.269848550683321,77.62248423887623,54.45593560018527,Percentage MOE exceeds 50% of estimate,2024,2020-2024,ACS five-year,13,49.95925020374899,FALSE,746,76.2881679389313,8,3144,Retained,442,71.16263879817113,8,1531,Retained,NA,NA,NA,132,Percentage MOE exceeds 50% of estimate,NA,NA,NA,119,Percentage MOE exceeds 50% of estimate,NA,NA,NA,420,Percentage MOE exceeds 50% of estimate,NA,NA,NA,354,Percentage MOE exceeds 50% of estimate,NA,NA,NA,1337,Percentage MOE exceeds 50% of estimate
13127,"Glynn County, Georgia",1690,838,213,70,170,89,296,852,410,259,189,80,130,72,144,257,838,0,Pass,1690,0,Pass,49.58579881656805,0.30906921241050117,FALSE,TRUE,FALSE,18.790073921855402,579,1097,9.49503900099459,25.41766109785203,21.141322062767596,8.353221957040573,9.190816976680386,20.286396181384248,14.189624427234357,10.620525059665871,7.9401409378583585,35.32219570405728,13.270306053090012,40.09075981557346,59.08083781756264,11.641586840776231,Retained,4.276339035084433,46.558983160619626,50.56724587768129,Percentage MOE exceeds 50% of estimate,0,17.54403893372096,66.89179337697293,Percentage MOE exceeds 50% of estimate,6.096771754149891,34.476020608618605,42.52445350897515,Percentage MOE exceeds 50% of estimate,2.6803841218075126,18.56066599752423,45.45220601047367,Percentage MOE exceeds 50% of estimate,22.05188965096727,48.59250175714729,22.840520148099053,Retained,2024,2020-2024,ACS five-year,13,49.58579881656805,FALSE,548,82.56997455470739,9,3144,Retained,455,70.31352057478772,8,1531,Retained,NA,NA,NA,132,Percentage MOE exceeds 50% of estimate,NA,NA,NA,119,Percentage MOE exceeds 50% of estimate,NA,NA,NA,420,Percentage MOE exceeds 50% of estimate,NA,NA,NA,354,Percentage MOE exceeds 50% of estimate,1222,8.638743455497382,1,1337,Retained
13001,"Appling County, Georgia",511,250,33,33,32,21,131,261,187,124,56,35,46,34,84,148,250,0,Pass,511,0,Pass,48.92367906066536,0.496,FALSE,TRUE,FALSE,30.154658862823762,126,374,16.38010088855875,13.200000000000001,21.42181533297307,13.200000000000001,12.374739276445384,12.8,17.26999532599821,8.4,12.946084776487442,52.400000000000006,21.29457930648079,32.543578172106606,65.30377994922411,20.354957831881226,Retained,0,34.62181533297307,98.66317411843387,Percentage MOE exceeds 50% of estimate,0.8252607235546172,25.574739276445385,56.99475216849906,Percentage MOE exceeds 50% of estimate,0,30.06999532599821,82.02665348066357,Percentage MOE exceeds 50% of estimate,0,21.346084776487444,93.69834150445824,Percentage MOE exceeds 50% of estimate,31.105420693519214,73.69457930648079,24.7064598703473,Retained,2024,2020-2024,ACS five-year,13,48.92367906066536,FALSE,1478,52.973918575063614,6,3144,Retained,485,68.35401698236447,7,1531,Retained,NA,NA,NA,132,Percentage MOE exceeds 50% of estimate,NA,NA,NA,119,Percentage MOE exceeds 50% of estimate,NA,NA,NA,420,Percentage MOE exceeds 50% of estimate,NA,NA,NA,354,Percentage MOE exceeds 50% of estimate,617,53.889304412864625,6,1337,Retained
13055,"Chattooga County, Georgia",948,463,56,30,209,34,134,485,275,175,62,33,131,46,84,187,463,0,Pass,948,0,Pass,48.83966244725738,0.3779697624190065,FALSE,TRUE,FALSE,22.978929931870336,288,638,11.83414238203083,12.095032397408207,12.586415021988778,6.479481641468683,6.69346090288681,45.14038876889849,22.57064131621129,7.343412526997841,9.539623363370357,28.94168466522678,14.47371968873018,37.00552006522655,60.673804829288216,14.731157732185109,Retained,0,24.681447419396985,63.26561806923902,Percentage MOE exceeds 50% of estimate,0,13.172942544355493,62.80340789918455,Percentage MOE exceeds 50% of estimate,22.5697474526872,67.71103008510978,30.39844352930137,Percentage MOE exceeds 50% of estimate,0,16.8830358903682,78.97798436767361,Percentage MOE exceeds 50% of estimate,14.467964976496601,43.41540435395696,30.40388584743241,Percentage MOE exceeds 50% of estimate,2024,2020-2024,ACS five-year,13,48.83966244725738,FALSE,965,69.32251908396947,7,3144,Retained,489,68.09274983670804,7,1531,Retained,NA,NA,NA,132,Percentage MOE exceeds 50% of estimate,NA,NA,NA,119,Percentage MOE exceeds 50% of estimate,NA,NA,NA,420,Percentage MOE exceeds 50% of estimate,NA,NA,NA,354,Percentage MOE exceeds 50% of estimate,NA,NA,NA,1337,Percentage MOE exceeds 50% of estimate
13285,"Troup County, Georgia",1610,784,104,23,108,160,389,826,377,305,180,29,116,119,213,253,784,0,Pass,1610,0,Pass,48.69565217391305,0.38903061224489793,FALSE,TRUE,FALSE,23.651381853710415,479,1089,15.128071721416758,13.26530612244898,22.37168339002462,2.933673469387755,3.5185096174306714,13.77551020408163,13.791276202956283,20.408163265306122,12.93657428704362,49.61734693877551,19.118766604681618,33.56758045249629,63.823723895329806,18.887137036052753,Retained,0,35.636989512473605,102.53074925512209,Percentage MOE exceeds 50% of estimate,0,6.452183086818426,72.9154755082768,Percentage MOE exceeds 50% of estimate,0,27.566786407037913,60.86526353038585,Percentage MOE exceeds 50% of estimate,7.471588978262503,33.34473755234974,38.537905724777254,Percentage MOE exceeds 50% of estimate,30.498580334093894,68.73611354345712,23.42605054918646,Retained,2024,2020-2024,ACS five-year,13,48.69565217391305,FALSE,589,81.28180661577608,9,3144,Retained,496,67.63553233180927,7,1531,Retained,NA,NA,NA,132,Percentage MOE exceeds 50% of estimate,NA,NA,NA,119,Percentage MOE exceeds 50% of estimate,NA,NA,NA,420,Percentage MOE exceeds 50% of estimate,NA,NA,NA,354,Percentage MOE exceeds 50% of estimate,746,44.24083769633508,5,1337,Retained
13199,"Meriwether County, Georgia",814,393,60,84,156,14,79,421,274,187,56,99,103,15,65,140,393,0,Pass,814,0,Pass,48.28009828009828,0.4758269720101781,FALSE,TRUE,FALSE,28.928225844147804,206,580,16.23715491185892,15.267175572519085,12.258503885195266,21.374045801526716,23.046527642715397,39.69465648854962,18.16988896551249,3.5623409669211195,3.419750617448189,20.10178117048346,13.49312556559014,32.042943368239364,64.5172531919572,20.446290730819698,Retained,3.008671687323819,27.52567945771435,48.814799768440366,Percentage MOE exceeds 50% of estimate,0,44.42057344424211,65.55283946865814,Percentage MOE exceeds 50% of estimate,21.524767523037127,57.86454545406211,27.828703177839778,Retained,0.14259034947293037,6.982091584369309,58.36220537611875,Percentage MOE exceeds 50% of estimate,6.60865560489332,33.5949067360736,40.8085124490816,Percentage MOE exceeds 50% of estimate,2024,2020-2024,ACS five-year,13,48.28009828009828,FALSE,1078,65.68066157760815,7,3144,Retained,513,66.52514696276943,7,1531,Retained,NA,NA,NA,132,Percentage MOE exceeds 50% of estimate,NA,NA,NA,119,Percentage MOE exceeds 50% of estimate,22,94.88095238095238,10,420,Retained,NA,NA,NA,354,Percentage MOE exceeds 50% of estimate,NA,NA,NA,1337,Percentage MOE exceeds 50% of estimate
13295,"Walker County, Georgia",2266,1090,78,98,174,25,715,1176,424,346,88,106,116,36,292,305,1090,0,Pass,2266,0,Pass,48.10238305383937,0.3174311926605505,FALSE,TRUE,FALSE,19.298446223988275,744,1436,12.33438963108808,7.155963302752294,7.747249090169525,8.990825688073395,9.296559994084447,15.963302752293579,9.358388482302743,2.293577981651376,3.2215076065695327,65.59633027522935,16.854701507699563,35.76799342275129,60.43677268492745,15.58919946915844,Retained,0,14.90321239292182,65.81913312885864,Percentage MOE exceeds 50% of estimate,0,18.28738568215784,62.863049043189726,Percentage MOE exceeds 50% of estimate,6.604914269990836,25.321691234596322,35.64109696962874,Percentage MOE exceeds 50% of estimate,0,5.515085588220909,85.39223754927804,Percentage MOE exceeds 50% of estimate,48.74162876752979,82.45103178292891,15.621195405970784,Retained,2024,2020-2024,ACS five-year,13,48.10238305383937,FALSE,423,86.54580152671755,9,3144,Retained,519,66.13324624428478,7,1531,Retained,NA,NA,NA,132,Percentage MOE exceeds 50% of estimate,NA,NA,NA,119,Percentage MOE exceeds 50% of estimate,NA,NA,NA,420,Percentage MOE exceeds 50% of estimate,NA,NA,NA,354,Percentage MOE exceeds 50% of estimate,208,84.48017950635752,9,1337,Retained
13017,"Ben Hill County, Georgia",384,184,0,0,13,8,163,200,158,92,23,23,19,13,89,132,184,0,Pass,384,0,Pass,47.91666666666667,0.5,FALSE,TRUE,FALSE,30.39784159558847,92,276,13.612216722906975,0,12.5,0,12.5,7.065217391304348,9.70302775617235,4.3478260869565215,6.722454824376619,88.58695652173914,19.434572876020344,34.30444994375969,61.52888338957365,17.270901191279858,Retained,0,12.5,NA,Unavailable MOE or zero percentage,0,12.5,NA,Unavailable MOE or zero percentage,0,16.768245147476698,83.49385005272225,Percentage MOE exceeds 50% of estimate,0,11.07028091133314,94.00013376705401,Percentage MOE exceeds 50% of estimate,69.1523836457188,100,13.337608401033906,Retained,2024,2020-2024,ACS five-year,13,47.91666666666667,FALSE,1747,44.41793893129771,5,3144,Retained,525,65.74134552580013,7,1531,Retained,NA,NA,NA,132,Unavailable MOE or zero percentage,NA,NA,NA,119,Unavailable MOE or zero percentage,NA,NA,NA,420,Percentage MOE exceeds 50% of estimate,NA,NA,NA,354,Percentage MOE exceeds 50% of estimate,5,99.66342557965595,10,1337,Retained
13213,"Murray County, Georgia",1348,642,16,125,95,223,183,706,352,272,23,195,85,134,116,236,642,0,Pass,1348,0,Pass,47.62611275964392,0.4236760124610592,FALSE,TRUE,FALSE,25.75767262928369,370,914,15.889840102221772,2.4922118380062304,3.423418231372155,19.470404984423677,29.232196077541317,14.797507788161992,11.661456266864334,34.73520249221183,14.80125931521152,28.504672897196258,13.439649895639013,31.736272657422145,63.515952861865685,20.283697930344296,Retained,0,5.915630069378386,83.51178140294208,Percentage MOE exceeds 50% of estimate,0,48.702601061965,91.27654679675746,Percentage MOE exceeds 50% of estimate,3.1360515212976576,26.45896405502633,47.91118956634185,Percentage MOE exceeds 50% of estimate,19.933943177000312,49.53646180742335,25.906072445088437,Retained,15.065023001557245,41.94432279283527,28.664517575852326,Retained,2024,2020-2024,ACS five-year,13,47.62611275964392,FALSE,712,77.35368956743002,8,3144,Retained,537,64.95754408883083,7,1531,Retained,NA,NA,NA,132,Percentage MOE exceeds 50% of estimate,NA,NA,NA,119,Percentage MOE exceeds 50% of estimate,NA,NA,NA,420,Percentage MOE exceeds 50% of estimate,16,95.62146892655367,10,354,Retained,1303,2.580403889304413,1,1337,Retained
13179,"Liberty County, Georgia",1426,679,49,19,51,173,387,747,301,222,51,32,46,132,163,231,679,0,Pass,1426,0,Pass,47.61570827489481,0.3269513991163476,FALSE,TRUE,FALSE,19.877233679589512,457,901,11.888916243880713,7.216494845360824,7.130836918563201,2.798232695139912,4.6231579501285,7.511045655375552,6.31390863756555,25.47864506627393,17.565130237702242,56.995581737849776,15.133657334096275,35.72679203101409,59.50462451877552,15.179754993385236,Retained,0.08565792679762296,14.347331763924025,60.07405416046419,Percentage MOE exceeds 50% of estimate,0,7.421390645268412,100.44484383552306,Percentage MOE exceeds 50% of estimate,1.197137017810002,13.824954292941102,51.10585221283387,Percentage MOE exceeds 50% of estimate,7.913514828571689,43.043775303976176,41.9129074707613,Percentage MOE exceeds 50% of estimate,41.8619244037535,72.12923907194605,16.14267297137792,Retained,2024,2020-2024,ACS five-year,13,47.61570827489481,FALSE,676,78.49872773536896,8,3144,Retained,538,64.89222730241671,7,1531,Retained,NA,NA,NA,132,Percentage MOE exceeds 50% of estimate,NA,NA,NA,119,Percentage MOE exceeds 50% of estimate,NA,NA,NA,420,Percentage MOE exceeds 50% of estimate,NA,NA,NA,354,Percentage MOE exceeds 50% of estimate,435,67.5018698578908,7,1337,Retained
13047,"Catoosa County, Georgia",1687,798,71,86,259,5,377,889,482,370,86,121,295,19,189,329,798,0,Pass,1687,0,Pass,47.30290456431535,0.46365914786967416,FALSE,TRUE,FALSE,28.18847466257577,428,1168,17.27347364090977,8.897243107769423,9.956127970139748,10.776942355889723,14.315916584950205,32.45614035087719,33.76581232547592,0.6265664160401002,2.3631623498229324,47.24310776942356,9.006996501821178,30.029430923405577,64.57637820522513,22.200595095720963,Retained,0,18.853371077909173,68.0311411694336,Percentage MOE exceeds 50% of estimate,0,25.09285894083993,80.76000599690451,Percentage MOE exceeds 50% of estimate,0,66.22195267635311,63.248913969429836,Percentage MOE exceeds 50% of estimate,0,2.9897287658630325,229.297431000447,Percentage MOE exceeds 50% of estimate,38.23611126760238,56.25010427124474,11.59082312072546,Retained,2024,2020-2024,ACS five-year,13,47.30290456431535,FALSE,579,81.58396946564885,9,3144,Retained,548,64.23905943827563,7,1531,Retained,NA,NA,NA,132,Percentage MOE exceeds 50% of estimate,NA,NA,NA,119,Percentage MOE exceeds 50% of estimate,NA,NA,NA,420,Percentage MOE exceeds 50% of estimate,NA,NA,NA,354,Percentage MOE exceeds 50% of estimate,846,36.76140613313388,4,1337,Retained
13215,"Muscogee County, Georgia",4411,2052,90,230,504,424,804,2359,639,420,80,181,232,144,267,437,2052,0,Pass,4411,0,Pass,46.52006347766947,0.2046783625730994,FALSE,FALSE,FALSE,12.443560887082999,1632,2472,6.726507128337798,4.385964912280701,3.793872894927994,11.208576998050681,8.517097676035124,24.561403508771928,10.126894292485709,20.66276803118908,5.59996491943605,39.1812865497076,10.246504892608838,39.793556349331666,53.24657060600727,8.790671503574334,Retained,0.5920920173527073,8.179837807208695,52.58844956598093,Percentage MOE exceeds 50% of estimate,2.6914793220155566,19.725674674085806,46.1970125298326,Percentage MOE exceeds 50% of estimate,14.43450921628622,34.68829780125763,25.06662361117175,Retained,15.06280311175303,26.262732950625132,16.47667401627151,Retained,28.93478165709876,49.42779144231644,15.898999755344692,Retained,2024,2020-2024,ACS five-year,13,46.52006347766947,FALSE,214,93.20928753180661,10,3144,Retained,581,62.08360548661006,7,1531,Retained,NA,NA,NA,132,Percentage MOE exceeds 50% of estimate,NA,NA,NA,119,Percentage MOE exceeds 50% of estimate,115,72.61904761904762,8,420,Retained,88,75.28248587570621,8,354,Retained,1136,15.033657442034405,2,1337,Retained
13077,"Coweta County, Georgia",3760,1744,204,80,74,185,1201,2016,676,527,132,82,87,109,508,428,1744,0,Pass,3760,0,Pass,46.38297872340426,0.3021788990825688,FALSE,TRUE,FALSE,18.37117261568248,1217,2271,11.265301469238393,11.697247706422019,6.692758257036026,4.587155963302752,4.492867920692879,4.2431192660550465,4.820940179927686,10.607798165137615,5.365405160041978,68.86467889908256,20.382166471481447,35.11767725416586,57.64828019264265,14.765798101520696,Retained,5.004489449385993,18.390005963458044,34.785175186681286,Percentage MOE exceeds 50% of estimate,0.09428804260987356,9.080023883995631,59.54604049032166,Percentage MOE exceeds 50% of estimate,0,9.064059445982732,69.07473806056737,Percentage MOE exceeds 50% of estimate,5.242393005095637,15.973203325179593,30.750346794328017,Percentage MOE exceeds 50% of estimate,48.482512427601115,89.24684537056402,17.99395212988531,Retained,2024,2020-2024,ACS five-year,13,46.38297872340426,FALSE,258,91.80979643765903,10,3144,Retained,590,61.49575440888308,7,1531,Retained,NA,NA,NA,132,Percentage MOE exceeds 50% of estimate,NA,NA,NA,119,Percentage MOE exceeds 50% of estimate,NA,NA,NA,420,Percentage MOE exceeds 50% of estimate,NA,NA,NA,354,Percentage MOE exceeds 50% of estimate,144,89.26701570680628,9,1337,Retained
13233,"Polk County, Georgia",1466,648,0,28,181,55,384,818,384,245,30,41,144,56,196,271,648,0,Pass,1466,0,Pass,44.2019099590723,0.37808641975308643,FALSE,TRUE,FALSE,22.986022194194987,403,893,12.05166683272602,0,4.62962962962963,4.320987654320987,6.112606822220208,27.9320987654321,19.55243664310497,8.487654320987655,8.02406550870686,59.25925925925925,20.31960448590845,32.15024312634628,56.253576791798324,16.57596514192355,Retained,0,4.62962962962963,NA,Unavailable MOE or zero percentage,0,10.433594476541195,86.00351067060016,Percentage MOE exceeds 50% of estimate,8.379662122327133,47.48453540853707,42.556907511757466,Percentage MOE exceeds 50% of estimate,0.4635888122807952,16.511719829694513,57.475072160552685,Percentage MOE exceeds 50% of estimate,38.9396547733508,79.5788637451677,20.846433997608322,Retained,2024,2020-2024,ACS five-year,13,44.2019099590723,FALSE,708,77.4968193384224,8,3144,Retained,663,56.72762900065317,6,1531,Retained,NA,NA,NA,132,Unavailable MOE or zero percentage,NA,NA,NA,119,Percentage MOE exceeds 50% of estimate,NA,NA,NA,420,Percentage MOE exceeds 50% of estimate,NA,NA,NA,354,Percentage MOE exceeds 50% of estimate,363,72.84966342557965,8,1337,Retained
13137,"Habersham County, Georgia",1194,525,12,6,75,148,284,669,280,200,18,10,51,105,174,200,525,0,Pass,1194,0,Pass,43.969849246231156,0.38095238095238093,FALSE,TRUE,FALSE,23.1602602633055,325,725,13.200603867900679,2.2857142857142856,3.316157330412435,1.1428571428571428,1.854337419036824,14.285714285714285,8.046742064106924,28.19047619047619,16.872135607261317,54.095238095238095,25.95710458483817,30.769245378330478,57.17045311413183,18.25204644643861,Retained,0,5.60187161612672,88.20352208143589,Percentage MOE exceeds 50% of estimate,0,2.997194561893967,98.64374647514404,Percentage MOE exceeds 50% of estimate,6.23897222160736,22.332456349821207,34.244502687539324,Percentage MOE exceeds 50% of estimate,11.318340583214873,45.0626117977375,36.38650884103096,Percentage MOE exceeds 50% of estimate,28.138133510399925,80.05234268007626,29.17225180008928,Retained,2024,2020-2024,ACS five-year,13,43.969849246231156,FALSE,855,72.82124681933843,8,3144,Retained,669,56.33572828216852,6,1531,Retained,NA,NA,NA,132,Percentage MOE exceeds 50% of estimate,NA,NA,NA,119,Percentage MOE exceeds 50% of estimate,NA,NA,NA,420,Percentage MOE exceeds 50% of estimate,NA,NA,NA,354,Percentage MOE exceeds 50% of estimate,532,60.24682124158564,7,1337,Retained
13051,"Chatham County, Georgia",5025,2176,219,215,374,387,981,2849,648,440,144,145,203,187,274,504,2176,0,Pass,5025,0,Pass,43.30348258706468,0.20220588235294118,FALSE,FALSE,FALSE,12.293244762921809,1736,2616,6.744476624411874,10.064338235294118,6.2969634928505105,9.880514705882353,6.357043885584831,17.1875,8.657514911191122,17.784926470588236,7.805111411929387,45.08272058823529,8.686480564190093,36.559005962652805,50.04795921147655,9.46887039220549,Retained,3.7673747424436073,16.36130172814463,38.03808940315875,Percentage MOE exceeds 50% of estimate,3.523470820297522,16.237558591467184,39.115454771838245,Percentage MOE exceeds 50% of estimate,8.529985088808878,25.84501491119112,30.623391055340555,Percentage MOE exceeds 50% of estimate,9.979815058658849,25.59003788251762,26.68085704240778,Retained,36.3962400240452,53.76920115242538,11.714033969915937,Retained,2024,2020-2024,ACS five-year,13,43.30348258706468,FALSE,202,93.59096692111959,10,3144,Retained,705,53.984323971260615,6,1531,Retained,NA,NA,NA,132,Percentage MOE exceeds 50% of estimate,NA,NA,NA,119,Percentage MOE exceeds 50% of estimate,NA,NA,NA,420,Percentage MOE exceeds 50% of estimate,151,57.48587570621469,6,354,Retained,947,29.207180254300674,3,1337,Retained
13255,"Spalding County, Georgia",2252,957,35,61,208,20,633,1295,469,279,46,75,129,31,216,386,957,0,Pass,2252,0,Pass,42.4955595026643,0.29153605015673983,FALSE,FALSE,FALSE,17.724133344136224,678,1236,8.669648445507537,3.657262277951933,4.686940597142808,6.374085684430512,7.613490183967872,21.73458725182863,11.89748268678637,2.089864158829676,3.1814753305401093,66.14420062695925,11.729395043196682,33.82591105715676,51.16520794817184,12.403112382575177,Retained,0,8.34420287509474,77.91231091015148,Percentage MOE exceeds 50% of estimate,0,13.987575868398384,72.61705601703105,Percentage MOE exceeds 50% of estimate,9.837104565042258,33.632069938615,33.27947201470416,Percentage MOE exceeds 50% of estimate,0,5.271339489369785,92.55145386309539,Percentage MOE exceeds 50% of estimate,54.414805583762565,77.87359567015594,10.780938892769694,Retained,2024,2020-2024,ACS five-year,13,42.4955595026643,FALSE,490,84.4147582697201,9,3144,Retained,738,51.82887001959504,6,1531,Retained,NA,NA,NA,132,Percentage MOE exceeds 50% of estimate,NA,NA,NA,119,Percentage MOE exceeds 50% of estimate,NA,NA,NA,420,Percentage MOE exceeds 50% of estimate,NA,NA,NA,354,Percentage MOE exceeds 50% of estimate,197,85.30291697830965,9,1337,Retained
13261,"Sumter County, Georgia",647,272,0,0,150,35,87,375,238,133,27,27,130,62,73,191,272,0,Pass,647,0,Pass,42.040185471406495,0.4889705882352941,FALSE,TRUE,FALSE,29.72730097215637,139,405,13.54303676772958,0,9.926470588235293,0,9.926470588235293,55.14705882352941,39.46075047529456,12.867647058823529,21.908532167257427,31.985294117647058,21.810213207477076,28.497148703676913,55.58322223913608,19.585027124520014,Retained,0,9.926470588235293,NA,Unavailable MOE or zero percentage,0,9.926470588235293,NA,Unavailable MOE or zero percentage,15.686308348234853,94.60780929882398,43.50265155679528,Percentage MOE exceeds 50% of estimate,0,34.776179226080956,103.51109062405924,Percentage MOE exceeds 50% of estimate,10.175080910169982,53.795507325124134,41.455514137737175,Percentage MOE exceeds 50% of estimate,2024,2020-2024,ACS five-year,13,42.040185471406495,FALSE,1411,54.99363867684478,6,3144,Retained,753,50.84911822338341,6,1531,Retained,NA,NA,NA,132,Unavailable MOE or zero percentage,NA,NA,NA,119,Unavailable MOE or zero percentage,NA,NA,NA,420,Percentage MOE exceeds 50% of estimate,NA,NA,NA,354,Percentage MOE exceeds 50% of estimate,NA,NA,NA,1337,Percentage MOE exceeds 50% of estimate
13313,"Whitfield County, Georgia",2195,906,84,64,185,162,411,1289,411,287,99,61,92,142,190,329,906,0,Pass,2195,0,Pass,41.275626423690206,0.31677704194260486,FALSE,TRUE,FALSE,19.258676684180774,619,1193,10.546506348489867,9.271523178807946,10.52504894873997,7.06401766004415,6.350153368901275,20.41942604856512,7.827778588948102,17.880794701986755,14.613984607254022,45.36423841059602,15.273787607021912,30.72912007520034,51.82213277218007,15.534156941795533,Retained,0,19.79657212754792,69.015363400245,Percentage MOE exceeds 50% of estimate,0.7138642911428752,13.414171028945425,54.65188947852856,Percentage MOE exceeds 50% of estimate,12.591647459617018,28.247204637513224,23.306000181028992,Retained,3.266810094732733,32.494779309240776,49.688349603646714,Percentage MOE exceeds 50% of estimate,30.09045080357411,60.63802601761793,20.469435507351847,Retained,2024,2020-2024,ACS five-year,13,41.275626423690206,FALSE,514,83.66730279898219,9,3144,Retained,780,49.085564990202485,5,1531,Retained,NA,NA,NA,132,Percentage MOE exceeds 50% of estimate,NA,NA,NA,119,Percentage MOE exceeds 50% of estimate,206,51.07142857142857,6,420,Retained,NA,NA,NA,354,Percentage MOE exceeds 50% of estimate,932,30.329094988780852,4,1337,Retained
13129,"Gordon County, Georgia",1261,520,51,118,170,15,166,741,322,192,77,100,128,26,85,237,520,0,Pass,1261,0,Pass,41.23711340206185,0.36923076923076925,FALSE,TRUE,FALSE,22.44763687058841,328,712,10.99773483303237,9.807692307692308,14.35806132221897,22.692307692307693,17.309532092577236,32.69230769230769,21.452458505057354,2.8846153846153846,4.885241645903269,31.92307692307692,11.325360702211116,30.239378569029483,52.23484823509422,16.213908966192978,Retained,0,24.16575362991128,89.00239934122746,Percentage MOE exceeds 50% of estimate,5.382775599730458,40.00183978488493,46.37451790081987,Percentage MOE exceeds 50% of estimate,11.23984918725034,54.144766197365044,39.89369252303381,Percentage MOE exceeds 50% of estimate,0,7.769857030518654,102.96055585111536,Percentage MOE exceeds 50% of estimate,20.597716220865806,43.248437625288034,21.56850490748583,Retained,2024,2020-2024,ACS five-year,13,41.23711340206185,FALSE,860,72.6145038167939,8,3144,Retained,782,48.95493141737427,5,1531,Retained,NA,NA,NA,132,Percentage MOE exceeds 50% of estimate,NA,NA,NA,119,Percentage MOE exceeds 50% of estimate,NA,NA,NA,420,Percentage MOE exceeds 50% of estimate,NA,NA,NA,354,Percentage MOE exceeds 50% of estimate,1270,5.048616305160808,1,1337,Retained
13021,"Bibb County, Georgia",2563,1048,0,206,235,157,450,1515,428,315,34,165,139,82,176,338,1048,0,Pass,2563,0,Pass,40.889582520483806,0.3005725190839695,FALSE,TRUE,FALSE,18.273511646202994,733,1363,10.21892562536361,0,3.2442748091603053,19.65648854961832,14.593675298610204,22.423664122137403,11.423219006262116,14.980916030534353,6.398905550697474,42.93893129770993,10.745381722464543,30.670656895120196,51.108508145847416,15.193761505453855,Retained,0,3.2442748091603053,NA,Unavailable MOE or zero percentage,5.062813251008116,34.250163848228524,45.13687466658119,Percentage MOE exceeds 50% of estimate,11.000445115875287,33.84688312839952,30.97095996200398,Percentage MOE exceeds 50% of estimate,8.582010479836878,21.379821581231827,25.968093929473227,Retained,32.193549575245385,53.68431302017447,15.21399818821431,Retained,2024,2020-2024,ACS five-year,13,40.889582520483806,FALSE,442,85.94147582697201,9,3144,Retained,792,48.30176355323318,5,1531,Retained,NA,NA,NA,132,Unavailable MOE or zero percentage,NA,NA,NA,119,Percentage MOE exceeds 50% of estimate,NA,NA,NA,420,Percentage MOE exceeds 50% of estimate,230,35.16949152542373,4,354,Retained,1018,23.896783844427823,3,1337,Retained
13277,"Tift County, Georgia",747,296,36,41,80,14,125,451,236,147,35,47,73,30,100,193,296,0,Pass,747,0,Pass,39.625167336010705,0.4966216216216216,FALSE,TRUE,FALSE,30.192450773996654,149,443,15.183267197562545,12.162162162162163,10.165290648394933,13.85135135135135,14.310971386804837,27.027027027027028,20.68977111716971,4.72972972972973,9.859193604954381,42.22972972972973,26.486053040343972,24.441900138448162,54.80843453357325,23.295222819440916,Retained,1.9968715137672302,22.327452810557098,50.81380938405316,Percentage MOE exceeds 50% of estimate,0,28.16232273815619,62.813025279681646,Percentage MOE exceeds 50% of estimate,6.337255909857319,47.71679814419674,46.54040449508427,Percentage MOE exceeds 50% of estimate,0,14.588923334684111,126.72952688176866,Percentage MOE exceeds 50% of estimate,15.743676689385762,68.7157827700737,38.130428490330914,Percentage MOE exceeds 50% of estimate,2024,2020-2024,ACS five-year,13,39.625167336010705,FALSE,1330,57.60178117048346,6,3144,Retained,861,43.7949052906597,5,1531,Retained,NA,NA,NA,132,Percentage MOE exceeds 50% of estimate,NA,NA,NA,119,Percentage MOE exceeds 50% of estimate,NA,NA,NA,420,Percentage MOE exceeds 50% of estimate,NA,NA,NA,354,Percentage MOE exceeds 50% of estimate,NA,NA,NA,1337,Percentage MOE exceeds 50% of estimate
13071,"Colquitt County, Georgia",1186,469,72,40,101,38,218,717,286,159,62,38,88,50,109,234,469,0,Pass,1186,0,Pass,39.54468802698145,0.3390191897654584,FALSE,TRUE,FALSE,20.610903256710305,310,628,9.423116189236042,15.351812366737741,12.151988245505576,8.528784648187633,7.568862663189985,21.535181236673772,17.284679656324993,8.102345415778252,10.301035080904104,46.481876332622605,17.08270543995919,30.121571837745407,48.96780421621749,14.48702253317978,Retained,3.199824121232165,27.503800612243317,48.12385729240486,Percentage MOE exceeds 50% of estimate,0.9599219849976484,16.097647311377617,53.95307720503986,Percentage MOE exceeds 50% of estimate,4.250501580348779,38.81986089299876,48.79614881798054,Percentage MOE exceeds 50% of estimate,0,18.403380496682356,77.29347900921252,Percentage MOE exceeds 50% of estimate,29.399170892663413,63.564581772581796,22.34321911929919,Retained,2024,2020-2024,ACS five-year,13,39.54468802698145,FALSE,953,69.68829516539441,7,3144,Retained,864,43.598954931417374,5,1531,Retained,NA,NA,NA,132,Percentage MOE exceeds 50% of estimate,NA,NA,NA,119,Percentage MOE exceeds 50% of estimate,NA,NA,NA,420,Percentage MOE exceeds 50% of estimate,NA,NA,NA,354,Percentage MOE exceeds 50% of estimate,879,34.29319371727749,4,1337,Retained
13245,"Richmond County, Georgia",5213,2037,202,59,289,197,1290,3176,798,515,139,43,171,134,350,636,2037,0,Pass,5213,0,Pass,39.075388451947056,0.25282277859597446,FALSE,FALSE,FALSE,15.370533551033933,1522,2552,7.862432862725699,9.916543937162494,6.3464962507669265,2.896416298478154,1.9798649463890787,14.187530682376043,7.589788037835859,9.671084928816889,6.107018876578273,63.32842415316642,6.235199453354904,31.21295558922136,46.93782131467275,12.232814474051684,Retained,3.5700476863955677,16.26304018792942,38.90867401793834,Percentage MOE exceeds 50% of estimate,0.9165513520890753,4.876281244867233,41.55730034568261,Percentage MOE exceeds 50% of estimate,6.597742644540183,21.777318720211902,32.52337276772511,Percentage MOE exceeds 50% of estimate,3.5640660522386156,15.778103805395162,38.39076872923403,Percentage MOE exceeds 50% of estimate,57.093224699811515,69.56362360652132,5.985830465055253,Retained,2024,2020-2024,ACS five-year,13,39.075388451947056,FALSE,216,93.14567430025446,10,3144,Retained,884,42.2926192031352,5,1531,Retained,NA,NA,NA,132,Percentage MOE exceeds 50% of estimate,NA,NA,NA,119,Percentage MOE exceeds 50% of estimate,NA,NA,NA,420,Percentage MOE exceeds 50% of estimate,NA,NA,NA,354,Percentage MOE exceeds 50% of estimate,252,81.18922961854899,9,1337,Retained
13029,"Bryan County, Georgia",818,318,11,0,54,9,244,500,210,144,18,30,39,12,135,163,318,0,Pass,818,0,Pass,38.87530562347188,0.4528301886792453,FALSE,TRUE,FALSE,27.530120690344276,174,462,14.501484985501417,3.459119496855346,5.439327394932809,0,9.433962264150944,16.9811320754717,9.554052712810078,2.8301886792452833,3.5492897346000767,76.72955974842768,24.39253430180314,24.373820637970464,53.376790608973295,22.678347419803945,Retained,0,8.898446891788154,95.59878615816825,Percentage MOE exceeds 50% of estimate,0,9.433962264150944,NA,Unavailable MOE or zero percentage,7.427079362661621,26.535184788281775,34.20532620194413,Percentage MOE exceeds 50% of estimate,0,6.37947841384536,76.2427946379831,Percentage MOE exceeds 50% of estimate,52.33702544662454,100,19.327111904519022,Retained,2024,2020-2024,ACS five-year,13,38.87530562347188,FALSE,1253,60.098600508905854,7,3144,Retained,893,41.70476812540823,5,1531,Retained,NA,NA,NA,132,Percentage MOE exceeds 50% of estimate,NA,NA,NA,119,Unavailable MOE or zero percentage,NA,NA,NA,420,Percentage MOE exceeds 50% of estimate,NA,NA,NA,354,Percentage MOE exceeds 50% of estimate,55,95.92370979805534,10,1337,Retained
13035,"Butts County, Georgia",655,254,0,69,108,20,57,401,248,126,27,90,90,32,64,201,254,0,Pass,655,0,Pass,38.778625954198475,0.49606299212598426,FALSE,TRUE,FALSE,30.15848851215864,128,380,12.428587668762441,0,10.62992125984252,27.165354330708663,32.77052477661718,42.51968503937008,28.471238007546006,7.874015748031496,11.977621650941717,22.440944881889763,22.604360722136132,26.350038285436035,51.207213622960914,19.485076116835494,Retained,0,10.62992125984252,NA,Unavailable MOE or zero percentage,0,59.935879107325846,73.33997628279268,Percentage MOE exceeds 50% of estimate,14.048447031824075,70.9909230469161,40.70887082923242,Percentage MOE exceeds 50% of estimate,0,19.851637398973214,92.47983679185316,Percentage MOE exceeds 50% of estimate,0,45.0453056040259,61.238399739180046,Percentage MOE exceeds 50% of estimate,2024,2020-2024,ACS five-year,13,38.778625954198475,FALSE,1466,53.35559796437659,6,3144,Retained,899,41.31286740692358,5,1531,Retained,NA,NA,NA,132,Unavailable MOE or zero percentage,NA,NA,NA,119,Percentage MOE exceeds 50% of estimate,NA,NA,NA,420,Percentage MOE exceeds 50% of estimate,NA,NA,NA,354,Percentage MOE exceeds 50% of estimate,NA,NA,NA,1337,Percentage MOE exceeds 50% of estimate
13187,"Lumpkin County, Georgia",756,293,1,52,40,2,198,463,260,122,3,54,46,5,104,199,293,0,Pass,756,0,Pass,38.75661375661375,0.41638225255972694,FALSE,TRUE,FALSE,25.31424351304978,171,415,9.09719494226545,0.3412969283276451,1.013980814451062,17.747440273037544,16.883666923589026,13.651877133105803,14.634441820442731,0.6825938566552902,1.682649352109528,67.57679180887372,21.636821903028597,29.659418814348303,47.853808698879206,14.270343253194223,Retained,0,1.355277742778707,180.6217731268841,Percentage MOE exceeds 50% of estimate,0.8637733494485182,34.63110719662657,57.836738684580446,Percentage MOE exceeds 50% of estimate,0,28.286318953548534,65.17132258960916,Percentage MOE exceeds 50% of estimate,0,2.3652432087648183,149.86630180639082,Percentage MOE exceeds 50% of estimate,45.939969905845125,89.21361371190233,19.465638046281327,Retained,2024,2020-2024,ACS five-year,13,38.75661375661375,FALSE,1343,57.23600508905852,6,3144,Retained,901,41.18223383409536,5,1531,Retained,NA,NA,NA,132,Percentage MOE exceeds 50% of estimate,NA,NA,NA,119,Percentage MOE exceeds 50% of estimate,NA,NA,NA,420,Percentage MOE exceeds 50% of estimate,NA,NA,NA,354,Percentage MOE exceeds 50% of estimate,166,87.62154076290201,9,1337,Retained
13257,"Stephens County, Georgia",722,272,28,0,15,61,168,450,226,127,32,27,21,57,110,172,272,0,Pass,722,0,Pass,37.67313019390582,0.46691176470588236,FALSE,TRUE,FALSE,28.386219725292175,145,399,13.051739311480787,10.294117647058822,10.738081507085763,0,9.926470588235293,5.514705882352941,7.278562375201095,22.426470588235293,18.152226657917247,61.76470588235294,28.35171939563745,24.621390882425032,50.72486950538661,21.062476204936488,Retained,0,21.032199154144585,63.417674420336986,Percentage MOE exceeds 50% of estimate,0,9.926470588235293,NA,Unavailable MOE or zero percentage,0,12.793268257554036,80.24093790132356,Percentage MOE exceeds 50% of estimate,4.274243930318047,40.578697246152544,49.208680285523805,Percentage MOE exceeds 50% of estimate,33.412986486715496,90.11642527799039,27.90691100489472,Retained,2024,2020-2024,ACS five-year,13,37.67313019390582,FALSE,1411,54.99363867684478,6,3144,Retained,941,38.56956237753103,4,1531,Retained,NA,NA,NA,132,Percentage MOE exceeds 50% of estimate,NA,NA,NA,119,Unavailable MOE or zero percentage,NA,NA,NA,420,Percentage MOE exceeds 50% of estimate,NA,NA,NA,354,Percentage MOE exceeds 50% of estimate,292,78.19745699326852,8,1337,Retained
13063,"Clayton County, Georgia",8836,3318,575,217,836,288,1402,5518,1057,626,279,220,380,154,384,839,3318,0,Pass,8836,0,Pass,37.55092802172929,0.188667872212176,FALSE,FALSE,FALSE,11.470192187364908,2692,3944,5.4785248620053295,17.329716696805306,7.746991058666423,6.5400843881856545,6.514676940969004,25.195901145268234,10.419533450771599,8.679927667269439,4.3428471197736185,42.25437010247137,8.389657733085565,32.07240315972396,43.02945288373462,8.869838361191155,Retained,9.582725638138882,25.07670775547173,27.17780228769632,Retained,0.02540744721665078,13.054761329154658,60.55949921861683,Percentage MOE exceeds 50% of estimate,14.776367694496635,35.61543459603983,25.14149627039414,Retained,4.3370805474958205,13.022774787043058,30.41803661994461,Percentage MOE exceeds 50% of estimate,33.864712369385806,50.64402783555693,12.071058505573266,Retained,2024,2020-2024,ACS five-year,13,37.55092802172929,TRUE,117,96.29452926208651,10,3144,Retained,947,38.17766165904637,4,1531,Retained,7,95.07575757575758,10,132,Retained,NA,NA,NA,119,Percentage MOE exceeds 50% of estimate,101,76.07142857142857,8,420,Retained,NA,NA,NA,354,Percentage MOE exceeds 50% of estimate,1042,22.101720269259538,3,1337,Retained
13115,"Floyd County, Georgia",2629,973,34,0,396,17,526,1656,443,328,37,34,229,25,251,322,973,0,Pass,2629,0,Pass,37.010270064663366,0.3371017471736896,FALSE,TRUE,FALSE,20.494331024363863,645,1301,10.80570642703184,3.494347379239465,3.6156255106337807,0,3.494347379239465,40.69886947584789,19.122988308715662,1.7471736896197325,2.5009570328385955,54.059609455292915,18.25816297369652,26.204563637631527,47.81597649169521,17.75021645199842,Retained,0,7.109972889873246,62.90571578211857,Percentage MOE exceeds 50% of estimate,0,3.494347379239465,NA,Unavailable MOE or zero percentage,21.57588116713223,59.821857784563555,28.56578459937768,Retained,0,4.248130722458328,87.02477169072633,Percentage MOE exceeds 50% of estimate,35.80144648159639,72.31777242898943,20.533213298917946,Retained,2024,2020-2024,ACS five-year,13,37.010270064663366,FALSE,478,84.81234096692111,9,3144,Retained,974,36.41410842586545,4,1531,Retained,NA,NA,NA,132,Percentage MOE exceeds 50% of estimate,NA,NA,NA,119,Unavailable MOE or zero percentage,19,95.5952380952381,10,420,Retained,NA,NA,NA,354,Percentage MOE exceeds 50% of estimate,534,60.09723261032162,7,1337,Retained
13297,"Walton County, Georgia",2831,1033,27,243,206,240,317,1798,449,328,45,176,212,104,171,366,1033,0,Pass,2831,0,Pass,36.48887318968562,0.31752178121974833,FALSE,TRUE,FALSE,19.303953617334013,705,1361,10.037142632986518,2.6137463697967087,4.2764578582994695,23.523717328170378,15.313220853561718,19.94191674733785,19.521503613705356,23.23330106485963,6.851172981542436,30.68731848983543,13.382168958375997,26.451730556699104,46.526015822672136,16.7233156389218,Retained,0,6.890204228096178,99.47031591814897,Percentage MOE exceeds 50% of estimate,8.210496474608659,38.836938181732094,39.576131215230504,Percentage MOE exceeds 50% of estimate,0.42041313363249344,39.463420361043205,59.51399577839887,Percentage MOE exceeds 50% of estimate,16.382128083317195,30.084474046402068,17.92778998176003,Retained,17.305149531459435,44.069487448211426,26.51186693531763,Retained,2024,2020-2024,ACS five-year,13,36.48887318968562,FALSE,454,85.57569974554707,9,3144,Retained,1001,34.65055519268452,4,1531,Retained,NA,NA,NA,132,Percentage MOE exceeds 50% of estimate,NA,NA,NA,119,Percentage MOE exceeds 50% of estimate,NA,NA,NA,420,Percentage MOE exceeds 50% of estimate,61,82.909604519774,9,354,Retained,1294,3.2535527299925207,1,1337,Retained
13149,"Heard County, Georgia",639,230,0,20,40,0,170,409,218,115,23,25,27,23,111,197,230,0,Pass,639,0,Pass,35.99374021909233,0.5,FALSE,TRUE,FALSE,30.39784159558847,115,345,13.156742507061454,0,10,8.695652173913043,9.962121075990956,17.391304347826086,7.8862422379204595,0,10,73.91304347826086,31.037510082738695,22.83699771203088,49.15048272615378,22.22256271280523,Retained,0,10,NA,Unavailable MOE or zero percentage,0,18.657773249903997,69.65020503753068,Percentage MOE exceeds 50% of estimate,9.5050621099056265,25.277546585746546,27.5683453682657,Retained,0,10,NA,Unavailable MOE or zero percentage,42.87553339552217,100,25.529277935742506,Retained,2024,2020-2024,ACS five-year,13,35.99374021909233,FALSE,1547,50.74745547073791,6,3144,Retained,1023,33.213585891574134,4,1531,Retained,NA,NA,NA,132,Unavailable MOE or zero percentage,NA,NA,NA,119,Percentage MOE exceeds 50% of estimate,290,31.071428571428573,4,420,Retained,NA,NA,NA,354,Unavailable MOE or zero percentage,78,94.20344053851908,10,1337,Retained
13107,"Emanuel County, Georgia",537,193,0,56,85,9,43,344,194,91,27,73,41,11,33,140,193,0,Pass,537,0,Pass,35.940409683426445,0.47150259067357514,FALSE,TRUE,FALSE,28.665322126409855,102,284,10.889490876180096,0,13.989637305699482,29.015544041450774,35.26294505603954,44.04145077720207,4.480482669995048,4.66321243523316,5.258301837289523,22.279792746113987,13.490820471909458,25.050918807246347,46.82990055960654,18.420325289913073,Retained,0,13.989637305699482,NA,Unavailable MOE or zero percentage,0,64.27848909749031,73.88573631265497,Percentage MOE exceeds 50% of estimate,39.560968107207025,48.52193344719712,6.184946230008878,Retained,0,9.921514272522684,68.55404017369271,Percentage MOE exceeds 50% of estimate,8.788972274204529,35.77061321802344,36.81289394140827,Percentage MOE exceeds 50% of estimate,2024,2020-2024,ACS five-year,13,35.940409683426445,FALSE,1715,45.3880407124682,5,3144,Retained,1030,32.756368386675376,4,1531,Retained,NA,NA,NA,132,Unavailable MOE or zero percentage,NA,NA,NA,119,Percentage MOE exceeds 50% of estimate,12,97.26190476190476,10,420,Retained,NA,NA,NA,354,Percentage MOE exceeds 50% of estimate,NA,NA,NA,1337,Percentage MOE exceeds 50% of estimate
13275,"Thomas County, Georgia",1301,467,34,0,69,184,180,834,313,152,28,30,62,130,83,281,467,0,Pass,1301,0,Pass,35.895465026902386,0.32548179871520344,FALSE,TRUE,FALSE,19.78788831918393,315,619,7.869024470732643,7.28051391862955,5.507564614462573,0,6.423982869379015,14.775160599571734,12.374627048449629,39.400428265524624,24.707385180250434,38.54389721627409,12.589469159250921,28.026440556169742,43.764489497635026,13.327664605758264,Retained,1.7729493041669775,12.788078533092122,45.990730489370605,Percentage MOE exceeds 50% of estimate,0,6.423982869379015,NA,Unavailable MOE or zero percentage,2.4005335511221055,27.149787648021363,50.91815419375672,Percentage MOE exceeds 50% of estimate,14.69304308527419,64.10781344577507,38.124011033027905,Percentage MOE exceeds 50% of estimate,25.95442805702317,51.133366375525014,19.85749843240421,Retained,2024,2020-2024,ACS five-year,13,35.895465026902386,FALSE,955,69.62468193384224,7,3144,Retained,1033,32.56041802743305,4,1531,Retained,NA,NA,NA,132,Percentage MOE exceeds 50% of estimate,NA,NA,NA,119,Unavailable MOE or zero percentage,NA,NA,NA,420,Percentage MOE exceeds 50% of estimate,NA,NA,NA,354,Percentage MOE exceeds 50% of estimate,1157,13.50037397157816,2,1337,Retained
13175,"Laurens County, Georgia",1021,364,13,45,14,25,267,657,233,165,19,74,17,33,147,192,364,0,Pass,1021,0,Pass,35.6513222331048,0.4532967032967033,FALSE,TRUE,FALSE,27.558482765231304,199,529,13.963270545052243,3.571428571428571,4.962379867122156,12.362637362637363,19.542039843622067,3.8461538461538463,4.332708772372533,6.868131868131869,8.514605924442622,73.35164835164835,22.920528888839247,21.688051688052557,49.614592778157046,23.811362922787147,Retained,0,8.533808438550727,84.47355679723333,Percentage MOE exceeds 50% of estimate,0,31.90467720625943,96.10179676003607,Percentage MOE exceeds 50% of estimate,0,8.178862618526379,68.48659737004635,Percentage MOE exceeds 50% of estimate,0,15.38273779257449,75.3700269911872,Percentage MOE exceeds 50% of estimate,50.43111946280911,96.2721772404876,18.997108370622946,Retained,2024,2020-2024,ACS five-year,13,35.6513222331048,FALSE,1147,63.48600508905852,7,3144,Retained,1045,31.77661659046375,4,1531,Retained,NA,NA,NA,132,Percentage MOE exceeds 50% of estimate,NA,NA,NA,119,Percentage MOE exceeds 50% of estimate,NA,NA,NA,420,Percentage MOE exceeds 50% of estimate,NA,NA,NA,354,Percentage MOE exceeds 50% of estimate,86,93.60508601346298,10,1337,Retained
13185,"Lowndes County, Georgia",1870,664,23,17,269,32,323,1206,346,210,38,25,138,44,155,313,664,0,Pass,1870,0,Pass,35.50802139037433,0.31626506024096385,FALSE,TRUE,FALSE,19.227550406848128,454,874,9.107561388919478,3.463855421686747,5.617061101792904,2.5602409638554215,3.6769607859221147,40.51204819277108,16.363901707931632,4.819277108433735,6.448836410815957,48.644578313253014,17.556416753038206,26.400460001454853,44.61558277929381,15.593671378012731,Retained,0,9.080916523479651,98.58756375108531,Percentage MOE exceeds 50% of estimate,0,6.237201749777537,87.3133998725932,Percentage MOE exceeds 50% of estimate,24.14814648483945,56.875949900702715,24.557005345004782,Retained,0,11.268113519249692,81.35274369211639,Percentage MOE exceeds 50% of estimate,31.088161560214807,66.20099506629123,21.941897491979816,Retained,2024,2020-2024,ACS five-year,13,35.50802139037433,FALSE,688,78.11704834605598,8,3144,Retained,1054,31.188765512736772,4,1531,Retained,NA,NA,NA,132,Percentage MOE exceeds 50% of estimate,NA,NA,NA,119,Percentage MOE exceeds 50% of estimate,21,95.11904761904762,10,420,Retained,NA,NA,NA,354,Percentage MOE exceeds 50% of estimate,790,40.949887808526555,5,1337,Retained
13207,"Monroe County, Georgia",830,293,21,0,119,15,138,537,233,120,27,27,69,26,82,176,293,0,Pass,830,0,Pass,35.30120481927711,0.40955631399317405,FALSE,TRUE,FALSE,24.899255914475194,173,413,10.527280507808054,7.167235494880546,8.734989713947451,0,9.215017064846416,40.61433447098976,16.67012852094403,5.1194539249146755,8.622455482616667,47.098976109215016,20.276681413793842,24.773924311469056,45.82848532708516,18.130067058443725,Retained,0,15.902225208827996,74.09407263186199,Percentage MOE exceeds 50% of estimate,0,9.215017064846416,NA,Unavailable MOE or zero percentage,23.94420595004573,57.28446299193379,24.953550649449266,Retained,0,13.741909407531342,102.39531003493236,Percentage MOE exceeds 50% of estimate,26.822294695421174,67.37565752300885,26.17328021192904,Retained,2024,2020-2024,ACS five-year,13,35.30120481927711,FALSE,1343,57.23600508905852,6,3144,Retained,1062,30.666231221423907,4,1531,Retained,NA,NA,NA,132,Percentage MOE exceeds 50% of estimate,NA,NA,NA,119,Unavailable MOE or zero percentage,20,95.35714285714286,10,420,Retained,NA,NA,NA,354,Percentage MOE exceeds 50% of estimate,851,36.38743455497382,4,1337,Retained
13153,"Houston County, Georgia",3825,1344,218,30,329,85,682,2481,647,372,158,37,197,100,288,521,1344,0,Pass,3825,0,Pass,35.13725490196079,0.2767857142857143,FALSE,FALSE,FALSE,16.827376597557905,972,1716,7.6980664482238215,16.220238095238095,10.864922230856685,2.232142857142857,2.6827541556182326,24.479166666666664,12.997773179867792,6.324404761904762,7.231626274430564,50.74404761904761,16.183796183160773,27.439188453736968,42.83532135018461,13.319458514237192,Retained,5.35531586438141,27.08516032609478,40.72322280138776,Percentage MOE exceeds 50% of estimate,0,4.91489701276109,73.0687425327012,Percentage MOE exceeds 50% of estimate,11.481393486798872,37.47693984653446,32.28085789007056,Percentage MOE exceeds 50% of estimate,0,13.556031036335327,69.51668599478744,Percentage MOE exceeds 50% of estimate,34.56025143588684,66.92784380220839,19.38956373698294,Retained,2024,2020-2024,ACS five-year,13,35.13725490196079,FALSE,350,88.88358778625954,9,3144,Retained,1066,30.404964075767474,4,1531,Retained,NA,NA,NA,132,Percentage MOE exceeds 50% of estimate,NA,NA,NA,119,Percentage MOE exceeds 50% of estimate,NA,NA,NA,420,Percentage MOE exceeds 50% of estimate,NA,NA,NA,354,Percentage MOE exceeds 50% of estimate,682,49.027673896783845,5,1337,Retained
13157,"Jackson County, Georgia",2132,741,19,77,37,301,307,1391,384,236,25,58,33,175,179,265,741,0,Pass,2132,0,Pass,34.756097560975604,0.3184885290148448,FALSE,TRUE,FALSE,19.362727710010468,505,977,9.129309797181001,2.564102564102564,3.2734934461780267,10.39136302294197,7.09316699190626,4.993252361673414,4.159820385513103,40.62078272604588,19.757975798542475,41.43049932523617,20.234302282249743,25.626787763794603,43.885407358156606,15.96907205159613,Retained,0,5.83759601028059,77.61556548807101,Percentage MOE exceeds 50% of estimate,3.29819603103571,17.484530014848232,41.499265525607335,Percentage MOE exceeds 50% of estimate,0.8334319761603108,9.153072747186517,50.64817557210322,Percentage MOE exceeds 50% of estimate,20.862806927503406,60.378758524588356,29.57106083475159,Retained,21.196197042986427,61.66480160748591,29.692092810400887,Retained,2024,2020-2024,ACS five-year,13,34.756097560975604,FALSE,625,80.1208651399491,9,3144,Retained,1077,29.68647942521228,3,1531,Retained,NA,NA,NA,132,Percentage MOE exceeds 50% of estimate,NA,NA,NA,119,Percentage MOE exceeds 50% of estimate,NA,NA,NA,420,Percentage MOE exceeds 50% of estimate,6,98.44632768361582,10,354,Retained,1068,20.157068062827225,3,1337,Retained
13015,"Bartow County, Georgia",4363,1447,90,165,355,223,614,2916,913,485,72,194,208,221,307,659,1447,0,Pass,4363,0,Pass,33.16525326610131,0.33517622667588115,FALSE,TRUE,FALSE,20.377267690200977,962,1932,8.683565719475169,6.219765031098825,4.518037049178275,11.402902557014514,12.850736142620237,24.53351762266759,11.79023431901618,15.411195577055977,14.372954868421639,42.4326192121631,15.743410804394145,24.48168754662614,41.84881898557648,15.91796408775129,Retained,1.7017279819205493,10.737802080277099,44.161981636678654,Percentage MOE exceeds 50% of estimate,0,24.25363869963475,68.51494866274622,Percentage MOE exceeds 50% of estimate,12.743283303651408,36.32375194168377,29.216982311022978,Retained,1.0382407086343388,29.784150445477614,56.69992352848798,Percentage MOE exceeds 50% of estimate,26.68920840776895,58.17603001655724,22.55650095099813,Retained,2024,2020-2024,ACS five-year,13,33.16525326610131,FALSE,324,89.71055979643766,9,3144,Retained,1134,25.963422599608098,3,1531,Retained,NA,NA,NA,132,Percentage MOE exceeds 50% of estimate,NA,NA,NA,119,Percentage MOE exceeds 50% of estimate,117,72.26190476190476,8,420,Retained,NA,NA,NA,354,Percentage MOE exceeds 50% of estimate,1035,22.62528047868362,3,1337,Retained
13247,"Rockdale County, Georgia",2928,926,51,24,106,11,734,2002,581,335,54,44,62,20,311,436,926,0,Pass,2928,0,Pass,31.62568306010929,0.3617710583153348,FALSE,TRUE,FALSE,21.994118649075894,591,1261,9.566664356485195,5.50755939524838,5.4805860741149095,2.591792656587473,4.658189661920401,11.447084233261338,5.26113187986083,1.187904967602592,2.1166409338392573,79.26565874730022,17.483108023246576,22.059018703624094,41.19234741659449,18.39049276209336,Retained,0.02697332113347084,10.988145469363289,60.49793579190982,Percentage MOE exceeds 50% of estimate,0,7.2499823185078744,109.26716001402885,Percentage MOE exceeds 50% of estimate,6.185952353400507,16.70821611312217,27.9419719884329,Retained,0,3.3045459014418492,108.32737900143084,Percentage MOE exceeds 50% of estimate,61.78255072405365,96.7487667705468,13.409306291983913,Retained,2024,2020-2024,ACS five-year,13,31.62568306010929,FALSE,504,83.96946564885496,9,3144,Retained,1187,22.501632919660352,3,1531,Retained,NA,NA,NA,132,Percentage MOE exceeds 50% of estimate,NA,NA,NA,119,Percentage MOE exceeds 50% of estimate,406,3.4523809523809526,1,420,Retained,NA,NA,NA,354,Percentage MOE exceeds 50% of estimate,39,97.12041884816755,10,1337,Retained
13045,"Carroll County, Georgia",3475,1097,230,243,152,71,401,2378,506,294,192,219,106,61,160,450,1097,0,Pass,3475,0,Pass,31.56834532374101,0.268003646308113,FALSE,FALSE,FALSE,16.293464775028276,803,1391,7.102754394988672,20.96627164995442,16.575771129810207,22.151321786690975,19.060408470872403,13.855970829535098,8.92067116357986,6.472196900638104,5.283157395139525,36.5542388331814,10.80528927892945,24.465590928752338,38.67109971872968,13.67879125605366,Retained,4.390500520144215,37.54204277976463,48.06459379532026,Percentage MOE exceeds 50% of estimate,3.0909133158185718,41.211730257563374,52.31247895941867,Percentage MOE exceeds 50% of estimate,4.935299665955238,22.776641993114957,39.14112584284833,Percentage MOE exceeds 50% of estimate,1.1890395054985792,11.755354295777629,49.62660564488685,Percentage MOE exceeds 50% of estimate,25.74894955425195,47.35952811211085,17.97096492116022,Retained,2024,2020-2024,ACS five-year,13,31.56834532374101,FALSE,419,86.68893129770993,9,3144,Retained,1193,22.109732201175703,3,1531,Retained,NA,NA,NA,132,Percentage MOE exceeds 50% of estimate,NA,NA,NA,119,Percentage MOE exceeds 50% of estimate,NA,NA,NA,420,Percentage MOE exceeds 50% of estimate,NA,NA,NA,354,Percentage MOE exceeds 50% of estimate,1201,10.209424083769633,2,1337,Retained
13217,"Newton County, Georgia",3043,923,109,81,20,132,581,2120,535,326,78,68,32,92,302,459,923,0,Pass,3043,0,Pass,30.331909300032862,0.3531960996749729,FALSE,TRUE,FALSE,21.472798180199007,597,1249,9.291528458929257,11.80931744312026,7.349634028720063,8.775731310942579,6.6835311101372215,2.1668472372697725,3.381429170998996,14.301191765980498,8.5928538303167,62.94691224268689,24.005624779039753,21.040380841103605,39.62343775896212,18.623450801043226,Retained,4.459683414400198,19.158951471840325,37.83673562280818,Percentage MOE exceeds 50% of estimate,2.0922002008053573,15.4592624210798,46.30153608550201,Percentage MOE exceeds 50% of estimate,0,5.5482764082687686,94.87346088711135,Percentage MOE exceeds 50% of estimate,5.708337935663797,22.894045596297197,36.529012946929655,Percentage MOE exceeds 50% of estimate,38.94128746364714,86.95253702172664,23.185225563503693,Retained,2024,2020-2024,ACS five-year,13,30.331909300032862,FALSE,507,83.88994910941476,9,3144,Retained,1229,19.7583278902678,2,1531,Retained,NA,NA,NA,132,Percentage MOE exceeds 50% of estimate,NA,NA,NA,119,Percentage MOE exceeds 50% of estimate,NA,NA,NA,420,Percentage MOE exceeds 50% of estimate,NA,NA,NA,354,Percentage MOE exceeds 50% of estimate,262,80.44128646222887,9,1337,Retained
13223,"Paulding County, Georgia",5227,1575,232,41,514,224,564,3652,799,513,165,54,334,162,234,643,1575,0,Pass,5227,0,Pass,30.13200688731586,0.32571428571428573,FALSE,TRUE,FALSE,19.802022525126205,1062,2088,8.666479101569289,14.73015873015873,9.312972678680072,2.6031746031746033,3.322075048461258,32.63492063492063,18.34992037689679,14.222222222222221,9.18351594321941,35.80952380952381,9.202902535453216,21.465527785746573,38.79848598888515,17.485875395301186,Retained,5.417186051478657,24.043131408838804,38.43736832121829,Percentage MOE exceeds 50% of estimate,0,5.925249651635861,77.58519998514976,Percentage MOE exceeds 50% of estimate,14.285000258023842,50.98484101181742,34.18411701677032,Percentage MOE exceeds 50% of estimate,5.038706279002811,23.405738165441633,39.25674322488912,Percentage MOE exceeds 50% of estimate,26.606621274070594,45.01242634497703,15.624244264200193,Retained,2024,2020-2024,ACS five-year,13,30.13200688731586,FALSE,291,90.7442748091603,10,3144,Retained,1235,19.366427171783148,2,1531,Retained,NA,NA,NA,132,Percentage MOE exceeds 50% of estimate,NA,NA,NA,119,Percentage MOE exceeds 50% of estimate,NA,NA,NA,420,Percentage MOE exceeds 50% of estimate,NA,NA,NA,354,Percentage MOE exceeds 50% of estimate,1218,8.93792071802543,1,1337,Retained
13151,"Henry County, Georgia",7623,2267,229,102,349,426,1161,5356,889,659,114,72,188,204,572,634,2267,0,Pass,7623,0,Pass,29.7389479207661,0.2906925452139391,FALSE,FALSE,FALSE,17.67285188486352,1608,2926,7.918703745831131,10.101455668284077,4.0822781383406,4.499338332598148,2.894189512388829,15.394794883105426,6.981774313459859,18.79135421261579,7.151028145910875,51.213056903396556,20.371609730618434,21.82024417493497,37.65765166659723,16.188299784477838,Retained,6.019177529943477,14.183733806624677,24.56922017448022,Retained,1.605148820209319,7.393527844986977,39.106689847174295,Percentage MOE exceeds 50% of estimate,8.413020569645568,22.376569196565285,27.57176971154164,Retained,11.640326066704915,25.942382358526665,23.13572703334555,Retained,30.84144717277812,71.584666634015,24.18340177609737,Retained,2024,2020-2024,ACS five-year,13,29.7389479207661,FALSE,192,93.90903307888041,10,3144,Retained,1241,18.9745264532985,2,1531,Retained,60,54.92424242424242,6,132,Retained,NA,NA,NA,119,Percentage MOE exceeds 50% of estimate,354,15.833333333333334,2,420,Retained,129,63.70056497175141,7,354,Retained,667,50.149588631264024,6,1337,Retained
13139,"Hall County, Georgia",5659,1680,117,49,391,230,893,3979,849,422,97,40,204,147,352,728,1680,0,Pass,5659,0,Pass,29.687223891146846,0.2511904761904762,FALSE,FALSE,FALSE,15.271296611117066,1258,2102,5.9809775606121685,6.964285714285714,5.502418391340223,2.9166666666666665,2.265430312071079,23.273809523809526,10.642903789160522,13.690476190476192,8.045890147194617,53.154761904761905,16.147048210241373,23.70624633053468,35.66820145175902,12.248286275664583,Retained,1.4618673229454915,12.466704105625936,48.03411276177599,Percentage MOE exceeds 50% of estimate,0.6512363545955875,5.1820969787377456,47.22116007235283,Percentage MOE exceeds 50% of estimate,12.630905734649003,33.916713312970046,27.801319175446697,Retained,5.644586043281574,21.73636633767081,35.72961097731121,Percentage MOE exceeds 50% of estimate,37.00771369452053,69.30181011500328,18.468163383392966,Retained,2024,2020-2024,ACS five-year,13,29.687223891146846,FALSE,265,91.57124681933843,10,3144,Retained,1243,18.843892880470282,2,1531,Retained,NA,NA,NA,132,Percentage MOE exceeds 50% of estimate,NA,NA,NA,119,Percentage MOE exceeds 50% of estimate,134,68.21428571428571,7,420,Retained,NA,NA,NA,354,Percentage MOE exceeds 50% of estimate,577,56.8810770381451,6,1337,Retained
13097,"Douglas County, Georgia",5233,1495,209,87,302,421,476,3738,882,395,133,74,244,282,217,730,1495,0,Pass,5233,0,Pass,28.56869864322568,0.26421404682274247,FALSE,FALSE,FALSE,16.06307348529424,1100,1890,5.812967605087973,13.979933110367892,8.093277953803982,5.8193979933110365,4.70496898729686,20.20066889632107,15.423701151099719,28.160535117056856,17.333447877643927,31.83946488294314,11.828678616710352,22.755731038137707,34.38166624831365,12.370298743142202,Retained,5.88665515656391,22.073211064171872,35.19590248201519,Percentage MOE exceeds 50% of estimate,1.1144290060141762,10.524366980607898,49.15316056829181,Percentage MOE exceeds 50% of estimate,4.77696774522135,35.62437004742079,46.41898016497968,Percentage MOE exceeds 50% of estimate,10.82708723941293,45.49398299470079,37.42112148791277,Percentage MOE exceeds 50% of estimate,20.010786266232788,43.668143499653496,22.58620238737182,Retained,2024,2020-2024,ACS five-year,13,28.56869864322568,FALSE,312,90.09223918575064,10,3144,Retained,1282,16.29653821032005,2,1531,Retained,NA,NA,NA,132,Percentage MOE exceeds 50% of estimate,NA,NA,NA,119,Percentage MOE exceeds 50% of estimate,NA,NA,NA,420,Percentage MOE exceeds 50% of estimate,NA,NA,NA,354,Percentage MOE exceeds 50% of estimate,1274,4.74943904263276,1,1337,Retained
13067,"Cobb County, Georgia",14569,3775,124,364,726,539,2022,10794,1225,755,86,211,255,175,681,1093,3775,0,Pass,14569,0,Pass,25.91118127531059,0.2,FALSE,FALSE,FALSE,12.159136638235388,3020,4530,4.702012720703623,3.28476821192053,2.18136648022859,9.642384105960264,5.246180889867754,19.2317880794702,5.552937127390961,14.27814569536424,3.6518033536694334,53.56291390728477,14.514565532757443,21.20916855460697,30.61319399601421,11.032382996801633,Retained,1.1034017316919402,5.4661346921491205,40.37352315288375,Percentage MOE exceeds 50% of estimate,4.39620321609251,14.88856499582802,33.077416107791905,Percentage MOE exceeds 50% of estimate,13.678850952079237,24.78472520686116,17.553989518934273,Retained,10.626342341694805,17.929949049033674,15.549209575459562,Retained,39.04834837452733,68.07747944004221,16.474513117686914,Retained,2024,2020-2024,ACS five-year,13,25.91118127531059,TRUE,92,97.08969465648855,10,3144,Retained,1351,11.78967994774657,2,1531,Retained,NA,NA,NA,132,Percentage MOE exceeds 50% of estimate,NA,NA,NA,119,Percentage MOE exceeds 50% of estimate,237,43.69047619047619,5,420,Retained,252,28.954802259887007,3,354,Retained,556,58.45175766641735,6,1337,Retained
13073,"Columbia County, Georgia",4213,962,93,57,93,99,620,3251,879,348,93,69,95,102,298,787,962,0,Pass,4213,0,Pass,22.834084975077143,0.36174636174636177,FALSE,TRUE,FALSE,21.9926172042927,614,1310,6.7478415536377705,9.667359667359667,9.012652739466718,5.925155925155925,6.844808062075923,9.667359667359667,9.23530313893606,10.291060291060292,9.927880878969058,64.44906444906445,20.396814505698234,16.086243421439374,29.581926528714913,17.966108025217032,Retained,0.6547069278929492,18.680012406826386,56.67838991350586,Percentage MOE exceeds 50% of estimate,0,12.769963987231847,70.23187030059984,Percentage MOE exceeds 50% of estimate,0.4320565284236082,18.902662806295726,58.07858434241802,Percentage MOE exceeds 50% of estimate,0.3631794120912346,20.21894117002935,58.65015689412114,Percentage MOE exceeds 50% of estimate,44.05224994336622,84.84587895476268,19.24059384566648,Retained,2024,2020-2024,ACS five-year,13,22.834084975077143,FALSE,486,84.55788804071247,9,3144,Retained,1418,7.4134552580013064,1,1531,Retained,NA,NA,NA,132,Percentage MOE exceeds 50% of estimate,NA,NA,NA,119,Percentage MOE exceeds 50% of estimate,NA,NA,NA,420,Percentage MOE exceeds 50% of estimate,NA,NA,NA,354,Percentage MOE exceeds 50% of estimate,225,83.2086761406133,9,1337,Retained
13057,"Cherokee County, Georgia",4587,995,96,46,112,133,608,3592,677,301,105,38,70,113,271,573,995,0,Pass,4587,0,Pass,21.691737519075648,0.30251256281407035,FALSE,TRUE,FALSE,18.391457930195234,694,1296,5.728045828672288,9.64824120603015,10.141101113428281,4.623115577889447,3.5538073453466033,11.256281407035177,6.156179051554828,13.366834170854272,10.612518780500988,61.105527638190956,20.002682557779785,15.96369169040336,27.419783347747938,16.05406017836337,Retained,0,19.78934231945843,63.90130152595512,Percentage MOE exceeds 50% of estimate,1.0693082325428436,8.17692292323605,46.73388364406931,Percentage MOE exceeds 50% of estimate,5.100102355480349,17.412460458590004,33.24980051161206,Percentage MOE exceeds 50% of estimate,2.754315390353284,23.97935295135526,48.268372405380056,Percentage MOE exceeds 50% of estimate,41.10284508041117,81.10821019597074,19.901256052593393,Retained,2024,2020-2024,ACS five-year,13,21.691737519075648,FALSE,466,85.19402035623409,9,3144,Retained,1443,5.780535597648596,1,1531,Retained,NA,NA,NA,132,Percentage MOE exceeds 50% of estimate,NA,NA,NA,119,Percentage MOE exceeds 50% of estimate,NA,NA,NA,420,Percentage MOE exceeds 50% of estimate,NA,NA,NA,354,Percentage MOE exceeds 50% of estimate,318,76.2528047868362,8,1337,Retained
13113,"Fayette County, Georgia",2563,553,68,34,73,140,238,2010,461,226,45,53,73,105,139,395,553,0,Pass,2563,0,Pass,21.576277799453766,0.40867992766726946,FALSE,TRUE,FALSE,24.845975409052418,327,779,7.917847878654727,12.296564195298371,6.400278890743916,6.148282097649186,9.248846500621331,13.200723327305605,12.048006763969287,25.31645569620253,15.920824706384954,43.037974683544306,17.956481735223935,13.65842992079904,29.494125678108492,22.31019528302568,Retained,5.896285304554455,18.696843086042286,31.64374386185221,Percentage MOE exceeds 50% of estimate,0,15.397128598270516,91.45480522934905,Percentage MOE exceeds 50% of estimate,1.152716563336318,25.248730091274894,55.486868722741214,Percentage MOE exceeds 50% of estimate,9.395630989817578,41.23728040258749,38.23273789216987,Percentage MOE exceeds 50% of estimate,25.08149294832037,60.99445641876824,25.36542629688927,Retained,2024,2020-2024,ACS five-year,13,21.576277799453766,FALSE,816,74.01399491094148,8,3144,Retained,1446,5.58458523840627,1,1531,Retained,NA,NA,NA,132,Percentage MOE exceeds 50% of estimate,NA,NA,NA,119,Percentage MOE exceeds 50% of estimate,NA,NA,NA,420,Percentage MOE exceeds 50% of estimate,NA,NA,NA,354,Percentage MOE exceeds 50% of estimate,1015,24.12116679132386,3,1337,Retained
13117,"Forsyth County, Georgia",4880,983,37,27,229,237,453,3897,627,260,37,34,106,147,179,565,983,0,Pass,4880,0,Pass,20.14344262295082,0.2644964394710071,FALSE,FALSE,FALSE,16.080241739273657,723,1243,4.65702842331889,3.7639877924720246,3.6299396223344744,2.746693794506612,3.3816424775301392,23.296032553407937,8.849471596901,24.109867751780264,13.526379748543496,46.08341810783316,13.528447262995954,15.486414199631929,24.800471046269706,14.055552962620949,Retained,0.13404817013755022,7.393927414806499,58.63054596614698,Percentage MOE exceeds 50% of estimate,0,6.128336272036751,74.84972119605307,Percentage MOE exceeds 50% of estimate,14.446560956506938,32.14550415030894,23.09447629681507,Retained,10.583488003236768,37.63624750032376,34.10825419626287,Percentage MOE exceeds 50% of estimate,32.55497084483721,59.611865370829115,17.847443346001384,Retained,2024,2020-2024,ACS five-year,13,20.14344262295082,FALSE,472,85.0031806615776,9,3144,Retained,1472,3.8863487916394512,1,1531,Retained,NA,NA,NA,132,Percentage MOE exceeds 50% of estimate,NA,NA,NA,119,Percentage MOE exceeds 50% of estimate,132,68.69047619047619,7,420,Retained,NA,NA,NA,354,Percentage MOE exceeds 50% of estimate,897,32.94689603590127,4,1337,Retained
13013,"Barrow County, Georgia",2034,385,6,30,130,76,143,1649,386,144,11,37,73,87,87,372,385,0,Pass,2034,0,Pass,18.928220255653887,0.37402597402597404,FALSE,TRUE,FALSE,22.73916462215449,241,529,6.1006836412400585,1.5584415584415585,2.797051245249891,7.792207792207792,9.157802548879971,33.76623376623377,14.14277305674566,19.74025974025974,21.35716398331792,37.142857142857146,17.822570296248287,12.827536614413829,25.028903896893944,19.594828509650263,Retained,0,4.355492803691449,109.11454488274039,Percentage MOE exceeds 50% of estimate,0,16.95001034108776,71.45020735276262,Percentage MOE exceeds 50% of estimate,19.623460709488107,47.90900682297943,25.463886679077657,Retained,0,41.09742372357766,65.77539467445358,Percentage MOE exceeds 50% of estimate,19.32028684660886,54.96542743910543,29.172105237239766,Retained,2024,2020-2024,ACS five-year,13,18.928220255653887,FALSE,1098,65.06043256997455,7,3144,Retained,1488,2.8412802090137164,1,1531,Retained,NA,NA,NA,132,Percentage MOE exceeds 50% of estimate,NA,NA,NA,119,Percentage MOE exceeds 50% of estimate,33,92.26190476190476,10,420,Retained,NA,NA,NA,354,Percentage MOE exceeds 50% of estimate,1183,11.555721765145849,2,1337,Retained
13003,"Atkinson County, Georgia",232,94,0,12,27,5,50,138,116,64,20,18,28,8,57,92,94,0,Pass,232,0,Pass,40.51724137931034,0.6808510638297872,FALSE,TRUE,TRUE,41.39280557697153,30,158,18.723971231873687,0,21.27659574468085,12.76595744680851,17.06270302426023,28.723404255319153,22.468379603336388,5.319148936170213,7.7016461088770445,53.191489361702125,48.63581009679633,21.793270147436655,59.241212611184025,28.095116655078645,Caregiver count MOE exceeds 50% of estimate,0,21.27659574468085,NA,Unavailable MOE or zero percentage,0,29.82866047106874,81.2581971834315,Percentage MOE exceeds 50% of estimate,6.255024651982765,51.19178385865554,47.5563577367603,Percentage MOE exceeds 50% of estimate,0,13.020795045047258,88.02664533453971,Percentage MOE exceeds 50% of estimate,4.555679264905798,100,55.588729284952194,Percentage MOE exceeds 50% of estimate,2024,2020-2024,ACS five-year,13,NA,FALSE,2246,28.498727735368956,3,3144,Retained,NA,NA,NA,1531,Caregiver count MOE exceeds 50% of estimate,NA,NA,NA,132,Unavailable MOE or zero percentage,NA,NA,NA,119,Percentage MOE exceeds 50% of estimate,NA,NA,NA,420,Percentage MOE exceeds 50% of estimate,NA,NA,NA,354,Percentage MOE exceeds 50% of estimate,NA,NA,NA,1337,Percentage MOE exceeds 50% of estimate
13005,"Bacon County, Georgia",126,35,0,0,0,5,30,91,80,29,23,23,23,8,28,76,35,0,Pass,126,0,Pass,27.77777777777778,0.8285714285714286,FALSE,TRUE,TRUE,50.373566072689464,6,64,14.787757688937328,0,65.71428571428571,0,65.71428571428571,0,65.71428571428571,14.285714285714285,19.553533986944462,85.71428571428571,36.825285122089674,12.990020088840451,42.565535466715104,32.36514593632288,Percentage MOE exceeds 50% of estimate,0,65.71428571428571,NA,Unavailable MOE or zero percentage,0,65.71428571428571,NA,Unavailable MOE or zero percentage,0,65.71428571428571,NA,Unavailable MOE or zero percentage,0,33.83924827265875,83.21393202767305,Percentage MOE exceeds 50% of estimate,48.889000592196034,100,26.119547623252135,Caregiver count MOE exceeds 50% of estimate,2024,2020-2024,ACS five-year,13,NA,FALSE,2659,15.298982188295165,2,3144,Retained,NA,NA,NA,1531,Percentage MOE exceeds 50% of estimate,NA,NA,NA,132,Unavailable MOE or zero percentage,NA,NA,NA,119,Unavailable MOE or zero percentage,NA,NA,NA,420,Unavailable MOE or zero percentage,NA,NA,NA,354,Percentage MOE exceeds 50% of estimate,NA,NA,NA,1337,Caregiver count MOE exceeds 50% of estimate
13007,"Baker County, Georgia",92,27,9,0,10,8,0,65,54,27,14,14,15,15,14,49,27,0,Pass,92,0,Pass,29.347826086956523,1,FALSE,TRUE,TRUE,60.79568319117694,0,54,23.76054159439858,33.33333333333333,39.71779738801336,0,51.85185185185185,37.03703703703704,41.40866624999611,29.629629629629626,46.99473163129452,0,51.85185185185185,5.587284492557945,53.108367681355105,49.22130705503449,Percentage MOE exceeds 50% of estimate,0,73.05113072134668,72.44011881159045,Percentage MOE exceeds 50% of estimate,0,51.85185185185185,NA,Unavailable MOE or zero percentage,0,78.44570328703315,67.97164017700649,Percentage MOE exceeds 50% of estimate,0,76.62436126092415,96.42634253698152,Percentage MOE exceeds 50% of estimate,0,51.85185185185185,NA,Unavailable MOE or zero percentage,2024,2020-2024,ACS five-year,13,NA,FALSE,2738,12.833969465648854,2,3144,Retained,NA,NA,NA,1531,Percentage MOE exceeds 50% of estimate,NA,NA,NA,132,Percentage MOE exceeds 50% of estimate,NA,NA,NA,119,Unavailable MOE or zero percentage,NA,NA,NA,420,Percentage MOE exceeds 50% of estimate,NA,NA,NA,354,Percentage MOE exceeds 50% of estimate,NA,NA,NA,1337,Unavailable MOE or zero percentage
13009,"Baldwin County, Georgia",646,298,3,0,124,79,92,348,193,161,33,30,106,67,93,148,298,0,Pass,646,0,Pass,46.13003095975232,0.540268456375839,FALSE,TRUE,TRUE,32.8459899120117,137,459,20.765253224807818,1.006711409395973,11.060460665793565,0,10.06711409395973,41.61073825503356,27.565636939383147,26.51006711409396,17.330889256790684,30.87248322147651,26.37686994856128,25.3647777349445,66.89528418456014,27.36693928390027,Caregiver count MOE exceeds 50% of estimate,0,12.067172075189537,667.9454075021524,Percentage MOE exceeds 50% of estimate,0,10.06711409395973,NA,Unavailable MOE or zero percentage,14.045101315650413,69.1763751944167,40.27498190631154,Percentage MOE exceeds 50% of estimate,9.179177857303277,43.84095637088464,39.74502396174823,Percentage MOE exceeds 50% of estimate,4.495613272915232,57.24935317003779,51.942690112211615,Percentage MOE exceeds 50% of estimate,2024,2020-2024,ACS five-year,13,NA,FALSE,1322,57.87213740458015,6,3144,Retained,NA,NA,NA,1531,Caregiver count MOE exceeds 50% of estimate,NA,NA,NA,132,Percentage MOE exceeds 50% of estimate,NA,NA,NA,119,Unavailable MOE or zero percentage,NA,NA,NA,420,Percentage MOE exceeds 50% of estimate,NA,NA,NA,354,Percentage MOE exceeds 50% of estimate,NA,NA,NA,1337,Percentage MOE exceeds 50% of estimate
13011,"Banks County, Georgia",658,233,0,0,77,16,140,425,202,127,23,23,65,22,112,159,233,0,Pass,658,0,Pass,35.410334346504555,0.5450643776824035,FALSE,TRUE,TRUE,33.13756122437542,106,360,15.94848495407288,0,9.871244635193133,0,9.871244635193133,33.047210300429185,21.302097268574265,6.866952789699571,8.668504114438415,60.08583690987125,35.18510992489334,19.461849392431674,51.35881930057744,27.381809760934342,Caregiver count MOE exceeds 50% of estimate,0,9.871244635193133,NA,Unavailable MOE or zero percentage,0,9.871244635193133,NA,Unavailable MOE or zero percentage,11.74511303185492,54.34930756900345,39.188649966955225,Percentage MOE exceeds 50% of estimate,0,15.535456904137986,76.74548610168445,Percentage MOE exceeds 50% of estimate,24.900726984977908,95.27094683476459,35.600782248389166,Percentage MOE exceeds 50% of estimate,2024,2020-2024,ACS five-year,13,NA,FALSE,1536,51.12913486005089,6,3144,Retained,NA,NA,NA,1531,Caregiver count MOE exceeds 50% of estimate,NA,NA,NA,132,Unavailable MOE or zero percentage,NA,NA,NA,119,Unavailable MOE or zero percentage,NA,NA,NA,420,Percentage MOE exceeds 50% of estimate,NA,NA,NA,354,Percentage MOE exceeds 50% of estimate,NA,NA,NA,1337,Percentage MOE exceeds 50% of estimate
13019,"Berrien County, Georgia",499,300,2,2,68,5,223,199,196,168,5,19,71,8,146,99,300,0,Pass,499,0,Pass,60.120240480961925,0.56,FALSE,TRUE,TRUE,34.04558258705909,132,468,23.996901552075613,0.6666666666666667,1.6243152403397563,0.6666666666666667,6.322320249191221,22.666666666666664,19.97474405342907,1.6666666666666667,2.4979991993593593,74.33333333333333,25.21239906606801,36.12333892888631,84.11714203303754,24.26650347135319,Caregiver count MOE exceeds 50% of estimate,0,2.2909819070064232,148.12703213144434,Percentage MOE exceeds 50% of estimate,0,6.988986915857888,576.5546683544884,Percentage MOE exceeds 50% of estimate,2.691922613237594,42.641410720095735,53.57550932193174,Percentage MOE exceeds 50% of estimate,0,4.164665866026026,91.12054076163916,Percentage MOE exceeds 50% of estimate,49.12093426726532,99.545732399401345,20.620695418522818,Caregiver count MOE exceeds 50% of estimate,2024,2020-2024,ACS five-year,13,NA,FALSE,1316,58.1265903307888,6,3144,Retained,NA,NA,NA,1531,Caregiver count MOE exceeds 50% of estimate,NA,NA,NA,132,Percentage MOE exceeds 50% of estimate,NA,NA,NA,119,Percentage MOE exceeds 50% of estimate,NA,NA,NA,420,Percentage MOE exceeds 50% of estimate,NA,NA,NA,354,Percentage MOE exceeds 50% of estimate,NA,NA,NA,1337,Caregiver count MOE exceeds 50% of estimate
13023,"Bleckley County, Georgia",217,205,0,0,18,46,141,12,145,145,23,23,26,62,123,12,205,0,Pass,217,0,Pass,94.47004608294931,0.7073170731707317,FALSE,TRUE,TRUE,43.00182469619833,60,350,21.912674270638956,0,11.219512195121952,0,11.219512195121952,8.780487804878048,11.058264693661068,22.439024390243905,25.74468803427761,68.78048780487805,35.11716280238073,72.55737181231035,100,14.101782078728819,Caregiver count MOE exceeds 50% of estimate,0,11.219512195121952,NA,Unavailable MOE or zero percentage,0,11.219512195121952,NA,Unavailable MOE or zero percentage,0,19.838752498539115,76.5669028759995,Percentage MOE exceeds 50% of estimate,0,48.18371242452152,69.75195847944852,Percentage MOE exceeds 50% of estimate,33.66332500249732,100,31.040371658357238,Percentage MOE exceeds 50% of estimate,2024,2020-2024,ACS five-year,13,NA,FALSE,1651,47.43956743002545,5,3144,Retained,NA,NA,NA,1531,Caregiver count MOE exceeds 50% of estimate,NA,NA,NA,132,Unavailable MOE or zero percentage,NA,NA,NA,119,Unavailable MOE or zero percentage,NA,NA,NA,420,Percentage MOE exceeds 50% of estimate,NA,NA,NA,354,Percentage MOE exceeds 50% of estimate,NA,NA,NA,1337,Percentage MOE exceeds 50% of estimate
13025,"Brantley County, Georgia",742,491,0,26,200,33,232,251,286,255,23,43,205,53,157,156,491,0,Pass,742,0,Pass,66.17250673854448,0.5193482688391039,FALSE,TRUE,TRUE,31.57413281822835,236,746,23.032878183934784,0,4.684317718940937,5.295315682281059,8.314631227162208,40.73319755600815,35.99538935142425,6.720977596741344,10.21435602742973,47.25050916496945,20.500020681421834,43.1396285546097,89.20538492247927,21.16134984252934,Caregiver count MOE exceeds 50% of estimate,0,4.684317718940937,NA,Unavailable MOE or zero percentage,0,13.609946909443266,95.46053838291077,Percentage MOE exceeds 50% of estimate,4.737808204583899,76.7285869074324,53.724343254497796,Percentage MOE exceeds 50% of estimate,0,16.935333624171072,92.39559931677083,Percentage MOE exceeds 50% of estimate,26.750488483547617,67.75052984639129,26.37670545324594,Caregiver count MOE exceeds 50% of estimate,2024,2020-2024,ACS five-year,13,NA,FALSE,915,70.91284987277353,8,3144,Retained,NA,NA,NA,1531,Caregiver count MOE exceeds 50% of estimate,NA,NA,NA,132,Unavailable MOE or zero percentage,NA,NA,NA,119,Percentage MOE exceeds 50% of estimate,NA,NA,NA,420,Percentage MOE exceeds 50% of estimate,NA,NA,NA,354,Percentage MOE exceeds 50% of estimate,NA,NA,NA,1337,Caregiver count MOE exceeds 50% of estimate
13027,"Brooks County, Georgia",429,227,0,0,79,73,75,202,158,124,23,23,82,87,71,106,227,0,Pass,429,0,Pass,52.91375291375291,0.5462555066079295,FALSE,TRUE,TRUE,33.20997672117154,103,351,21.346708457580885,0,10.13215859030837,0,10.13215859030837,34.801762114537446,30.71630347373764,32.158590308370044,34.06301353443394,33.03964757709251,25.54506882237777,31.567044456172024,74.26046137133379,24.52647285625047,Caregiver count MOE exceeds 50% of estimate,0,10.13215859030837,NA,Unavailable MOE or zero percentage,0,10.13215859030837,NA,Unavailable MOE or zero percentage,4.085458640799807,65.51806558827508,53.658738561785064,Percentage MOE exceeds 50% of estimate,0,66.22160384280399,64.39598749567143,Percentage MOE exceeds 50% of estimate,7.4945787547147376,58.58471639947028,47.005038646321935,Percentage MOE exceeds 50% of estimate,2024,2020-2024,ACS five-year,13,NA,FALSE,1559,50.38167938931298,6,3144,Retained,NA,NA,NA,1531,Caregiver count MOE exceeds 50% of estimate,NA,NA,NA,132,Unavailable MOE or zero percentage,NA,NA,NA,119,Unavailable MOE or zero percentage,NA,NA,NA,420,Percentage MOE exceeds 50% of estimate,NA,NA,NA,354,Percentage MOE exceeds 50% of estimate,NA,NA,NA,1337,Percentage MOE exceeds 50% of estimate
13037,"Calhoun County, Georgia",63,8,0,5,0,0,3,55,67,12,20,9,20,20,6,67,8,0,Pass,63,0,Pass,12.698412698412698,1.5,TRUE,TRUE,TRUE,91.19352478676541,0,20,13.432643794763921,0,250,62.5,62.18671481916375,0,250,0,250,37.5,49.607837082461074,0,26.13105649317662,64.3109320796037,Percentage MOE exceeds 50% of estimate,0,100,NA,Unavailable MOE or zero percentage,0.3132851808362531,100,60.490941005535156,Percentage MOE exceeds 50% of estimate,0,100,NA,Unavailable MOE or zero percentage,0,100,NA,Unavailable MOE or zero percentage,0,87.10783708246107,80.42512925506195,Percentage MOE exceeds 50% of estimate,2024,2020-2024,ACS five-year,13,NA,FALSE,2940,6.1704834605597965,1,3144,Retained,NA,NA,NA,1531,Percentage MOE exceeds 50% of estimate,NA,NA,NA,132,Unavailable MOE or zero percentage,NA,NA,NA,119,Percentage MOE exceeds 50% of estimate,NA,NA,NA,420,Unavailable MOE or zero percentage,NA,NA,NA,354,Unavailable MOE or zero percentage,NA,NA,NA,1337,Percentage MOE exceeds 50% of estimate
13039,"Camden County, Georgia",1145,312,54,54,71,18,115,833,248,170,74,86,51,21,70,189,312,0,Pass,1145,0,Pass,27.24890829694323,0.5448717948717948,FALSE,TRUE,TRUE,33.12585302083359,142,482,13.623701000357041,17.307692307692307,21.76251969217978,17.307692307692307,25.90069346812229,22.756410256410255,10.651453318538792,5.769230769230769,5.95161473799894,36.858974358974365,10.001295664136151,13.62520729658619,40.87260929730027,30.3961612290332,Caregiver count MOE exceeds 50% of estimate,0,39.070211999872086,76.44388570852287,Percentage MOE exceeds 50% of estimate,0,43.2083857758146,90.97979826114104,Percentage MOE exceeds 50% of estimate,12.104956937871464,33.40786357494905,28.45626239740878,Caregiver count MOE exceeds 50% of estimate,0,11.72084550722971,62.717630575136006,Percentage MOE exceeds 50% of estimate,26.857678694838214,46.860270023110516,16.496270264505323,Caregiver count MOE exceeds 50% of estimate,2024,2020-2024,ACS five-year,13,NA,FALSE,1275,59.38295165394402,6,3144,Retained,NA,NA,NA,1531,Caregiver count MOE exceeds 50% of estimate,NA,NA,NA,132,Percentage MOE exceeds 50% of estimate,NA,NA,NA,119,Percentage MOE exceeds 50% of estimate,NA,NA,NA,420,Caregiver count MOE exceeds 50% of estimate,NA,NA,NA,354,Percentage MOE exceeds 50% of estimate,NA,NA,NA,1337,Caregiver count MOE exceeds 50% of estimate
13043,"Candler County, Georgia",135,117,16,47,20,9,25,18,76,71,22,49,30,16,33,21,117,0,Pass,135,0,Pass,86.66666666666667,0.6068376068376068,FALSE,TRUE,TRUE,36.893106893791135,46,188,19.6342722982443,13.675213675213676,16.8730919938313,40.17094017094017,34.05456419657945,17.094017094017094,23.449029834899356,7.6923076923076925,12.853848331464391,21.367521367521366,25.047876930914903,67.03239436842237,100,13.773219211538793,Caregiver count MOE exceeds 50% of estimate,0,30.548305669044975,75.01244073223033,Percentage MOE exceeds 50% of estimate,6.116375974360722,74.22550436751962,51.53901022228392,Percentage MOE exceeds 50% of estimate,0,40.54304692891645,83.39758765550536,Percentage MOE exceeds 50% of estimate,0,20.546156023772085,101.58960382312915,Percentage MOE exceeds 50% of estimate,0,46.41539829843627,71.26717059556341,Percentage MOE exceeds 50% of estimate,2024,2020-2024,ACS five-year,13,NA,FALSE,2102,33.07888040712468,4,3144,Retained,NA,NA,NA,1531,Caregiver count MOE exceeds 50% of estimate,NA,NA,NA,132,Percentage MOE exceeds 50% of estimate,NA,NA,NA,119,Percentage MOE exceeds 50% of estimate,NA,NA,NA,420,Percentage MOE exceeds 50% of estimate,NA,NA,NA,354,Percentage MOE exceeds 50% of estimate,NA,NA,NA,1337,Percentage MOE exceeds 50% of estimate
13049,"Charlton County, Georgia",404,137,41,10,0,25,61,267,142,87,47,16,23,41,60,124,137,0,Pass,404,0,Pass,33.910891089108915,0.635036496350365,FALSE,TRUE,TRUE,38.60747764695178,50,224,17.93528859395197,29.927007299270077,28.561521088087616,7.2992700729927,10.719565602282515,0,16.78832116788321,18.248175182481752,27.59235510426783,44.52554744525548,33.4448962466065,15.975602495156945,51.84617968306088,32.15451108126234,Percentage MOE exceeds 50% of estimate,1.3654862111824606,58.48852838735769,58.02174504671723,Percentage MOE exceeds 50% of estimate,0,18.018835675275213,89.28335405956658,Percentage MOE exceeds 50% of estimate,0,16.78832116788321,NA,Unavailable MOE or zero percentage,0,45.84053028674958,91.92678515208014,Percentage MOE exceeds 50% of estimate,11.08065119864898,77.97044369186197,45.66603743773025,Percentage MOE exceeds 50% of estimate,2024,2020-2024,ACS five-year,13,NA,FALSE,1986,36.76844783715013,4,3144,Retained,NA,NA,NA,1531,Percentage MOE exceeds 50% of estimate,NA,NA,NA,132,Percentage MOE exceeds 50% of estimate,NA,NA,NA,119,Percentage MOE exceeds 50% of estimate,NA,NA,NA,420,Unavailable MOE or zero percentage,NA,NA,NA,354,Percentage MOE exceeds 50% of estimate,NA,NA,NA,1337,Percentage MOE exceeds 50% of estimate
13053,"Chattahoochee County, Georgia",228,87,0,0,0,0,87,141,113,45,20,20,20,20,45,108,87,0,Pass,228,0,Pass,38.15789473684211,0.5172413793103449,FALSE,TRUE,TRUE,31.446043029919107,42,132,5.647545374864462,0,22.988505747126435,0,22.988505747126435,0,22.988505747126435,0,22.988505747126435,100,73.14897736412561,32.510349361977646,43.805440111706574,8.99804304681803,Caregiver count MOE exceeds 50% of estimate,0,22.988505747126435,NA,Unavailable MOE or zero percentage,0,22.988505747126435,NA,Unavailable MOE or zero percentage,0,22.988505747126435,NA,Unavailable MOE or zero percentage,0,22.988505747126435,NA,Unavailable MOE or zero percentage,26.851022635874386,100,44.47142053587954,Percentage MOE exceeds 50% of estimate,2024,2020-2024,ACS five-year,13,NA,FALSE,2289,27.083333333333332,3,3144,Retained,NA,NA,NA,1531,Caregiver count MOE exceeds 50% of estimate,NA,NA,NA,132,Unavailable MOE or zero percentage,NA,NA,NA,119,Unavailable MOE or zero percentage,NA,NA,NA,420,Unavailable MOE or zero percentage,NA,NA,NA,354,Unavailable MOE or zero percentage,NA,NA,NA,1337,Percentage MOE exceeds 50% of estimate
13059,"Clarke County, Georgia",1589,269,0,13,48,108,100,1320,344,136,34,24,40,107,84,324,269,0,Pass,1589,0,Pass,16.928886091881687,0.5055762081784386,FALSE,TRUE,TRUE,30.736850981412875,133,405,7.734483538637679,0,12.639405204460965,4.83271375464684,8.580859525334366,17.843866171003718,11.82063062172817,40.14869888475837,34.20800881746961,37.174721189591075,24.937358752141837,9.194402553244007,24.663369630519366,27.776382232726277,Caregiver count MOE exceeds 50% of estimate,0,12.639405204460965,NA,Unavailable MOE or zero percentage,0,13.413573279981208,107.94746879196113,Percentage MOE exceeds 50% of estimate,6.023235549275547,29.66449679273189,40.27396907774987,Percentage MOE exceeds 50% of estimate,5.940690067288756,74.35670770222798,51.799916919783044,Percentage MOE exceeds 50% of estimate,12.237362437449239,62.112079941732915,40.782653206406344,Percentage MOE exceeds 50% of estimate,2024,2020-2024,ACS five-year,13,NA,FALSE,1427,54.58015267175573,6,3144,Retained,NA,NA,NA,1531,Caregiver count MOE exceeds 50% of estimate,NA,NA,NA,132,Unavailable MOE or zero percentage,NA,NA,NA,119,Percentage MOE exceeds 50% of estimate,NA,NA,NA,420,Percentage MOE exceeds 50% of estimate,NA,NA,NA,354,Percentage MOE exceeds 50% of estimate,NA,NA,NA,1337,Percentage MOE exceeds 50% of estimate
13061,"Clay County, Georgia",127,36,21,0,2,0,13,91,61,29,24,14,5,14,14,60,36,0,Pass,127,0,Pass,28.346456692913385,0.8055555555555556,FALSE,TRUE,TRUE,48.97430034844809,7,65,18.331574681548148,58.333333333333336,47.289689458495424,0,38.88888888888889,5.555555555555555,13.148111922514289,0,38.88888888888889,36.11111111111111,25.809810337014838,10.014882011365238,46.67803137446153,39.31639918203328,Percentage MOE exceeds 50% of estimate,11.043643874837912,100,49.28586820333418,Percentage MOE exceeds 50% of estimate,0,38.88888888888889,NA,Unavailable MOE or zero percentage,0,18.703667478069846,143.88272046059672,Percentage MOE exceeds 50% of estimate,0,38.88888888888889,NA,Unavailable MOE or zero percentage,10.30130077409627,61.920921448125945,43.45269376080511,Percentage MOE exceeds 50% of estimate,2024,2020-2024,ACS five-year,13,NA,FALSE,2649,15.617048346055979,2,3144,Retained,NA,NA,NA,1531,Percentage MOE exceeds 50% of estimate,NA,NA,NA,132,Percentage MOE exceeds 50% of estimate,NA,NA,NA,119,Unavailable MOE or zero percentage,NA,NA,NA,420,Percentage MOE exceeds 50% of estimate,NA,NA,NA,354,Unavailable MOE or zero percentage,NA,NA,NA,1337,Percentage MOE exceeds 50% of estimate
13065,"Clinch County, Georgia",161,46,0,0,0,4,42,115,123,52,20,20,20,7,53,121,46,0,Pass,161,0,Pass,28.57142857142857,1.1304347826086956,TRUE,TRUE,TRUE,68.72555491176523,0,98,23.80575748996882,0,43.47826086956522,0,43.47826086956522,0,43.47826086956522,8.695652173913043,11.616483960494167,91.30434782608695,51.20544745218436,4.76567108145975,52.37718606139739,50.655055167014616,Percentage MOE exceeds 50% of estimate,0,43.47826086956522,NA,Unavailable MOE or zero percentage,0,43.47826086956522,NA,Unavailable MOE or zero percentage,0,43.47826086956522,NA,Unavailable MOE or zero percentage,0,20.31213613440721,81.21668904562307,Percentage MOE exceeds 50% of estimate,40.098900373902595,100,34.0955303343836,Percentage MOE exceeds 50% of estimate,2024,2020-2024,ACS five-year,13,NA,FALSE,2574,18.03435114503817,2,3144,Retained,NA,NA,NA,1531,Percentage MOE exceeds 50% of estimate,NA,NA,NA,132,Unavailable MOE or zero percentage,NA,NA,NA,119,Unavailable MOE or zero percentage,NA,NA,NA,420,Unavailable MOE or zero percentage,NA,NA,NA,354,Percentage MOE exceeds 50% of estimate,NA,NA,NA,1337,Percentage MOE exceeds 50% of estimate
13075,"Cook County, Georgia",426,191,26,39,68,17,41,235,198,127,45,38,91,30,38,160,191,0,Pass,426,0,Pass,44.835680751173705,0.6649214659685864,FALSE,TRUE,TRUE,40.42435479203911,64,318,21.318976775940392,13.612565445026178,21.75218775824304,20.418848167539267,14.54267658663498,35.602094240837694,41.34678834196704,8.900523560209423,14.549201832494829,21.465968586387437,13.859968304268824,23.516703975233312,66.1546575271141,28.907819315227005,Caregiver count MOE exceeds 50% of estimate,0,35.36475320326922,97.14841195847768,Percentage MOE exceeds 50% of estimate,5.876171580904286,34.96152475417425,43.29979591690925,Percentage MOE exceeds 50% of estimate,0,76.94888258280474,70.60557247015844,Percentage MOE exceeds 50% of estimate,0,23.449725392704252,99.37939710054924,Percentage MOE exceeds 50% of estimate,7.606000282118613,35.32593689065626,39.254051764541835,Percentage MOE exceeds 50% of estimate,2024,2020-2024,ACS five-year,13,NA,FALSE,1724,45.13358778625954,5,3144,Retained,NA,NA,NA,1531,Caregiver count MOE exceeds 50% of estimate,NA,NA,NA,132,Percentage MOE exceeds 50% of estimate,NA,NA,NA,119,Percentage MOE exceeds 50% of estimate,NA,NA,NA,420,Percentage MOE exceeds 50% of estimate,NA,NA,NA,354,Percentage MOE exceeds 50% of estimate,NA,NA,NA,1337,Percentage MOE exceeds 50% of estimate
13079,"Crawford County, Georgia",347,115,0,69,0,21,25,232,181,109,23,98,23,22,26,139,115,0,Pass,347,0,Pass,33.14121037463977,0.9478260869565217,FALSE,TRUE,TRUE,57.623734502941616,6,224,26.22752131103735,0,20,60,63.465394765204245,0,20,18.26086956521739,8.14875581063509,21.73913043478261,9.305407012159701,6.913689063602419,59.36873168567712,48.11291013486408,Percentage MOE exceeds 50% of estimate,0,20,NA,Unavailable MOE or zero percentage,0,100,64.3070338958056,Percentage MOE exceeds 50% of estimate,0,20,NA,Unavailable MOE or zero percentage,10.112113754582301,26.409625375852478,27.129550150737053,Caregiver count MOE exceeds 50% of estimate,12.433723422622908,31.04453744694231,26.02351452710601,Caregiver count MOE exceeds 50% of estimate,2024,2020-2024,ACS five-year,13,NA,FALSE,2115,32.6176844783715,4,3144,Retained,NA,NA,NA,1531,Percentage MOE exceeds 50% of estimate,NA,NA,NA,132,Unavailable MOE or zero percentage,NA,NA,NA,119,Percentage MOE exceeds 50% of estimate,NA,NA,NA,420,Unavailable MOE or zero percentage,NA,NA,NA,354,Caregiver count MOE exceeds 50% of estimate,NA,NA,NA,1337,Caregiver count MOE exceeds 50% of estimate
13081,"Crisp County, Georgia",556,252,10,0,78,8,156,304,245,200,22,23,107,15,167,163,252,0,Pass,556,0,Pass,45.32374100719424,0.7936507936507936,FALSE,TRUE,TRUE,48.250542215219795,52,452,29.91749314339764,3.968253968253968,8.142290909929947,0,9.126984126984127,30.952380952380953,34.6326519394554,3.1746031746031744,5.3928495324355845,61.904761904761905,44.473137375769355,15.406247863796604,75.24123415059188,40.13028039171577,Percentage MOE exceeds 50% of estimate,0,12.110544878183916,124.74406692984623,Percentage MOE exceeds 50% of estimate,0,9.126984126984127,NA,Unavailable MOE or zero percentage,0,65.58503289183635,68.02435452770774,Percentage MOE exceeds 50% of estimate,0,8.56745270703876,103.27652107656677,Percentage MOE exceeds 50% of estimate,17.43162452899255,100,43.67636167593403,Percentage MOE exceeds 50% of estimate,2024,2020-2024,ACS five-year,13,NA,FALSE,1472,53.1647582697201,6,3144,Retained,NA,NA,NA,1531,Percentage MOE exceeds 50% of estimate,NA,NA,NA,132,Percentage MOE exceeds 50% of estimate,NA,NA,NA,119,Unavailable MOE or zero percentage,NA,NA,NA,420,Percentage MOE exceeds 50% of estimate,NA,NA,NA,354,Percentage MOE exceeds 50% of estimate,NA,NA,NA,1337,Percentage MOE exceeds 50% of estimate
13083,"Dade County, Georgia",431,242,0,11,133,35,63,189,204,186,23,16,163,34,50,97,242,0,Pass,431,0,Pass,56.148491879350345,0.768595041322314,FALSE,TRUE,TRUE,46.727260634540954,56,428,34.00154139164807,0,9.50413223140496,4.545454545454546,5.613156294882293,54.958677685950406,52.463766719329705,14.46280991735537,8.59211584537474,26.033057851239672,5.150549850902528,22.146950487702277,90.15003327099842,36.81571613535282,Percentage MOE exceeds 50% of estimate,0,9.50413223140496,NA,Unavailable MOE or zero percentage,0,10.158610840336838,75.07624779736936,Percentage MOE exceeds 50% of estimate,2.4949109666207008,100,58.03579479677985,Percentage MOE exceeds 50% of estimate,5.87069407198063,23.05492576273011,36.11770851323006,Percentage MOE exceeds 50% of estimate,20.882508000337143,31.1836077021422,12.028214233808214,Caregiver count MOE exceeds 50% of estimate,2024,2020-2024,ACS five-year,13,NA,FALSE,1503,52.099236641221374,6,3144,Retained,NA,NA,NA,1531,Percentage MOE exceeds 50% of estimate,NA,NA,NA,132,Unavailable MOE or zero percentage,NA,NA,NA,119,Percentage MOE exceeds 50% of estimate,NA,NA,NA,420,Percentage MOE exceeds 50% of estimate,NA,NA,NA,354,Percentage MOE exceeds 50% of estimate,NA,NA,NA,1337,Caregiver count MOE exceeds 50% of estimate
13085,"Dawson County, Georgia",551,175,91,0,0,0,84,376,171,134,102,30,30,30,68,153,175,0,Pass,551,0,Pass,31.76043557168784,0.7657142857142857,FALSE,TRUE,TRUE,46.55212312924405,41,309,22.23240597384979,52,42.56547455966861,0,17.142857142857142,0,17.142857142857142,0,17.142857142857142,48,12.609521507696527,9.52802959783805,53.99284154553763,42.55717170858597,Percentage MOE exceeds 50% of estimate,9.434525440331392,94.56547455966862,49.765328965609896,Percentage MOE exceeds 50% of estimate,0,17.142857142857142,NA,Unavailable MOE or zero percentage,0,17.142857142857142,NA,Unavailable MOE or zero percentage,0,17.142857142857142,NA,Unavailable MOE or zero percentage,35.39047849230347,60.60952150769653,15.970926557796872,Caregiver count MOE exceeds 50% of estimate,2024,2020-2024,ACS five-year,13,NA,FALSE,1790,43.034351145038165,5,3144,Retained,NA,NA,NA,1531,Percentage MOE exceeds 50% of estimate,NA,NA,NA,132,Percentage MOE exceeds 50% of estimate,NA,NA,NA,119,Unavailable MOE or zero percentage,NA,NA,NA,420,Unavailable MOE or zero percentage,NA,NA,NA,354,Unavailable MOE or zero percentage,NA,NA,NA,1337,Caregiver count MOE exceeds 50% of estimate
13087,"Decatur County, Georgia",1093,259,9,0,75,69,106,834,402,157,15,27,67,97,82,360,259,0,Pass,1093,0,Pass,23.696248856358647,0.6061776061776062,FALSE,TRUE,TRUE,36.85298170275976,102,416,11.418004610588381,3.474903474903475,5.394866249269624,0,10.424710424710424,28.957528957528954,19.001813873011617,26.640926640926644,33.791095529141316,40.92664092664093,19.66959722787492,12.278244245770265,35.11425346694703,29.294315534437708,Caregiver count MOE exceeds 50% of estimate,0,8.8697697241731,94.38667339054065,Percentage MOE exceeds 50% of estimate,0,10.424710424710424,NA,Unavailable MOE or zero percentage,9.955715084517337,47.95934283054057,39.893882450248434,Percentage MOE exceeds 50% of estimate,0,60.43202217006796,77.11266076295216,Percentage MOE exceeds 50% of estimate,21.257043698766008,60.596238154515845,29.21878205708107,Caregiver count MOE exceeds 50% of estimate,2024,2020-2024,ACS five-year,13,NA,FALSE,1457,53.657760814249365,6,3144,Retained,NA,NA,NA,1531,Caregiver count MOE exceeds 50% of estimate,NA,NA,NA,132,Percentage MOE exceeds 50% of estimate,NA,NA,NA,119,Unavailable MOE or zero percentage,NA,NA,NA,420,Percentage MOE exceeds 50% of estimate,NA,NA,NA,354,Percentage MOE exceeds 50% of estimate,NA,NA,NA,1337,Caregiver count MOE exceeds 50% of estimate
13091,"Dodge County, Georgia",902,179,0,0,23,33,123,723,280,94,23,23,24,42,90,270,179,0,Pass,902,0,Pass,19.844789356984478,0.5251396648044693,FALSE,TRUE,TRUE,31.926224692573363,85,273,8.40562809500885,0,12.849162011173185,0,12.849162011173185,12.849162011173185,11.58617718862624,18.435754189944134,21.37325802687214,68.71508379888269,35.012606314359665,11.439161261975627,28.25041745199333,25.751137666127757,Caregiver count MOE exceeds 50% of estimate,0,12.849162011173185,NA,Unavailable MOE or zero percentage,0,12.849162011173185,NA,Unavailable MOE or zero percentage,1.2629848225469456,24.435339199799422,54.81988297322808,Percentage MOE exceeds 50% of estimate,0,39.80901221681627,70.4827049860408,Percentage MOE exceeds 50% of estimate,33.70247748452302,100,30.977409958711615,Percentage MOE exceeds 50% of estimate,2024,2020-2024,ACS five-year,13,NA,FALSE,1773,43.51145038167939,5,3144,Retained,NA,NA,NA,1531,Caregiver count MOE exceeds 50% of estimate,NA,NA,NA,132,Unavailable MOE or zero percentage,NA,NA,NA,119,Unavailable MOE or zero percentage,NA,NA,NA,420,Percentage MOE exceeds 50% of estimate,NA,NA,NA,354,Percentage MOE exceeds 50% of estimate,NA,NA,NA,1337,Percentage MOE exceeds 50% of estimate
13093,"Dooly County, Georgia",276,57,0,0,24,26,7,219,157,56,23,23,36,37,8,132,57,0,Pass,276,0,Pass,20.652173913043477,0.9824561403508771,FALSE,TRUE,TRUE,59.72909225799839,1,113,16.542900028257034,0,40.35087719298245,0,40.35087719298245,42.10526315789473,47.72552981103524,45.614035087719294,46.960925396376865,12.280701754385964,7.17031444927598,4.109273884786443,37.19507394130051,48.69883981298572,Percentage MOE exceeds 50% of estimate,0,40.35087719298245,NA,Unavailable MOE or zero percentage,0,40.35087719298245,NA,Unavailable MOE or zero percentage,0,89.83079296892997,68.91077202491576,Percentage MOE exceeds 50% of estimate,0,92.57496048409615,62.59085689902675,Percentage MOE exceeds 50% of estimate,5.110387305109984,19.451016203661943,35.49668205920021,Percentage MOE exceeds 50% of estimate,2024,2020-2024,ACS five-year,13,NA,FALSE,2481,21.00826972010178,3,3144,Retained,NA,NA,NA,1531,Percentage MOE exceeds 50% of estimate,NA,NA,NA,132,Unavailable MOE or zero percentage,NA,NA,NA,119,Unavailable MOE or zero percentage,NA,NA,NA,420,Percentage MOE exceeds 50% of estimate,NA,NA,NA,354,Percentage MOE exceeds 50% of estimate,NA,NA,NA,1337,Percentage MOE exceeds 50% of estimate
13099,"Early County, Georgia",218,111,17,0,0,18,76,107,117,73,24,23,23,25,48,91,111,0,Pass,218,0,Pass,50.917431192660544,0.6576576576576577,FALSE,TRUE,TRUE,39.982746603206465,38,184,19.35329020673247,15.315315315315313,19.132292487032366,0,20.72072072072072,0,20.72072072072072,16.216216216216218,19.837534984822287,68.46846846846847,62.430537800296314,31.564140985928073,70.27072139939301,23.107931263527963,Caregiver count MOE exceeds 50% of estimate,0,34.447607802347676,75.94755764508444,Percentage MOE exceeds 50% of estimate,0,20.72072072072072,NA,Unavailable MOE or zero percentage,0,20.72072072072072,NA,Unavailable MOE or zero percentage,0,36.05375120103851,74.37225035425394,Percentage MOE exceeds 50% of estimate,6.037930668172159,100,55.4343814380709,Percentage MOE exceeds 50% of estimate,2024,2020-2024,ACS five-year,13,NA,FALSE,2140,31.870229007633586,4,3144,Retained,NA,NA,NA,1531,Caregiver count MOE exceeds 50% of estimate,NA,NA,NA,132,Percentage MOE exceeds 50% of estimate,NA,NA,NA,119,Unavailable MOE or zero percentage,NA,NA,NA,420,Unavailable MOE or zero percentage,NA,NA,NA,354,Percentage MOE exceeds 50% of estimate,NA,NA,NA,1337,Percentage MOE exceeds 50% of estimate
13101,"Echols County, Georgia",162,162,0,0,120,42,0,0,148,148,14,14,140,43,14,14,162,0,Pass,162,0,Pass,100,0.9135802469135802,FALSE,TRUE,TRUE,55.54173526107523,14,310,129.19975755013462,0,8.641975308641975,0,8.641975308641975,74.07407407407408,53.74747863728309,25.925925925925924,11.980950014618335,0,8.641975308641975,0,100,78.54787528394856,Percentage MOE exceeds 50% of estimate,0,8.641975308641975,NA,Unavailable MOE or zero percentage,0,8.641975308641975,NA,Unavailable MOE or zero percentage,20.32659543679099,100,44.11279822801698,Percentage MOE exceeds 50% of estimate,13.944975911307589,37.90687594054426,28.09504445469672,Caregiver count MOE exceeds 50% of estimate,0,8.641975308641975,NA,Unavailable MOE or zero percentage,2024,2020-2024,ACS five-year,13,NA,FALSE,1856,40.87150127226463,5,3144,Retained,NA,NA,NA,1531,Percentage MOE exceeds 50% of estimate,NA,NA,NA,132,Unavailable MOE or zero percentage,NA,NA,NA,119,Unavailable MOE or zero percentage,NA,NA,NA,420,Percentage MOE exceeds 50% of estimate,NA,NA,NA,354,Caregiver count MOE exceeds 50% of estimate,NA,NA,NA,1337,Unavailable MOE or zero percentage
13105,"Elbert County, Georgia",305,162,15,0,0,22,125,143,143,119,21,23,23,31,114,97,162,0,Pass,305,0,Pass,53.11475409836065,0.7345679012345679,FALSE,TRUE,TRUE,44.65855740586455,43,281,30.035319068245155,9.25925925925926,11.035273591706444,0,14.19753086419753,0,14.19753086419753,13.580246913580247,16.32991340956818,77.1604938271605,41.70622825188232,23.079435030115494,83.15007316660581,34.37872910486292,Percentage MOE exceeds 50% of estimate,0,20.2945328509657,72.45687569860938,Percentage MOE exceeds 50% of estimate,0,14.19753086419753,NA,Unavailable MOE or zero percentage,0,14.19753086419753,NA,Unavailable MOE or zero percentage,0,29.91016032314843,73.105316015622,Percentage MOE exceeds 50% of estimate,35.45426557527817,100,32.86083997310855,Percentage MOE exceeds 50% of estimate,2024,2020-2024,ACS five-year,13,NA,FALSE,1856,40.87150127226463,5,3144,Retained,NA,NA,NA,1531,Percentage MOE exceeds 50% of estimate,NA,NA,NA,132,Percentage MOE exceeds 50% of estimate,NA,NA,NA,119,Unavailable MOE or zero percentage,NA,NA,NA,420,Unavailable MOE or zero percentage,NA,NA,NA,354,Percentage MOE exceeds 50% of estimate,NA,NA,NA,1337,Percentage MOE exceeds 50% of estimate
13109,"Evans County, Georgia",211,22,10,0,6,0,6,189,94,23,16,23,10,23,11,93,22,0,Pass,211,0,Pass,10.42654028436019,1.0454545454545454,TRUE,TRUE,TRUE,63.559123336230435,0,45,9.8612532858718,45.45454545454545,55.054908605376355,0,104.54545454545455,27.27272727272727,35.39998498913613,0,104.54545454545455,27.27272727272727,41.07363186707166,0.5652869984883893,20.28779357023199,57.49957457461676,Percentage MOE exceeds 50% of estimate,0,100,73.63621719721657,Percentage MOE exceeds 50% of estimate,0,100,NA,Unavailable MOE or zero percentage,0,62.672712261863396,78.91276332030445,Percentage MOE exceeds 50% of estimate,0,100,NA,Unavailable MOE or zero percentage,0,68.34635913979893,91.56031538505567,Percentage MOE exceeds 50% of estimate,2024,2020-2024,ACS five-year,13,NA,FALSE,2788,11.195928753180661,2,3144,Retained,NA,NA,NA,1531,Percentage MOE exceeds 50% of estimate,NA,NA,NA,132,Percentage MOE exceeds 50% of estimate,NA,NA,NA,119,Unavailable MOE or zero percentage,NA,NA,NA,420,Percentage MOE exceeds 50% of estimate,NA,NA,NA,354,Unavailable MOE or zero percentage,NA,NA,NA,1337,Percentage MOE exceeds 50% of estimate
13111,"Fannin County, Georgia",690,220,9,2,69,0,140,470,273,148,16,3,58,27,131,239,220,0,Pass,690,0,Pass,31.88405797101449,0.6727272727272727,FALSE,TRUE,TRUE,40.89891414679175,72,368,17.34742828370163,4.090909090909091,6.731916077780036,0.9090909090909091,1.218805137859819,31.363636363636367,15.807156533168573,0,12.272727272727273,63.63636363636363,41.38806752013219,14.53662968731286,49.23148625471612,33.07762001550613,Percentage MOE exceeds 50% of estimate,0,10.822825168689127,100.04412907727468,Percentage MOE exceeds 50% of estimate,0,2.127896046950728,81.50790013641472,Percentage MOE exceeds 50% of estimate,15.556479830467794,47.17079289680494,30.64079909618102,Percentage MOE exceeds 50% of estimate,0,12.272727272727273,NA,Unavailable MOE or zero percentage,22.248296116231444,100,39.54053464191281,Percentage MOE exceeds 50% of estimate,2024,2020-2024,ACS five-year,13,NA,FALSE,1590,49.30025445292621,5,3144,Retained,NA,NA,NA,1531,Percentage MOE exceeds 50% of estimate,NA,NA,NA,132,Percentage MOE exceeds 50% of estimate,NA,NA,NA,119,Percentage MOE exceeds 50% of estimate,NA,NA,NA,420,Percentage MOE exceeds 50% of estimate,NA,NA,NA,354,Unavailable MOE or zero percentage,NA,NA,NA,1337,Percentage MOE exceeds 50% of estimate
13119,"Franklin County, Georgia",736,301,3,38,9,18,233,435,272,198,6,39,13,22,182,155,301,0,Pass,736,0,Pass,40.89673913043478,0.6578073089700996,FALSE,TRUE,TRUE,39.99184475698682,103,499,22.255192513791833,0.9966777408637874,1.882452123515444,12.624584717607974,9.945526080878867,2.990033222591362,3.845081928297555,5.980066445182724,6.160097488387431,77.40863787375415,32.60655101148613,18.641546616642948,63.151931644226615,33.08380233230484,Percentage MOE exceeds 50% of estimate,0,2.8791298643792316,114.82644613354923,Percentage MOE exceeds 50% of estimate,2.6790586367291063,22.57011079848684,47.894252865155906,Percentage MOE exceeds 50% of estimate,0,6.835115150888917,78.18119912202917,Percentage MOE exceeds 50% of estimate,0,12.140163933570156,62.62594885253382,Percentage MOE exceeds 50% of estimate,44.80208686226801,100,25.60873824552058,Caregiver count MOE exceeds 50% of estimate,2024,2020-2024,ACS five-year,13,NA,FALSE,1310,58.26972010178117,6,3144,Retained,NA,NA,NA,1531,Percentage MOE exceeds 50% of estimate,NA,NA,NA,132,Percentage MOE exceeds 50% of estimate,NA,NA,NA,119,Percentage MOE exceeds 50% of estimate,NA,NA,NA,420,Percentage MOE exceeds 50% of estimate,NA,NA,NA,354,Percentage MOE exceeds 50% of estimate,NA,NA,NA,1337,Caregiver count MOE exceeds 50% of estimate
13123,"Gilmer County, Georgia",748,351,0,34,81,38,198,397,255,208,30,34,81,42,177,155,351,0,Pass,748,0,Pass,46.92513368983957,0.5925925925925926,FALSE,TRUE,TRUE,36.02707152069744,143,559,22.74523588746762,0,8.547008547008547,9.686609686609685,7.802586765977342,23.076923076923077,18.588515530710726,10.826210826210826,10.100574279558158,56.41025641025641,37.75534960616369,24.17989780237195,69.67036957730718,29.468475556468835,Caregiver count MOE exceeds 50% of estimate,0,8.547008547008547,NA,Unavailable MOE or zero percentage,1.8840229206323436,17.489196452587027,48.971065051972346,Percentage MOE exceeds 50% of estimate,4.4884075462123505,41.6654386076338,48.97106505197233,Percentage MOE exceeds 50% of estimate,0.7256365466526677,20.926785105768985,56.720797683181,Percentage MOE exceeds 50% of estimate,18.654906804092718,94.1656060164201,40.690513028958975,Percentage MOE exceeds 50% of estimate,2024,2020-2024,ACS five-year,13,NA,FALSE,1174,62.62722646310433,7,3144,Retained,NA,NA,NA,1531,Caregiver count MOE exceeds 50% of estimate,NA,NA,NA,132,Unavailable MOE or zero percentage,NA,NA,NA,119,Percentage MOE exceeds 50% of estimate,NA,NA,NA,420,Percentage MOE exceeds 50% of estimate,NA,NA,NA,354,Percentage MOE exceeds 50% of estimate,NA,NA,NA,1337,Percentage MOE exceeds 50% of estimate
13125,"Glascock County, Georgia",130,69,0,0,0,11,58,61,67,49,14,14,14,13,49,51,69,0,Pass,130,0,Pass,53.07692307692308,0.7101449275362319,FALSE,TRUE,TRUE,43.17374603431406,20,118,25.930916210802675,0,20.28985507246377,0,20.28985507246377,0,20.28985507246377,15.942028985507244,15.059846726519455,84.05797101449275,38.46768947534162,27.146006866120405,79.00783928772576,29.701943432631708,Caregiver count MOE exceeds 50% of estimate,0,20.28985507246377,NA,Unavailable MOE or zero percentage,0,20.28985507246377,NA,Unavailable MOE or zero percentage,0,20.28985507246377,NA,Unavailable MOE or zero percentage,0.8821822589877897,31.0018757120267,57.43143933093457,Percentage MOE exceeds 50% of estimate,45.59028153915113,100,27.822102225572657,Caregiver count MOE exceeds 50% of estimate,2024,2020-2024,ACS five-year,13,NA,FALSE,2394,23.807251908396946,3,3144,Retained,NA,NA,NA,1531,Caregiver count MOE exceeds 50% of estimate,NA,NA,NA,132,Unavailable MOE or zero percentage,NA,NA,NA,119,Unavailable MOE or zero percentage,NA,NA,NA,420,Unavailable MOE or zero percentage,NA,NA,NA,354,Percentage MOE exceeds 50% of estimate,NA,NA,NA,1337,Caregiver count MOE exceeds 50% of estimate
13133,"Greene County, Georgia",576,171,9,3,15,90,54,405,210,119,12,6,15,105,49,179,171,0,Pass,576,0,Pass,29.6875,0.695906432748538,FALSE,TRUE,TRUE,42.3081070160822,52,290,17.597570979044427,5.263157894736842,5.985883704980936,1.7543859649122806,3.2895154321838307,8.771929824561402,6.2994075851067,52.63157894736842,49.28365936342575,31.57894736842105,18.389211455043952,12.089929020955573,47.28507097904443,36.037266532252104,Percentage MOE exceeds 50% of estimate,0,11.249041599717778,69.14401897597739,Percentage MOE exceeds 50% of estimate,0,5.0439013970961115,113.99335269849533,Percentage MOE exceeds 50% of estimate,2.472522239454702,15.071337409668104,43.65935381333182,Percentage MOE exceeds 50% of estimate,3.3479195839426694,100,56.928441082053546,Percentage MOE exceeds 50% of estimate,13.189735913377099,49.968158823465004,35.40284800228645,Percentage MOE exceeds 50% of estimate,2024,2020-2024,ACS five-year,13,NA,FALSE,1811,42.350508905852415,5,3144,Retained,NA,NA,NA,1531,Percentage MOE exceeds 50% of estimate,NA,NA,NA,132,Percentage MOE exceeds 50% of estimate,NA,NA,NA,119,Percentage MOE exceeds 50% of estimate,NA,NA,NA,420,Percentage MOE exceeds 50% of estimate,NA,NA,NA,354,Percentage MOE exceeds 50% of estimate,NA,NA,NA,1337,Percentage MOE exceeds 50% of estimate
13141,"Hancock County, Georgia",225,140,13,0,0,106,21,85,146,108,23,20,20,106,33,102,140,0,Pass,225,0,Pass,62.22222222222222,0.7714285714285715,FALSE,TRUE,TRUE,46.89952703319364,32,248,25.958321441596215,9.285714285714286,14.784640318173992,0,14.285714285714285,0,14.285714285714285,75.71428571428571,48.178205915100605,15,20.53568322979018,36.263900780626,88.18054366381844,25.36318746221816,Caregiver count MOE exceeds 50% of estimate,0,24.070354603888276,96.79840249468386,Percentage MOE exceeds 50% of estimate,0,14.285714285714285,NA,Unavailable MOE or zero percentage,0,14.285714285714285,NA,Unavailable MOE or zero percentage,27.536079799185103,100,38.6852615183702,Percentage MOE exceeds 50% of estimate,0,35.53568322979018,83.23205945017926,Percentage MOE exceeds 50% of estimate,2024,2020-2024,ACS five-year,13,NA,FALSE,1969,37.27735368956743,4,3144,Retained,NA,NA,NA,1531,Caregiver count MOE exceeds 50% of estimate,NA,NA,NA,132,Percentage MOE exceeds 50% of estimate,NA,NA,NA,119,Unavailable MOE or zero percentage,NA,NA,NA,420,Unavailable MOE or zero percentage,NA,NA,NA,354,Percentage MOE exceeds 50% of estimate,NA,NA,NA,1337,Percentage MOE exceeds 50% of estimate
13143,"Haralson County, Georgia",726,288,0,0,108,40,140,438,224,160,30,30,95,53,84,161,288,0,Pass,726,0,Pass,39.66942148760331,0.5555555555555556,FALSE,TRUE,TRUE,33.77537955065385,128,448,18.327318995649957,0,10.416666666666668,0,10.416666666666668,37.5,25.574513650444853,13.88888888888889,16.707028816092908,48.61111111111111,11.016400183688118,21.34210249195335,57.99674048325326,28.087676543288342,Caregiver count MOE exceeds 50% of estimate,0,10.416666666666668,NA,Unavailable MOE or zero percentage,0,10.416666666666668,NA,Unavailable MOE or zero percentage,11.925486349555147,63.07451365044486,41.461867457623335,Percentage MOE exceeds 50% of estimate,0,30.595917704981797,73.13149662977148,Percentage MOE exceeds 50% of estimate,37.59471092742299,59.62751129479923,13.777705552622942,Caregiver count MOE exceeds 50% of estimate,2024,2020-2024,ACS five-year,13,NA,FALSE,1359,56.74300254452926,6,3144,Retained,NA,NA,NA,1531,Caregiver count MOE exceeds 50% of estimate,NA,NA,NA,132,Unavailable MOE or zero percentage,NA,NA,NA,119,Unavailable MOE or zero percentage,NA,NA,NA,420,Percentage MOE exceeds 50% of estimate,NA,NA,NA,354,Percentage MOE exceeds 50% of estimate,NA,NA,NA,1337,Caregiver count MOE exceeds 50% of estimate
13147,"Hart County, Georgia",627,165,35,0,28,24,78,462,209,112,53,27,33,31,79,173,165,0,Pass,627,0,Pass,26.31578947368421,0.6787878787878788,FALSE,TRUE,TRUE,41.2673728327989,53,277,15.56066390849109,21.21212121212121,28.713317119880656,0,16.363636363636363,16.969696969696972,16.349822005459057,14.545454545454545,15.984453891343748,47.27272727272727,35.53489389724435,10.755125565193119,41.8764533821753,35.9488053425502,Percentage MOE exceeds 50% of estimate,0,49.92543833200187,82.29472731800861,Percentage MOE exceeds 50% of estimate,0,16.363636363636363,NA,Unavailable MOE or zero percentage,0.6198749642379155,33.31951897515603,58.57491743376557,Percentage MOE exceeds 50% of estimate,0,30.529908436798294,66.81027338989506,Percentage MOE exceeds 50% of estimate,11.737833375482921,82.80762116997163,45.700095514804815,Percentage MOE exceeds 50% of estimate,2024,2020-2024,ACS five-year,13,NA,FALSE,1838,41.475826972010175,5,3144,Retained,NA,NA,NA,1531,Percentage MOE exceeds 50% of estimate,NA,NA,NA,132,Percentage MOE exceeds 50% of estimate,NA,NA,NA,119,Unavailable MOE or zero percentage,NA,NA,NA,420,Percentage MOE exceeds 50% of estimate,NA,NA,NA,354,Percentage MOE exceeds 50% of estimate,NA,NA,NA,1337,Percentage MOE exceeds 50% of estimate
13155,"Irwin County, Georgia",172,93,22,0,0,0,71,79,114,89,31,20,20,20,82,68,93,0,Pass,172,0,Pass,54.06976744186046,0.956989247311828,FALSE,TRUE,TRUE,58.18081509693277,4,182,37.325254197465355,23.655913978494624,24.466537396280664,0,21.50537634408602,0,21.50537634408602,0,21.50537634408602,76.34408602150538,49.36068250185258,16.744513244395108,91.39502163932582,41.96826501351733,Percentage MOE exceeds 50% of estimate,0,48.12245137477529,62.87898483574122,Percentage MOE exceeds 50% of estimate,0,21.50537634408602,NA,Unavailable MOE or zero percentage,0,21.50537634408602,NA,Unavailable MOE or zero percentage,0,21.50537634408602,NA,Unavailable MOE or zero percentage,26.983403519652796,100,39.307778399987285,Percentage MOE exceeds 50% of estimate,2024,2020-2024,ACS five-year,13,NA,FALSE,2252,28.307888040712466,3,3144,Retained,NA,NA,NA,1531,Percentage MOE exceeds 50% of estimate,NA,NA,NA,132,Percentage MOE exceeds 50% of estimate,NA,NA,NA,119,Unavailable MOE or zero percentage,NA,NA,NA,420,Unavailable MOE or zero percentage,NA,NA,NA,354,Unavailable MOE or zero percentage,NA,NA,NA,1337,Percentage MOE exceeds 50% of estimate
13159,"Jasper County, Georgia",372,113,0,0,55,0,58,259,145,76,23,23,40,23,62,119,113,0,Pass,372,0,Pass,30.376344086021508,0.672566371681416,FALSE,TRUE,TRUE,40.88913205778272,37,189,16.64926338652915,0,20.353982300884958,0,20.353982300884958,48.67256637168141,13.469212287567514,0,20.353982300884958,51.32743362831859,42.646325809134815,13.727080699492358,47.02560747255066,33.322092327749225,Percentage MOE exceeds 50% of estimate,0,20.353982300884958,NA,Unavailable MOE or zero percentage,0,20.353982300884958,NA,Unavailable MOE or zero percentage,35.2033540841139,62.14177865924893,16.824055604885785,Caregiver count MOE exceeds 50% of estimate,0,20.353982300884958,NA,Unavailable MOE or zero percentage,8.681107819183772,93.9737594374534,50.51319206673545,Percentage MOE exceeds 50% of estimate,2024,2020-2024,ACS five-year,13,NA,FALSE,2126,32.31552162849873,4,3144,Retained,NA,NA,NA,1531,Percentage MOE exceeds 50% of estimate,NA,NA,NA,132,Unavailable MOE or zero percentage,NA,NA,NA,119,Unavailable MOE or zero percentage,NA,NA,NA,420,Caregiver count MOE exceeds 50% of estimate,NA,NA,NA,354,Unavailable MOE or zero percentage,NA,NA,NA,1337,Percentage MOE exceeds 50% of estimate
13161,"Jeff Davis County, Georgia",517,144,0,0,0,0,144,373,234,120,23,23,23,23,120,198,144,0,Pass,517,0,Pass,27.852998065764023,0.8333333333333334,FALSE,TRUE,TRUE,50.663069325980786,24,264,19.4888908137812,0,15.972222222222221,0,15.972222222222221,0,15.972222222222221,0,15.972222222222221,100,117.85113019775793,8.364107251982823,47.34188887954522,42.53906272008997,Percentage MOE exceeds 50% of estimate,0,15.972222222222221,NA,Unavailable MOE or zero percentage,0,15.972222222222221,NA,Unavailable MOE or zero percentage,0,15.972222222222221,NA,Unavailable MOE or zero percentage,0,15.972222222222221,NA,Unavailable MOE or zero percentage,0,100,71.64839975225037,Percentage MOE exceeds 50% of estimate,2024,2020-2024,ACS five-year,13,NA,FALSE,1948,37.913486005089055,4,3144,Retained,NA,NA,NA,1531,Percentage MOE exceeds 50% of estimate,NA,NA,NA,132,Unavailable MOE or zero percentage,NA,NA,NA,119,Unavailable MOE or zero percentage,NA,NA,NA,420,Unavailable MOE or zero percentage,NA,NA,NA,354,Unavailable MOE or zero percentage,NA,NA,NA,1337,Percentage MOE exceeds 50% of estimate
13163,"Jefferson County, Georgia",521,306,18,0,23,0,265,215,208,169,24,23,32,23,158,102,306,0,Pass,521,0,Pass,58.73320537428023,0.5522875816993464,FALSE,TRUE,TRUE,33.57670084741471,137,475,22.41387068300998,5.88235294117647,7.138656898474233,0,7.516339869281046,7.516339869281046,9.59829895843507,0,7.516339869281046,86.60130718954248,19.45435580631534,36.31933469127026,81.1470760572902,23.200957149343775,Caregiver count MOE exceeds 50% of estimate,0,13.021009839650702,73.77991894572537,Percentage MOE exceeds 50% of estimate,0,7.516339869281046,NA,Unavailable MOE or zero percentage,0,17.114638827716114,77.63554506577128,Percentage MOE exceeds 50% of estimate,0,7.516339869281046,NA,Unavailable MOE or zero percentage,67.14695138322713,100,13.657309464169412,Caregiver count MOE exceeds 50% of estimate,2024,2020-2024,ACS five-year,13,NA,FALSE,1299,58.69910941475827,6,3144,Retained,NA,NA,NA,1531,Caregiver count MOE exceeds 50% of estimate,NA,NA,NA,132,Percentage MOE exceeds 50% of estimate,NA,NA,NA,119,Unavailable MOE or zero percentage,NA,NA,NA,420,Percentage MOE exceeds 50% of estimate,NA,NA,NA,354,Unavailable MOE or zero percentage,NA,NA,NA,1337,Caregiver count MOE exceeds 50% of estimate
13165,"Jenkins County, Georgia",229,102,0,0,24,14,64,127,98,81,20,20,38,21,64,68,102,0,Pass,229,0,Pass,44.54148471615721,0.7941176470588235,FALSE,TRUE,TRUE,48.278924887111096,21,183,29.795679562284406,0,19.607843137254903,0,19.607843137254903,23.52941176470588,32.23032685708349,13.725490196078432,17.466338358649082,62.745098039215684,38.13421604571501,14.745805153872801,74.3371642784416,40.66879913586208,Percentage MOE exceeds 50% of estimate,0,19.607843137254903,NA,Unavailable MOE or zero percentage,0,19.607843137254903,NA,Unavailable MOE or zero percentage,0,55.75973862178937,83.27725148193151,Percentage MOE exceeds 50% of estimate,0,31.191828554727515,77.36539520211268,Percentage MOE exceeds 50% of estimate,24.610881993500676,100,36.949431747005775,Percentage MOE exceeds 50% of estimate,2024,2020-2024,ACS five-year,13,NA,FALSE,2200,29.945928753180663,3,3144,Retained,NA,NA,NA,1531,Percentage MOE exceeds 50% of estimate,NA,NA,NA,132,Unavailable MOE or zero percentage,NA,NA,NA,119,Unavailable MOE or zero percentage,NA,NA,NA,420,Percentage MOE exceeds 50% of estimate,NA,NA,NA,354,Percentage MOE exceeds 50% of estimate,NA,NA,NA,1337,Percentage MOE exceeds 50% of estimate
13167,"Johnson County, Georgia",142,65,7,0,15,17,26,77,85,42,8,20,20,25,28,63,65,0,Pass,142,0,Pass,45.774647887323944,0.6461538461538462,FALSE,TRUE,TRUE,39.28336452352971,23,107,11.137730013500645,10.76923076923077,10.151721822992865,0,30.76923076923077,23.076923076923077,26.914687554349282,26.153846153846157,34.54996295914475,40,34.46153846153846,34.6369178738233,56.91237790082459,14.792596701921543,Caregiver count MOE exceeds 50% of estimate,0.6175089462379049,20.920952592223635,57.30965163816577,Percentage MOE exceeds 50% of estimate,0,30.76923076923077,NA,Unavailable MOE or zero percentage,0,49.99161063127236,70.90619543556171,Percentage MOE exceeds 50% of estimate,0,60.70380911299091,80.31279950089355,Percentage MOE exceeds 50% of estimate,5.53846153846154,74.46153846153845,52.37781936470628,Percentage MOE exceeds 50% of estimate,2024,2020-2024,ACS five-year,13,NA,FALSE,2430,22.58269720101781,3,3144,Retained,NA,NA,NA,1531,Caregiver count MOE exceeds 50% of estimate,NA,NA,NA,132,Percentage MOE exceeds 50% of estimate,NA,NA,NA,119,Unavailable MOE or zero percentage,NA,NA,NA,420,Percentage MOE exceeds 50% of estimate,NA,NA,NA,354,Percentage MOE exceeds 50% of estimate,NA,NA,NA,1337,Percentage MOE exceeds 50% of estimate
13169,"Jones County, Georgia",994,281,0,0,87,0,194,713,281,154,27,27,86,27,128,250,281,0,Pass,994,0,Pass,28.269617706237426,0.5480427046263345,FALSE,TRUE,TRUE,33.31863064569839,127,435,13.272688703359131,0,9.608540925266903,0,9.608540925266903,30.96085409252669,25.470695244562116,0,9.608540925266903,69.03914590747331,25.364447727093957,14.996929002878295,41.542306409596556,28.54379517578319,Caregiver count MOE exceeds 50% of estimate,0,9.608540925266903,NA,Unavailable MOE or zero percentage,0,9.608540925266903,NA,Unavailable MOE or zero percentage,5.490158847964576,56.43154933708881,50.01503880092227,Percentage MOE exceeds 50% of estimate,0,9.608540925266903,NA,Unavailable MOE or zero percentage,43.67469818037935,94.40359363456727,22.335863343417305,Caregiver count MOE exceeds 50% of estimate,2024,2020-2024,ACS five-year,13,NA,FALSE,1378,56.07506361323155,6,3144,Retained,NA,NA,NA,1531,Caregiver count MOE exceeds 50% of estimate,NA,NA,NA,132,Unavailable MOE or zero percentage,NA,NA,NA,119,Unavailable MOE or zero percentage,NA,NA,NA,420,Percentage MOE exceeds 50% of estimate,NA,NA,NA,354,Unavailable MOE or zero percentage,NA,NA,NA,1337,Caregiver count MOE exceeds 50% of estimate
13171,"Lamar County, Georgia",264,135,0,0,81,27,27,129,117,95,23,23,71,44,48,82,135,0,Pass,264,0,Pass,51.13636363636363,0.7037037037037037,FALSE,TRUE,TRUE,42.78214743082821,40,230,27.95194178434465,0,17.037037037037038,0,17.037037037037038,60,31.357052575580337,20,29.397236789606563,20,32.651461985976574,23.184421852018982,79.08830542070828,33.23187799162955,Percentage MOE exceeds 50% of estimate,0,17.037037037037038,NA,Unavailable MOE or zero percentage,0,17.037037037037038,NA,Unavailable MOE or zero percentage,28.642947424419663,91.35705257558034,31.772890569901023,Percentage MOE exceeds 50% of estimate,0,49.397236789606566,89.3612547278466,Percentage MOE exceeds 50% of estimate,0,52.651461985976574,99.25339693140944,Percentage MOE exceeds 50% of estimate,2024,2020-2024,ACS five-year,13,NA,FALSE,1999,36.32315521628499,4,3144,Retained,NA,NA,NA,1531,Percentage MOE exceeds 50% of estimate,NA,NA,NA,132,Unavailable MOE or zero percentage,NA,NA,NA,119,Unavailable MOE or zero percentage,NA,NA,NA,420,Percentage MOE exceeds 50% of estimate,NA,NA,NA,354,Percentage MOE exceeds 50% of estimate,NA,NA,NA,1337,Percentage MOE exceeds 50% of estimate
13173,"Lanier County, Georgia",332,223,9,61,121,6,26,109,181,158,22,59,131,14,34,95,223,0,Pass,332,0,Pass,67.16867469879519,0.7085201793721974,FALSE,TRUE,TRUE,43.07496835966797,65,381,30.395500684105908,4.0358744394618835,9.44196926307027,27.3542600896861,18.010248519265232,54.26008968609865,44.41772654612925,2.690582959641256,5.981598357591536,11.659192825112108,12.814817821786356,36.773174014689275,97.5641753829011,27.51156306588927,Caregiver count MOE exceeds 50% of estimate,0,13.477843702532153,142.2321186223494,Percentage MOE exceeds 50% of estimate,9.344011570420868,45.36450860895133,40.028330489716325,Percentage MOE exceeds 50% of estimate,9.8423631399694,98.67781623222791,49.767813632321435,Percentage MOE exceeds 50% of estimate,0,8.672181317232791,135.1585749927914,Percentage MOE exceeds 50% of estimate,0,24.474010646898464,66.82157299671216,Percentage MOE exceeds 50% of estimate,2024,2020-2024,ACS five-year,13,NA,FALSE,1576,49.840966921119595,5,3144,Retained,NA,NA,NA,1531,Caregiver count MOE exceeds 50% of estimate,NA,NA,NA,132,Percentage MOE exceeds 50% of estimate,NA,NA,NA,119,Percentage MOE exceeds 50% of estimate,NA,NA,NA,420,Percentage MOE exceeds 50% of estimate,NA,NA,NA,354,Percentage MOE exceeds 50% of estimate,NA,NA,NA,1337,Percentage MOE exceeds 50% of estimate
13181,"Lincoln County, Georgia",197,109,0,0,24,30,55,88,91,86,20,20,38,44,54,48,109,0,Pass,197,0,Pass,55.32994923857868,0.7889908256880734,FALSE,TRUE,TRUE,47.96723627927722,23,195,35.390766625326336,0,18.34862385321101,0,18.34862385321101,22.018348623853214,30.225650852895008,27.522935779816514,34.02846322522694,50.45871559633027,29.485356024664778,19.939182613252342,90.72071586390501,38.88682106626651,Percentage MOE exceeds 50% of estimate,0,18.34862385321101,NA,Unavailable MOE or zero percentage,0,18.34862385321101,NA,Unavailable MOE or zero percentage,0,52.24399947674822,83.45717132977948,Percentage MOE exceeds 50% of estimate,0,61.55139900504346,75.16580666662095,Percentage MOE exceeds 50% of estimate,20.973359571665494,79.94407162099505,35.525723206972586,Percentage MOE exceeds 50% of estimate,2024,2020-2024,ACS five-year,13,NA,FALSE,2152,31.345419847328245,4,3144,Retained,NA,NA,NA,1531,Percentage MOE exceeds 50% of estimate,NA,NA,NA,132,Unavailable MOE or zero percentage,NA,NA,NA,119,Unavailable MOE or zero percentage,NA,NA,NA,420,Percentage MOE exceeds 50% of estimate,NA,NA,NA,354,Percentage MOE exceeds 50% of estimate,NA,NA,NA,1337,Percentage MOE exceeds 50% of estimate
13183,"Long County, Georgia",492,330,0,0,6,66,258,162,254,230,23,23,12,68,241,106,330,0,Pass,492,0,Pass,67.07317073170732,0.696969696969697,FALSE,TRUE,TRUE,42.3727488908203,100,560,31.405876299893965,0,6.969696969696971,0,6.969696969696971,1.8181818181818181,3.4084160502967595,20,15.17573821278656,78.18181818181819,48.62330749670877,35.66729443181336,98.47904703160128,28.46654906932926,Caregiver count MOE exceeds 50% of estimate,0,6.969696969696971,NA,Unavailable MOE or zero percentage,0,6.969696969696971,NA,Unavailable MOE or zero percentage,0,5.226597868478578,113.96934030766042,Percentage MOE exceeds 50% of estimate,4.824261787213439,35.17573821278656,46.13096862884048,Percentage MOE exceeds 50% of estimate,29.558510685109418,100,37.81041765238132,Percentage MOE exceeds 50% of estimate,2024,2020-2024,ACS five-year,13,NA,FALSE,1227,60.94147582697201,7,3144,Retained,NA,NA,NA,1531,Caregiver count MOE exceeds 50% of estimate,NA,NA,NA,132,Unavailable MOE or zero percentage,NA,NA,NA,119,Unavailable MOE or zero percentage,NA,NA,NA,420,Percentage MOE exceeds 50% of estimate,NA,NA,NA,354,Percentage MOE exceeds 50% of estimate,NA,NA,NA,1337,Percentage MOE exceeds 50% of estimate
13189,"McDuffie County, Georgia",401,232,19,0,0,0,213,169,196,177,30,27,27,27,179,106,232,0,Pass,401,0,Pass,57.85536159600998,0.7629310344827587,FALSE,TRUE,TRUE,46.382913469130685,55,409,33.89157879849376,8.189655172413794,11.321323826440926,0,11.637931034482758,0,11.637931034482758,0,11.637931034482758,91.8103448275862,32.35156903311754,23.963782797516217,91.74694039450374,35.61401451208174,Percentage MOE exceeds 50% of estimate,0,19.510978998854718,84.04354056022629,Percentage MOE exceeds 50% of estimate,0,11.637931034482758,NA,Unavailable MOE or zero percentage,0,11.637931034482758,NA,Unavailable MOE or zero percentage,0,11.637931034482758,NA,Unavailable MOE or zero percentage,59.458775794468664,100,21.42281183420553,Caregiver count MOE exceeds 50% of estimate,2024,2020-2024,ACS five-year,13,NA,FALSE,1539,50.98600508905852,6,3144,Retained,NA,NA,NA,1531,Percentage MOE exceeds 50% of estimate,NA,NA,NA,132,Percentage MOE exceeds 50% of estimate,NA,NA,NA,119,Unavailable MOE or zero percentage,NA,NA,NA,420,Unavailable MOE or zero percentage,NA,NA,NA,354,Unavailable MOE or zero percentage,NA,NA,NA,1337,Caregiver count MOE exceeds 50% of estimate
13193,"Macon County, Georgia",478,242,36,0,52,49,105,236,149,122,52,23,67,51,73,103,242,0,Pass,478,0,Pass,50.627615062761514,0.5041322314049587,FALSE,TRUE,TRUE,30.649063426956968,120,364,20.059193011909308,14.87603305785124,20.136404333091605,0,9.50413223140496,21.487603305785125,25.478751352223806,20.24793388429752,18.437290061081864,43.388429752066116,20.772443650179923,30.568422050852206,70.68680807467082,24.087888436200604,Caregiver count MOE exceeds 50% of estimate,0,35.01243739094284,82.29387859540758,Percentage MOE exceeds 50% of estimate,0,9.50413223140496,NA,Unavailable MOE or zero percentage,0,46.96635465800893,72.08798828204034,Percentage MOE exceeds 50% of estimate,1.8106438232156563,38.685223945379384,55.359112285853705,Percentage MOE exceeds 50% of estimate,22.615986101886193,64.16087340224604,29.10625967520239,Caregiver count MOE exceeds 50% of estimate,2024,2020-2024,ACS five-year,13,NA,FALSE,1503,52.099236641221374,6,3144,Retained,NA,NA,NA,1531,Caregiver count MOE exceeds 50% of estimate,NA,NA,NA,132,Percentage MOE exceeds 50% of estimate,NA,NA,NA,119,Unavailable MOE or zero percentage,NA,NA,NA,420,Percentage MOE exceeds 50% of estimate,NA,NA,NA,354,Percentage MOE exceeds 50% of estimate,NA,NA,NA,1337,Caregiver count MOE exceeds 50% of estimate
13197,"Marion County, Georgia",157,85,5,13,0,0,67,72,99,85,9,19,20,20,81,53,85,0,Pass,157,0,Pass,54.14012738853503,1,FALSE,TRUE,TRUE,60.79568319117694,0,170,42.01976317081794,5.88235294117647,8.803899733585745,15.294117647058824,16.301654659471783,0,23.52941176470588,0,23.52941176470588,78.82352941176471,53.55203141995785,12.12036421771709,96.15989055935296,47.1853379872599,Percentage MOE exceeds 50% of estimate,0,14.686252674762216,90.99064683849421,Percentage MOE exceeds 50% of estimate,0,31.595772306530606,64.80074594952592,Percentage MOE exceeds 50% of estimate,0,23.52941176470588,NA,Unavailable MOE or zero percentage,0,23.52941176470588,NA,Unavailable MOE or zero percentage,25.27149799180686,100,41.304066954984386,Percentage MOE exceeds 50% of estimate,2024,2020-2024,ACS five-year,13,NA,FALSE,2302,26.765267175572518,3,3144,Retained,NA,NA,NA,1531,Percentage MOE exceeds 50% of estimate,NA,NA,NA,132,Percentage MOE exceeds 50% of estimate,NA,NA,NA,119,Percentage MOE exceeds 50% of estimate,NA,NA,NA,420,Unavailable MOE or zero percentage,NA,NA,NA,354,Unavailable MOE or zero percentage,NA,NA,NA,1337,Percentage MOE exceeds 50% of estimate
13201,"Miller County, Georgia",128,32,9,10,0,0,13,96,68,29,13,17,20,20,16,55,32,0,Pass,128,0,Pass,25,0.90625,FALSE,TRUE,TRUE,55.0960878920041,3,61,18.355218944485514,28.125,31.634445528899324,31.25,44.9469189700734,0,62.5,0,62.5,40.625,33.83123158909473,6.6447810555144855,43.355218944485514,44.63672303414522,Percentage MOE exceeds 50% of estimate,0,59.75944552889932,68.38178589523581,Percentage MOE exceeds 50% of estimate,0,76.1969189700734,87.44251667597067,Percentage MOE exceeds 50% of estimate,0,62.5,NA,Unavailable MOE or zero percentage,0,62.5,NA,Unavailable MOE or zero percentage,6.7937684109052725,74.45623158909473,50.62874677311854,Percentage MOE exceeds 50% of estimate,2024,2020-2024,ACS five-year,13,NA,FALSE,2688,14.360687022900763,2,3144,Retained,NA,NA,NA,1531,Percentage MOE exceeds 50% of estimate,NA,NA,NA,132,Percentage MOE exceeds 50% of estimate,NA,NA,NA,119,Percentage MOE exceeds 50% of estimate,NA,NA,NA,420,Unavailable MOE or zero percentage,NA,NA,NA,354,Unavailable MOE or zero percentage,NA,NA,NA,1337,Percentage MOE exceeds 50% of estimate
13205,"Mitchell County, Georgia",495,229,0,0,132,2,95,266,183,135,27,27,123,3,66,109,229,0,Pass,495,0,Pass,46.26262626262626,0.5895196506550219,FALSE,TRUE,TRUE,35.840249916196015,94,364,21.243441794147564,0,11.790393013100436,0,11.790393013100436,57.64192139737992,41.59621356694137,0.8733624454148471,1.2046282167339177,41.48471615720524,15.249561666359387,25.0191844684787,67.50606805677383,27.916909642688445,Caregiver count MOE exceeds 50% of estimate,0,11.790393013100436,NA,Unavailable MOE or zero percentage,0,11.790393013100436,NA,Unavailable MOE or zero percentage,16.045707830438545,99.23813496432129,43.87206672960163,Percentage MOE exceeds 50% of estimate,0,2.077990662148765,83.85544376472531,Percentage MOE exceeds 50% of estimate,26.235154490845854,56.734277823564625,22.34817074218495,Caregiver count MOE exceeds 50% of estimate,2024,2020-2024,ACS five-year,13,NA,FALSE,1552,50.62022900763359,6,3144,Retained,NA,NA,NA,1531,Caregiver count MOE exceeds 50% of estimate,NA,NA,NA,132,Unavailable MOE or zero percentage,NA,NA,NA,119,Unavailable MOE or zero percentage,NA,NA,NA,420,Percentage MOE exceeds 50% of estimate,NA,NA,NA,354,Percentage MOE exceeds 50% of estimate,NA,NA,NA,1337,Caregiver count MOE exceeds 50% of estimate
13211,"Morgan County, Georgia",584,195,72,0,39,32,52,389,218,106,77,27,28,41,55,166,195,0,Pass,584,0,Pass,33.39041095890411,0.5435897435897435,FALSE,TRUE,TRUE,33.047909837255155,89,301,13.19433079740821,36.92307692307693,34.00576517777635,0,13.846153846153847,20,9.379990453475836,16.41025641025641,19.03951691965561,26.666666666666668,24.1951063322485,20.196080161495903,46.584741756312326,24.023614326463072,Caregiver count MOE exceeds 50% of estimate,2.91731174530058,70.92884210085327,55.992184257252944,Percentage MOE exceeds 50% of estimate,0,13.846153846153847,NA,Unavailable MOE or zero percentage,10.620009546524164,29.379990453475834,28.51314639728905,Caregiver count MOE exceeds 50% of estimate,0,35.44977332991202,70.53640173696405,Percentage MOE exceeds 50% of estimate,2.471560334418168,50.86177299891517,55.160925725708196,Percentage MOE exceeds 50% of estimate,2024,2020-2024,ACS five-year,13,NA,FALSE,1699,45.849236641221374,5,3144,Retained,NA,NA,NA,1531,Caregiver count MOE exceeds 50% of estimate,NA,NA,NA,132,Percentage MOE exceeds 50% of estimate,NA,NA,NA,119,Unavailable MOE or zero percentage,NA,NA,NA,420,Caregiver count MOE exceeds 50% of estimate,NA,NA,NA,354,Percentage MOE exceeds 50% of estimate,NA,NA,NA,1337,Percentage MOE exceeds 50% of estimate
13219,"Oconee County, Georgia",514,127,4,0,40,20,63,387,166,90,10,30,54,33,62,140,127,0,Pass,514,0,Pass,24.708171206225682,0.7086614173228346,FALSE,TRUE,TRUE,43.083555017369484,37,217,15.58573837515342,3.149606299212598,7.5510449656251035,0,23.62204724409449,31.496062992125985,36.190319466836065,15.748031496062993,23.465618512598514,49.60629921259843,33.874416708481334,9.122432831072262,40.293909581379104,38.349483846770674,Percentage MOE exceeds 50% of estimate,0,10.700651264837703,145.75502265386095,Percentage MOE exceeds 50% of estimate,0,23.62204724409449,NA,Unavailable MOE or zero percentage,0,67.68638245896204,69.85683250136064,Percentage MOE exceeds 50% of estimate,0,39.2136500086615,90.58962762003671,Percentage MOE exceeds 50% of estimate,15.731882504117095,83.48071592107976,41.515257924576545,Percentage MOE exceeds 50% of estimate,2024,2020-2024,ACS five-year,13,NA,FALSE,2037,35.13040712468193,4,3144,Retained,NA,NA,NA,1531,Percentage MOE exceeds 50% of estimate,NA,NA,NA,132,Percentage MOE exceeds 50% of estimate,NA,NA,NA,119,Unavailable MOE or zero percentage,NA,NA,NA,420,Percentage MOE exceeds 50% of estimate,NA,NA,NA,354,Percentage MOE exceeds 50% of estimate,NA,NA,NA,1337,Percentage MOE exceeds 50% of estimate
13221,"Oglethorpe County, Georgia",386,68,6,0,55,0,7,318,157,58,11,23,57,23,9,135,68,0,Pass,386,0,Pass,17.616580310880828,0.8529411764705882,FALSE,TRUE,TRUE,51.85514154541563,10,126,13.207439155808364,8.823529411764707,14.319156883431528,0,33.82352941176471,80.88235294117648,47.61360327314137,0,33.82352941176471,10.294117647058822,9.903522070674727,4.409141155072463,30.824019466689194,45.57952068525625,Percentage MOE exceeds 50% of estimate,0,23.142686295196235,98.66153155098456,Percentage MOE exceeds 50% of estimate,0,33.82352941176471,NA,Unavailable MOE or zero percentage,33.268749668035106,100,35.78903722409665,Percentage MOE exceeds 50% of estimate,0,33.82352941176471,NA,Unavailable MOE or zero percentage,0.39059557638409537,20.19763971773355,58.48887791345531,Percentage MOE exceeds 50% of estimate,2024,2020-2024,ACS five-year,13,NA,FALSE,2399,23.536895674300254,3,3144,Retained,NA,NA,NA,1531,Percentage MOE exceeds 50% of estimate,NA,NA,NA,132,Percentage MOE exceeds 50% of estimate,NA,NA,NA,119,Unavailable MOE or zero percentage,NA,NA,NA,420,Percentage MOE exceeds 50% of estimate,NA,NA,NA,354,Unavailable MOE or zero percentage,NA,NA,NA,1337,Percentage MOE exceeds 50% of estimate
13225,"Peach County, Georgia",718,473,100,0,98,46,229,245,276,243,71,27,110,90,157,108,473,0,Pass,718,0,Pass,65.87743732590529,0.5137420718816068,FALSE,TRUE,TRUE,31.23330024409302,230,716,22.453162646681513,21.141649048625794,10.360898274370768,0,5.708245243128964,20.718816067653275,20.676929959274435,9.725158562367865,18.35981774103916,48.41437632135307,21.979384254319402,43.42427467922378,88.33059997258681,20.721136375637826,Caregiver count MOE exceeds 50% of estimate,10.780750774255026,31.502547322996563,29.794170152758277,Caregiver count MOE exceeds 50% of estimate,0,5.708245243128964,NA,Unavailable MOE or zero percentage,0.04188610837883999,41.39574602692771,60.672775850970034,Percentage MOE exceeds 50% of estimate,0,28.084976303407025,114.77423793902612,Percentage MOE exceeds 50% of estimate,26.434992067033665,70.39376057567247,27.600307664675917,Caregiver count MOE exceeds 50% of estimate,2024,2020-2024,ACS five-year,13,NA,FALSE,944,69.97455470737914,7,3144,Retained,NA,NA,NA,1531,Caregiver count MOE exceeds 50% of estimate,NA,NA,NA,132,Caregiver count MOE exceeds 50% of estimate,NA,NA,NA,119,Unavailable MOE or zero percentage,NA,NA,NA,420,Percentage MOE exceeds 50% of estimate,NA,NA,NA,354,Percentage MOE exceeds 50% of estimate,NA,NA,NA,1337,Caregiver count MOE exceeds 50% of estimate
13227,"Pickens County, Georgia",939,313,18,0,28,36,231,626,315,174,21,30,31,45,169,220,313,0,Pass,939,0,Pass,33.33333333333333,0.5559105431309904,FALSE,TRUE,TRUE,33.7969612628268,139,487,14.776141955076266,5.7507987220447285,5.89863374592392,0,9.584664536741213,8.945686900958465,8.565133281158317,11.501597444089457,12.876979483401788,73.80191693290735,35.100905631006206,18.557191378257063,48.1094752884096,26.949769352660237,Caregiver count MOE exceeds 50% of estimate,0,11.649432467968648,62.35854979644803,Percentage MOE exceeds 50% of estimate,0,9.584664536741213,NA,Unavailable MOE or zero percentage,0.380553619800148,17.51082018211678,58.20940697082917,Percentage MOE exceeds 50% of estimate,0,24.378576927491245,68.0657420795479,Percentage MOE exceeds 50% of estimate,38.70101130190114,100,28.9150150450162,Caregiver count MOE exceeds 50% of estimate,2024,2020-2024,ACS five-year,13,NA,FALSE,1270,59.55788804071247,6,3144,Retained,NA,NA,NA,1531,Caregiver count MOE exceeds 50% of estimate,NA,NA,NA,132,Percentage MOE exceeds 50% of estimate,NA,NA,NA,119,Unavailable MOE or zero percentage,NA,NA,NA,420,Percentage MOE exceeds 50% of estimate,NA,NA,NA,354,Percentage MOE exceeds 50% of estimate,NA,NA,NA,1337,Caregiver count MOE exceeds 50% of estimate
13229,"Pierce County, Georgia",335,136,33,1,10,63,29,199,151,88,39,2,16,69,36,99,136,0,Pass,335,0,Pass,40.59701492537313,0.6470588235294118,FALSE,TRUE,TRUE,39.33838324134978,48,224,18.84650219344153,24.264705882352942,23.99642129183425,0.7352941176470588,1.3914972268291879,7.352941176470589,10.759729640983329,46.32352941176471,40.934416926914224,21.323529411764707,22.590238751876353,21.7505127319316,59.44351711881466,28.223404571013827,Caregiver count MOE exceeds 50% of estimate,0.268284590518693,48.261127174187195,60.123491034827275,Percentage MOE exceeds 50% of estimate,0,2.1267913444762465,115.05195340664369,Percentage MOE exceeds 50% of estimate,0,18.112670817453917,88.96373556872761,Percentage MOE exceeds 50% of estimate,5.389112484850486,87.25794633867893,53.72293248605951,Percentage MOE exceeds 50% of estimate,0,43.91376816364106,64.40720819952026,Percentage MOE exceeds 50% of estimate,2024,2020-2024,ACS five-year,13,NA,FALSE,1992,36.5617048346056,4,3144,Retained,NA,NA,NA,1531,Caregiver count MOE exceeds 50% of estimate,NA,NA,NA,132,Percentage MOE exceeds 50% of estimate,NA,NA,NA,119,Percentage MOE exceeds 50% of estimate,NA,NA,NA,420,Percentage MOE exceeds 50% of estimate,NA,NA,NA,354,Percentage MOE exceeds 50% of estimate,NA,NA,NA,1337,Percentage MOE exceeds 50% of estimate
13231,"Pike County, Georgia",510,226,0,0,104,13,109,284,157,115,23,23,71,15,81,101,226,0,Pass,510,0,Pass,44.31372549019608,0.5088495575221239,FALSE,TRUE,TRUE,30.935856491085612,111,341,17.954468903074662,0,10.176991150442479,0,10.176991150442479,46.017699115044245,20.943913960604092,5.752212389380531,5.956895930889974,48.23008849557522,26.11998267401746,26.359256587121415,62.26819439327074,24.632417862015682,Caregiver count MOE exceeds 50% of estimate,0,10.176991150442479,NA,Unavailable MOE or zero percentage,0,10.176991150442479,NA,Unavailable MOE or zero percentage,25.073785154440152,66.96161307564833,27.669778855064123,Caregiver count MOE exceeds 50% of estimate,0,11.709108320270506,62.959003128220566,Percentage MOE exceeds 50% of estimate,22.110105821557756,74.35007116959268,32.92513534894887,Percentage MOE exceeds 50% of estimate,2024,2020-2024,ACS five-year,13,NA,FALSE,1563,50.270356234096695,6,3144,Retained,NA,NA,NA,1531,Caregiver count MOE exceeds 50% of estimate,NA,NA,NA,132,Unavailable MOE or zero percentage,NA,NA,NA,119,Unavailable MOE or zero percentage,NA,NA,NA,420,Caregiver count MOE exceeds 50% of estimate,NA,NA,NA,354,Percentage MOE exceeds 50% of estimate,NA,NA,NA,1337,Percentage MOE exceeds 50% of estimate
13235,"Pulaski County, Georgia",279,87,0,0,69,0,18,192,132,102,20,20,102,20,29,92,87,0,Pass,279,0,Pass,31.182795698924732,1.1724137931034482,TRUE,TRUE,TRUE,71.2776975344833,0,189,33.4501905468057,0,22.988505747126435,0,22.988505747126435,79.3103448275862,71.41019487637259,0,22.988505747126435,20.689655172413794,22.863004288120774,0,64.63298624573044,65.21632014021841,Percentage MOE exceeds 50% of estimate,0,22.988505747126435,NA,Unavailable MOE or zero percentage,0,22.988505747126435,NA,Unavailable MOE or zero percentage,7.900149951213621,100,54.73978954147847,Percentage MOE exceeds 50% of estimate,0,22.988505747126435,NA,Unavailable MOE or zero percentage,0,43.55265946053457,67.181978332457,Percentage MOE exceeds 50% of estimate,2024,2020-2024,ACS five-year,13,NA,FALSE,2289,27.083333333333332,3,3144,Retained,NA,NA,NA,1531,Percentage MOE exceeds 50% of estimate,NA,NA,NA,132,Unavailable MOE or zero percentage,NA,NA,NA,119,Unavailable MOE or zero percentage,NA,NA,NA,420,Percentage MOE exceeds 50% of estimate,NA,NA,NA,354,Unavailable MOE or zero percentage,NA,NA,NA,1337,Percentage MOE exceeds 50% of estimate
13237,"Putnam County, Georgia",438,228,0,7,110,11,100,210,153,116,27,10,98,18,80,123,228,0,Pass,438,0,Pass,52.054794520547944,0.5087719298245614,FALSE,TRUE,TRUE,30.931137062177744,112,344,19.255198629769964,0,11.842105263157894,3.070175438596491,4.098388048579911,48.24561403508772,35.28434107082784,4.824561403508771,7.5034526516495985,43.859649122807014,27.077823625323884,32.79959589077798,71.30999315031791,22.488475201195676,Caregiver count MOE exceeds 50% of estimate,0,11.842105263157894,NA,Unavailable MOE or zero percentage,0,7.168563487176401,81.15637245468741,Percentage MOE exceeds 50% of estimate,12.961272964259877,83.52995510591556,44.46281106073982,Percentage MOE exceeds 50% of estimate,0,12.32801405515837,94.55316081538938,Percentage MOE exceeds 50% of estimate,16.78182549748313,70.9374727481309,37.533697135204065,Percentage MOE exceeds 50% of estimate,2024,2020-2024,ACS five-year,13,NA,FALSE,1555,50.5089058524173,6,3144,Retained,NA,NA,NA,1531,Caregiver count MOE exceeds 50% of estimate,NA,NA,NA,132,Unavailable MOE or zero percentage,NA,NA,NA,119,Percentage MOE exceeds 50% of estimate,NA,NA,NA,420,Percentage MOE exceeds 50% of estimate,NA,NA,NA,354,Percentage MOE exceeds 50% of estimate,NA,NA,NA,1337,Percentage MOE exceeds 50% of estimate
13239,"Quitman County, Georgia",147,42,17,0,0,0,25,105,87,34,19,14,14,14,26,69,42,0,Pass,147,0,Pass,28.57142857142857,0.8095238095238095,FALSE,TRUE,TRUE,49.21555305952418,8,76,15.780589411222113,40.476190476190474,31.190474129794826,0,33.33333333333333,0,33.33333333333333,0,33.33333333333333,59.523809523809526,38.862766657531,12.790839160206456,44.35201798265068,33.57871000451454,Percentage MOE exceeds 50% of estimate,9.285716346395649,71.6666646059853,46.84843512862322,Percentage MOE exceeds 50% of estimate,0,33.33333333333333,NA,Unavailable MOE or zero percentage,0,33.33333333333333,NA,Unavailable MOE or zero percentage,0,33.33333333333333,NA,Unavailable MOE or zero percentage,20.661042866278528,98.38657618134053,39.69316595401733,Percentage MOE exceeds 50% of estimate,2024,2020-2024,ACS five-year,13,NA,FALSE,2605,17.032442748091604,2,3144,Retained,NA,NA,NA,1531,Percentage MOE exceeds 50% of estimate,NA,NA,NA,132,Percentage MOE exceeds 50% of estimate,NA,NA,NA,119,Unavailable MOE or zero percentage,NA,NA,NA,420,Unavailable MOE or zero percentage,NA,NA,NA,354,Unavailable MOE or zero percentage,NA,NA,NA,1337,Percentage MOE exceeds 50% of estimate
13241,"Rabun County, Georgia",430,112,16,0,24,9,63,318,147,57,19,23,25,10,50,121,112,0,Pass,430,0,Pass,26.046511627906977,0.5089285714285714,FALSE,TRUE,TRUE,30.94066019550969,55,169,9.819904958532053,14.285714285714285,15.327366209999798,0,20.535714285714285,21.428571428571427,19.475979950526735,8.035714285714286,7.9369088464924396,56.25,34.2558939996684,16.226606669374924,35.86641658643903,22.920836362084316,Caregiver count MOE exceeds 50% of estimate,0,29.613080495714083,65.22863901808087,Percentage MOE exceeds 50% of estimate,0,20.535714285714285,NA,Unavailable MOE or zero percentage,1.9525914780446918,40.904551379098166,55.255923655797076,Percentage MOE exceeds 50% of estimate,0.09880543922184692,15.972623132206726,60.04815235982626,Percentage MOE exceeds 50% of estimate,21.9941060003316,90.5058939996684,37.024186293944524,Percentage MOE exceeds 50% of estimate,2024,2020-2024,ACS five-year,13,NA,FALSE,2132,32.092875318066156,4,3144,Retained,NA,NA,NA,1531,Caregiver count MOE exceeds 50% of estimate,NA,NA,NA,132,Percentage MOE exceeds 50% of estimate,NA,NA,NA,119,Unavailable MOE or zero percentage,NA,NA,NA,420,Percentage MOE exceeds 50% of estimate,NA,NA,NA,354,Percentage MOE exceeds 50% of estimate,NA,NA,NA,1337,Percentage MOE exceeds 50% of estimate
13243,"Randolph County, Georgia",180,110,0,25,38,15,32,70,111,79,20,42,59,13,39,91,110,0,Pass,180,0,Pass,61.111111111111114,0.7181818181818181,FALSE,TRUE,TRUE,43.662354291845254,31,189,22.49580817529198,0,18.181818181818183,22.727272727272727,34.51714506931423,34.54545454545455,47.55341738457761,13.636363636363635,6.615055899355777,29.09090909090909,28.644818853594607,38.61530293581913,83.6069192864031,22.379694986528825,Caregiver count MOE exceeds 50% of estimate,0,18.181818181818183,NA,Unavailable MOE or zero percentage,0,57.24441779658696,92.33371031710863,Percentage MOE exceeds 50% of estimate,0,82.09887193003215,83.68807230967485,Percentage MOE exceeds 50% of estimate,7.021307737007858,20.251419535719414,29.492235134938394,Caregiver count MOE exceeds 50% of estimate,0.4460902373144826,57.735727944503694,59.863420790655276,Percentage MOE exceeds 50% of estimate,2024,2020-2024,ACS five-year,13,NA,FALSE,2146,31.6793893129771,4,3144,Retained,NA,NA,NA,1531,Caregiver count MOE exceeds 50% of estimate,NA,NA,NA,132,Unavailable MOE or zero percentage,NA,NA,NA,119,Percentage MOE exceeds 50% of estimate,NA,NA,NA,420,Percentage MOE exceeds 50% of estimate,NA,NA,NA,354,Caregiver count MOE exceeds 50% of estimate,NA,NA,NA,1337,Percentage MOE exceeds 50% of estimate
13249,"Schley County, Georgia",149,105,0,0,11,4,90,44,98,91,14,14,19,6,91,43,105,0,Pass,149,0,Pass,70.46979865771812,0.8666666666666667,FALSE,TRUE,TRUE,52.68959209902002,14,196,39.77132044946566,0,13.333333333333334,0,13.333333333333334,10.476190476190476,15.652564373896116,3.8095238095238098,4.663966392941449,85.71428571428571,44.64015864860178,30.698478208252453,100,34.31150144027936,Percentage MOE exceeds 50% of estimate,0,13.333333333333334,NA,Unavailable MOE or zero percentage,0,13.333333333333334,NA,Unavailable MOE or zero percentage,0,26.128754850086594,90.83534200410324,Percentage MOE exceeds 50% of estimate,0,8.473490202465259,74.4316186003857,Percentage MOE exceeds 50% of estimate,41.074127065683925,100,31.662504332716498,Percentage MOE exceeds 50% of estimate,2024,2020-2024,ACS five-year,13,NA,FALSE,2186,30.454834605597963,4,3144,Retained,NA,NA,NA,1531,Percentage MOE exceeds 50% of estimate,NA,NA,NA,132,Unavailable MOE or zero percentage,NA,NA,NA,119,Unavailable MOE or zero percentage,NA,NA,NA,420,Percentage MOE exceeds 50% of estimate,NA,NA,NA,354,Percentage MOE exceeds 50% of estimate,NA,NA,NA,1337,Percentage MOE exceeds 50% of estimate
13253,"Seminole County, Georgia",392,259,8,0,65,123,63,133,167,162,24,20,71,129,38,83,259,0,Pass,392,0,Pass,66.07142857142857,0.6254826254826255,FALSE,TRUE,TRUE,38.02664354042727,97,421,30.25863156536466,3.088803088803089,9.062766963390787,0,7.722007722007722,25.096525096525095,22.473760682402066,47.49034749034749,39.979765233972074,24.324324324324326,21.13625791106554,35.81279700606391,96.33006013679324,27.842506484595013,Caregiver count MOE exceeds 50% of estimate,0,12.151570052193875,178.37883908464835,Percentage MOE exceeds 50% of estimate,0,7.722007722007722,NA,Unavailable MOE or zero percentage,2.6227644141230293,47.57028577892716,54.44210420791783,Percentage MOE exceeds 50% of estimate,7.5105822563754145,87.47011272431956,51.18086663223974,Percentage MOE exceeds 50% of estimate,3.1880664132587846,45.460582235389865,52.82749985877941,Percentage MOE exceeds 50% of estimate,2024,2020-2024,ACS five-year,13,NA,FALSE,1457,53.657760814249365,6,3144,Retained,NA,NA,NA,1531,Caregiver count MOE exceeds 50% of estimate,NA,NA,NA,132,Percentage MOE exceeds 50% of estimate,NA,NA,NA,119,Unavailable MOE or zero percentage,NA,NA,NA,420,Percentage MOE exceeds 50% of estimate,NA,NA,NA,354,Percentage MOE exceeds 50% of estimate,NA,NA,NA,1337,Percentage MOE exceeds 50% of estimate
13259,"Stewart County, Georgia",88,13,0,3,10,0,0,75,49,14,14,6,13,14,14,47,13,0,Pass,88,0,Pass,14.772727272727273,1.0769230769230769,TRUE,TRUE,TRUE,65.47227420588285,0,27,13.617512708627435,0,107.6923076923077,23.076923076923077,38.89154254474552,76.92307692307693,56.01334828184078,0,107.6923076923077,0,107.6923076923077,1.155214564099838,28.39023998135471,56.041513066713435,Percentage MOE exceeds 50% of estimate,0,100,NA,Unavailable MOE or zero percentage,0,61.9684656216686,102.45897563921622,Percentage MOE exceeds 50% of estimate,20.909728641236157,100,44.269807096058,Percentage MOE exceeds 50% of estimate,0,100,NA,Unavailable MOE or zero percentage,0,100,NA,Unavailable MOE or zero percentage,2024,2020-2024,ACS five-year,13,NA,FALSE,2879,8.23791348600509,1,3144,Retained,NA,NA,NA,1531,Percentage MOE exceeds 50% of estimate,NA,NA,NA,132,Unavailable MOE or zero percentage,NA,NA,NA,119,Percentage MOE exceeds 50% of estimate,NA,NA,NA,420,Percentage MOE exceeds 50% of estimate,NA,NA,NA,354,Unavailable MOE or zero percentage,NA,NA,NA,1337,Unavailable MOE or zero percentage
13265,"Taliaferro County, Georgia",101,7,0,0,0,1,6,94,53,10,14,14,14,2,10,53,7,0,Pass,101,0,Pass,6.9306930693069315,1.4285714285714286,TRUE,TRUE,TRUE,86.85097598739563,0,17,9.208831379778658,0,200,0,200,0,200,14.285714285714285,19.99583463496472,85.71428571428571,73.58267909110182,0,16.13952444908559,80.77939529675028,Percentage MOE exceeds 50% of estimate,0,100,NA,Unavailable MOE or zero percentage,0,100,NA,Unavailable MOE or zero percentage,0,100,NA,Unavailable MOE or zero percentage,0,34.281548920679,85.09622993273348,Percentage MOE exceeds 50% of estimate,12.131606623183885,100,52.190941207774436,Percentage MOE exceeds 50% of estimate,2024,2020-2024,ACS five-year,13,NA,FALSE,2962,5.629770992366412,1,3144,Retained,NA,NA,NA,1531,Percentage MOE exceeds 50% of estimate,NA,NA,NA,132,Unavailable MOE or zero percentage,NA,NA,NA,119,Unavailable MOE or zero percentage,NA,NA,NA,420,Unavailable MOE or zero percentage,NA,NA,NA,354,Percentage MOE exceeds 50% of estimate,NA,NA,NA,1337,Percentage MOE exceeds 50% of estimate
13269,"Taylor County, Georgia",80,56,0,0,0,14,42,24,51,46,20,20,20,21,43,23,56,0,Pass,80,0,Pass,70,0.8214285714285714,FALSE,TRUE,TRUE,49.939311192752484,10,102,36.2609897134648,0,35.714285714285715,0,35.714285714285715,0,35.714285714285715,25,31.377291769295677,75,45.83236702753785,33.7390102865352,100,31.493023468833314,Percentage MOE exceeds 50% of estimate,0,35.714285714285715,NA,Unavailable MOE or zero percentage,0,35.714285714285715,NA,Unavailable MOE or zero percentage,0,35.714285714285715,NA,Unavailable MOE or zero percentage,0,56.37729176929568,76.30415559212895,Percentage MOE exceeds 50% of estimate,29.16763297246215,100,37.15213420943913,Percentage MOE exceeds 50% of estimate,2024,2020-2024,ACS five-year,13,NA,FALSE,2488,20.801526717557252,3,3144,Retained,NA,NA,NA,1531,Percentage MOE exceeds 50% of estimate,NA,NA,NA,132,Unavailable MOE or zero percentage,NA,NA,NA,119,Unavailable MOE or zero percentage,NA,NA,NA,420,Unavailable MOE or zero percentage,NA,NA,NA,354,Percentage MOE exceeds 50% of estimate,NA,NA,NA,1337,Percentage MOE exceeds 50% of estimate
13271,"Telfair County, Georgia",453,91,18,22,8,27,16,362,139,69,26,24,14,43,17,111,91,0,Pass,453,0,Pass,20.08830022075055,0.7582417582417582,FALSE,TRUE,TRUE,46.09782571638691,22,160,13.92885383941406,19.78021978021978,24.318323720896068,24.175824175824175,18.961493309809867,8.791208791208792,13.8655212493672,29.67032967032967,41.55351228706942,17.582417582417584,13.086513042419746,6.15944638133649,34.017154060164614,42.154596254116846,Percentage MOE exceeds 50% of estimate,0,44.09854350111585,74.74381584751295,Percentage MOE exceeds 50% of estimate,5.214330866014308,43.13731748563404,47.68304615846763,Percentage MOE exceeds 50% of estimate,0,22.656730040575994,95.88713647661558,Percentage MOE exceeds 50% of estimate,0,71.22384195739909,85.14479604895071,Percentage MOE exceeds 50% of estimate,4.495904539997838,30.66893062483733,45.249949119611365,Percentage MOE exceeds 50% of estimate,2024,2020-2024,ACS five-year,13,NA,FALSE,2265,27.87849872773537,3,3144,Retained,NA,NA,NA,1531,Percentage MOE exceeds 50% of estimate,NA,NA,NA,132,Percentage MOE exceeds 50% of estimate,NA,NA,NA,119,Percentage MOE exceeds 50% of estimate,NA,NA,NA,420,Percentage MOE exceeds 50% of estimate,NA,NA,NA,354,Percentage MOE exceeds 50% of estimate,NA,NA,NA,1337,Percentage MOE exceeds 50% of estimate
13273,"Terrell County, Georgia",215,53,8,0,0,2,43,162,111,45,10,20,20,4,43,98,53,0,Pass,215,0,Pass,24.651162790697676,0.8490566037735849,FALSE,TRUE,TRUE,51.61897629439551,8,98,16.616292481224022,15.09433962264151,13.847383651674422,0,37.735849056603776,0,37.735849056603776,3.7735849056603774,6.833318248504646,81.13207547169812,42.86222855108579,8.034870309473654,41.2674552719217,40.979764811809936,Percentage MOE exceeds 50% of estimate,1.2469559709670879,28.941723274315933,55.77330115529461,Percentage MOE exceeds 50% of estimate,0,37.735849056603776,NA,Unavailable MOE or zero percentage,0,37.735849056603776,NA,Unavailable MOE or zero percentage,0,10.606903154165025,110.09060661585279,Percentage MOE exceeds 50% of estimate,38.26984692061232,100,32.11847413873499,Percentage MOE exceeds 50% of estimate,2024,2020-2024,ACS five-year,13,NA,FALSE,2512,19.958651399491096,2,3144,Retained,NA,NA,NA,1531,Percentage MOE exceeds 50% of estimate,NA,NA,NA,132,Percentage MOE exceeds 50% of estimate,NA,NA,NA,119,Unavailable MOE or zero percentage,NA,NA,NA,420,Unavailable MOE or zero percentage,NA,NA,NA,354,Percentage MOE exceeds 50% of estimate,NA,NA,NA,1337,Percentage MOE exceeds 50% of estimate
13281,"Towns County, Georgia",499,264,21,19,56,66,102,235,156,134,34,21,82,84,70,118,264,0,Pass,499,0,Pass,52.90581162324649,0.5075757575757576,FALSE,TRUE,TRUE,30.858414953097384,130,398,21.155617935492675,7.954545454545454,12.22953363423518,7.196969696969697,7.066139732351587,21.21212121212121,29.13482727567412,25,29.17834771994035,38.63636363636363,17.845632098349473,31.750193687753818,74.06142955873916,24.31056638690064,Caregiver count MOE exceeds 50% of estimate,0,20.184079088780635,93.4689300163526,Percentage MOE exceeds 50% of estimate,0.13082996461811014,14.263109429321284,59.69051012310295,Percentage MOE exceeds 50% of estimate,0,50.34694848779533,83.50281007584425,Percentage MOE exceeds 50% of estimate,0,54.17834771994035,70.95670336093974,Percentage MOE exceeds 50% of estimate,20.79073153801416,56.48199573471311,28.08073258676019,Caregiver count MOE exceeds 50% of estimate,2024,2020-2024,ACS five-year,13,NA,FALSE,1449,53.912213740458014,6,3144,Retained,NA,NA,NA,1531,Caregiver count MOE exceeds 50% of estimate,NA,NA,NA,132,Percentage MOE exceeds 50% of estimate,NA,NA,NA,119,Percentage MOE exceeds 50% of estimate,NA,NA,NA,420,Percentage MOE exceeds 50% of estimate,NA,NA,NA,354,Percentage MOE exceeds 50% of estimate,NA,NA,NA,1337,Caregiver count MOE exceeds 50% of estimate
13283,"Treutlen County, Georgia",136,94,0,0,0,21,73,42,79,65,20,20,20,29,66,45,94,0,Pass,136,0,Pass,69.11764705882352,0.6914893617021277,FALSE,TRUE,TRUE,42.03956816411172,29,159,25.929089809628934,0,21.27659574468085,0,21.27659574468085,0,21.27659574468085,22.340425531914892,26.704724083944214,77.6595744680851,45.23339308540633,43.18855724919459,95.04673686845246,22.807152682153344,Caregiver count MOE exceeds 50% of estimate,0,21.27659574468085,NA,Unavailable MOE or zero percentage,0,21.27659574468085,NA,Unavailable MOE or zero percentage,0,21.27659574468085,NA,Unavailable MOE or zero percentage,0,49.0451496158591,72.6723823051595,Percentage MOE exceeds 50% of estimate,32.42618138267877,100,35.41089498001913,Percentage MOE exceeds 50% of estimate,2024,2020-2024,ACS five-year,13,NA,FALSE,2246,28.498727735368956,3,3144,Retained,NA,NA,NA,1531,Caregiver count MOE exceeds 50% of estimate,NA,NA,NA,132,Unavailable MOE or zero percentage,NA,NA,NA,119,Unavailable MOE or zero percentage,NA,NA,NA,420,Unavailable MOE or zero percentage,NA,NA,NA,354,Percentage MOE exceeds 50% of estimate,NA,NA,NA,1337,Percentage MOE exceeds 50% of estimate
13287,"Turner County, Georgia",266,74,8,0,8,41,17,192,122,52,14,20,14,36,29,109,74,0,Pass,266,0,Pass,27.819548872180448,0.7027027027027027,FALSE,TRUE,TRUE,42.72129089109731,22,126,14.810725713990186,10.81081081081081,17.326694315655665,0,27.027027027027028,10.81081081081081,17.326694315655665,55.4054054054054,29.169700088572114,22.972972972972975,35.709811050879466,13.008823158190262,42.630274586170636,32.36674298624567,Percentage MOE exceeds 50% of estimate,0,28.137505126466476,97.43841019875957,Percentage MOE exceeds 50% of estimate,0,27.027027027027028,NA,Unavailable MOE or zero percentage,0,28.137505126466476,97.43841019875957,Percentage MOE exceeds 50% of estimate,26.23570531683329,84.57510549397752,32.00756013588274,Percentage MOE exceeds 50% of estimate,0,58.68278402385244,94.50245564734603,Percentage MOE exceeds 50% of estimate,2024,2020-2024,ACS five-year,13,NA,FALSE,2366,24.713740458015266,3,3144,Retained,NA,NA,NA,1531,Percentage MOE exceeds 50% of estimate,NA,NA,NA,132,Percentage MOE exceeds 50% of estimate,NA,NA,NA,119,Unavailable MOE or zero percentage,NA,NA,NA,420,Percentage MOE exceeds 50% of estimate,NA,NA,NA,354,Percentage MOE exceeds 50% of estimate,NA,NA,NA,1337,Percentage MOE exceeds 50% of estimate
13289,"Twiggs County, Georgia",432,73,2,0,18,14,39,359,146,40,5,20,22,22,30,143,73,0,Pass,432,0,Pass,16.89814814814815,0.547945205479452,FALSE,TRUE,TRUE,33.312703118453115,33,113,7.28827500139414,2.73972602739726,6.682773091808546,0,27.397260273972602,24.65753424657534,26.938660429707873,19.17808219178082,28.245505279521776,53.42465753424658,28.842983953723767,9.609873146754008,24.18642314954229,26.22155126764534,Caregiver count MOE exceeds 50% of estimate,0,9.422499119205806,148.29357084076176,Percentage MOE exceeds 50% of estimate,0,27.397260273972602,NA,Unavailable MOE or zero percentage,0,51.59619467628322,66.42003408376813,Percentage MOE exceeds 50% of estimate,0,47.423587471302596,89.53996407860149,Percentage MOE exceeds 50% of estimate,24.58167358052281,82.26764148797034,32.82246430152094,Percentage MOE exceeds 50% of estimate,2024,2020-2024,ACS five-year,13,NA,FALSE,2370,24.53880407124682,3,3144,Retained,NA,NA,NA,1531,Caregiver count MOE exceeds 50% of estimate,NA,NA,NA,132,Percentage MOE exceeds 50% of estimate,NA,NA,NA,119,Unavailable MOE or zero percentage,NA,NA,NA,420,Percentage MOE exceeds 50% of estimate,NA,NA,NA,354,Percentage MOE exceeds 50% of estimate,NA,NA,NA,1337,Percentage MOE exceeds 50% of estimate
13293,"Upson County, Georgia",636,182,10,12,0,51,109,454,279,127,14,20,27,64,104,204,182,0,Pass,636,0,Pass,28.61635220125786,0.6978021978021978,FALSE,TRUE,TRUE,42.4233613476894,55,309,15.529175156862138,5.4945054945054945,6.668691284436594,6.593406593406594,9.97948598319282,0,14.835164835164836,28.021978021978022,29.226950264982566,59.89010989010989,38.97153837877686,13.087177044395723,44.14552735812,32.9918644562736,Percentage MOE exceeds 50% of estimate,0,12.163196778942089,73.78783095836334,Percentage MOE exceeds 50% of estimate,0,16.572892576599415,92.01763301715553,Percentage MOE exceeds 50% of estimate,0,14.835164835164836,NA,Unavailable MOE or zero percentage,0,57.24892828696059,63.409956554834906,Percentage MOE exceeds 50% of estimate,20.918571511333028,98.86164826888675,39.56081070975247,Percentage MOE exceeds 50% of estimate,2024,2020-2024,ACS five-year,13,NA,FALSE,1752,44.14758269720102,5,3144,Retained,NA,NA,NA,1531,Percentage MOE exceeds 50% of estimate,NA,NA,NA,132,Percentage MOE exceeds 50% of estimate,NA,NA,NA,119,Percentage MOE exceeds 50% of estimate,NA,NA,NA,420,Unavailable MOE or zero percentage,NA,NA,NA,354,Percentage MOE exceeds 50% of estimate,NA,NA,NA,1337,Percentage MOE exceeds 50% of estimate
13301,"Warren County, Georgia",190,127,0,0,0,7,120,63,109,98,20,20,20,10,98,43,127,0,Pass,190,0,Pass,66.84210526315789,0.7716535433070866,FALSE,TRUE,TRUE,46.913204352246765,29,225,34.49568271399332,0,15.748031496062993,0,15.748031496062993,0,15.748031496062993,5.511811023622047,6.626487863204004,94.48818897637796,25.264815461052702,32.34642254916457,100,31.375262485923336,Percentage MOE exceeds 50% of estimate,0,15.748031496062993,NA,Unavailable MOE or zero percentage,0,15.748031496062993,NA,Unavailable MOE or zero percentage,0,15.748031496062993,NA,Unavailable MOE or zero percentage,0,12.138298886826052,73.09065116256323,Percentage MOE exceeds 50% of estimate,69.22337351532525,100,16.255912334585084,Caregiver count MOE exceeds 50% of estimate,2024,2020-2024,ACS five-year,13,NA,FALSE,2037,35.13040712468193,4,3144,Retained,NA,NA,NA,1531,Percentage MOE exceeds 50% of estimate,NA,NA,NA,132,Unavailable MOE or zero percentage,NA,NA,NA,119,Unavailable MOE or zero percentage,NA,NA,NA,420,Unavailable MOE or zero percentage,NA,NA,NA,354,Percentage MOE exceeds 50% of estimate,NA,NA,NA,1337,Caregiver count MOE exceeds 50% of estimate
13305,"Wayne County, Georgia",571,278,1,0,150,10,117,293,241,165,3,30,125,13,104,146,278,0,Pass,571,0,Pass,48.68651488616462,0.5935251798561151,FALSE,TRUE,TRUE,36.08376880051868,113,443,20.31645544402648,0.3597122302158274,1.0578064508495033,0,10.79136690647482,53.956834532374096,31.562317989882686,3.5971223021582732,4.160438342713308,42.086330935251794,27.848665986704308,28.370059442138142,69.0029703301911,25.369505121297816,Caregiver count MOE exceeds 50% of estimate,0,1.4175186810653306,178.7819831003345,Percentage MOE exceeds 50% of estimate,0,10.79136690647482,NA,Unavailable MOE or zero percentage,22.39451654249141,85.51915252225677,35.562736434080115,Percentage MOE exceeds 50% of estimate,0,7.757560644871581,70.31640021476653,Percentage MOE exceeds 50% of estimate,14.237664948547486,69.9349969219561,40.22870696971224,Percentage MOE exceeds 50% of estimate,2024,2020-2024,ACS five-year,13,NA,FALSE,1391,55.7410941475827,6,3144,Retained,NA,NA,NA,1531,Caregiver count MOE exceeds 50% of estimate,NA,NA,NA,132,Percentage MOE exceeds 50% of estimate,NA,NA,NA,119,Unavailable MOE or zero percentage,NA,NA,NA,420,Percentage MOE exceeds 50% of estimate,NA,NA,NA,354,Percentage MOE exceeds 50% of estimate,NA,NA,NA,1337,Percentage MOE exceeds 50% of estimate
13307,"Webster County, Georgia",24,6,0,0,0,6,0,18,22,9,14,14,14,9,14,21,6,0,Pass,24,0,Pass,25,1.5,TRUE,TRUE,TRUE,91.19352478676541,0,15,29.682930934947933,0,233.33333333333334,0,233.33333333333334,0,233.33333333333334,100,212.13203435596424,0,233.33333333333334,0,54.68293093494793,72.1837626122672,Percentage MOE exceeds 50% of estimate,0,100,NA,Unavailable MOE or zero percentage,0,100,NA,Unavailable MOE or zero percentage,0,100,NA,Unavailable MOE or zero percentage,0,100,128.96711955405064,Percentage MOE exceeds 50% of estimate,0,100,NA,Unavailable MOE or zero percentage,2024,2020-2024,ACS five-year,13,NA,FALSE,2974,5.1367684478371505,1,3144,Retained,NA,NA,NA,1531,Percentage MOE exceeds 50% of estimate,NA,NA,NA,132,Unavailable MOE or zero percentage,NA,NA,NA,119,Unavailable MOE or zero percentage,NA,NA,NA,420,Unavailable MOE or zero percentage,NA,NA,NA,354,Percentage MOE exceeds 50% of estimate,NA,NA,NA,1337,Unavailable MOE or zero percentage
13309,"Wheeler County, Georgia",123,89,26,3,52,8,0,34,88,71,39,7,58,14,20,47,89,0,Pass,123,0,Pass,72.35772357723577,0.797752808988764,FALSE,TRUE,TRUE,48.499927040152386,18,160,25.535707362871225,29.213483146067414,37.109063933779865,3.3707865168539324,7.391201696583197,58.42696629213483,45.54580819679533,8.98876404494382,14.000820091046764,0,22.47191011235955,46.82201621436455,97.893430940107,21.45535677664876,Caregiver count MOE exceeds 50% of estimate,0,66.32254707984728,77.22704215580377,Percentage MOE exceeds 50% of estimate,0,10.76198821343713,133.30810316844327,Percentage MOE exceeds 50% of estimate,12.8811580953395,100,47.39230361497012,Percentage MOE exceeds 50% of estimate,0,22.989584135990583,94.69482327225379,Percentage MOE exceeds 50% of estimate,0,22.47191011235955,NA,Unavailable MOE or zero percentage,2024,2020-2024,ACS five-year,13,NA,FALSE,2279,27.44910941475827,3,3144,Retained,NA,NA,NA,1531,Caregiver count MOE exceeds 50% of estimate,NA,NA,NA,132,Percentage MOE exceeds 50% of estimate,NA,NA,NA,119,Percentage MOE exceeds 50% of estimate,NA,NA,NA,420,Percentage MOE exceeds 50% of estimate,NA,NA,NA,354,Percentage MOE exceeds 50% of estimate,NA,NA,NA,1337,Unavailable MOE or zero percentage
13311,"White County, Georgia",851,314,96,56,0,0,162,537,319,253,151,57,27,27,177,286,314,0,Pass,851,0,Pass,36.89776733254994,0.8057324840764332,FALSE,TRUE,TRUE,48.98505683875085,61,567,26.316412128747658,30.573248407643312,41.30062267033006,17.8343949044586,11.092195460635532,0,8.598726114649681,0,8.598726114649681,51.59235668789809,38.07200405378868,10.581355203802282,63.2141794612976,43.36100447726523,Percentage MOE exceeds 50% of estimate,0,71.87387107797338,82.12734014995938,Percentage MOE exceeds 50% of estimate,6.742199443823067,28.92659036509413,37.81219406276685,Percentage MOE exceeds 50% of estimate,0,8.598726114649681,NA,Unavailable MOE or zero percentage,0,8.598726114649681,NA,Unavailable MOE or zero percentage,13.520352634109408,89.66436074168678,44.86349617462376,Percentage MOE exceeds 50% of estimate,2024,2020-2024,ACS five-year,13,NA,FALSE,1268,59.66921119592875,6,3144,Retained,NA,NA,NA,1531,Percentage MOE exceeds 50% of estimate,NA,NA,NA,132,Percentage MOE exceeds 50% of estimate,NA,NA,NA,119,Percentage MOE exceeds 50% of estimate,NA,NA,NA,420,Unavailable MOE or zero percentage,NA,NA,NA,354,Unavailable MOE or zero percentage,NA,NA,NA,1337,Percentage MOE exceeds 50% of estimate
13315,"Wilcox County, Georgia",235,94,33,0,31,6,24,141,94,52,41,20,24,9,21,58,94,0,Pass,235,0,Pass,40,0.5531914893617021,FALSE,TRUE,TRUE,33.63165453128937,42,146,15.285068473629714,35.1063829787234,39.05491894685959,0,21.27659574468085,32.97872340425532,17.86201538856901,6.382978723404255,8.899573640196195,25.53191489361702,17.30913524067286,24.714931526370286,55.285068473629714,23.231654511955966,Caregiver count MOE exceeds 50% of estimate,0,74.16130192558299,67.63358335119234,Percentage MOE exceeds 50% of estimate,0,21.27659574468085,NA,Unavailable MOE or zero percentage,15.11670801568631,50.840738792824325,32.92830396761957,Percentage MOE exceeds 50% of estimate,0,15.28255236360045,84.76538666532701,Percentage MOE exceeds 50% of estimate,8.222779652944162,42.84105013428988,41.21589417753635,Percentage MOE exceeds 50% of estimate,2024,2020-2024,ACS five-year,13,NA,FALSE,2246,28.498727735368956,3,3144,Retained,NA,NA,NA,1531,Caregiver count MOE exceeds 50% of estimate,NA,NA,NA,132,Percentage MOE exceeds 50% of estimate,NA,NA,NA,119,Unavailable MOE or zero percentage,NA,NA,NA,420,Percentage MOE exceeds 50% of estimate,NA,NA,NA,354,Percentage MOE exceeds 50% of estimate,NA,NA,NA,1337,Percentage MOE exceeds 50% of estimate
13317,"Wilkes County, Georgia",324,148,0,5,60,0,83,176,141,102,20,24,69,20,53,115,148,0,Pass,324,0,Pass,45.67901234567901,0.6891891891891891,FALSE,TRUE,TRUE,41.89972760473005,46,250,24.41138701705937,0,13.513513513513514,3.3783783783783785,16.04819281338591,40.54054054054054,37.32192771124022,0,13.513513513513514,56.08108108108109,52.69035370089444,21.267625328619644,70.09039936273838,32.48990893487958,Percentage MOE exceeds 50% of estimate,0,13.513513513513514,NA,Unavailable MOE or zero percentage,0,19.42657119176429,288.79561043776556,Percentage MOE exceeds 50% of estimate,3.2186128293003193,77.86246825178077,55.96896496600867,Percentage MOE exceeds 50% of estimate,0,13.513513513513514,NA,Unavailable MOE or zero percentage,3.3907273801866467,100,57.11990548469085,Percentage MOE exceeds 50% of estimate,2024,2020-2024,ACS five-year,13,NA,FALSE,1928,38.58142493638677,4,3144,Retained,NA,NA,NA,1531,Percentage MOE exceeds 50% of estimate,NA,NA,NA,132,Unavailable MOE or zero percentage,NA,NA,NA,119,Percentage MOE exceeds 50% of estimate,NA,NA,NA,420,Percentage MOE exceeds 50% of estimate,NA,NA,NA,354,Unavailable MOE or zero percentage,NA,NA,NA,1337,Percentage MOE exceeds 50% of estimate
13319,"Wilkinson County, Georgia",234,125,3,0,39,3,80,109,78,66,4,20,41,5,49,59,125,0,Pass,234,0,Pass,53.41880341880342,0.528,FALSE,TRUE,TRUE,32.100120724941426,59,191,21.873867602214048,2.4,2.9384016335416097,0,16,31.2,28.36301294009506,2.4,3.793969446371438,64,19.86808334993589,31.544935816589373,75.29267102101747,24.894543490314348,Caregiver count MOE exceeds 50% of estimate,0,5.33840163354161,74.43422283384687,Percentage MOE exceeds 50% of estimate,0,16,NA,Unavailable MOE or zero percentage,2.8369870599049385,59.563012940095064,55.267588110681764,Percentage MOE exceeds 50% of estimate,0,6.1939694463714385,96.10706854108456,Percentage MOE exceeds 50% of estimate,44.13191665006411,83.86808334993589,18.87333907747812,Caregiver count MOE exceeds 50% of estimate,2024,2020-2024,ACS five-year,13,NA,FALSE,2050,34.74872773536896,4,3144,Retained,NA,NA,NA,1531,Caregiver count MOE exceeds 50% of estimate,NA,NA,NA,132,Percentage MOE exceeds 50% of estimate,NA,NA,NA,119,Unavailable MOE or zero percentage,NA,NA,NA,420,Percentage MOE exceeds 50% of estimate,NA,NA,NA,354,Percentage MOE exceeds 50% of estimate,NA,NA,NA,1337,Caregiver count MOE exceeds 50% of estimate
13321,"Worth County, Georgia",652,351,57,0,53,24,217,301,300,199,79,27,61,32,134,156,351,0,Pass,652,0,Pass,53.83435582822086,0.5669515669515669,FALSE,TRUE,TRUE,34.4682078491288,152,550,17.83219304721742,16.23931623931624,20.537854059264017,0,7.6923076923076925,15.0997150997151,15.124131394503742,6.837606837606838,8.251560072471708,61.82336182336182,15.129226231386669,36.002162781003435,71.66654887543828,20.138076186178207,Caregiver count MOE exceeds 50% of estimate,0,36.77717029858026,76.88826613220851,Percentage MOE exceeds 50% of estimate,0,7.6923076923076925,NA,Unavailable MOE or zero percentage,0,30.22384649421884,60.89399003424451,Percentage MOE exceeds 50% of estimate,0,15.089166910078546,73.36766267984717,Percentage MOE exceeds 50% of estimate,46.694135591975154,76.95258805474849,14.877735822891738,Caregiver count MOE exceeds 50% of estimate,2024,2020-2024,ACS five-year,13,NA,FALSE,1174,62.62722646310433,7,3144,Retained,NA,NA,NA,1531,Caregiver count MOE exceeds 50% of estimate,NA,NA,NA,132,Percentage MOE exceeds 50% of estimate,NA,NA,NA,119,Unavailable MOE or zero percentage,NA,NA,NA,420,Percentage MOE exceeds 50% of estimate,NA,NA,NA,354,Percentage MOE exceeds 50% of estimate,NA,NA,NA,1337,Caregiver count MOE exceeds 50% of estimate
