geoid,name,pct_responsible_exclusion
28125,"Sharkey County, Mississippi",Retained
22025,"Catahoula Parish, Louisiana",Retained
30065,"Musselshell County, Montana",Retained
30085,"Roosevelt County, Montana",Retained
05073,"Lafayette County, Arkansas",Retained
02290,"Yukon-Koyukuk Census Area, Alaska",Retained
46031,"Corson County, South Dakota",Retained
46121,"Todd County, South Dakota",Retained
05089,"Marion County, Arkansas",Retained
01057,"Fayette County, Alabama",Retained
21077,"Gallatin County, Kentucky",Retained
12059,"Holmes County, Florida",Retained
38005,"Benson County, North Dakota",Retained
37099,"Jackson County, North Carolina",Retained
05013,"Calhoun County, Arkansas",Retained
05141,"Van Buren County, Arkansas",Retained
30087,"Rosebud County, Montana",Retained
21045,"Casey County, Kentucky",Retained
01047,"Dallas County, Alabama",Retained
01075,"Lamar County, Alabama",Retained
48445,"Terry County, Texas",Retained
21113,"Jessamine County, Kentucky",Retained
46137,"Ziebach County, South Dakota",Retained
30041,"Hill County, Montana",Retained
28023,"Clarke County, Mississippi",Retained
22013,"Bienville Parish, Louisiana",Retained
22047,"Iberville Parish, Louisiana",Retained
21203,"Rockcastle County, Kentucky",Retained
46041,"Dewey County, South Dakota",Retained
47151,"Scott County, Tennessee",Retained
35055,"Taos County, New Mexico",Retained
22039,"Evangeline Parish, Louisiana",Retained
27087,"Mahnomen County, Minnesota",Retained
13251,"Screven County, Georgia",Retained
05043,"Drew County, Arkansas",Retained
18129,"Posey County, Indiana",Retained
21133,"Letcher County, Kentucky",Retained
39105,"Meigs County, Ohio",Retained
47185,"White County, Tennessee",Retained
28119,"Quitman County, Mississippi",Retained
21065,"Estill County, Kentucky",Retained
38085,"Sioux County, North Dakota",Retained
13303,"Washington County, Georgia",Retained
51197,"Wythe County, Virginia",Retained
39065,"Hardin County, Ohio",Retained
05103,"Ouachita County, Arkansas",Retained
22083,"Richland Parish, Louisiana",Retained
40063,"Hughes County, Oklahoma",Retained
22059,"LaSalle Parish, Louisiana",Retained
28065,"Jefferson Davis County, Mississippi",Retained
21021,"Boyle County, Kentucky",Retained
54041,"Lewis County, West Virginia",Retained
55003,"Ashland County, Wisconsin",Retained
36033,"Franklin County, New York",Retained
28039,"George County, Mississippi",Retained
17049,"Effingham County, Illinois",Retained
40107,"Okfuskee County, Oklahoma",Retained
28003,"Alcorn County, Mississippi",Retained
29069,"Dunklin County, Missouri",Retained
37153,"Richmond County, North Carolina",Retained
28007,"Attala County, Mississippi",Retained
39171,"Williams County, Ohio",Retained
40023,"Choctaw County, Oklahoma",Retained
22101,"St. Mary Parish, Louisiana",Retained
30035,"Glacier County, Montana",Retained
21031,"Butler County, Kentucky",Retained
22085,"Sabine Parish, Louisiana",Retained
47041,"DeKalb County, Tennessee",Retained
27093,"Meeker County, Minnesota",Retained
35009,"Curry County, New Mexico",Retained
18017,"Cass County, Indiana",Retained
30003,"Big Horn County, Montana",Retained
29207,"Stoddard County, Missouri",Retained
39027,"Clinton County, Ohio",Retained
46109,"Roberts County, South Dakota",Retained
02130,"Ketchikan Gateway Borough, Alaska",Retained
40011,"Blaine County, Oklahoma",Retained
01077,"Lauderdale County, Alabama",Retained
39033,"Crawford County, Ohio",Retained
30005,"Blaine County, Montana",Retained
48059,"Callahan County, Texas",Retained
31001,"Adams County, Nebraska",Retained
54019,"Fayette County, West Virginia",Retained
21025,"Breathitt County, Kentucky",Retained
21141,"Logan County, Kentucky",Retained
01133,"Winston County, Alabama",Retained
54079,"Putnam County, West Virginia",Retained
28101,"Newton County, Mississippi",Retained
31173,"Thurston County, Nebraska",Retained
21095,"Harlan County, Kentucky",Retained
13131,"Grady County, Georgia",Retained
21083,"Graves County, Kentucky",Retained
01013,"Butler County, Alabama",Retained
29091,"Howell County, Missouri",Retained
40075,"Kiowa County, Oklahoma",Retained
28131,"Stone County, Mississippi",Retained
47017,"Carroll County, Tennessee",Retained
05047,"Franklin County, Arkansas",Retained
21085,"Grayson County, Kentucky",Retained
28117,"Prentiss County, Mississippi",Retained
28051,"Holmes County, Mississippi",Retained
46102,"Oglala Lakota County, South Dakota",Retained
48227,"Howard County, Texas",Retained
28163,"Yazoo County, Mississippi",Retained
51089,"Henry County, Virginia",Retained
40129,"Roger Mills County, Oklahoma",Retained
47049,"Fentress County, Tennessee",Retained
40105,"Nowata County, Oklahoma",Retained
45027,"Clarendon County, South Carolina",Retained
47029,"Cocke County, Tennessee",Retained
48347,"Nacogdoches County, Texas",Retained
47177,"Warren County, Tennessee",Retained
02185,"North Slope Borough, Alaska",Retained
28151,"Washington County, Mississippi",Retained
48189,"Hale County, Texas",Retained
02158,"Kusilvak Census Area, Alaska",Retained
21119,"Knott County, Kentucky",Retained
22119,"Webster Parish, Louisiana",Retained
01099,"Monroe County, Alabama",Retained
47071,"Hardin County, Tennessee",Retained
49015,"Emery County, Utah",Retained
54045,"Logan County, West Virginia",Retained
51185,"Tazewell County, Virginia",Retained
51730,"Petersburg city, Virginia",Retained
17195,"Whiteside County, Illinois",Retained
37173,"Swain County, North Carolina",Retained
01083,"Limestone County, Alabama",Retained
29015,"Benton County, Missouri",Retained
28001,"Adams County, Mississippi",Retained
36019,"Clinton County, New York",Retained
54053,"Mason County, West Virginia",Retained
18083,"Knox County, Indiana",Retained
47083,"Houston County, Tennessee",Retained
01111,"Randolph County, Alabama",Retained
21089,"Greenup County, Kentucky",Retained
47173,"Union County, Tennessee",Retained
36009,"Cattaraugus County, New York",Retained
17137,"Morgan County, Illinois",Retained
40103,"Noble County, Oklahoma",Retained
08043,"Fremont County, Colorado",Retained
21217,"Taylor County, Kentucky",Retained
40071,"Kay County, Oklahoma",Retained
38015,"Burleigh County, North Dakota",Retained
13033,"Burke County, Georgia",Retained
29043,"Christian County, Missouri",Retained
47045,"Dyer County, Tennessee",Retained
28123,"Scott County, Mississippi",Retained
13191,"McIntosh County, Georgia",Retained
01043,"Cullman County, Alabama",Retained
18035,"Delaware County, Indiana",Retained
28011,"Bolivar County, Mississippi",Retained
28081,"Lee County, Mississippi",Retained
47115,"Marion County, Tennessee",Retained
12027,"DeSoto County, Florida",Retained
37023,"Burke County, North Carolina",Retained
05001,"Arkansas County, Arkansas",Retained
47039,"Decatur County, Tennessee",Retained
56013,"Fremont County, Wyoming",Retained
21137,"Lincoln County, Kentucky",Retained
21125,"Laurel County, Kentucky",Retained
51173,"Smyth County, Virginia",Retained
38079,"Rolette County, North Dakota",Retained
05041,"Desha County, Arkansas",Retained
21183,"Ohio County, Kentucky",Retained
47179,"Washington County, Tennessee",Retained
21115,"Johnson County, Kentucky",Retained
20161,"Riley County, Kansas",Retained
55113,"Sawyer County, Wisconsin",Retained
47019,"Carter County, Tennessee",Retained
39079,"Jackson County, Ohio",Retained
22009,"Avoyelles Parish, Louisiana",Retained
40121,"Pittsburg County, Oklahoma",Retained
54083,"Randolph County, West Virginia",Retained
02050,"Bethel Census Area, Alaska",Retained
39001,"Adams County, Ohio",Retained
18077,"Jefferson County, Indiana",Retained
47183,"Weakley County, Tennessee",Retained
27067,"Kandiyohi County, Minnesota",Retained
48077,"Clay County, Texas",Retained
05107,"Phillips County, Arkansas",Retained
28109,"Pearl River County, Mississippi",Retained
51117,"Mecklenburg County, Virginia",Retained
40069,"Johnston County, Oklahoma",Retained
48107,"Crosby County, Texas",Retained
48223,"Hopkins County, Texas",Retained
54005,"Boone County, West Virginia",Retained
33007,"Coos County, New Hampshire",Retained
22069,"Natchitoches Parish, Louisiana",Retained
39143,"Sandusky County, Ohio",Retained
22041,"Franklin Parish, Louisiana",Retained
47077,"Henderson County, Tennessee",Retained
01063,"Greene County, Alabama",Retained
18145,"Shelby County, Indiana",Retained
22073,"Ouachita Parish, Louisiana",Retained
21157,"Marshall County, Kentucky",Retained
36013,"Chautauqua County, New York",Retained
37185,"Warren County, North Carolina",Retained
54033,"Harrison County, West Virginia",Retained
48419,"Shelby County, Texas",Retained
40137,"Stephens County, Oklahoma",Retained
21099,"Hart County, Kentucky",Retained
01125,"Tuscaloosa County, Alabama",Retained
29169,"Pulaski County, Missouri",Retained
05019,"Clark County, Arkansas",Retained
40061,"Haskell County, Oklahoma",Retained
17167,"Sangamon County, Illinois",Retained
18133,"Putnam County, Indiana",Retained
51590,"Danville city, Virginia",Retained
22065,"Madison Parish, Louisiana",Retained
39081,"Jefferson County, Ohio",Retained
40133,"Seminole County, Oklahoma",Retained
56025,"Natrona County, Wyoming",Retained
48147,"Fannin County, Texas",Retained
18061,"Harrison County, Indiana",Retained
21043,"Carter County, Kentucky",Retained
05009,"Boone County, Arkansas",Retained
48165,"Gaines County, Texas",Retained
21019,"Boyd County, Kentucky",Retained
21073,"Franklin County, Kentucky",Retained
42051,"Fayette County, Pennsylvania",Retained
51025,"Brunswick County, Virginia",Retained
40095,"Marshall County, Oklahoma",Retained
22029,"Concordia Parish, Louisiana",Retained
01127,"Walker County, Alabama",Retained
48135,"Ector County, Texas",Retained
46085,"Lyman County, South Dakota",Retained
55125,"Vilas County, Wisconsin",Retained
55078,"Menominee County, Wisconsin",Retained
22063,"Livingston Parish, Louisiana",Retained
32005,"Douglas County, Nevada",Retained
19179,"Wapello County, Iowa",Retained
30047,"Lake County, Montana",Retained
18075,"Jay County, Indiana",Retained
13145,"Harris County, Georgia",Retained
42033,"Clearfield County, Pennsylvania",Retained
17007,"Boone County, Illinois",Retained
13263,"Talbot County, Georgia",Retained
20155,"Reno County, Kansas",Retained
40135,"Sequoyah County, Oklahoma",Retained
47013,"Campbell County, Tennessee",Retained
48401,"Rusk County, Texas",Retained
28149,"Warren County, Mississippi",Retained
37047,"Columbus County, North Carolina",Retained
46023,"Charles Mix County, South Dakota",Retained
20055,"Finney County, Kansas",Retained
40113,"Osage County, Oklahoma",Retained
28127,"Simpson County, Mississippi",Retained
05093,"Mississippi County, Arkansas",Retained
06093,"Siskiyou County, California",Retained
40091,"McIntosh County, Oklahoma",Retained
40101,"Muskogee County, Oklahoma",Retained
01053,"Escambia County, Alabama",Retained
54099,"Wayne County, West Virginia",Retained
48337,"Montague County, Texas",Retained
13177,"Lee County, Georgia",Retained
05023,"Cleburne County, Arkansas",Retained
37019,"Brunswick County, North Carolina",Retained
22097,"St. Landry Parish, Louisiana",Retained
21041,"Carroll County, Kentucky",Retained
55129,"Washburn County, Wisconsin",Retained
48067,"Cass County, Texas",Retained
21195,"Pike County, Kentucky",Retained
12005,"Bay County, Florida",Retained
40077,"Latimer County, Oklahoma",Retained
21177,"Muhlenberg County, Kentucky",Retained
05021,"Clay County, Arkansas",Retained
40041,"Delaware County, Oklahoma",Retained
51740,"Portsmouth city, Virginia",Retained
12093,"Okeechobee County, Florida",Retained
18079,"Jennings County, Indiana",Retained
28087,"Lowndes County, Mississippi",Retained
29225,"Webster County, Missouri",Retained
01005,"Barbour County, Alabama",Retained
39127,"Perry County, Ohio",Retained
21101,"Henderson County, Kentucky",Retained
01039,"Covington County, Alabama",Retained
40099,"Murray County, Oklahoma",Retained
40013,"Bryan County, Oklahoma",Retained
51167,"Russell County, Virginia",Retained
48387,"Red River County, Texas",Retained
28013,"Calhoun County, Mississippi",Retained
54107,"Wood County, West Virginia",Retained
13267,"Tattnall County, Georgia",Retained
29155,"Pemiscot County, Missouri",Retained
01061,"Geneva County, Alabama",Retained
17145,"Perry County, Illinois",Retained
40021,"Cherokee County, Oklahoma",Retained
01079,"Lawrence County, Alabama",Retained
22001,"Acadia Parish, Louisiana",Retained
17117,"Macoupin County, Illinois",Retained
22005,"Ascension Parish, Louisiana",Retained
01025,"Clarke County, Alabama",Retained
31111,"Lincoln County, Nebraska",Retained
17075,"Iroquois County, Illinois",Retained
19181,"Warren County, Iowa",Retained
18029,"Dearborn County, Indiana",Retained
18041,"Fayette County, Indiana",Retained
40039,"Custer County, Oklahoma",Retained
30073,"Pondera County, Montana",Retained
21191,"Pendleton County, Kentucky",Retained
47109,"McNairy County, Tennessee",Retained
22011,"Beauregard Parish, Louisiana",Retained
40015,"Caddo County, Oklahoma",Retained
05051,"Garland County, Arkansas",Retained
40081,"Lincoln County, Oklahoma",Retained
01113,"Russell County, Alabama",Retained
31019,"Buffalo County, Nebraska",Retained
37031,"Carteret County, North Carolina",Retained
21071,"Floyd County, Kentucky",Retained
12131,"Walton County, Florida",Retained
47133,"Overton County, Tennessee",Retained
42065,"Jefferson County, Pennsylvania",Retained
42131,"Wyoming County, Pennsylvania",Retained
37013,"Beaufort County, North Carolina",Retained
47031,"Coffee County, Tennessee",Retained
02198,"Prince of Wales-Hyder Census Area, Alaska",Retained
45069,"Marlboro County, South Carolina",Retained
04017,"Navajo County, Arizona",Retained
45059,"Laurens County, South Carolina",Retained
21239,"Woodford County, Kentucky",Retained
22079,"Rapides Parish, Louisiana",Retained
40117,"Pawnee County, Oklahoma",Retained
13195,"Madison County, Georgia",Retained
29119,"McDonald County, Missouri",Retained
17055,"Franklin County, Illinois",Retained
48037,"Bowie County, Texas",Retained
22019,"Calcasieu Parish, Louisiana",Retained
13209,"Montgomery County, Georgia",Retained
05083,"Logan County, Arkansas",Retained
39009,"Athens County, Ohio",Retained
37049,"Craven County, North Carolina",Retained
21051,"Clay County, Kentucky",Retained
36115,"Washington County, New York",Retained
22115,"Vernon Parish, Louisiana",Retained
22067,"Morehouse Parish, Louisiana",Retained
39135,"Preble County, Ohio",Retained
47145,"Roane County, Tennessee",Retained
47103,"Lincoln County, Tennessee",Retained
22045,"Iberia Parish, Louisiana",Retained
39071,"Highland County, Ohio",Retained
28089,"Madison County, Mississippi",Retained
29510,"St. Louis city, Missouri",Retained
21107,"Hopkins County, Kentucky",Retained
47001,"Anderson County, Tennessee",Retained
05075,"Lawrence County, Arkansas",Retained
17157,"Randolph County, Illinois",Retained
42099,"Perry County, Pennsylvania",Retained
37107,"Lenoir County, North Carolina",Retained
18033,"DeKalb County, Indiana",Retained
48073,"Cherokee County, Texas",Retained
21029,"Bullitt County, Kentucky",Retained
01107,"Pickens County, Alabama",Retained
05045,"Faulkner County, Arkansas",Retained
04012,"La Paz County, Arizona",Retained
40035,"Craig County, Oklahoma",Retained
47097,"Lauderdale County, Tennessee",Retained
18147,"Spencer County, Indiana",Retained
17179,"Tazewell County, Illinois",Retained
01045,"Dale County, Alabama",Retained
12055,"Highlands County, Florida",Retained
39031,"Coshocton County, Ohio",Retained
42061,"Huntingdon County, Pennsylvania",Retained
05091,"Miller County, Arkansas",Retained
54081,"Raleigh County, West Virginia",Retained
13103,"Effingham County, Georgia",Retained
47131,"Obion County, Tennessee",Retained
42009,"Bedford County, Pennsylvania",Retained
45029,"Colleton County, South Carolina",Retained
47119,"Maury County, Tennessee",Retained
26033,"Chippewa County, Michigan",Retained
54011,"Cabell County, West Virginia",Retained
20099,"Labette County, Kansas",Retained
48459,"Upshur County, Texas",Retained
42037,"Columbia County, Pennsylvania",Retained
37165,"Scotland County, North Carolina",Retained
36021,"Columbia County, New York",Retained
13031,"Bulloch County, Georgia",Retained
39147,"Seneca County, Ohio",Retained
40083,"Logan County, Oklahoma",Retained
42013,"Blair County, Pennsylvania",Retained
05059,"Hot Spring County, Arkansas",Retained
54077,"Preston County, West Virginia",Retained
28099,"Neshoba County, Mississippi",Retained
20037,"Crawford County, Kansas",Retained
54059,"Mingo County, West Virginia",Retained
51033,"Caroline County, Virginia",Retained
47089,"Jefferson County, Tennessee",Retained
05015,"Carroll County, Arkansas",Retained
40019,"Carter County, Oklahoma",Retained
45037,"Edgefield County, South Carolina",Retained
18119,"Owen County, Indiana",Retained
23021,"Piscataquis County, Maine",Retained
51169,"Scott County, Virginia",Retained
51193,"Westmoreland County, Virginia",Retained
39021,"Champaign County, Ohio",Retained
17183,"Vermilion County, Illinois",Retained
47003,"Bedford County, Tennessee",Retained
28115,"Pontotoc County, Mississippi",Retained
48441,"Taylor County, Texas",Retained
13291,"Union County, Georgia",Retained
37137,"Pamlico County, North Carolina",Retained
05035,"Crittenden County, Arkansas",Retained
13279,"Toombs County, Georgia",Retained
20035,"Cowley County, Kansas",Retained
01017,"Chambers County, Alabama",Retained
17115,"Macon County, Illinois",Retained
51015,"Augusta County, Virginia",Retained
51195,"Wise County, Virginia",Retained
54007,"Braxton County, West Virginia",Retained
19171,"Tama County, Iowa",Retained
36057,"Montgomery County, New York",Retained
45023,"Chester County, South Carolina",Retained
21151,"Madison County, Kentucky",Retained
29201,"Scott County, Missouri",Retained
39087,"Lawrence County, Ohio",Retained
40127,"Pushmataha County, Oklahoma",Retained
29031,"Cape Girardeau County, Missouri",Retained
13095,"Dougherty County, Georgia",Retained
35049,"Santa Fe County, New Mexico",Retained
05135,"Sharp County, Arkansas",Retained
36015,"Chemung County, New York",Retained
47035,"Cumberland County, Tennessee",Retained
12063,"Jackson County, Florida",Retained
37161,"Rutherford County, North Carolina",Retained
27007,"Beltrami County, Minnesota",Retained
29127,"Marion County, Missouri",Retained
41031,"Jefferson County, Oregon",Retained
20015,"Butler County, Kansas",Retained
40123,"Pontotoc County, Oklahoma",Retained
29021,"Buchanan County, Missouri",Retained
01097,"Mobile County, Alabama",Retained
13299,"Ware County, Georgia",Retained
18109,"Morgan County, Indiana",Retained
39149,"Shelby County, Ohio",Retained
39145,"Scioto County, Ohio",Retained
39037,"Darke County, Ohio",Retained
48099,"Coryell County, Texas",Retained
04007,"Gila County, Arizona",Retained
17165,"Saline County, Illinois",Retained
21079,"Garrard County, Kentucky",Retained
51770,"Roanoke city, Virginia",Retained
13069,"Coffee County, Georgia",Retained
28047,"Harrison County, Mississippi",Retained
21235,"Whitley County, Kentucky",Retained
55005,"Barron County, Wisconsin",Retained
25003,"Berkshire County, Massachusetts",Retained
56021,"Laramie County, Wyoming",Retained
39013,"Belmont County, Ohio",Retained
55101,"Racine County, Wisconsin",Retained
37039,"Cherokee County, North Carolina",Retained
36023,"Cortland County, New York",Retained
29003,"Andrew County, Missouri",Retained
26103,"Marquette County, Michigan",Retained
47123,"Monroe County, Tennessee",Retained
13127,"Glynn County, Georgia",Retained
21127,"Lawrence County, Kentucky",Retained
48485,"Wichita County, Texas",Retained
39109,"Miami County, Ohio",Retained
48375,"Potter County, Texas",Retained
45073,"Oconee County, South Carolina",Retained
27017,"Carlton County, Minnesota",Retained
28085,"Lincoln County, Mississippi",Retained
42085,"Mercer County, Pennsylvania",Retained
39023,"Clark County, Ohio",Retained
40047,"Garfield County, Oklahoma",Retained
06103,"Tehama County, California",Retained
28067,"Jones County, Mississippi",Retained
37159,"Rowan County, North Carolina",Retained
42063,"Indiana County, Pennsylvania",Retained
37155,"Robeson County, North Carolina",Retained
21049,"Clark County, Kentucky",Retained
17121,"Marion County, Illinois",Retained
37125,"Moore County, North Carolina",Retained
55041,"Forest County, Wisconsin",Retained
37117,"Martin County, North Carolina",Retained
18163,"Vanderburgh County, Indiana",Retained
47113,"Madison County, Tennessee",Retained
17129,"Menard County, Illinois",Retained
22105,"Tangipahoa Parish, Louisiana",Retained
39029,"Columbiana County, Ohio",Retained
48361,"Orange County, Texas",Retained
45047,"Greenwood County, South Carolina",Retained
27051,"Grant County, Minnesota",Retained
29055,"Crawford County, Missouri",Retained
13001,"Appling County, Georgia",Retained
41059,"Umatilla County, Oregon",Retained
47073,"Hawkins County, Tennessee",Retained
36063,"Niagara County, New York",Retained
13055,"Chattooga County, Georgia",Retained
01073,"Jefferson County, Alabama",Retained
26011,"Arenac County, Michigan",Retained
37129,"New Hanover County, North Carolina",Retained
47025,"Claiborne County, Tennessee",Retained
18107,"Montgomery County, Indiana",Retained
38017,"Cass County, North Dakota",Retained
13285,"Troup County, Georgia",Retained
47047,"Fayette County, Tennessee",Retained
28049,"Hinds County, Mississippi",Retained
28073,"Lamar County, Mississippi",Retained
37195,"Wilson County, North Carolina",Retained
45077,"Pickens County, South Carolina",Retained
01109,"Pike County, Alabama",Retained
19071,"Fremont County, Iowa",Retained
45075,"Orangeburg County, South Carolina",Retained
48225,"Houston County, Texas",Retained
27021,"Cass County, Minnesota",Retained
37163,"Sampson County, North Carolina",Retained
21163,"Meade County, Kentucky",Retained
47125,"Montgomery County, Tennessee",Retained
45087,"Union County, South Carolina",Retained
29167,"Polk County, Missouri",Retained
30111,"Yellowstone County, Montana",Retained
13199,"Meriwether County, Georgia",Retained
45089,"Williamsburg County, South Carolina",Retained
48041,"Brazos County, Texas",Retained
42021,"Cambria County, Pennsylvania",Retained
37061,"Duplin County, North Carolina",Retained
27029,"Clearwater County, Minnesota",Retained
13295,"Walker County, Georgia",Retained
48381,"Randall County, Texas",Retained
36035,"Fulton County, New York",Retained
21067,"Fayette County, Kentucky",Retained
37175,"Transylvania County, North Carolina",Retained
02188,"Northwest Arctic Borough, Alaska",Retained
13017,"Ben Hill County, Georgia",Retained
47167,"Tipton County, Tennessee",Retained
01021,"Chilton County, Alabama",Retained
29131,"Miller County, Missouri",Retained
05031,"Craighead County, Arkansas",Retained
22095,"St. John the Baptist Parish, Louisiana",Retained
05037,"Cross County, Arkansas",Retained
37027,"Caldwell County, North Carolina",Retained
35035,"Otero County, New Mexico",Retained
37045,"Cleveland County, North Carolina",Retained
27097,"Morrison County, Minnesota",Retained
39025,"Clermont County, Ohio",Retained
13213,"Murray County, Georgia",Retained
13179,"Liberty County, Georgia",Retained
40149,"Washita County, Oklahoma",Retained
22017,"Caddo Parish, Louisiana",Retained
47107,"McMinn County, Tennessee",Retained
39113,"Montgomery County, Ohio",Retained
21059,"Daviess County, Kentucky",Retained
18095,"Madison County, Indiana",Retained
18113,"Noble County, Indiana",Retained
40111,"Okmulgee County, Oklahoma",Retained
21009,"Barren County, Kentucky",Retained
13047,"Catoosa County, Georgia",Retained
48303,"Lubbock County, Texas",Retained
40089,"McCurtain County, Oklahoma",Retained
48457,"Tyler County, Texas",Retained
17001,"Adams County, Illinois",Retained
20177,"Shawnee County, Kansas",Retained
45063,"Lexington County, South Carolina",Retained
01071,"Jackson County, Alabama",Retained
40115,"Ottawa County, Oklahoma",Retained
01101,"Montgomery County, Alabama",Retained
17077,"Jackson County, Illinois",Retained
37087,"Haywood County, North Carolina",Retained
47061,"Grundy County, Tennessee",Retained
48309,"McLennan County, Texas",Retained
45085,"Sumter County, South Carolina",Retained
18177,"Wayne County, Indiana",Retained
30015,"Chouteau County, Montana",Retained
08071,"Las Animas County, Colorado",Retained
36025,"Delaware County, New York",Retained
22055,"Lafayette Parish, Louisiana",Retained
35015,"Eddy County, New Mexico",Retained
12075,"Levy County, Florida",Retained
01069,"Houston County, Alabama",Retained
21015,"Boone County, Kentucky",Retained
21121,"Knox County, Kentucky",Retained
05071,"Johnson County, Arkansas",Retained
27005,"Becker County, Minnesota",Retained
45031,"Darlington County, South Carolina",Retained
27027,"Clay County, Minnesota",Retained
28027,"Coahoma County, Mississippi",Retained
05057,"Hempstead County, Arkansas",Retained
42073,"Lawrence County, Pennsylvania",Retained
17143,"Peoria County, Illinois",Retained
13215,"Muscogee County, Georgia",Retained
18065,"Henry County, Indiana",Retained
48035,"Bosque County, Texas",Retained
22049,"Jackson Parish, Louisiana",Retained
28133,"Sunflower County, Mississippi",Retained
01087,"Macon County, Alabama",Retained
47159,"Smith County, Tennessee",Retained
40051,"Grady County, Oklahoma",Retained
51191,"Washington County, Virginia",Retained
13077,"Coweta County, Georgia",Retained
18157,"Tippecanoe County, Indiana",Retained
40031,"Comanche County, Oklahoma",Retained
40079,"Le Flore County, Oklahoma",Retained
30013,"Cascade County, Montana",Retained
26051,"Gladwin County, Michigan",Retained
51121,"Montgomery County, Virginia",Retained
40147,"Washington County, Oklahoma",Retained
39039,"Defiance County, Ohio",Retained
21145,"McCracken County, Kentucky",Retained
08101,"Pueblo County, Colorado",Retained
48373,"Polk County, Texas",Retained
40049,"Garvin County, Oklahoma",Retained
23029,"Washington County, Maine",Retained
12033,"Escambia County, Florida",Retained
17199,"Williamson County, Illinois",Retained
23003,"Aroostook County, Maine",Retained
39099,"Mahoning County, Ohio",Retained
45003,"Aiken County, South Carolina",Retained
39095,"Lucas County, Ohio",Retained
02180,"Nome Census Area, Alaska",Retained
36113,"Warren County, New York",Retained
06033,"Lake County, California",Retained
51175,"Southampton County, Virginia",Retained
37111,"McDowell County, North Carolina",Retained
54039,"Kanawha County, West Virginia",Retained
40085,"Love County, Oklahoma",Retained
37133,"Onslow County, North Carolina",Retained
21117,"Kenton County, Kentucky",Retained
48049,"Brown County, Texas",Retained
48291,"Liberty County, Texas",Retained
47093,"Knox County, Tennessee",Retained
48277,"Lamar County, Texas",Retained
39047,"Fayette County, Ohio",Retained
42127,"Wayne County, Pennsylvania",Retained
22089,"St. Charles Parish, Louisiana",Retained
42015,"Bradford County, Pennsylvania",Retained
45021,"Cherokee County, South Carolina",Retained
47163,"Sullivan County, Tennessee",Retained
48499,"Wood County, Texas",Retained
21227,"Warren County, Kentucky",Retained
01055,"Etowah County, Alabama",Retained
47053,"Gibson County, Tennessee",Retained
36049,"Lewis County, New York",Retained
55055,"Jefferson County, Wisconsin",Retained
48363,"Palo Pinto County, Texas",Retained
47129,"Morgan County, Tennessee",Retained
47011,"Bradley County, Tennessee",Retained
28095,"Monroe County, Mississippi",Retained
36075,"Oswego County, New York",Retained
17011,"Bureau County, Illinois",Retained
29037,"Cass County, Missouri",Retained
47157,"Shelby County, Tennessee",Retained
05119,"Pulaski County, Arkansas",Retained
22113,"Vermilion Parish, Louisiana",Retained
12107,"Putnam County, Florida",Retained
48027,"Bell County, Texas",Retained
22071,"Orleans Parish, Louisiana",Retained
40087,"McClain County, Oklahoma",Retained
36017,"Chenango County, New York",Retained
42067,"Juniata County, Pennsylvania",Retained
37067,"Forsyth County, North Carolina",Retained
18085,"Kosciusko County, Indiana",Retained
36117,"Wayne County, New York",Retained
39053,"Gallia County, Ohio",Retained
17091,"Kankakee County, Illinois",Retained
39169,"Wayne County, Ohio",Retained
17021,"Christian County, Illinois",Retained
47063,"Hamblen County, Tennessee",Retained
40131,"Rogers County, Oklahoma",Retained
55099,"Price County, Wisconsin",Retained
48183,"Gregg County, Texas",Retained
19013,"Black Hawk County, Iowa",Retained
13233,"Polk County, Georgia",Retained
19155,"Pottawattamie County, Iowa",Retained
18073,"Jasper County, Indiana",Retained
18167,"Vigo County, Indiana",Retained
21199,"Pulaski County, Kentucky",Retained
24001,"Allegany County, Maryland",Retained
13137,"Habersham County, Georgia",Retained
29071,"Franklin County, Missouri",Retained
28035,"Forrest County, Mississippi",Retained
39155,"Trumbull County, Ohio",Retained
01015,"Calhoun County, Alabama",Retained
47155,"Sevier County, Tennessee",Retained
22015,"Bossier Parish, Louisiana",Retained
26129,"Ogemaw County, Michigan",Retained
17037,"DeKalb County, Illinois",Retained
40109,"Oklahoma County, Oklahoma",Retained
22033,"East Baton Rouge Parish, Louisiana",Retained
39101,"Marion County, Ohio",Retained
48281,"Lampasas County, Texas",Retained
45045,"Greenville County, South Carolina",Retained
45055,"Kershaw County, South Carolina",Retained
27137,"St. Louis County, Minnesota",Retained
28135,"Tallahatchie County, Mississippi",Retained
46103,"Pennington County, South Dakota",Retained
47079,"Henry County, Tennessee",Retained
01001,"Autauga County, Alabama",Retained
28121,"Rankin County, Mississippi",Retained
42059,"Greene County, Pennsylvania",Retained
21103,"Henry County, Kentucky",Retained
29109,"Lawrence County, Missouri",Retained
47189,"Wilson County, Tennessee",Retained
26059,"Hillsdale County, Michigan",Retained
51001,"Accomack County, Virginia",Retained
40145,"Wagoner County, Oklahoma",Retained
18051,"Gibson County, Indiana",Retained
26035,"Clare County, Michigan",Retained
35045,"San Juan County, New Mexico",Retained
23025,"Somerset County, Maine",Retained
21111,"Jefferson County, Kentucky",Retained
16083,"Twin Falls County, Idaho",Retained
27153,"Todd County, Minnesota",Retained
27109,"Olmsted County, Minnesota",Retained
13051,"Chatham County, Georgia",Retained
51137,"Orange County, Virginia",Retained
21035,"Calloway County, Kentucky",Retained
26091,"Lenawee County, Michigan",Retained
48245,"Jefferson County, Texas",Retained
35025,"Lea County, New Mexico",Retained
26021,"Berrien County, Michigan",Retained
36067,"Onondaga County, New York",Retained
37171,"Surry County, North Carolina",Retained
39003,"Allen County, Ohio",Retained
26117,"Montcalm County, Michigan",Retained
40001,"Adair County, Oklahoma",Retained
01081,"Lee County, Alabama",Retained
47037,"Davidson County, Tennessee",Retained
01095,"Marshall County, Alabama",Retained
04005,"Coconino County, Arizona",Retained
40097,"Mayes County, Oklahoma",Retained
21231,"Wayne County, Kentucky",Retained
42125,"Washington County, Pennsylvania",Retained
17073,"Henry County, Illinois",Retained
26025,"Calhoun County, Michigan",Retained
39103,"Medina County, Ohio",Retained
45007,"Anderson County, South Carolina",Retained
28145,"Union County, Mississippi",Retained
10001,"Kent County, Delaware",Retained
16019,"Bonneville County, Idaho",Retained
45079,"Richland County, South Carolina",Retained
26121,"Muskegon County, Michigan",Retained
47147,"Robertson County, Tennessee",Retained
55115,"Shawano County, Wisconsin",Retained
26007,"Alpena County, Michigan",Retained
42007,"Beaver County, Pennsylvania",Retained
36101,"Steuben County, New York",Retained
13255,"Spalding County, Georgia",Retained
26065,"Ingham County, Michigan",Retained
02122,"Kenai Peninsula Borough, Alaska",Retained
47069,"Hardeman County, Tennessee",Retained
48249,"Jim Wells County, Texas",Retained
06089,"Shasta County, California",Retained
47143,"Rhea County, Tennessee",Retained
42097,"Northumberland County, Pennsylvania",Retained
49037,"San Juan County, Utah",Retained
45039,"Fairfield County, South Carolina",Retained
47065,"Hamilton County, Tennessee",Retained
26005,"Allegan County, Michigan",Retained
28059,"Jackson County, Mississippi",Retained
18019,"Clark County, Indiana",Retained
39057,"Greene County, Ohio",Retained
13261,"Sumter County, Georgia",Retained
17019,"Champaign County, Illinois",Retained
18093,"Lawrence County, Indiana",Retained
35013,"Doña Ana County, New Mexico",Retained
37051,"Cumberland County, North Carolina",Retained
48449,"Titus County, Texas",Retained
48005,"Angelina County, Texas",Retained
42027,"Centre County, Pennsylvania",Retained
19163,"Scott County, Iowa",Retained
51019,"Bedford County, Virginia",Retained
40143,"Tulsa County, Oklahoma",Retained
50001,"Addison County, Vermont",Retained
53009,"Clallam County, Washington",Retained
48451,"Tom Green County, Texas",Retained
37191,"Wayne County, North Carolina",Retained
37035,"Catawba County, North Carolina",Retained
42107,"Schuylkill County, Pennsylvania",Retained
17163,"St. Clair County, Illinois",Retained
26069,"Iosco County, Michigan",Retained
42117,"Tioga County, Pennsylvania",Retained
36045,"Jefferson County, New York",Retained
02070,"Dillingham Census Area, Alaska",Retained
01115,"St. Clair County, Alabama",Retained
48241,"Jasper County, Texas",Retained
48355,"Nueces County, Texas",Retained
39119,"Muskingum County, Ohio",Retained
27139,"Scott County, Minnesota",Retained
13313,"Whitfield County, Georgia",Retained
24015,"Cecil County, Maryland",Retained
13129,"Gordon County, Georgia",Retained
22053,"Jefferson Davis Parish, Louisiana",Retained
42005,"Armstrong County, Pennsylvania",Retained
36011,"Cayuga County, New York",Retained
42039,"Crawford County, Pennsylvania",Retained
29161,"Phelps County, Missouri",Retained
27165,"Watonwan County, Minnesota",Retained
18011,"Boone County, Indiana",Retained
34041,"Warren County, New Jersey",Retained
36093,"Schenectady County, New York",Retained
13021,"Bibb County, Georgia",Retained
18055,"Greene County, Indiana",Retained
12121,"Suwannee County, Florida",Retained
35061,"Valencia County, New Mexico",Retained
39069,"Henry County, Ohio",Retained
46099,"Minnehaha County, South Dakota",Retained
04003,"Cochise County, Arizona",Retained
40005,"Atoka County, Oklahoma",Retained
21003,"Allen County, Kentucky",Retained
08069,"Larimer County, Colorado",Retained
51041,"Chesterfield County, Virginia",Retained
24510,"Baltimore city, Maryland",Retained
48013,"Atascosa County, Texas",Retained
12113,"Santa Rosa County, Florida",Retained
39097,"Madison County, Ohio",Retained
53019,"Ferry County, Washington",Retained
53017,"Douglas County, Washington",Retained
18141,"St. Joseph County, Indiana",Retained
26141,"Presque Isle County, Michigan",Retained
26017,"Bay County, Michigan",Retained
49013,"Duchesne County, Utah",Retained
37069,"Franklin County, North Carolina",Retained
54061,"Monongalia County, West Virginia",Retained
51680,"Lynchburg city, Virginia",Retained
22099,"St. Martin Parish, Louisiana",Retained
01117,"Shelby County, Alabama",Retained
45043,"Georgetown County, South Carolina",Retained
39015,"Brown County, Ohio",Retained
41071,"Yamhill County, Oregon",Retained
18069,"Huntington County, Indiana",Retained
26031,"Cheboygan County, Michigan",Retained
05065,"Izard County, Arkansas",Retained
26123,"Newaygo County, Michigan",Retained
35043,"Sandoval County, New Mexico",Retained
37167,"Stanly County, North Carolina",Retained
12015,"Charlotte County, Florida",Retained
37135,"Orange County, North Carolina",Retained
53005,"Benton County, Washington",Retained
29061,"Daviess County, Missouri",Retained
22109,"Terrebonne Parish, Louisiana",Retained
55017,"Chippewa County, Wisconsin",Retained
36107,"Tioga County, New York",Retained
28093,"Marshall County, Mississippi",Retained
37091,"Hertford County, North Carolina",Retained
39061,"Hamilton County, Ohio",Retained
39139,"Richland County, Ohio",Retained
12085,"Martin County, Florida",Retained
20059,"Franklin County, Kansas",Retained
12001,"Alachua County, Florida",Retained
21093,"Hardin County, Kentucky",Retained
45019,"Charleston County, South Carolina",Retained
39089,"Licking County, Ohio",Retained
51700,"Newport News city, Virginia",Retained
19045,"Clinton County, Iowa",Retained
05145,"White County, Arkansas",Retained
54049,"Marion County, West Virginia",Retained
39173,"Wood County, Ohio",Retained
45051,"Horry County, South Carolina",Retained
04001,"Apache County, Arizona",Retained
32023,"Nye County, Nevada",Retained
22051,"Jefferson Parish, Louisiana",Retained
18137,"Ripley County, Indiana",Retained
42121,"Venango County, Pennsylvania",Retained
05085,"Lonoke County, Arkansas",Retained
48213,"Henderson County, Texas",Retained
27115,"Pine County, Minnesota",Retained
45091,"York County, South Carolina",Retained
17119,"Madison County, Illinois",Retained
18053,"Grant County, Indiana",Retained
13277,"Tift County, Georgia",Retained
55009,"Brown County, Wisconsin",Retained
39093,"Lorain County, Ohio",Retained
13071,"Colquitt County, Georgia",Retained
36089,"St. Lawrence County, New York",Retained
54029,"Hancock County, West Virginia",Retained
47055,"Giles County, Tennessee",Retained
36065,"Oneida County, New York",Retained
51710,"Norfolk city, Virginia",Retained
39073,"Hocking County, Ohio",Retained
21215,"Spencer County, Kentucky",Retained
29077,"Greene County, Missouri",Retained
55105,"Rock County, Wisconsin",Retained
26079,"Kalkaska County, Michigan",Retained
53021,"Franklin County, Washington",Retained
22103,"St. Tammany Parish, Louisiana",Retained
17081,"Jefferson County, Illinois",Retained
36003,"Allegany County, New York",Retained
05069,"Jefferson County, Arkansas",Retained
10005,"Sussex County, Delaware",Retained
37147,"Pitt County, North Carolina",Retained
48231,"Hunt County, Texas",Retained
29095,"Jackson County, Missouri",Retained
13245,"Richmond County, Georgia",Retained
26151,"Sanilac County, Michigan",Retained
09160,"Northwest Hills Planning Region, Connecticut",Retained
16005,"Bannock County, Idaho",Retained
54069,"Ohio County, West Virginia",Retained
51165,"Rockingham County, Virginia",Retained
19113,"Linn County, Iowa",Retained
12127,"Volusia County, Florida",Retained
18097,"Marion County, Indiana",Retained
13029,"Bryan County, Georgia",Retained
27061,"Itasca County, Minnesota",Retained
19153,"Polk County, Iowa",Retained
36007,"Broome County, New York",Retained
30063,"Missoula County, Montana",Retained
12023,"Columbia County, Florida",Retained
13035,"Butts County, Georgia",Retained
01121,"Talladega County, Alabama",Retained
13187,"Lumpkin County, Georgia",Retained
16001,"Ada County, Idaho",Retained
22087,"St. Bernard Parish, Louisiana",Retained
17099,"LaSalle County, Illinois",Retained
51650,"Hampton city, Virginia",Retained
48323,"Maverick County, Texas",Retained
51083,"Halifax County, Virginia",Retained
40037,"Creek County, Oklahoma",Retained
40141,"Tillman County, Oklahoma",Retained
01051,"Elmore County, Alabama",Retained
41009,"Columbia County, Oregon",Retained
06025,"Imperial County, California",Retained
39005,"Ashland County, Ohio",Retained
48423,"Smith County, Texas",Retained
26063,"Huron County, Michigan",Retained
41011,"Coos County, Oregon",Retained
39063,"Hancock County, Ohio",Retained
42105,"Potter County, Pennsylvania",Retained
27057,"Hubbard County, Minnesota",Retained
05007,"Benton County, Arkansas",Retained
39035,"Cuyahoga County, Ohio",Retained
17161,"Rock Island County, Illinois",Retained
42031,"Clarion County, Pennsylvania",Retained
37071,"Gaston County, North Carolina",Retained
53015,"Cowlitz County, Washington",Retained
37007,"Anson County, North Carolina",Retained
45015,"Berkeley County, South Carolina",Retained
55031,"Douglas County, Wisconsin",Retained
16055,"Kootenai County, Idaho",Retained
20173,"Sedgwick County, Kansas",Retained
36055,"Monroe County, New York",Retained
34007,"Camden County, New Jersey",Retained
37057,"Davidson County, North Carolina",Retained
05115,"Pope County, Arkansas",Retained
35031,"McKinley County, New Mexico",Retained
05125,"Saline County, Arkansas",Retained
26155,"Shiawassee County, Michigan",Retained
01031,"Coffee County, Alabama",Retained
55027,"Dodge County, Wisconsin",Retained
47165,"Sumner County, Tennessee",Retained
13257,"Stephens County, Georgia",Retained
45013,"Beaufort County, South Carolina",Retained
40027,"Cleveland County, Oklahoma",Retained
02170,"Matanuska-Susitna Borough, Alaska",Retained
40065,"Jackson County, Oklahoma",Retained
34033,"Salem County, New Jersey",Retained
13063,"Clayton County, Georgia",Retained
31109,"Lancaster County, Nebraska",Retained
37097,"Iredell County, North Carolina",Retained
42083,"McKean County, Pennsylvania",Retained
01123,"Tallapoosa County, Alabama",Retained
55065,"Lafayette County, Wisconsin",Retained
48133,"Eastland County, Texas",Retained
29027,"Callaway County, Missouri",Retained
36043,"Herkimer County, New York",Retained
22057,"Lafourche Parish, Louisiana",Retained
37093,"Hoke County, North Carolina",Retained
37101,"Johnston County, North Carolina",Retained
48397,"Rockwall County, Texas",Retained
51143,"Pittsylvania County, Virginia",Retained
48203,"Harrison County, Texas",Retained
01049,"DeKalb County, Alabama",Retained
42055,"Franklin County, Pennsylvania",Retained
48055,"Caldwell County, Texas",Retained
08029,"Delta County, Colorado",Retained
35001,"Bernalillo County, New Mexico",Retained
42129,"Westmoreland County, Pennsylvania",Retained
05033,"Crawford County, Arkansas",Retained
55095,"Polk County, Wisconsin",Retained
36097,"Schuyler County, New York",Retained
37081,"Guilford County, North Carolina",Retained
55001,"Adams County, Wisconsin",Retained
37083,"Halifax County, North Carolina",Retained
13115,"Floyd County, Georgia",Retained
12073,"Leon County, Florida",Retained
39049,"Franklin County, Ohio",Retained
08031,"Denver County, Colorado",Retained
39017,"Butler County, Ohio",Retained
42057,"Fulton County, Pennsylvania",Retained
17057,"Fulton County, Illinois",Retained
39165,"Warren County, Ohio",Retained
12017,"Citrus County, Florida",Retained
39151,"Stark County, Ohio",Retained
48001,"Anderson County, Texas",Retained
42019,"Butler County, Pennsylvania",Retained
01103,"Morgan County, Alabama",Retained
29177,"Ray County, Missouri",Retained
36077,"Otsego County, New York",Retained
12031,"Duval County, Florida",Retained
25015,"Hampshire County, Massachusetts",Retained
42133,"York County, Pennsylvania",Retained
45025,"Chesterfield County, South Carolina",Retained
36083,"Rensselaer County, New York",Retained
26159,"Van Buren County, Michigan",Retained
24043,"Washington County, Maryland",Retained
42003,"Allegheny County, Pennsylvania",Retained
18003,"Allen County, Indiana",Retained
48329,"Midland County, Texas",Retained
42111,"Somerset County, Pennsylvania",Retained
27001,"Aitkin County, Minnesota",Retained
13297,"Walton County, Georgia",Retained
08041,"El Paso County, Colorado",Retained
50021,"Rutland County, Vermont",Retained
55111,"Sauk County, Wisconsin",Retained
42115,"Susquehanna County, Pennsylvania",Retained
21209,"Scott County, Kentucky",Retained
37193,"Wilkes County, North Carolina",Retained
49027,"Millard County, Utah",Retained
45041,"Florence County, South Carolina",Retained
29183,"St. Charles County, Missouri",Retained
39007,"Ashtabula County, Ohio",Retained
32019,"Lyon County, Nevada",Retained
37025,"Cabarrus County, North Carolina",Retained
39085,"Lake County, Ohio",Retained
37131,"Northampton County, North Carolina",Retained
26049,"Genesee County, Michigan",Retained
23019,"Penobscot County, Maine",Retained
05143,"Washington County, Arkansas",Retained
48209,"Hays County, Texas",Retained
01089,"Madison County, Alabama",Retained
26023,"Branch County, Michigan",Retained
51550,"Chesapeake city, Virginia",Retained
13149,"Heard County, Georgia",Retained
42109,"Snyder County, Pennsylvania",Retained
26015,"Barry County, Michigan",Retained
29023,"Butler County, Missouri",Retained
37021,"Buncombe County, North Carolina",Retained
47043,"Dickson County, Tennessee",Retained
02090,"Fairbanks North Star Borough, Alaska",Retained
13107,"Emanuel County, Georgia",Retained
37001,"Alamance County, North Carolina",Retained
12061,"Indian River County, Florida",Retained
13275,"Thomas County, Georgia",Retained
08077,"Mesa County, Colorado",Retained
29187,"St. Francois County, Missouri",Retained
23017,"Oxford County, Maine",Retained
23027,"Waldo County, Maine",Retained
55083,"Oconto County, Wisconsin",Retained
18063,"Hendricks County, Indiana",Retained
18089,"Lake County, Indiana",Retained
05131,"Sebastian County, Arkansas",Retained
29047,"Clay County, Missouri",Retained
19103,"Johnson County, Iowa",Retained
18039,"Elkhart County, Indiana",Retained
13175,"Laurens County, Georgia",Retained
55107,"Rusk County, Wisconsin",Retained
53057,"Skagit County, Washington",Retained
12081,"Manatee County, Florida",Retained
42081,"Lycoming County, Pennsylvania",Retained
48091,"Comal County, Texas",Retained
45083,"Spartanburg County, South Carolina",Retained
39129,"Pickaway County, Ohio",Retained
24025,"Harford County, Maryland",Retained
13185,"Lowndes County, Georgia",Retained
26127,"Oceana County, Michigan",Retained
08123,"Weld County, Colorado",Retained
05055,"Greene County, Arkansas",Retained
32007,"Elko County, Nevada",Retained
29019,"Boone County, Missouri",Retained
18031,"Decatur County, Indiana",Retained
51109,"Louisa County, Virginia",Retained
13207,"Monroe County, Georgia",Retained
48039,"Brazoria County, Texas",Retained
48325,"Medina County, Texas",Retained
50011,"Franklin County, Vermont",Retained
13153,"Houston County, Georgia",Retained
21185,"Oldham County, Kentucky",Retained
51177,"Spotsylvania County, Virginia",Retained
36051,"Livingston County, New York",Retained
55089,"Ozaukee County, Wisconsin",Retained
24011,"Caroline County, Maryland",Retained
06057,"Nevada County, California",Retained
37157,"Rockingham County, North Carolina",Retained
39133,"Portage County, Ohio",Retained
42049,"Erie County, Pennsylvania",Retained
12119,"Sumter County, Florida",Retained
13157,"Jackson County, Georgia",Retained
12091,"Okaloosa County, Florida",Retained
27145,"Stearns County, Minnesota",Retained
39043,"Erie County, Ohio",Retained
04027,"Yuma County, Arizona",Retained
24017,"Charles County, Maryland",Retained
51760,"Richmond city, Virginia",Retained
36029,"Erie County, New York",Retained
26105,"Mason County, Michigan",Retained
41039,"Lane County, Oregon",Retained
49057,"Weber County, Utah",Retained
13089,"DeKalb County, Georgia",Retained
51003,"Albemarle County, Virginia",Retained
55141,"Wood County, Wisconsin",Retained
29221,"Washington County, Missouri",Retained
37063,"Durham County, North Carolina",Retained
06045,"Mendocino County, California",Retained
27091,"Martin County, Minnesota",Retained
55077,"Marquette County, Wisconsin",Retained
21047,"Christian County, Kentucky",Retained
37151,"Randolph County, North Carolina",Retained
48409,"San Patricio County, Texas",Retained
35039,"Rio Arriba County, New Mexico",Retained
51187,"Warren County, Virginia",Retained
48097,"Cooke County, Texas",Retained
42043,"Dauphin County, Pennsylvania",Retained
48349,"Navarro County, Texas",Retained
01009,"Blount County, Alabama",Retained
37109,"Lincoln County, North Carolina",Retained
18091,"LaPorte County, Indiana",Retained
53067,"Thurston County, Washington",Retained
47057,"Grainger County, Tennessee",Retained
55079,"Milwaukee County, Wisconsin",Retained
55087,"Outagamie County, Wisconsin",Retained
51009,"Amherst County, Virginia",Retained
18043,"Floyd County, Indiana",Retained
34009,"Cape May County, New Jersey",Retained
26027,"Cass County, Michigan",Retained
48469,"Victoria County, Texas",Retained
18067,"Howard County, Indiana",Retained
48167,"Galveston County, Texas",Retained
28033,"DeSoto County, Mississippi",Retained
25001,"Barnstable County, Massachusetts",Retained
26163,"Wayne County, Michigan",Retained
29189,"St. Louis County, Missouri",Retained
50023,"Washington County, Vermont",Retained
26115,"Monroe County, Michigan",Retained
33009,"Grafton County, New Hampshire",Retained
39141,"Ross County, Ohio",Retained
26147,"St. Clair County, Michigan",Retained
29099,"Jefferson County, Missouri",Retained
36053,"Madison County, New York",Retained
23005,"Cumberland County, Maine",Retained
20209,"Wyandotte County, Kansas",Retained
42101,"Philadelphia County, Pennsylvania",Retained
29145,"Newton County, Missouri",Retained
37141,"Pender County, North Carolina",Retained
13015,"Bartow County, Georgia",Retained
40125,"Pottawatomie County, Oklahoma",Retained
11001,"District of Columbia, District of Columbia",Retained
55071,"Manitowoc County, Wisconsin",Retained
28075,"Lauderdale County, Mississippi",Retained
39153,"Summit County, Ohio",Retained
01003,"Baldwin County, Alabama",Retained
53047,"Okanogan County, Washington",Retained
22093,"St. James Parish, Louisiana",Retained
55069,"Lincoln County, Wisconsin",Retained
04019,"Pima County, Arizona",Retained
12103,"Pinellas County, Florida",Retained
48427,"Starr County, Texas",Retained
48217,"Hill County, Texas",Retained
45033,"Dillon County, South Carolina",Retained
48143,"Erath County, Texas",Retained
26101,"Manistee County, Michigan",Retained
17177,"Stephenson County, Illinois",Retained
50017,"Orange County, Vermont",Retained
26149,"St. Joseph County, Michigan",Retained
01093,"Marion County, Alabama",Retained
42025,"Carbon County, Pennsylvania",Retained
48187,"Guadalupe County, Texas",Retained
48339,"Montgomery County, Texas",Retained
53045,"Mason County, Washington",Retained
05049,"Fulton County, Arkansas",Retained
48113,"Dallas County, Texas",Retained
29165,"Platte County, Missouri",Retained
20013,"Brown County, Kansas",Retained
53065,"Stevens County, Washington",Retained
17201,"Winnebago County, Illinois",Retained
51161,"Roanoke County, Virginia",Retained
55043,"Grant County, Wisconsin",Retained
53035,"Kitsap County, Washington",Retained
23001,"Androscoggin County, Maine",Retained
05063,"Independence County, Arkansas",Retained
35005,"Chaves County, New Mexico",Retained
18059,"Hancock County, Indiana",Retained
36031,"Essex County, New York",Retained
51800,"Suffolk city, Virginia",Retained
37037,"Chatham County, North Carolina",Retained
36027,"Dutchess County, New York",Retained
26037,"Clinton County, Michigan",Retained
17113,"McLean County, Illinois",Retained
13121,"Fulton County, Georgia",Retained
37085,"Harnett County, North Carolina",Retained
12009,"Brevard County, Florida",Retained
26081,"Kent County, Michigan",Retained
36039,"Greene County, New York",Retained
04021,"Pinal County, Arizona",Retained
39045,"Fairfield County, Ohio",Retained
16053,"Jerome County, Idaho",Retained
42079,"Luzerne County, Pennsylvania",Retained
13247,"Rockdale County, Georgia",Retained
42093,"Montour County, Pennsylvania",Retained
12053,"Hernando County, Florida",Retained
36071,"Orange County, New York",Retained
04015,"Mohave County, Arizona",Retained
30029,"Flathead County, Montana",Retained
13045,"Carroll County, Georgia",Retained
12019,"Clay County, Florida",Retained
55075,"Marinette County, Wisconsin",Retained
48139,"Ellis County, Texas",Retained
26077,"Kalamazoo County, Michigan",Retained
44009,"Washington County, Rhode Island",Retained
37089,"Henderson County, North Carolina",Retained
25013,"Hampden County, Massachusetts",Retained
12057,"Hillsborough County, Florida",Retained
49047,"Uintah County, Utah",Retained
39077,"Huron County, Ohio",Retained
04009,"Graham County, Arizona",Retained
18127,"Porter County, Indiana",Retained
55025,"Dane County, Wisconsin",Retained
42069,"Lackawanna County, Pennsylvania",Retained
19139,"Muscatine County, Iowa",Retained
26145,"Saginaw County, Michigan",Retained
45035,"Dorchester County, South Carolina",Retained
32031,"Washoe County, Nevada",Retained
55053,"Jackson County, Wisconsin",Retained
48181,"Grayson County, Texas",Retained
51087,"Henrico County, Virginia",Retained
37065,"Edgecombe County, North Carolina",Retained
18081,"Johnson County, Indiana",Retained
20091,"Johnson County, Kansas",Retained
23031,"York County, Maine",Retained
21037,"Campbell County, Kentucky",Retained
48257,"Kaufman County, Texas",Retained
10003,"New Castle County, Delaware",Retained
48473,"Waller County, Texas",Retained
29097,"Jasper County, Missouri",Retained
36001,"Albany County, New York",Retained
42095,"Northampton County, Pennsylvania",Retained
51069,"Frederick County, Virginia",Retained
04025,"Yavapai County, Arizona",Retained
39117,"Morrow County, Ohio",Retained
13217,"Newton County, Georgia",Retained
09170,"South Central Connecticut Planning Region, Connecticut",Retained
53041,"Lewis County, Washington",Retained
53077,"Yakima County, Washington",Retained
41017,"Deschutes County, Oregon",Retained
47009,"Blount County, Tennessee",Retained
13223,"Paulding County, Georgia",Retained
47149,"Rutherford County, Tennessee",Retained
26161,"Washtenaw County, Michigan",Retained
27019,"Carver County, Minnesota",Retained
06041,"Marin County, California",Retained
18005,"Bartholomew County, Indiana",Retained
13151,"Henry County, Georgia",Retained
48491,"Williamson County, Texas",Retained
13139,"Hall County, Georgia",Retained
36005,"Bronx County, New York",Retained
48021,"Bastrop County, Texas",Retained
36073,"Orleans County, New York",Retained
42071,"Lancaster County, Pennsylvania",Retained
25011,"Franklin County, Massachusetts",Retained
39157,"Tuscarawas County, Ohio",Retained
48367,"Parker County, Texas",Retained
47059,"Greene County, Tennessee",Retained
48467,"Van Zandt County, Texas",Retained
48493,"Wilson County, Texas",Retained
09140,"Naugatuck Valley Planning Region, Connecticut",Retained
51036,"Charles City County, Virginia",Retained
48251,"Johnson County, Texas",Retained
08059,"Jefferson County, Colorado",Retained
48201,"Harris County, Texas",Retained
48029,"Bexar County, Texas",Retained
47099,"Lawrence County, Tennessee",Retained
48221,"Hood County, Texas",Retained
37119,"Mecklenburg County, North Carolina",Retained
47021,"Cheatham County, Tennessee",Retained
34037,"Sussex County, New Jersey",Retained
51199,"York County, Virginia",Retained
12099,"Palm Beach County, Florida",Retained
12089,"Nassau County, Florida",Retained
22117,"Washington Parish, Louisiana",Retained
48061,"Cameron County, Texas",Retained
48141,"El Paso County, Texas",Retained
53075,"Whitman County, Washington",Retained
24033,"Prince George's County, Maryland",Retained
27095,"Mille Lacs County, Minnesota",Retained
34005,"Burlington County, New Jersey",Retained
04023,"Santa Cruz County, Arizona",Retained
34013,"Essex County, New Jersey",Retained
53063,"Spokane County, Washington",Retained
19193,"Woodbury County, Iowa",Retained
51095,"James City County, Virginia",Retained
06029,"Kern County, California",Retained
33017,"Strafford County, New Hampshire",Retained
13097,"Douglas County, Georgia",Retained
42011,"Berks County, Pennsylvania",Retained
49045,"Tooele County, Utah",Retained
48215,"Hidalgo County, Texas",Retained
15001,"Hawaii County, Hawaii",Retained
41019,"Douglas County, Oregon",Retained
42001,"Adams County, Pennsylvania",Retained
31055,"Douglas County, Nebraska",Retained
36111,"Ulster County, New York",Retained
48439,"Tarrant County, Texas",Retained
12071,"Lee County, Florida",Retained
45057,"Lancaster County, South Carolina",Retained
20103,"Leavenworth County, Kansas",Retained
51510,"Alexandria city, Virginia",Retained
55133,"Waukesha County, Wisconsin",Retained
06017,"El Dorado County, California",Retained
42103,"Pike County, Pennsylvania",Retained
26109,"Menominee County, Michigan",Retained
12105,"Polk County, Florida",Retained
53027,"Grays Harbor County, Washington",Retained
53011,"Clark County, Washington",Retained
26067,"Ionia County, Michigan",Retained
37077,"Granville County, North Carolina",Retained
42075,"Lebanon County, Pennsylvania",Retained
48479,"Webb County, Texas",Retained
37105,"Lee County, North Carolina",Retained
27059,"Isanti County, Minnesota",Retained
25005,"Bristol County, Massachusetts",Retained
34015,"Gloucester County, New Jersey",Retained
41043,"Linn County, Oregon",Retained
55063,"La Crosse County, Wisconsin",Retained
06031,"Kings County, California",Retained
55059,"Kenosha County, Wisconsin",Retained
12021,"Collier County, Florida",Retained
27099,"Mower County, Minnesota",Retained
42017,"Bucks County, Pennsylvania",Retained
55123,"Vernon County, Wisconsin",Retained
41029,"Jackson County, Oregon",Retained
33019,"Sullivan County, New Hampshire",Retained
09150,"Northeastern Connecticut Planning Region, Connecticut",Retained
26075,"Jackson County, Michigan",Retained
51179,"Stafford County, Virginia",Retained
47141,"Putnam County, Tennessee",Retained
27065,"Kanabec County, Minnesota",Retained
51810,"Virginia Beach city, Virginia",Retained
08001,"Adams County, Colorado",Retained
27053,"Hennepin County, Minnesota",Retained
27035,"Crow Wing County, Minnesota",Retained
42041,"Cumberland County, Pennsylvania",Retained
44007,"Providence County, Rhode Island",Retained
40017,"Canadian County, Oklahoma",Retained
09130,"Lower Connecticut River Valley Planning Region, Connecticut",Retained
49005,"Cache County, Utah",Retained
06007,"Butte County, California",Retained
16011,"Bingham County, Idaho",Retained
48453,"Travis County, Texas",Retained
34011,"Cumberland County, New Jersey",Retained
54037,"Jefferson County, West Virginia",Retained
33011,"Hillsborough County, New Hampshire",Retained
37127,"Nash County, North Carolina",Retained
33001,"Belknap County, New Hampshire",Retained
12069,"Lake County, Florida",Retained
24045,"Wicomico County, Maryland",Retained
27049,"Goodhue County, Minnesota",Retained
27111,"Otter Tail County, Minnesota",Retained
09110,"Capitol Planning Region, Connecticut",Retained
04013,"Maricopa County, Arizona",Retained
36091,"Saratoga County, New York",Retained
26029,"Charlevoix County, Michigan",Retained
13067,"Cobb County, Georgia",Retained
55139,"Winnebago County, Wisconsin",Retained
12117,"Seminole County, Florida",Retained
17093,"Kendall County, Illinois",Retained
42045,"Delaware County, Pennsylvania",Retained
41047,"Marion County, Oregon",Retained
12101,"Pasco County, Florida",Retained
09120,"Greater Bridgeport Planning Region, Connecticut",Retained
26061,"Houghton County, Michigan",Retained
33015,"Rockingham County, New Hampshire",Retained
12109,"St. Johns County, Florida",Retained
33005,"Cheshire County, New Hampshire",Retained
37183,"Wake County, North Carolina",Retained
51085,"Hanover County, Virginia",Retained
17173,"Shelby County, Illinois",Retained
25009,"Essex County, Massachusetts",Retained
53007,"Chelan County, Washington",Retained
51047,"Culpeper County, Virginia",Retained
29101,"Johnson County, Missouri",Retained
32003,"Clark County, Nevada",Retained
26099,"Macomb County, Michigan",Retained
42091,"Montgomery County, Pennsylvania",Retained
53053,"Pierce County, Washington",Retained
06061,"Placer County, California",Retained
42029,"Chester County, Pennsylvania",Retained
47187,"Williamson County, Tennessee",Retained
26157,"Tuscola County, Michigan",Retained
23011,"Kennebec County, Maine",Retained
25023,"Plymouth County, Massachusetts",Retained
17197,"Will County, Illinois",Retained
51013,"Arlington County, Virginia",Retained
36061,"New York County, New York",Retained
27003,"Anoka County, Minnesota",Retained
41033,"Josephine County, Oregon",Retained
26107,"Mecosta County, Michigan",Retained
06079,"San Luis Obispo County, California",Retained
06095,"Solano County, California",Retained
28107,"Panola County, Mississippi",Retained
51099,"King George County, Virginia",Retained
51031,"Campbell County, Virginia",Retained
12111,"St. Lucie County, Florida",Retained
17031,"Cook County, Illinois",Retained
34025,"Monmouth County, New Jersey",Retained
24003,"Anne Arundel County, Maryland",Retained
24005,"Baltimore County, Maryland",Retained
06113,"Yolo County, California",Retained
49041,"Sevier County, Utah",Retained
08013,"Boulder County, Colorado",Retained
37179,"Union County, North Carolina",Retained
13135,"Gwinnett County, Georgia",Retained
55081,"Monroe County, Wisconsin",Retained
06019,"Fresno County, California",Retained
42077,"Lehigh County, Pennsylvania",Retained
54003,"Berkeley County, West Virginia",Retained
27037,"Dakota County, Minnesota",Retained
06107,"Tulare County, California",Retained
25027,"Worcester County, Massachusetts",Retained
08005,"Arapahoe County, Colorado",Retained
02020,"Anchorage Municipality, Alaska",Retained
36047,"Kings County, New York",Retained
16027,"Canyon County, Idaho",Retained
53061,"Snohomish County, Washington",Retained
12095,"Orange County, Florida",Retained
34029,"Ocean County, New Jersey",Retained
53025,"Grant County, Washington",Retained
26125,"Oakland County, Michigan",Retained
48157,"Fort Bend County, Texas",Retained
13073,"Columbia County, Georgia",Retained
18057,"Hamilton County, Indiana",Retained
06073,"San Diego County, California",Retained
24037,"St. Mary's County, Maryland",Retained
12035,"Flagler County, Florida",Retained
48121,"Denton County, Texas",Retained
26139,"Ottawa County, Michigan",Retained
26165,"Wexford County, Michigan",Retained
55137,"Waushara County, Wisconsin",Retained
24013,"Carroll County, Maryland",Retained
26045,"Eaton County, Michigan",Retained
41003,"Benton County, Oregon",Retained
09180,"Southeastern Connecticut Planning Region, Connecticut",Retained
12115,"Sarasota County, Florida",Retained
41005,"Clackamas County, Oregon",Retained
49035,"Salt Lake County, Utah",Retained
15007,"Kauai County, Hawaii",Retained
36069,"Ontario County, New York",Retained
06097,"Sonoma County, California",Retained
12011,"Broward County, Florida",Retained
41051,"Multnomah County, Oregon",Retained
06047,"Merced County, California",Retained
08035,"Douglas County, Colorado",Retained
06115,"Yuba County, California",Retained
25025,"Suffolk County, Massachusetts",Retained
13057,"Cherokee County, Georgia",Retained
12083,"Marion County, Florida",Retained
55121,"Trempealeau County, Wisconsin",Retained
13113,"Fayette County, Georgia",Retained
49049,"Utah County, Utah",Retained
06081,"San Mateo County, California",Retained
49053,"Washington County, Utah",Retained
17097,"Lake County, Illinois",Retained
34021,"Mercer County, New Jersey",Retained
06067,"Sacramento County, California",Retained
09190,"Western Connecticut Planning Region, Connecticut",Retained
51153,"Prince William County, Virginia",Retained
17111,"McHenry County, Illinois",Retained
53033,"King County, Washington",Retained
06099,"Stanislaus County, California",Retained
42089,"Monroe County, Pennsylvania",Retained
12097,"Osceola County, Florida",Retained
06039,"Madera County, California",Retained
46101,"Moody County, South Dakota",Retained
24027,"Howard County, Maryland",Retained
06087,"Santa Cruz County, California",Retained
24009,"Calvert County, Maryland",Retained
48085,"Collin County, Texas",Retained
34001,"Atlantic County, New Jersey",Retained
06101,"Sutter County, California",Retained
17089,"Kane County, Illinois",Retained
31153,"Sarpy County, Nebraska",Retained
41053,"Polk County, Oregon",Retained
27163,"Washington County, Minnesota",Retained
13117,"Forsyth County, Georgia",Retained
27141,"Sherburne County, Minnesota",Retained
27123,"Ramsey County, Minnesota",Retained
36119,"Westchester County, New York",Retained
24021,"Frederick County, Maryland",Retained
06071,"San Bernardino County, California",Retained
18183,"Whitley County, Indiana",Retained
34031,"Passaic County, New Jersey",Retained
44003,"Kent County, Rhode Island",Retained
49003,"Box Elder County, Utah",Retained
17043,"DuPage County, Illinois",Retained
55117,"Sheboygan County, Wisconsin",Retained
06013,"Contra Costa County, California",Retained
33013,"Merrimack County, New Hampshire",Retained
51107,"Loudoun County, Virginia",Retained
48497,"Wise County, Texas",Retained
13013,"Barrow County, Georgia",Retained
05149,"Yell County, Arkansas",Retained
15009,"Maui County, Hawaii",Retained
51059,"Fairfax County, Virginia",Retained
06037,"Los Angeles County, California",Retained
49039,"Sanpete County, Utah",Retained
34003,"Bergen County, New Jersey",Retained
24031,"Montgomery County, Maryland",Retained
15003,"Honolulu County, Hawaii",Retained
41067,"Washington County, Oregon",Retained
36081,"Queens County, New York",Retained
06065,"Riverside County, California",Retained
06001,"Alameda County, California",Retained
34017,"Hudson County, New Jersey",Retained
36103,"Suffolk County, New York",Retained
26093,"Livingston County, Michigan",Retained
36087,"Rockland County, New York",Retained
34027,"Morris County, New Jersey",Retained
06077,"San Joaquin County, California",Retained
12086,"Miami-Dade County, Florida",Retained
55033,"Dunn County, Wisconsin",Retained
06111,"Ventura County, California",Retained
36085,"Richmond County, New York",Retained
34039,"Union County, New Jersey",Retained
25021,"Norfolk County, Massachusetts",Retained
06059,"Orange County, California",Retained
26087,"Lapeer County, Michigan",Retained
06083,"Santa Barbara County, California",Retained
25017,"Middlesex County, Massachusetts",Retained
06075,"San Francisco County, California",Retained
49011,"Davis County, Utah",Retained
34023,"Middlesex County, New Jersey",Retained
36059,"Nassau County, New York",Retained
06085,"Santa Clara County, California",Retained
06023,"Humboldt County, California",Retained
36121,"Wyoming County, New York",Retained
27171,"Wright County, Minnesota",Retained
06069,"San Benito County, California",Retained
39041,"Delaware County, Ohio",Retained
34035,"Somerset County, New Jersey",Retained
06053,"Monterey County, California",Retained
55127,"Walworth County, Wisconsin",Retained
26113,"Missaukee County, Michigan",Retained
06055,"Napa County, California",Retained
01007,"Bibb County, Alabama",Percentage MOE exceeds 50% of estimate
01011,"Bullock County, Alabama",Caregiver count MOE exceeds 50% of estimate
01019,"Cherokee County, Alabama",Caregiver count MOE exceeds 50% of estimate
01023,"Choctaw County, Alabama",Caregiver count MOE exceeds 50% of estimate
01027,"Clay County, Alabama",Caregiver count MOE exceeds 50% of estimate
01029,"Cleburne County, Alabama",Caregiver count MOE exceeds 50% of estimate
01033,"Colbert County, Alabama",Caregiver count MOE exceeds 50% of estimate
01035,"Conecuh County, Alabama",Caregiver count MOE exceeds 50% of estimate
01037,"Coosa County, Alabama",Percentage MOE exceeds 50% of estimate
01041,"Crenshaw County, Alabama",Caregiver count MOE exceeds 50% of estimate
01059,"Franklin County, Alabama",Caregiver count MOE exceeds 50% of estimate
01065,"Hale County, Alabama",Caregiver count MOE exceeds 50% of estimate
01067,"Henry County, Alabama",Caregiver count MOE exceeds 50% of estimate
01085,"Lowndes County, Alabama",Caregiver count MOE exceeds 50% of estimate
01091,"Marengo County, Alabama",Caregiver count MOE exceeds 50% of estimate
01105,"Perry County, Alabama",Caregiver count MOE exceeds 50% of estimate
01119,"Sumter County, Alabama",Caregiver count MOE exceeds 50% of estimate
01129,"Washington County, Alabama",Caregiver count MOE exceeds 50% of estimate
01131,"Wilcox County, Alabama",Caregiver count MOE exceeds 50% of estimate
02013,"Aleutians East Borough, Alaska",Caregiver count MOE exceeds 50% of estimate
02016,"Aleutians West Census Area, Alaska",Percentage MOE exceeds 50% of estimate
02060,"Bristol Bay Borough, Alaska",Percentage MOE exceeds 50% of estimate
02063,"Chugach Census Area, Alaska",Percentage MOE exceeds 50% of estimate
02066,"Copper River Census Area, Alaska",Percentage MOE exceeds 50% of estimate
02068,"Denali Borough, Alaska",Percentage MOE exceeds 50% of estimate
02100,"Haines Borough, Alaska",Unavailable MOE or zero percentage
02105,"Hoonah-Angoon Census Area, Alaska",Caregiver count MOE exceeds 50% of estimate
02110,"Juneau City and Borough, Alaska",Percentage MOE exceeds 50% of estimate
02150,"Kodiak Island Borough, Alaska",Percentage MOE exceeds 50% of estimate
02164,"Lake and Peninsula Borough, Alaska",Caregiver count MOE exceeds 50% of estimate
02195,"Petersburg Borough, Alaska",Caregiver count MOE exceeds 50% of estimate
02220,"Sitka City and Borough, Alaska",Percentage MOE exceeds 50% of estimate
02230,"Skagway Municipality, Alaska",Percentage MOE exceeds 50% of estimate
02240,"Southeast Fairbanks Census Area, Alaska",Caregiver count MOE exceeds 50% of estimate
02275,"Wrangell City and Borough, Alaska",Percentage MOE exceeds 50% of estimate
02282,"Yakutat City and Borough, Alaska",Percentage MOE exceeds 50% of estimate
04011,"Greenlee County, Arizona",Percentage MOE exceeds 50% of estimate
05003,"Ashley County, Arkansas",Percentage MOE exceeds 50% of estimate
05005,"Baxter County, Arkansas",Caregiver count MOE exceeds 50% of estimate
05011,"Bradley County, Arkansas",Caregiver count MOE exceeds 50% of estimate
05017,"Chicot County, Arkansas",Caregiver count MOE exceeds 50% of estimate
05025,"Cleveland County, Arkansas",Percentage MOE exceeds 50% of estimate
05027,"Columbia County, Arkansas",Caregiver count MOE exceeds 50% of estimate
05029,"Conway County, Arkansas",Caregiver count MOE exceeds 50% of estimate
05039,"Dallas County, Arkansas",Percentage MOE exceeds 50% of estimate
05053,"Grant County, Arkansas",Caregiver count MOE exceeds 50% of estimate
05061,"Howard County, Arkansas",Caregiver count MOE exceeds 50% of estimate
05067,"Jackson County, Arkansas",Caregiver count MOE exceeds 50% of estimate
05077,"Lee County, Arkansas",Percentage MOE exceeds 50% of estimate
05079,"Lincoln County, Arkansas",Caregiver count MOE exceeds 50% of estimate
05081,"Little River County, Arkansas",Caregiver count MOE exceeds 50% of estimate
05087,"Madison County, Arkansas",Caregiver count MOE exceeds 50% of estimate
05095,"Monroe County, Arkansas",Caregiver count MOE exceeds 50% of estimate
05097,"Montgomery County, Arkansas",Percentage MOE exceeds 50% of estimate
05099,"Nevada County, Arkansas",Percentage MOE exceeds 50% of estimate
05101,"Newton County, Arkansas",Percentage MOE exceeds 50% of estimate
05105,"Perry County, Arkansas",Caregiver count MOE exceeds 50% of estimate
05109,"Pike County, Arkansas",Caregiver count MOE exceeds 50% of estimate
05111,"Poinsett County, Arkansas",Caregiver count MOE exceeds 50% of estimate
05113,"Polk County, Arkansas",Caregiver count MOE exceeds 50% of estimate
05117,"Prairie County, Arkansas",Caregiver count MOE exceeds 50% of estimate
05121,"Randolph County, Arkansas",Caregiver count MOE exceeds 50% of estimate
05123,"St. Francis County, Arkansas",Caregiver count MOE exceeds 50% of estimate
05127,"Scott County, Arkansas",Percentage MOE exceeds 50% of estimate
05129,"Searcy County, Arkansas",Percentage MOE exceeds 50% of estimate
05133,"Sevier County, Arkansas",Percentage MOE exceeds 50% of estimate
05137,"Stone County, Arkansas",Caregiver count MOE exceeds 50% of estimate
05139,"Union County, Arkansas",Caregiver count MOE exceeds 50% of estimate
05147,"Woodruff County, Arkansas",Caregiver count MOE exceeds 50% of estimate
06003,"Alpine County, California",Percentage MOE exceeds 50% of estimate
06005,"Amador County, California",Caregiver count MOE exceeds 50% of estimate
06009,"Calaveras County, California",Percentage MOE exceeds 50% of estimate
06011,"Colusa County, California",Caregiver count MOE exceeds 50% of estimate
06015,"Del Norte County, California",Caregiver count MOE exceeds 50% of estimate
06021,"Glenn County, California",Percentage MOE exceeds 50% of estimate
06027,"Inyo County, California",Caregiver count MOE exceeds 50% of estimate
06035,"Lassen County, California",Caregiver count MOE exceeds 50% of estimate
06043,"Mariposa County, California",Percentage MOE exceeds 50% of estimate
06049,"Modoc County, California",Percentage MOE exceeds 50% of estimate
06051,"Mono County, California",Percentage MOE exceeds 50% of estimate
06063,"Plumas County, California",Caregiver count MOE exceeds 50% of estimate
06091,"Sierra County, California",Missing input or nonpositive denominator
06105,"Trinity County, California",Percentage MOE exceeds 50% of estimate
06109,"Tuolumne County, California",Caregiver count MOE exceeds 50% of estimate
08003,"Alamosa County, Colorado",Percentage MOE exceeds 50% of estimate
08007,"Archuleta County, Colorado",Percentage MOE exceeds 50% of estimate
08009,"Baca County, Colorado",Caregiver count MOE exceeds 50% of estimate
08011,"Bent County, Colorado",Percentage MOE exceeds 50% of estimate
08014,"Broomfield County, Colorado",Percentage MOE exceeds 50% of estimate
08015,"Chaffee County, Colorado",Percentage MOE exceeds 50% of estimate
08017,"Cheyenne County, Colorado",Percentage MOE exceeds 50% of estimate
08019,"Clear Creek County, Colorado",Unavailable MOE or zero percentage
08021,"Conejos County, Colorado",Caregiver count MOE exceeds 50% of estimate
08023,"Costilla County, Colorado",Caregiver count MOE exceeds 50% of estimate
08025,"Crowley County, Colorado",Caregiver count MOE exceeds 50% of estimate
08027,"Custer County, Colorado",Unavailable MOE or zero percentage
08033,"Dolores County, Colorado",Missing input or nonpositive denominator
08037,"Eagle County, Colorado",Percentage MOE exceeds 50% of estimate
08039,"Elbert County, Colorado",Percentage MOE exceeds 50% of estimate
08045,"Garfield County, Colorado",Caregiver count MOE exceeds 50% of estimate
08047,"Gilpin County, Colorado",Unavailable MOE or zero percentage
08049,"Grand County, Colorado",Percentage MOE exceeds 50% of estimate
08051,"Gunnison County, Colorado",Percentage MOE exceeds 50% of estimate
08053,"Hinsdale County, Colorado",Missing input or nonpositive denominator
08055,"Huerfano County, Colorado",Caregiver count MOE exceeds 50% of estimate
08057,"Jackson County, Colorado",Percentage MOE exceeds 50% of estimate
08061,"Kiowa County, Colorado",Caregiver count MOE exceeds 50% of estimate
08063,"Kit Carson County, Colorado",Caregiver count MOE exceeds 50% of estimate
08065,"Lake County, Colorado",Caregiver count MOE exceeds 50% of estimate
08067,"La Plata County, Colorado",Caregiver count MOE exceeds 50% of estimate
08073,"Lincoln County, Colorado",Percentage MOE exceeds 50% of estimate
08075,"Logan County, Colorado",Caregiver count MOE exceeds 50% of estimate
08079,"Mineral County, Colorado",Unavailable MOE or zero percentage
08081,"Moffat County, Colorado",Caregiver count MOE exceeds 50% of estimate
08083,"Montezuma County, Colorado",Caregiver count MOE exceeds 50% of estimate
08085,"Montrose County, Colorado",Percentage MOE exceeds 50% of estimate
08087,"Morgan County, Colorado",Percentage MOE exceeds 50% of estimate
08089,"Otero County, Colorado",Caregiver count MOE exceeds 50% of estimate
08091,"Ouray County, Colorado",Percentage MOE exceeds 50% of estimate
08093,"Park County, Colorado",Percentage MOE exceeds 50% of estimate
08095,"Phillips County, Colorado",Unavailable MOE or zero percentage
08097,"Pitkin County, Colorado",Percentage MOE exceeds 50% of estimate
08099,"Prowers County, Colorado",Caregiver count MOE exceeds 50% of estimate
08103,"Rio Blanco County, Colorado",Percentage MOE exceeds 50% of estimate
08105,"Rio Grande County, Colorado",Percentage MOE exceeds 50% of estimate
08107,"Routt County, Colorado",Percentage MOE exceeds 50% of estimate
08109,"Saguache County, Colorado",Percentage MOE exceeds 50% of estimate
08111,"San Juan County, Colorado",Percentage MOE exceeds 50% of estimate
08113,"San Miguel County, Colorado",Missing input or nonpositive denominator
08115,"Sedgwick County, Colorado",Percentage MOE exceeds 50% of estimate
08117,"Summit County, Colorado",Caregiver count MOE exceeds 50% of estimate
08119,"Teller County, Colorado",Percentage MOE exceeds 50% of estimate
08121,"Washington County, Colorado",Caregiver count MOE exceeds 50% of estimate
08125,"Yuma County, Colorado",Percentage MOE exceeds 50% of estimate
12003,"Baker County, Florida",Caregiver count MOE exceeds 50% of estimate
12007,"Bradford County, Florida",Percentage MOE exceeds 50% of estimate
12013,"Calhoun County, Florida",Percentage MOE exceeds 50% of estimate
12029,"Dixie County, Florida",Caregiver count MOE exceeds 50% of estimate
12037,"Franklin County, Florida",Caregiver count MOE exceeds 50% of estimate
12039,"Gadsden County, Florida",Percentage MOE exceeds 50% of estimate
12041,"Gilchrist County, Florida",Percentage MOE exceeds 50% of estimate
12043,"Glades County, Florida",Caregiver count MOE exceeds 50% of estimate
12045,"Gulf County, Florida",Caregiver count MOE exceeds 50% of estimate
12047,"Hamilton County, Florida",Percentage MOE exceeds 50% of estimate
12049,"Hardee County, Florida",Caregiver count MOE exceeds 50% of estimate
12051,"Hendry County, Florida",Caregiver count MOE exceeds 50% of estimate
12065,"Jefferson County, Florida",Percentage MOE exceeds 50% of estimate
12067,"Lafayette County, Florida",Percentage MOE exceeds 50% of estimate
12077,"Liberty County, Florida",Caregiver count MOE exceeds 50% of estimate
12079,"Madison County, Florida",Caregiver count MOE exceeds 50% of estimate
12087,"Monroe County, Florida",Percentage MOE exceeds 50% of estimate
12123,"Taylor County, Florida",Caregiver count MOE exceeds 50% of estimate
12125,"Union County, Florida",Caregiver count MOE exceeds 50% of estimate
12129,"Wakulla County, Florida",Percentage MOE exceeds 50% of estimate
12133,"Washington County, Florida",Percentage MOE exceeds 50% of estimate
13003,"Atkinson County, Georgia",Caregiver count MOE exceeds 50% of estimate
13005,"Bacon County, Georgia",Percentage MOE exceeds 50% of estimate
13007,"Baker County, Georgia",Percentage MOE exceeds 50% of estimate
13009,"Baldwin County, Georgia",Caregiver count MOE exceeds 50% of estimate
13011,"Banks County, Georgia",Caregiver count MOE exceeds 50% of estimate
13019,"Berrien County, Georgia",Caregiver count MOE exceeds 50% of estimate
13023,"Bleckley County, Georgia",Caregiver count MOE exceeds 50% of estimate
13025,"Brantley County, Georgia",Caregiver count MOE exceeds 50% of estimate
13027,"Brooks County, Georgia",Caregiver count MOE exceeds 50% of estimate
13037,"Calhoun County, Georgia",Percentage MOE exceeds 50% of estimate
13039,"Camden County, Georgia",Caregiver count MOE exceeds 50% of estimate
13043,"Candler County, Georgia",Caregiver count MOE exceeds 50% of estimate
13049,"Charlton County, Georgia",Percentage MOE exceeds 50% of estimate
13053,"Chattahoochee County, Georgia",Caregiver count MOE exceeds 50% of estimate
13059,"Clarke County, Georgia",Caregiver count MOE exceeds 50% of estimate
13061,"Clay County, Georgia",Percentage MOE exceeds 50% of estimate
13065,"Clinch County, Georgia",Percentage MOE exceeds 50% of estimate
13075,"Cook County, Georgia",Caregiver count MOE exceeds 50% of estimate
13079,"Crawford County, Georgia",Percentage MOE exceeds 50% of estimate
13081,"Crisp County, Georgia",Percentage MOE exceeds 50% of estimate
13083,"Dade County, Georgia",Percentage MOE exceeds 50% of estimate
13085,"Dawson County, Georgia",Percentage MOE exceeds 50% of estimate
13087,"Decatur County, Georgia",Caregiver count MOE exceeds 50% of estimate
13091,"Dodge County, Georgia",Caregiver count MOE exceeds 50% of estimate
13093,"Dooly County, Georgia",Percentage MOE exceeds 50% of estimate
13099,"Early County, Georgia",Caregiver count MOE exceeds 50% of estimate
13101,"Echols County, Georgia",Percentage MOE exceeds 50% of estimate
13105,"Elbert County, Georgia",Percentage MOE exceeds 50% of estimate
13109,"Evans County, Georgia",Percentage MOE exceeds 50% of estimate
13111,"Fannin County, Georgia",Percentage MOE exceeds 50% of estimate
13119,"Franklin County, Georgia",Percentage MOE exceeds 50% of estimate
13123,"Gilmer County, Georgia",Caregiver count MOE exceeds 50% of estimate
13125,"Glascock County, Georgia",Caregiver count MOE exceeds 50% of estimate
13133,"Greene County, Georgia",Percentage MOE exceeds 50% of estimate
13141,"Hancock County, Georgia",Caregiver count MOE exceeds 50% of estimate
13143,"Haralson County, Georgia",Caregiver count MOE exceeds 50% of estimate
13147,"Hart County, Georgia",Percentage MOE exceeds 50% of estimate
13155,"Irwin County, Georgia",Percentage MOE exceeds 50% of estimate
13159,"Jasper County, Georgia",Percentage MOE exceeds 50% of estimate
13161,"Jeff Davis County, Georgia",Percentage MOE exceeds 50% of estimate
13163,"Jefferson County, Georgia",Caregiver count MOE exceeds 50% of estimate
13165,"Jenkins County, Georgia",Percentage MOE exceeds 50% of estimate
13167,"Johnson County, Georgia",Caregiver count MOE exceeds 50% of estimate
13169,"Jones County, Georgia",Caregiver count MOE exceeds 50% of estimate
13171,"Lamar County, Georgia",Percentage MOE exceeds 50% of estimate
13173,"Lanier County, Georgia",Caregiver count MOE exceeds 50% of estimate
13181,"Lincoln County, Georgia",Percentage MOE exceeds 50% of estimate
13183,"Long County, Georgia",Caregiver count MOE exceeds 50% of estimate
13189,"McDuffie County, Georgia",Percentage MOE exceeds 50% of estimate
13193,"Macon County, Georgia",Caregiver count MOE exceeds 50% of estimate
13197,"Marion County, Georgia",Percentage MOE exceeds 50% of estimate
13201,"Miller County, Georgia",Percentage MOE exceeds 50% of estimate
13205,"Mitchell County, Georgia",Caregiver count MOE exceeds 50% of estimate
13211,"Morgan County, Georgia",Caregiver count MOE exceeds 50% of estimate
13219,"Oconee County, Georgia",Percentage MOE exceeds 50% of estimate
13221,"Oglethorpe County, Georgia",Percentage MOE exceeds 50% of estimate
13225,"Peach County, Georgia",Caregiver count MOE exceeds 50% of estimate
13227,"Pickens County, Georgia",Caregiver count MOE exceeds 50% of estimate
13229,"Pierce County, Georgia",Caregiver count MOE exceeds 50% of estimate
13231,"Pike County, Georgia",Caregiver count MOE exceeds 50% of estimate
13235,"Pulaski County, Georgia",Percentage MOE exceeds 50% of estimate
13237,"Putnam County, Georgia",Caregiver count MOE exceeds 50% of estimate
13239,"Quitman County, Georgia",Percentage MOE exceeds 50% of estimate
13241,"Rabun County, Georgia",Caregiver count MOE exceeds 50% of estimate
13243,"Randolph County, Georgia",Caregiver count MOE exceeds 50% of estimate
13249,"Schley County, Georgia",Percentage MOE exceeds 50% of estimate
13253,"Seminole County, Georgia",Caregiver count MOE exceeds 50% of estimate
13259,"Stewart County, Georgia",Percentage MOE exceeds 50% of estimate
13265,"Taliaferro County, Georgia",Percentage MOE exceeds 50% of estimate
13269,"Taylor County, Georgia",Percentage MOE exceeds 50% of estimate
13271,"Telfair County, Georgia",Percentage MOE exceeds 50% of estimate
13273,"Terrell County, Georgia",Percentage MOE exceeds 50% of estimate
13281,"Towns County, Georgia",Caregiver count MOE exceeds 50% of estimate
13283,"Treutlen County, Georgia",Caregiver count MOE exceeds 50% of estimate
13287,"Turner County, Georgia",Percentage MOE exceeds 50% of estimate
13289,"Twiggs County, Georgia",Caregiver count MOE exceeds 50% of estimate
13293,"Upson County, Georgia",Percentage MOE exceeds 50% of estimate
13301,"Warren County, Georgia",Percentage MOE exceeds 50% of estimate
13305,"Wayne County, Georgia",Caregiver count MOE exceeds 50% of estimate
13307,"Webster County, Georgia",Percentage MOE exceeds 50% of estimate
13309,"Wheeler County, Georgia",Caregiver count MOE exceeds 50% of estimate
13311,"White County, Georgia",Percentage MOE exceeds 50% of estimate
13315,"Wilcox County, Georgia",Caregiver count MOE exceeds 50% of estimate
13317,"Wilkes County, Georgia",Percentage MOE exceeds 50% of estimate
13319,"Wilkinson County, Georgia",Caregiver count MOE exceeds 50% of estimate
13321,"Worth County, Georgia",Caregiver count MOE exceeds 50% of estimate
15005,"Kalawao County, Hawaii",Missing input or nonpositive denominator
16003,"Adams County, Idaho",Percentage MOE exceeds 50% of estimate
16007,"Bear Lake County, Idaho",Percentage MOE exceeds 50% of estimate
16009,"Benewah County, Idaho",Percentage MOE exceeds 50% of estimate
16013,"Blaine County, Idaho",Percentage MOE exceeds 50% of estimate
16015,"Boise County, Idaho",Caregiver count MOE exceeds 50% of estimate
16017,"Bonner County, Idaho",Caregiver count MOE exceeds 50% of estimate
16021,"Boundary County, Idaho",Percentage MOE exceeds 50% of estimate
16023,"Butte County, Idaho",Percentage MOE exceeds 50% of estimate
16025,"Camas County, Idaho",Percentage MOE exceeds 50% of estimate
16029,"Caribou County, Idaho",Percentage MOE exceeds 50% of estimate
16031,"Cassia County, Idaho",Percentage MOE exceeds 50% of estimate
16033,"Clark County, Idaho",Unavailable MOE or zero percentage
16035,"Clearwater County, Idaho",Percentage MOE exceeds 50% of estimate
16037,"Custer County, Idaho",Percentage MOE exceeds 50% of estimate
16039,"Elmore County, Idaho",Caregiver count MOE exceeds 50% of estimate
16041,"Franklin County, Idaho",Percentage MOE exceeds 50% of estimate
16043,"Fremont County, Idaho",Percentage MOE exceeds 50% of estimate
16045,"Gem County, Idaho",Percentage MOE exceeds 50% of estimate
16047,"Gooding County, Idaho",Percentage MOE exceeds 50% of estimate
16049,"Idaho County, Idaho",Percentage MOE exceeds 50% of estimate
16051,"Jefferson County, Idaho",Percentage MOE exceeds 50% of estimate
16057,"Latah County, Idaho",Percentage MOE exceeds 50% of estimate
16059,"Lemhi County, Idaho",Percentage MOE exceeds 50% of estimate
16061,"Lewis County, Idaho",Caregiver count MOE exceeds 50% of estimate
16063,"Lincoln County, Idaho",Percentage MOE exceeds 50% of estimate
16065,"Madison County, Idaho",Percentage MOE exceeds 50% of estimate
16067,"Minidoka County, Idaho",Caregiver count MOE exceeds 50% of estimate
16069,"Nez Perce County, Idaho",Caregiver count MOE exceeds 50% of estimate
16071,"Oneida County, Idaho",Percentage MOE exceeds 50% of estimate
16073,"Owyhee County, Idaho",Percentage MOE exceeds 50% of estimate
16075,"Payette County, Idaho",Caregiver count MOE exceeds 50% of estimate
16077,"Power County, Idaho",Percentage MOE exceeds 50% of estimate
16079,"Shoshone County, Idaho",Caregiver count MOE exceeds 50% of estimate
16081,"Teton County, Idaho",Percentage MOE exceeds 50% of estimate
16085,"Valley County, Idaho",Percentage MOE exceeds 50% of estimate
16087,"Washington County, Idaho",Percentage MOE exceeds 50% of estimate
17003,"Alexander County, Illinois",Percentage MOE exceeds 50% of estimate
17005,"Bond County, Illinois",Caregiver count MOE exceeds 50% of estimate
17009,"Brown County, Illinois",Unavailable MOE or zero percentage
17013,"Calhoun County, Illinois",Caregiver count MOE exceeds 50% of estimate
17015,"Carroll County, Illinois",Percentage MOE exceeds 50% of estimate
17017,"Cass County, Illinois",Caregiver count MOE exceeds 50% of estimate
17023,"Clark County, Illinois",Percentage MOE exceeds 50% of estimate
17025,"Clay County, Illinois",Percentage MOE exceeds 50% of estimate
17027,"Clinton County, Illinois",Percentage MOE exceeds 50% of estimate
17029,"Coles County, Illinois",Caregiver count MOE exceeds 50% of estimate
17033,"Crawford County, Illinois",Caregiver count MOE exceeds 50% of estimate
17035,"Cumberland County, Illinois",Percentage MOE exceeds 50% of estimate
17039,"De Witt County, Illinois",Percentage MOE exceeds 50% of estimate
17041,"Douglas County, Illinois",Percentage MOE exceeds 50% of estimate
17045,"Edgar County, Illinois",Percentage MOE exceeds 50% of estimate
17047,"Edwards County, Illinois",Percentage MOE exceeds 50% of estimate
17051,"Fayette County, Illinois",Caregiver count MOE exceeds 50% of estimate
17053,"Ford County, Illinois",Caregiver count MOE exceeds 50% of estimate
17059,"Gallatin County, Illinois",Caregiver count MOE exceeds 50% of estimate
17061,"Greene County, Illinois",Caregiver count MOE exceeds 50% of estimate
17063,"Grundy County, Illinois",Caregiver count MOE exceeds 50% of estimate
17065,"Hamilton County, Illinois",Percentage MOE exceeds 50% of estimate
17067,"Hancock County, Illinois",Caregiver count MOE exceeds 50% of estimate
17069,"Hardin County, Illinois",Unavailable MOE or zero percentage
17071,"Henderson County, Illinois",Caregiver count MOE exceeds 50% of estimate
17079,"Jasper County, Illinois",Percentage MOE exceeds 50% of estimate
17083,"Jersey County, Illinois",Caregiver count MOE exceeds 50% of estimate
17085,"Jo Daviess County, Illinois",Percentage MOE exceeds 50% of estimate
17087,"Johnson County, Illinois",Caregiver count MOE exceeds 50% of estimate
17095,"Knox County, Illinois",Caregiver count MOE exceeds 50% of estimate
17101,"Lawrence County, Illinois",Caregiver count MOE exceeds 50% of estimate
17103,"Lee County, Illinois",Percentage MOE exceeds 50% of estimate
17105,"Livingston County, Illinois",Caregiver count MOE exceeds 50% of estimate
17107,"Logan County, Illinois",Caregiver count MOE exceeds 50% of estimate
17109,"McDonough County, Illinois",Caregiver count MOE exceeds 50% of estimate
17123,"Marshall County, Illinois",Caregiver count MOE exceeds 50% of estimate
17125,"Mason County, Illinois",Percentage MOE exceeds 50% of estimate
17127,"Massac County, Illinois",Caregiver count MOE exceeds 50% of estimate
17131,"Mercer County, Illinois",Percentage MOE exceeds 50% of estimate
17133,"Monroe County, Illinois",Percentage MOE exceeds 50% of estimate
17135,"Montgomery County, Illinois",Caregiver count MOE exceeds 50% of estimate
17139,"Moultrie County, Illinois",Percentage MOE exceeds 50% of estimate
17141,"Ogle County, Illinois",Caregiver count MOE exceeds 50% of estimate
17147,"Piatt County, Illinois",Caregiver count MOE exceeds 50% of estimate
17149,"Pike County, Illinois",Caregiver count MOE exceeds 50% of estimate
17151,"Pope County, Illinois",Percentage MOE exceeds 50% of estimate
17153,"Pulaski County, Illinois",Percentage MOE exceeds 50% of estimate
17155,"Putnam County, Illinois",Percentage MOE exceeds 50% of estimate
17159,"Richland County, Illinois",Caregiver count MOE exceeds 50% of estimate
17169,"Schuyler County, Illinois",Percentage MOE exceeds 50% of estimate
17171,"Scott County, Illinois",Caregiver count MOE exceeds 50% of estimate
17175,"Stark County, Illinois",Percentage MOE exceeds 50% of estimate
17181,"Union County, Illinois",Caregiver count MOE exceeds 50% of estimate
17185,"Wabash County, Illinois",Caregiver count MOE exceeds 50% of estimate
17187,"Warren County, Illinois",Percentage MOE exceeds 50% of estimate
17189,"Washington County, Illinois",Caregiver count MOE exceeds 50% of estimate
17191,"Wayne County, Illinois",Caregiver count MOE exceeds 50% of estimate
17193,"White County, Illinois",Caregiver count MOE exceeds 50% of estimate
17203,"Woodford County, Illinois",Caregiver count MOE exceeds 50% of estimate
18001,"Adams County, Indiana",Caregiver count MOE exceeds 50% of estimate
18007,"Benton County, Indiana",Percentage MOE exceeds 50% of estimate
18009,"Blackford County, Indiana",Percentage MOE exceeds 50% of estimate
18013,"Brown County, Indiana",Percentage MOE exceeds 50% of estimate
18015,"Carroll County, Indiana",Caregiver count MOE exceeds 50% of estimate
18021,"Clay County, Indiana",Percentage MOE exceeds 50% of estimate
18023,"Clinton County, Indiana",Percentage MOE exceeds 50% of estimate
18025,"Crawford County, Indiana",Percentage MOE exceeds 50% of estimate
18027,"Daviess County, Indiana",Percentage MOE exceeds 50% of estimate
18037,"Dubois County, Indiana",Percentage MOE exceeds 50% of estimate
18045,"Fountain County, Indiana",Caregiver count MOE exceeds 50% of estimate
18047,"Franklin County, Indiana",Percentage MOE exceeds 50% of estimate
18049,"Fulton County, Indiana",Caregiver count MOE exceeds 50% of estimate
18071,"Jackson County, Indiana",Caregiver count MOE exceeds 50% of estimate
18087,"LaGrange County, Indiana",Percentage MOE exceeds 50% of estimate
18099,"Marshall County, Indiana",Caregiver count MOE exceeds 50% of estimate
18101,"Martin County, Indiana",Percentage MOE exceeds 50% of estimate
18103,"Miami County, Indiana",Caregiver count MOE exceeds 50% of estimate
18105,"Monroe County, Indiana",Caregiver count MOE exceeds 50% of estimate
18111,"Newton County, Indiana",Caregiver count MOE exceeds 50% of estimate
18115,"Ohio County, Indiana",Percentage MOE exceeds 50% of estimate
18117,"Orange County, Indiana",Percentage MOE exceeds 50% of estimate
18121,"Parke County, Indiana",Caregiver count MOE exceeds 50% of estimate
18123,"Perry County, Indiana",Caregiver count MOE exceeds 50% of estimate
18125,"Pike County, Indiana",Caregiver count MOE exceeds 50% of estimate
18131,"Pulaski County, Indiana",Percentage MOE exceeds 50% of estimate
18135,"Randolph County, Indiana",Caregiver count MOE exceeds 50% of estimate
18139,"Rush County, Indiana",Caregiver count MOE exceeds 50% of estimate
18143,"Scott County, Indiana",Caregiver count MOE exceeds 50% of estimate
18149,"Starke County, Indiana",Caregiver count MOE exceeds 50% of estimate
18151,"Steuben County, Indiana",Caregiver count MOE exceeds 50% of estimate
18153,"Sullivan County, Indiana",Caregiver count MOE exceeds 50% of estimate
18155,"Switzerland County, Indiana",Caregiver count MOE exceeds 50% of estimate
18159,"Tipton County, Indiana",Caregiver count MOE exceeds 50% of estimate
18161,"Union County, Indiana",Caregiver count MOE exceeds 50% of estimate
18165,"Vermillion County, Indiana",Percentage MOE exceeds 50% of estimate
18169,"Wabash County, Indiana",Caregiver count MOE exceeds 50% of estimate
18171,"Warren County, Indiana",Percentage MOE exceeds 50% of estimate
18173,"Warrick County, Indiana",Caregiver count MOE exceeds 50% of estimate
18175,"Washington County, Indiana",Caregiver count MOE exceeds 50% of estimate
18179,"Wells County, Indiana",Percentage MOE exceeds 50% of estimate
18181,"White County, Indiana",Caregiver count MOE exceeds 50% of estimate
19001,"Adair County, Iowa",Percentage MOE exceeds 50% of estimate
19003,"Adams County, Iowa",Percentage MOE exceeds 50% of estimate
19005,"Allamakee County, Iowa",Unavailable MOE or zero percentage
19007,"Appanoose County, Iowa",Caregiver count MOE exceeds 50% of estimate
19009,"Audubon County, Iowa",Caregiver count MOE exceeds 50% of estimate
19011,"Benton County, Iowa",Percentage MOE exceeds 50% of estimate
19015,"Boone County, Iowa",Caregiver count MOE exceeds 50% of estimate
19017,"Bremer County, Iowa",Percentage MOE exceeds 50% of estimate
19019,"Buchanan County, Iowa",Caregiver count MOE exceeds 50% of estimate
19021,"Buena Vista County, Iowa",Percentage MOE exceeds 50% of estimate
19023,"Butler County, Iowa",Caregiver count MOE exceeds 50% of estimate
19025,"Calhoun County, Iowa",Caregiver count MOE exceeds 50% of estimate
19027,"Carroll County, Iowa",Percentage MOE exceeds 50% of estimate
19029,"Cass County, Iowa",Caregiver count MOE exceeds 50% of estimate
19031,"Cedar County, Iowa",Percentage MOE exceeds 50% of estimate
19033,"Cerro Gordo County, Iowa",Caregiver count MOE exceeds 50% of estimate
19035,"Cherokee County, Iowa",Percentage MOE exceeds 50% of estimate
19037,"Chickasaw County, Iowa",Percentage MOE exceeds 50% of estimate
19039,"Clarke County, Iowa",Percentage MOE exceeds 50% of estimate
19041,"Clay County, Iowa",Percentage MOE exceeds 50% of estimate
19043,"Clayton County, Iowa",Caregiver count MOE exceeds 50% of estimate
19047,"Crawford County, Iowa",Percentage MOE exceeds 50% of estimate
19049,"Dallas County, Iowa",Caregiver count MOE exceeds 50% of estimate
19051,"Davis County, Iowa",Percentage MOE exceeds 50% of estimate
19053,"Decatur County, Iowa",Caregiver count MOE exceeds 50% of estimate
19055,"Delaware County, Iowa",Percentage MOE exceeds 50% of estimate
19057,"Des Moines County, Iowa",Caregiver count MOE exceeds 50% of estimate
19059,"Dickinson County, Iowa",Percentage MOE exceeds 50% of estimate
19061,"Dubuque County, Iowa",Caregiver count MOE exceeds 50% of estimate
19063,"Emmet County, Iowa",Percentage MOE exceeds 50% of estimate
19065,"Fayette County, Iowa",Caregiver count MOE exceeds 50% of estimate
19067,"Floyd County, Iowa",Percentage MOE exceeds 50% of estimate
19069,"Franklin County, Iowa",Percentage MOE exceeds 50% of estimate
19073,"Greene County, Iowa",Caregiver count MOE exceeds 50% of estimate
19075,"Grundy County, Iowa",Percentage MOE exceeds 50% of estimate
19077,"Guthrie County, Iowa",Percentage MOE exceeds 50% of estimate
19079,"Hamilton County, Iowa",Caregiver count MOE exceeds 50% of estimate
19081,"Hancock County, Iowa",Percentage MOE exceeds 50% of estimate
19083,"Hardin County, Iowa",Caregiver count MOE exceeds 50% of estimate
19085,"Harrison County, Iowa",Percentage MOE exceeds 50% of estimate
19087,"Henry County, Iowa",Caregiver count MOE exceeds 50% of estimate
19089,"Howard County, Iowa",Percentage MOE exceeds 50% of estimate
19091,"Humboldt County, Iowa",Percentage MOE exceeds 50% of estimate
19093,"Ida County, Iowa",Caregiver count MOE exceeds 50% of estimate
19095,"Iowa County, Iowa",Percentage MOE exceeds 50% of estimate
19097,"Jackson County, Iowa",Caregiver count MOE exceeds 50% of estimate
19099,"Jasper County, Iowa",Percentage MOE exceeds 50% of estimate
19101,"Jefferson County, Iowa",Caregiver count MOE exceeds 50% of estimate
19105,"Jones County, Iowa",Percentage MOE exceeds 50% of estimate
19107,"Keokuk County, Iowa",Percentage MOE exceeds 50% of estimate
19109,"Kossuth County, Iowa",Percentage MOE exceeds 50% of estimate
19111,"Lee County, Iowa",Caregiver count MOE exceeds 50% of estimate
19115,"Louisa County, Iowa",Caregiver count MOE exceeds 50% of estimate
19117,"Lucas County, Iowa",Percentage MOE exceeds 50% of estimate
19119,"Lyon County, Iowa",Percentage MOE exceeds 50% of estimate
19121,"Madison County, Iowa",Percentage MOE exceeds 50% of estimate
19123,"Mahaska County, Iowa",Percentage MOE exceeds 50% of estimate
19125,"Marion County, Iowa",Caregiver count MOE exceeds 50% of estimate
19127,"Marshall County, Iowa",Caregiver count MOE exceeds 50% of estimate
19129,"Mills County, Iowa",Percentage MOE exceeds 50% of estimate
19131,"Mitchell County, Iowa",Percentage MOE exceeds 50% of estimate
19133,"Monona County, Iowa",Caregiver count MOE exceeds 50% of estimate
19135,"Monroe County, Iowa",Percentage MOE exceeds 50% of estimate
19137,"Montgomery County, Iowa",Percentage MOE exceeds 50% of estimate
19141,"O'Brien County, Iowa",Percentage MOE exceeds 50% of estimate
19143,"Osceola County, Iowa",Percentage MOE exceeds 50% of estimate
19145,"Page County, Iowa",Caregiver count MOE exceeds 50% of estimate
19147,"Palo Alto County, Iowa",Caregiver count MOE exceeds 50% of estimate
19149,"Plymouth County, Iowa",Percentage MOE exceeds 50% of estimate
19151,"Pocahontas County, Iowa",Percentage MOE exceeds 50% of estimate
19157,"Poweshiek County, Iowa",Percentage MOE exceeds 50% of estimate
19159,"Ringgold County, Iowa",Caregiver count MOE exceeds 50% of estimate
19161,"Sac County, Iowa",Percentage MOE exceeds 50% of estimate
19165,"Shelby County, Iowa",Caregiver count MOE exceeds 50% of estimate
19167,"Sioux County, Iowa",Percentage MOE exceeds 50% of estimate
19169,"Story County, Iowa",Caregiver count MOE exceeds 50% of estimate
19173,"Taylor County, Iowa",Percentage MOE exceeds 50% of estimate
19175,"Union County, Iowa",Percentage MOE exceeds 50% of estimate
19177,"Van Buren County, Iowa",Caregiver count MOE exceeds 50% of estimate
19183,"Washington County, Iowa",Caregiver count MOE exceeds 50% of estimate
19185,"Wayne County, Iowa",Percentage MOE exceeds 50% of estimate
19187,"Webster County, Iowa",Caregiver count MOE exceeds 50% of estimate
19189,"Winnebago County, Iowa",Percentage MOE exceeds 50% of estimate
19191,"Winneshiek County, Iowa",Percentage MOE exceeds 50% of estimate
19195,"Worth County, Iowa",Percentage MOE exceeds 50% of estimate
19197,"Wright County, Iowa",Percentage MOE exceeds 50% of estimate
20001,"Allen County, Kansas",Caregiver count MOE exceeds 50% of estimate
20003,"Anderson County, Kansas",Percentage MOE exceeds 50% of estimate
20005,"Atchison County, Kansas",Caregiver count MOE exceeds 50% of estimate
20007,"Barber County, Kansas",Caregiver count MOE exceeds 50% of estimate
20009,"Barton County, Kansas",Caregiver count MOE exceeds 50% of estimate
20011,"Bourbon County, Kansas",Percentage MOE exceeds 50% of estimate
20017,"Chase County, Kansas",Percentage MOE exceeds 50% of estimate
20019,"Chautauqua County, Kansas",Caregiver count MOE exceeds 50% of estimate
20021,"Cherokee County, Kansas",Caregiver count MOE exceeds 50% of estimate
20023,"Cheyenne County, Kansas",Percentage MOE exceeds 50% of estimate
20025,"Clark County, Kansas",Percentage MOE exceeds 50% of estimate
20027,"Clay County, Kansas",Percentage MOE exceeds 50% of estimate
20029,"Cloud County, Kansas",Percentage MOE exceeds 50% of estimate
20031,"Coffey County, Kansas",Percentage MOE exceeds 50% of estimate
20033,"Comanche County, Kansas",Unavailable MOE or zero percentage
20039,"Decatur County, Kansas",Unavailable MOE or zero percentage
20041,"Dickinson County, Kansas",Caregiver count MOE exceeds 50% of estimate
20043,"Doniphan County, Kansas",Percentage MOE exceeds 50% of estimate
20045,"Douglas County, Kansas",Caregiver count MOE exceeds 50% of estimate
20047,"Edwards County, Kansas",Caregiver count MOE exceeds 50% of estimate
20049,"Elk County, Kansas",Caregiver count MOE exceeds 50% of estimate
20051,"Ellis County, Kansas",Percentage MOE exceeds 50% of estimate
20053,"Ellsworth County, Kansas",Caregiver count MOE exceeds 50% of estimate
20057,"Ford County, Kansas",Caregiver count MOE exceeds 50% of estimate
20061,"Geary County, Kansas",Caregiver count MOE exceeds 50% of estimate
20063,"Gove County, Kansas",Caregiver count MOE exceeds 50% of estimate
20065,"Graham County, Kansas",Unavailable MOE or zero percentage
20067,"Grant County, Kansas",Percentage MOE exceeds 50% of estimate
20069,"Gray County, Kansas",Caregiver count MOE exceeds 50% of estimate
20071,"Greeley County, Kansas",Missing input or nonpositive denominator
20073,"Greenwood County, Kansas",Caregiver count MOE exceeds 50% of estimate
20075,"Hamilton County, Kansas",Percentage MOE exceeds 50% of estimate
20077,"Harper County, Kansas",Percentage MOE exceeds 50% of estimate
20079,"Harvey County, Kansas",Percentage MOE exceeds 50% of estimate
20081,"Haskell County, Kansas",Unavailable MOE or zero percentage
20083,"Hodgeman County, Kansas",Caregiver count MOE exceeds 50% of estimate
20085,"Jackson County, Kansas",Caregiver count MOE exceeds 50% of estimate
20087,"Jefferson County, Kansas",Caregiver count MOE exceeds 50% of estimate
20089,"Jewell County, Kansas",Percentage MOE exceeds 50% of estimate
20093,"Kearny County, Kansas",Percentage MOE exceeds 50% of estimate
20095,"Kingman County, Kansas",Percentage MOE exceeds 50% of estimate
20097,"Kiowa County, Kansas",Percentage MOE exceeds 50% of estimate
20101,"Lane County, Kansas",Percentage MOE exceeds 50% of estimate
20105,"Lincoln County, Kansas",Percentage MOE exceeds 50% of estimate
20107,"Linn County, Kansas",Percentage MOE exceeds 50% of estimate
20109,"Logan County, Kansas",Unavailable MOE or zero percentage
20111,"Lyon County, Kansas",Caregiver count MOE exceeds 50% of estimate
20113,"McPherson County, Kansas",Percentage MOE exceeds 50% of estimate
20115,"Marion County, Kansas",Caregiver count MOE exceeds 50% of estimate
20117,"Marshall County, Kansas",Caregiver count MOE exceeds 50% of estimate
20119,"Meade County, Kansas",Percentage MOE exceeds 50% of estimate
20121,"Miami County, Kansas",Caregiver count MOE exceeds 50% of estimate
20123,"Mitchell County, Kansas",Percentage MOE exceeds 50% of estimate
20125,"Montgomery County, Kansas",Caregiver count MOE exceeds 50% of estimate
20127,"Morris County, Kansas",Percentage MOE exceeds 50% of estimate
20129,"Morton County, Kansas",Percentage MOE exceeds 50% of estimate
20131,"Nemaha County, Kansas",Caregiver count MOE exceeds 50% of estimate
20133,"Neosho County, Kansas",Caregiver count MOE exceeds 50% of estimate
20135,"Ness County, Kansas",Caregiver count MOE exceeds 50% of estimate
20137,"Norton County, Kansas",Caregiver count MOE exceeds 50% of estimate
20139,"Osage County, Kansas",Caregiver count MOE exceeds 50% of estimate
20141,"Osborne County, Kansas",Percentage MOE exceeds 50% of estimate
20143,"Ottawa County, Kansas",Caregiver count MOE exceeds 50% of estimate
20145,"Pawnee County, Kansas",Percentage MOE exceeds 50% of estimate
20147,"Phillips County, Kansas",Caregiver count MOE exceeds 50% of estimate
20149,"Pottawatomie County, Kansas",Percentage MOE exceeds 50% of estimate
20151,"Pratt County, Kansas",Caregiver count MOE exceeds 50% of estimate
20153,"Rawlins County, Kansas",Caregiver count MOE exceeds 50% of estimate
20157,"Republic County, Kansas",Percentage MOE exceeds 50% of estimate
20159,"Rice County, Kansas",Caregiver count MOE exceeds 50% of estimate
20163,"Rooks County, Kansas",Caregiver count MOE exceeds 50% of estimate
20165,"Rush County, Kansas",Caregiver count MOE exceeds 50% of estimate
20167,"Russell County, Kansas",Percentage MOE exceeds 50% of estimate
20169,"Saline County, Kansas",Caregiver count MOE exceeds 50% of estimate
20171,"Scott County, Kansas",Percentage MOE exceeds 50% of estimate
20175,"Seward County, Kansas",Percentage MOE exceeds 50% of estimate
20179,"Sheridan County, Kansas",Unavailable MOE or zero percentage
20181,"Sherman County, Kansas",Unavailable MOE or zero percentage
20183,"Smith County, Kansas",Percentage MOE exceeds 50% of estimate
20185,"Stafford County, Kansas",Percentage MOE exceeds 50% of estimate
20187,"Stanton County, Kansas",Unavailable MOE or zero percentage
20189,"Stevens County, Kansas",Caregiver count MOE exceeds 50% of estimate
20191,"Sumner County, Kansas",Caregiver count MOE exceeds 50% of estimate
20193,"Thomas County, Kansas",Unavailable MOE or zero percentage
20195,"Trego County, Kansas",Percentage MOE exceeds 50% of estimate
20197,"Wabaunsee County, Kansas",Percentage MOE exceeds 50% of estimate
20199,"Wallace County, Kansas",Unavailable MOE or zero percentage
20201,"Washington County, Kansas",Percentage MOE exceeds 50% of estimate
20203,"Wichita County, Kansas",Percentage MOE exceeds 50% of estimate
20205,"Wilson County, Kansas",Percentage MOE exceeds 50% of estimate
20207,"Woodson County, Kansas",Percentage MOE exceeds 50% of estimate
21001,"Adair County, Kentucky",Percentage MOE exceeds 50% of estimate
21005,"Anderson County, Kentucky",Caregiver count MOE exceeds 50% of estimate
21007,"Ballard County, Kentucky",Percentage MOE exceeds 50% of estimate
21011,"Bath County, Kentucky",Caregiver count MOE exceeds 50% of estimate
21013,"Bell County, Kentucky",Caregiver count MOE exceeds 50% of estimate
21017,"Bourbon County, Kentucky",Caregiver count MOE exceeds 50% of estimate
21023,"Bracken County, Kentucky",Percentage MOE exceeds 50% of estimate
21027,"Breckinridge County, Kentucky",Caregiver count MOE exceeds 50% of estimate
21033,"Caldwell County, Kentucky",Caregiver count MOE exceeds 50% of estimate
21039,"Carlisle County, Kentucky",Percentage MOE exceeds 50% of estimate
21053,"Clinton County, Kentucky",Caregiver count MOE exceeds 50% of estimate
21055,"Crittenden County, Kentucky",Caregiver count MOE exceeds 50% of estimate
21057,"Cumberland County, Kentucky",Percentage MOE exceeds 50% of estimate
21061,"Edmonson County, Kentucky",Caregiver count MOE exceeds 50% of estimate
21063,"Elliott County, Kentucky",Caregiver count MOE exceeds 50% of estimate
21069,"Fleming County, Kentucky",Percentage MOE exceeds 50% of estimate
21075,"Fulton County, Kentucky",Percentage MOE exceeds 50% of estimate
21081,"Grant County, Kentucky",Caregiver count MOE exceeds 50% of estimate
21087,"Green County, Kentucky",Percentage MOE exceeds 50% of estimate
21091,"Hancock County, Kentucky",Caregiver count MOE exceeds 50% of estimate
21097,"Harrison County, Kentucky",Caregiver count MOE exceeds 50% of estimate
21105,"Hickman County, Kentucky",Percentage MOE exceeds 50% of estimate
21109,"Jackson County, Kentucky",Caregiver count MOE exceeds 50% of estimate
21123,"Larue County, Kentucky",Caregiver count MOE exceeds 50% of estimate
21129,"Lee County, Kentucky",Caregiver count MOE exceeds 50% of estimate
21131,"Leslie County, Kentucky",Caregiver count MOE exceeds 50% of estimate
21135,"Lewis County, Kentucky",Caregiver count MOE exceeds 50% of estimate
21139,"Livingston County, Kentucky",Caregiver count MOE exceeds 50% of estimate
21143,"Lyon County, Kentucky",Caregiver count MOE exceeds 50% of estimate
21147,"McCreary County, Kentucky",Caregiver count MOE exceeds 50% of estimate
21149,"McLean County, Kentucky",Caregiver count MOE exceeds 50% of estimate
21153,"Magoffin County, Kentucky",Caregiver count MOE exceeds 50% of estimate
21155,"Marion County, Kentucky",Caregiver count MOE exceeds 50% of estimate
21159,"Martin County, Kentucky",Percentage MOE exceeds 50% of estimate
21161,"Mason County, Kentucky",Caregiver count MOE exceeds 50% of estimate
21165,"Menifee County, Kentucky",Caregiver count MOE exceeds 50% of estimate
21167,"Mercer County, Kentucky",Percentage MOE exceeds 50% of estimate
21169,"Metcalfe County, Kentucky",Caregiver count MOE exceeds 50% of estimate
21171,"Monroe County, Kentucky",Caregiver count MOE exceeds 50% of estimate
21173,"Montgomery County, Kentucky",Caregiver count MOE exceeds 50% of estimate
21175,"Morgan County, Kentucky",Percentage MOE exceeds 50% of estimate
21179,"Nelson County, Kentucky",Percentage MOE exceeds 50% of estimate
21181,"Nicholas County, Kentucky",Caregiver count MOE exceeds 50% of estimate
21187,"Owen County, Kentucky",Caregiver count MOE exceeds 50% of estimate
21189,"Owsley County, Kentucky",Percentage MOE exceeds 50% of estimate
21193,"Perry County, Kentucky",Percentage MOE exceeds 50% of estimate
21197,"Powell County, Kentucky",Caregiver count MOE exceeds 50% of estimate
21201,"Robertson County, Kentucky",Caregiver count MOE exceeds 50% of estimate
21205,"Rowan County, Kentucky",Caregiver count MOE exceeds 50% of estimate
21207,"Russell County, Kentucky",Caregiver count MOE exceeds 50% of estimate
21211,"Shelby County, Kentucky",Percentage MOE exceeds 50% of estimate
21213,"Simpson County, Kentucky",Caregiver count MOE exceeds 50% of estimate
21219,"Todd County, Kentucky",Caregiver count MOE exceeds 50% of estimate
21221,"Trigg County, Kentucky",Caregiver count MOE exceeds 50% of estimate
21223,"Trimble County, Kentucky",Percentage MOE exceeds 50% of estimate
21225,"Union County, Kentucky",Caregiver count MOE exceeds 50% of estimate
21229,"Washington County, Kentucky",Caregiver count MOE exceeds 50% of estimate
21233,"Webster County, Kentucky",Percentage MOE exceeds 50% of estimate
21237,"Wolfe County, Kentucky",Caregiver count MOE exceeds 50% of estimate
22003,"Allen Parish, Louisiana",Caregiver count MOE exceeds 50% of estimate
22007,"Assumption Parish, Louisiana",Percentage MOE exceeds 50% of estimate
22021,"Caldwell Parish, Louisiana",Caregiver count MOE exceeds 50% of estimate
22023,"Cameron Parish, Louisiana",Caregiver count MOE exceeds 50% of estimate
22027,"Claiborne Parish, Louisiana",Caregiver count MOE exceeds 50% of estimate
22031,"De Soto Parish, Louisiana",Caregiver count MOE exceeds 50% of estimate
22035,"East Carroll Parish, Louisiana",Caregiver count MOE exceeds 50% of estimate
22037,"East Feliciana Parish, Louisiana",Percentage MOE exceeds 50% of estimate
22043,"Grant Parish, Louisiana",Caregiver count MOE exceeds 50% of estimate
22061,"Lincoln Parish, Louisiana",Caregiver count MOE exceeds 50% of estimate
22075,"Plaquemines Parish, Louisiana",Percentage MOE exceeds 50% of estimate
22077,"Pointe Coupee Parish, Louisiana",Percentage MOE exceeds 50% of estimate
22081,"Red River Parish, Louisiana",Caregiver count MOE exceeds 50% of estimate
22091,"St. Helena Parish, Louisiana",Caregiver count MOE exceeds 50% of estimate
22107,"Tensas Parish, Louisiana",Caregiver count MOE exceeds 50% of estimate
22111,"Union Parish, Louisiana",Caregiver count MOE exceeds 50% of estimate
22121,"West Baton Rouge Parish, Louisiana",Percentage MOE exceeds 50% of estimate
22123,"West Carroll Parish, Louisiana",Caregiver count MOE exceeds 50% of estimate
22125,"West Feliciana Parish, Louisiana",Percentage MOE exceeds 50% of estimate
22127,"Winn Parish, Louisiana",Percentage MOE exceeds 50% of estimate
23007,"Franklin County, Maine",Caregiver count MOE exceeds 50% of estimate
23009,"Hancock County, Maine",Caregiver count MOE exceeds 50% of estimate
23013,"Knox County, Maine",Caregiver count MOE exceeds 50% of estimate
23015,"Lincoln County, Maine",Percentage MOE exceeds 50% of estimate
23023,"Sagadahoc County, Maine",Percentage MOE exceeds 50% of estimate
24019,"Dorchester County, Maryland",Percentage MOE exceeds 50% of estimate
24023,"Garrett County, Maryland",Percentage MOE exceeds 50% of estimate
24029,"Kent County, Maryland",Percentage MOE exceeds 50% of estimate
24035,"Queen Anne's County, Maryland",Caregiver count MOE exceeds 50% of estimate
24039,"Somerset County, Maryland",Caregiver count MOE exceeds 50% of estimate
24041,"Talbot County, Maryland",Percentage MOE exceeds 50% of estimate
24047,"Worcester County, Maryland",Caregiver count MOE exceeds 50% of estimate
25007,"Dukes County, Massachusetts",Percentage MOE exceeds 50% of estimate
25019,"Nantucket County, Massachusetts",Percentage MOE exceeds 50% of estimate
26001,"Alcona County, Michigan",Caregiver count MOE exceeds 50% of estimate
26003,"Alger County, Michigan",Caregiver count MOE exceeds 50% of estimate
26009,"Antrim County, Michigan",Caregiver count MOE exceeds 50% of estimate
26013,"Baraga County, Michigan",Caregiver count MOE exceeds 50% of estimate
26019,"Benzie County, Michigan",Percentage MOE exceeds 50% of estimate
26039,"Crawford County, Michigan",Percentage MOE exceeds 50% of estimate
26041,"Delta County, Michigan",Caregiver count MOE exceeds 50% of estimate
26043,"Dickinson County, Michigan",Caregiver count MOE exceeds 50% of estimate
26047,"Emmet County, Michigan",Caregiver count MOE exceeds 50% of estimate
26053,"Gogebic County, Michigan",Caregiver count MOE exceeds 50% of estimate
26055,"Grand Traverse County, Michigan",Caregiver count MOE exceeds 50% of estimate
26057,"Gratiot County, Michigan",Caregiver count MOE exceeds 50% of estimate
26071,"Iron County, Michigan",Percentage MOE exceeds 50% of estimate
26073,"Isabella County, Michigan",Caregiver count MOE exceeds 50% of estimate
26083,"Keweenaw County, Michigan",Percentage MOE exceeds 50% of estimate
26085,"Lake County, Michigan",Caregiver count MOE exceeds 50% of estimate
26089,"Leelanau County, Michigan",Percentage MOE exceeds 50% of estimate
26095,"Luce County, Michigan",Percentage MOE exceeds 50% of estimate
26097,"Mackinac County, Michigan",Caregiver count MOE exceeds 50% of estimate
26111,"Midland County, Michigan",Caregiver count MOE exceeds 50% of estimate
26119,"Montmorency County, Michigan",Caregiver count MOE exceeds 50% of estimate
26131,"Ontonagon County, Michigan",Percentage MOE exceeds 50% of estimate
26133,"Osceola County, Michigan",Caregiver count MOE exceeds 50% of estimate
26135,"Oscoda County, Michigan",Caregiver count MOE exceeds 50% of estimate
26137,"Otsego County, Michigan",Caregiver count MOE exceeds 50% of estimate
26143,"Roscommon County, Michigan",Caregiver count MOE exceeds 50% of estimate
26153,"Schoolcraft County, Michigan",Caregiver count MOE exceeds 50% of estimate
27009,"Benton County, Minnesota",Percentage MOE exceeds 50% of estimate
27011,"Big Stone County, Minnesota",Percentage MOE exceeds 50% of estimate
27013,"Blue Earth County, Minnesota",Percentage MOE exceeds 50% of estimate
27015,"Brown County, Minnesota",Percentage MOE exceeds 50% of estimate
27023,"Chippewa County, Minnesota",Caregiver count MOE exceeds 50% of estimate
27025,"Chisago County, Minnesota",Caregiver count MOE exceeds 50% of estimate
27031,"Cook County, Minnesota",Percentage MOE exceeds 50% of estimate
27033,"Cottonwood County, Minnesota",Caregiver count MOE exceeds 50% of estimate
27039,"Dodge County, Minnesota",Caregiver count MOE exceeds 50% of estimate
27041,"Douglas County, Minnesota",Caregiver count MOE exceeds 50% of estimate
27043,"Faribault County, Minnesota",Percentage MOE exceeds 50% of estimate
27045,"Fillmore County, Minnesota",Percentage MOE exceeds 50% of estimate
27047,"Freeborn County, Minnesota",Caregiver count MOE exceeds 50% of estimate
27055,"Houston County, Minnesota",Percentage MOE exceeds 50% of estimate
27063,"Jackson County, Minnesota",Percentage MOE exceeds 50% of estimate
27069,"Kittson County, Minnesota",Percentage MOE exceeds 50% of estimate
27071,"Koochiching County, Minnesota",Caregiver count MOE exceeds 50% of estimate
27073,"Lac qui Parle County, Minnesota",Percentage MOE exceeds 50% of estimate
27075,"Lake County, Minnesota",Caregiver count MOE exceeds 50% of estimate
27077,"Lake of the Woods County, Minnesota",Unavailable MOE or zero percentage
27079,"Le Sueur County, Minnesota",Percentage MOE exceeds 50% of estimate
27081,"Lincoln County, Minnesota",Percentage MOE exceeds 50% of estimate
27083,"Lyon County, Minnesota",Percentage MOE exceeds 50% of estimate
27085,"McLeod County, Minnesota",Percentage MOE exceeds 50% of estimate
27089,"Marshall County, Minnesota",Caregiver count MOE exceeds 50% of estimate
27101,"Murray County, Minnesota",Caregiver count MOE exceeds 50% of estimate
27103,"Nicollet County, Minnesota",Caregiver count MOE exceeds 50% of estimate
27105,"Nobles County, Minnesota",Caregiver count MOE exceeds 50% of estimate
27107,"Norman County, Minnesota",Caregiver count MOE exceeds 50% of estimate
27113,"Pennington County, Minnesota",Percentage MOE exceeds 50% of estimate
27117,"Pipestone County, Minnesota",Caregiver count MOE exceeds 50% of estimate
27119,"Polk County, Minnesota",Percentage MOE exceeds 50% of estimate
27121,"Pope County, Minnesota",Caregiver count MOE exceeds 50% of estimate
27125,"Red Lake County, Minnesota",Caregiver count MOE exceeds 50% of estimate
27127,"Redwood County, Minnesota",Caregiver count MOE exceeds 50% of estimate
27129,"Renville County, Minnesota",Caregiver count MOE exceeds 50% of estimate
27131,"Rice County, Minnesota",Percentage MOE exceeds 50% of estimate
27133,"Rock County, Minnesota",Percentage MOE exceeds 50% of estimate
27135,"Roseau County, Minnesota",Caregiver count MOE exceeds 50% of estimate
27143,"Sibley County, Minnesota",Caregiver count MOE exceeds 50% of estimate
27147,"Steele County, Minnesota",Percentage MOE exceeds 50% of estimate
27149,"Stevens County, Minnesota",Percentage MOE exceeds 50% of estimate
27151,"Swift County, Minnesota",Percentage MOE exceeds 50% of estimate
27155,"Traverse County, Minnesota",Percentage MOE exceeds 50% of estimate
27157,"Wabasha County, Minnesota",Caregiver count MOE exceeds 50% of estimate
27159,"Wadena County, Minnesota",Caregiver count MOE exceeds 50% of estimate
27161,"Waseca County, Minnesota",Caregiver count MOE exceeds 50% of estimate
27167,"Wilkin County, Minnesota",Caregiver count MOE exceeds 50% of estimate
27169,"Winona County, Minnesota",Percentage MOE exceeds 50% of estimate
27173,"Yellow Medicine County, Minnesota",Percentage MOE exceeds 50% of estimate
28005,"Amite County, Mississippi",Caregiver count MOE exceeds 50% of estimate
28009,"Benton County, Mississippi",Percentage MOE exceeds 50% of estimate
28015,"Carroll County, Mississippi",Percentage MOE exceeds 50% of estimate
28017,"Chickasaw County, Mississippi",Caregiver count MOE exceeds 50% of estimate
28019,"Choctaw County, Mississippi",Percentage MOE exceeds 50% of estimate
28021,"Claiborne County, Mississippi",Caregiver count MOE exceeds 50% of estimate
28025,"Clay County, Mississippi",Percentage MOE exceeds 50% of estimate
28029,"Copiah County, Mississippi",Caregiver count MOE exceeds 50% of estimate
28031,"Covington County, Mississippi",Caregiver count MOE exceeds 50% of estimate
28037,"Franklin County, Mississippi",Caregiver count MOE exceeds 50% of estimate
28041,"Greene County, Mississippi",Caregiver count MOE exceeds 50% of estimate
28043,"Grenada County, Mississippi",Percentage MOE exceeds 50% of estimate
28045,"Hancock County, Mississippi",Percentage MOE exceeds 50% of estimate
28053,"Humphreys County, Mississippi",Caregiver count MOE exceeds 50% of estimate
28055,"Issaquena County, Mississippi",Percentage MOE exceeds 50% of estimate
28057,"Itawamba County, Mississippi",Caregiver count MOE exceeds 50% of estimate
28061,"Jasper County, Mississippi",Caregiver count MOE exceeds 50% of estimate
28063,"Jefferson County, Mississippi",Caregiver count MOE exceeds 50% of estimate
28069,"Kemper County, Mississippi",Percentage MOE exceeds 50% of estimate
28071,"Lafayette County, Mississippi",Caregiver count MOE exceeds 50% of estimate
28077,"Lawrence County, Mississippi",Caregiver count MOE exceeds 50% of estimate
28079,"Leake County, Mississippi",Caregiver count MOE exceeds 50% of estimate
28083,"Leflore County, Mississippi",Caregiver count MOE exceeds 50% of estimate
28091,"Marion County, Mississippi",Caregiver count MOE exceeds 50% of estimate
28097,"Montgomery County, Mississippi",Percentage MOE exceeds 50% of estimate
28103,"Noxubee County, Mississippi",Percentage MOE exceeds 50% of estimate
28105,"Oktibbeha County, Mississippi",Percentage MOE exceeds 50% of estimate
28111,"Perry County, Mississippi",Percentage MOE exceeds 50% of estimate
28113,"Pike County, Mississippi",Percentage MOE exceeds 50% of estimate
28129,"Smith County, Mississippi",Caregiver count MOE exceeds 50% of estimate
28137,"Tate County, Mississippi",Percentage MOE exceeds 50% of estimate
28139,"Tippah County, Mississippi",Caregiver count MOE exceeds 50% of estimate
28141,"Tishomingo County, Mississippi",Percentage MOE exceeds 50% of estimate
28143,"Tunica County, Mississippi",Percentage MOE exceeds 50% of estimate
28147,"Walthall County, Mississippi",Caregiver count MOE exceeds 50% of estimate
28153,"Wayne County, Mississippi",Caregiver count MOE exceeds 50% of estimate
28155,"Webster County, Mississippi",Percentage MOE exceeds 50% of estimate
28157,"Wilkinson County, Mississippi",Percentage MOE exceeds 50% of estimate
28159,"Winston County, Mississippi",Caregiver count MOE exceeds 50% of estimate
28161,"Yalobusha County, Mississippi",Caregiver count MOE exceeds 50% of estimate
29001,"Adair County, Missouri",Caregiver count MOE exceeds 50% of estimate
29005,"Atchison County, Missouri",Percentage MOE exceeds 50% of estimate
29007,"Audrain County, Missouri",Caregiver count MOE exceeds 50% of estimate
29009,"Barry County, Missouri",Caregiver count MOE exceeds 50% of estimate
29011,"Barton County, Missouri",Percentage MOE exceeds 50% of estimate
29013,"Bates County, Missouri",Caregiver count MOE exceeds 50% of estimate
29017,"Bollinger County, Missouri",Caregiver count MOE exceeds 50% of estimate
29025,"Caldwell County, Missouri",Caregiver count MOE exceeds 50% of estimate
29029,"Camden County, Missouri",Percentage MOE exceeds 50% of estimate
29033,"Carroll County, Missouri",Caregiver count MOE exceeds 50% of estimate
29035,"Carter County, Missouri",Percentage MOE exceeds 50% of estimate
29039,"Cedar County, Missouri",Caregiver count MOE exceeds 50% of estimate
29041,"Chariton County, Missouri",Percentage MOE exceeds 50% of estimate
29045,"Clark County, Missouri",Caregiver count MOE exceeds 50% of estimate
29049,"Clinton County, Missouri",Caregiver count MOE exceeds 50% of estimate
29051,"Cole County, Missouri",Caregiver count MOE exceeds 50% of estimate
29053,"Cooper County, Missouri",Caregiver count MOE exceeds 50% of estimate
29057,"Dade County, Missouri",Percentage MOE exceeds 50% of estimate
29059,"Dallas County, Missouri",Percentage MOE exceeds 50% of estimate
29063,"DeKalb County, Missouri",Caregiver count MOE exceeds 50% of estimate
29065,"Dent County, Missouri",Caregiver count MOE exceeds 50% of estimate
29067,"Douglas County, Missouri",Caregiver count MOE exceeds 50% of estimate
29073,"Gasconade County, Missouri",Percentage MOE exceeds 50% of estimate
29075,"Gentry County, Missouri",Percentage MOE exceeds 50% of estimate
29079,"Grundy County, Missouri",Caregiver count MOE exceeds 50% of estimate
29081,"Harrison County, Missouri",Percentage MOE exceeds 50% of estimate
29083,"Henry County, Missouri",Percentage MOE exceeds 50% of estimate
29085,"Hickory County, Missouri",Percentage MOE exceeds 50% of estimate
29087,"Holt County, Missouri",Percentage MOE exceeds 50% of estimate
29089,"Howard County, Missouri",Percentage MOE exceeds 50% of estimate
29093,"Iron County, Missouri",Caregiver count MOE exceeds 50% of estimate
29103,"Knox County, Missouri",Caregiver count MOE exceeds 50% of estimate
29105,"Laclede County, Missouri",Caregiver count MOE exceeds 50% of estimate
29107,"Lafayette County, Missouri",Caregiver count MOE exceeds 50% of estimate
29111,"Lewis County, Missouri",Percentage MOE exceeds 50% of estimate
29113,"Lincoln County, Missouri",Percentage MOE exceeds 50% of estimate
29115,"Linn County, Missouri",Caregiver count MOE exceeds 50% of estimate
29117,"Livingston County, Missouri",Caregiver count MOE exceeds 50% of estimate
29121,"Macon County, Missouri",Percentage MOE exceeds 50% of estimate
29123,"Madison County, Missouri",Caregiver count MOE exceeds 50% of estimate
29125,"Maries County, Missouri",Caregiver count MOE exceeds 50% of estimate
29129,"Mercer County, Missouri",Percentage MOE exceeds 50% of estimate
29133,"Mississippi County, Missouri",Caregiver count MOE exceeds 50% of estimate
29135,"Moniteau County, Missouri",Caregiver count MOE exceeds 50% of estimate
29137,"Monroe County, Missouri",Caregiver count MOE exceeds 50% of estimate
29139,"Montgomery County, Missouri",Caregiver count MOE exceeds 50% of estimate
29141,"Morgan County, Missouri",Caregiver count MOE exceeds 50% of estimate
29143,"New Madrid County, Missouri",Caregiver count MOE exceeds 50% of estimate
29147,"Nodaway County, Missouri",Caregiver count MOE exceeds 50% of estimate
29149,"Oregon County, Missouri",Percentage MOE exceeds 50% of estimate
29151,"Osage County, Missouri",Caregiver count MOE exceeds 50% of estimate
29153,"Ozark County, Missouri",Caregiver count MOE exceeds 50% of estimate
29157,"Perry County, Missouri",Percentage MOE exceeds 50% of estimate
29159,"Pettis County, Missouri",Caregiver count MOE exceeds 50% of estimate
29163,"Pike County, Missouri",Percentage MOE exceeds 50% of estimate
29171,"Putnam County, Missouri",Percentage MOE exceeds 50% of estimate
29173,"Ralls County, Missouri",Percentage MOE exceeds 50% of estimate
29175,"Randolph County, Missouri",Caregiver count MOE exceeds 50% of estimate
29179,"Reynolds County, Missouri",Caregiver count MOE exceeds 50% of estimate
29181,"Ripley County, Missouri",Percentage MOE exceeds 50% of estimate
29185,"St. Clair County, Missouri",Percentage MOE exceeds 50% of estimate
29186,"Ste. Genevieve County, Missouri",Caregiver count MOE exceeds 50% of estimate
29195,"Saline County, Missouri",Caregiver count MOE exceeds 50% of estimate
29197,"Schuyler County, Missouri",Percentage MOE exceeds 50% of estimate
29199,"Scotland County, Missouri",Percentage MOE exceeds 50% of estimate
29203,"Shannon County, Missouri",Percentage MOE exceeds 50% of estimate
29205,"Shelby County, Missouri",Percentage MOE exceeds 50% of estimate
29209,"Stone County, Missouri",Caregiver count MOE exceeds 50% of estimate
29211,"Sullivan County, Missouri",Percentage MOE exceeds 50% of estimate
29213,"Taney County, Missouri",Caregiver count MOE exceeds 50% of estimate
29215,"Texas County, Missouri",Caregiver count MOE exceeds 50% of estimate
29217,"Vernon County, Missouri",Percentage MOE exceeds 50% of estimate
29219,"Warren County, Missouri",Caregiver count MOE exceeds 50% of estimate
29223,"Wayne County, Missouri",Caregiver count MOE exceeds 50% of estimate
29227,"Worth County, Missouri",Percentage MOE exceeds 50% of estimate
29229,"Wright County, Missouri",Percentage MOE exceeds 50% of estimate
30001,"Beaverhead County, Montana",Percentage MOE exceeds 50% of estimate
30007,"Broadwater County, Montana",Percentage MOE exceeds 50% of estimate
30009,"Carbon County, Montana",Percentage MOE exceeds 50% of estimate
30011,"Carter County, Montana",Missing input or nonpositive denominator
30017,"Custer County, Montana",Caregiver count MOE exceeds 50% of estimate
30019,"Daniels County, Montana",Missing input or nonpositive denominator
30021,"Dawson County, Montana",Percentage MOE exceeds 50% of estimate
30023,"Deer Lodge County, Montana",Percentage MOE exceeds 50% of estimate
30025,"Fallon County, Montana",Unavailable MOE or zero percentage
30027,"Fergus County, Montana",Caregiver count MOE exceeds 50% of estimate
30031,"Gallatin County, Montana",Percentage MOE exceeds 50% of estimate
30033,"Garfield County, Montana",Unavailable MOE or zero percentage
30037,"Golden Valley County, Montana",Unavailable MOE or zero percentage
30039,"Granite County, Montana",Percentage MOE exceeds 50% of estimate
30043,"Jefferson County, Montana",Caregiver count MOE exceeds 50% of estimate
30045,"Judith Basin County, Montana",Percentage MOE exceeds 50% of estimate
30049,"Lewis and Clark County, Montana",Caregiver count MOE exceeds 50% of estimate
30051,"Liberty County, Montana",Caregiver count MOE exceeds 50% of estimate
30053,"Lincoln County, Montana",Percentage MOE exceeds 50% of estimate
30055,"McCone County, Montana",Percentage MOE exceeds 50% of estimate
30057,"Madison County, Montana",Percentage MOE exceeds 50% of estimate
30059,"Meagher County, Montana",Missing input or nonpositive denominator
30061,"Mineral County, Montana",Percentage MOE exceeds 50% of estimate
30067,"Park County, Montana",Caregiver count MOE exceeds 50% of estimate
30069,"Petroleum County, Montana",Unavailable MOE or zero percentage
30071,"Phillips County, Montana",Caregiver count MOE exceeds 50% of estimate
30075,"Powder River County, Montana",Unavailable MOE or zero percentage
30077,"Powell County, Montana",Percentage MOE exceeds 50% of estimate
30079,"Prairie County, Montana",Missing input or nonpositive denominator
30081,"Ravalli County, Montana",Percentage MOE exceeds 50% of estimate
30083,"Richland County, Montana",Percentage MOE exceeds 50% of estimate
30089,"Sanders County, Montana",Percentage MOE exceeds 50% of estimate
30091,"Sheridan County, Montana",Caregiver count MOE exceeds 50% of estimate
30093,"Silver Bow County, Montana",Percentage MOE exceeds 50% of estimate
30095,"Stillwater County, Montana",Percentage MOE exceeds 50% of estimate
30097,"Sweet Grass County, Montana",Percentage MOE exceeds 50% of estimate
30099,"Teton County, Montana",Caregiver count MOE exceeds 50% of estimate
30101,"Toole County, Montana",Unavailable MOE or zero percentage
30103,"Treasure County, Montana",Percentage MOE exceeds 50% of estimate
30105,"Valley County, Montana",Caregiver count MOE exceeds 50% of estimate
30107,"Wheatland County, Montana",Percentage MOE exceeds 50% of estimate
30109,"Wibaux County, Montana",Caregiver count MOE exceeds 50% of estimate
31003,"Antelope County, Nebraska",Caregiver count MOE exceeds 50% of estimate
31005,"Arthur County, Nebraska",Missing input or nonpositive denominator
31007,"Banner County, Nebraska",Caregiver count MOE exceeds 50% of estimate
31009,"Blaine County, Nebraska",Missing input or nonpositive denominator
31011,"Boone County, Nebraska",Caregiver count MOE exceeds 50% of estimate
31013,"Box Butte County, Nebraska",Caregiver count MOE exceeds 50% of estimate
31015,"Boyd County, Nebraska",Percentage MOE exceeds 50% of estimate
31017,"Brown County, Nebraska",Percentage MOE exceeds 50% of estimate
31021,"Burt County, Nebraska",Caregiver count MOE exceeds 50% of estimate
31023,"Butler County, Nebraska",Percentage MOE exceeds 50% of estimate
31025,"Cass County, Nebraska",Percentage MOE exceeds 50% of estimate
31027,"Cedar County, Nebraska",Percentage MOE exceeds 50% of estimate
31029,"Chase County, Nebraska",Percentage MOE exceeds 50% of estimate
31031,"Cherry County, Nebraska",Unavailable MOE or zero percentage
31033,"Cheyenne County, Nebraska",Percentage MOE exceeds 50% of estimate
31035,"Clay County, Nebraska",Percentage MOE exceeds 50% of estimate
31037,"Colfax County, Nebraska",Percentage MOE exceeds 50% of estimate
31039,"Cuming County, Nebraska",Percentage MOE exceeds 50% of estimate
31041,"Custer County, Nebraska",Caregiver count MOE exceeds 50% of estimate
31043,"Dakota County, Nebraska",Percentage MOE exceeds 50% of estimate
31045,"Dawes County, Nebraska",Percentage MOE exceeds 50% of estimate
31047,"Dawson County, Nebraska",Percentage MOE exceeds 50% of estimate
31049,"Deuel County, Nebraska",Percentage MOE exceeds 50% of estimate
31051,"Dixon County, Nebraska",Percentage MOE exceeds 50% of estimate
31053,"Dodge County, Nebraska",Percentage MOE exceeds 50% of estimate
31057,"Dundy County, Nebraska",Percentage MOE exceeds 50% of estimate
31059,"Fillmore County, Nebraska",Percentage MOE exceeds 50% of estimate
31061,"Franklin County, Nebraska",Percentage MOE exceeds 50% of estimate
31063,"Frontier County, Nebraska",Caregiver count MOE exceeds 50% of estimate
31065,"Furnas County, Nebraska",Percentage MOE exceeds 50% of estimate
31067,"Gage County, Nebraska",Percentage MOE exceeds 50% of estimate
31069,"Garden County, Nebraska",Unavailable MOE or zero percentage
31071,"Garfield County, Nebraska",Unavailable MOE or zero percentage
31073,"Gosper County, Nebraska",Percentage MOE exceeds 50% of estimate
31075,"Grant County, Nebraska",Unavailable MOE or zero percentage
31077,"Greeley County, Nebraska",Percentage MOE exceeds 50% of estimate
31079,"Hall County, Nebraska",Caregiver count MOE exceeds 50% of estimate
31081,"Hamilton County, Nebraska",Percentage MOE exceeds 50% of estimate
31083,"Harlan County, Nebraska",Caregiver count MOE exceeds 50% of estimate
31085,"Hayes County, Nebraska",Missing input or nonpositive denominator
31087,"Hitchcock County, Nebraska",Percentage MOE exceeds 50% of estimate
31089,"Holt County, Nebraska",Percentage MOE exceeds 50% of estimate
31091,"Hooker County, Nebraska",Missing input or nonpositive denominator
31093,"Howard County, Nebraska",Percentage MOE exceeds 50% of estimate
31095,"Jefferson County, Nebraska",Percentage MOE exceeds 50% of estimate
31097,"Johnson County, Nebraska",Percentage MOE exceeds 50% of estimate
31099,"Kearney County, Nebraska",Percentage MOE exceeds 50% of estimate
31101,"Keith County, Nebraska",Percentage MOE exceeds 50% of estimate
31103,"Keya Paha County, Nebraska",Unavailable MOE or zero percentage
31105,"Kimball County, Nebraska",Caregiver count MOE exceeds 50% of estimate
31107,"Knox County, Nebraska",Caregiver count MOE exceeds 50% of estimate
31113,"Logan County, Nebraska",Missing input or nonpositive denominator
31115,"Loup County, Nebraska",Missing input or nonpositive denominator
31117,"McPherson County, Nebraska",Percentage MOE exceeds 50% of estimate
31119,"Madison County, Nebraska",Percentage MOE exceeds 50% of estimate
31121,"Merrick County, Nebraska",Percentage MOE exceeds 50% of estimate
31123,"Morrill County, Nebraska",Percentage MOE exceeds 50% of estimate
31125,"Nance County, Nebraska",Percentage MOE exceeds 50% of estimate
31127,"Nemaha County, Nebraska",Percentage MOE exceeds 50% of estimate
31129,"Nuckolls County, Nebraska",Percentage MOE exceeds 50% of estimate
31131,"Otoe County, Nebraska",Caregiver count MOE exceeds 50% of estimate
31133,"Pawnee County, Nebraska",Caregiver count MOE exceeds 50% of estimate
31135,"Perkins County, Nebraska",Unavailable MOE or zero percentage
31137,"Phelps County, Nebraska",Percentage MOE exceeds 50% of estimate
31139,"Pierce County, Nebraska",Percentage MOE exceeds 50% of estimate
31141,"Platte County, Nebraska",Percentage MOE exceeds 50% of estimate
31143,"Polk County, Nebraska",Caregiver count MOE exceeds 50% of estimate
31145,"Red Willow County, Nebraska",Percentage MOE exceeds 50% of estimate
31147,"Richardson County, Nebraska",Percentage MOE exceeds 50% of estimate
31149,"Rock County, Nebraska",Unavailable MOE or zero percentage
31151,"Saline County, Nebraska",Caregiver count MOE exceeds 50% of estimate
31155,"Saunders County, Nebraska",Percentage MOE exceeds 50% of estimate
31157,"Scotts Bluff County, Nebraska",Caregiver count MOE exceeds 50% of estimate
31159,"Seward County, Nebraska",Caregiver count MOE exceeds 50% of estimate
31161,"Sheridan County, Nebraska",Percentage MOE exceeds 50% of estimate
31163,"Sherman County, Nebraska",Caregiver count MOE exceeds 50% of estimate
31165,"Sioux County, Nebraska",Unavailable MOE or zero percentage
31167,"Stanton County, Nebraska",Percentage MOE exceeds 50% of estimate
31169,"Thayer County, Nebraska",Caregiver count MOE exceeds 50% of estimate
31171,"Thomas County, Nebraska",Missing input or nonpositive denominator
31175,"Valley County, Nebraska",Percentage MOE exceeds 50% of estimate
31177,"Washington County, Nebraska",Percentage MOE exceeds 50% of estimate
31179,"Wayne County, Nebraska",Percentage MOE exceeds 50% of estimate
31181,"Webster County, Nebraska",Percentage MOE exceeds 50% of estimate
31183,"Wheeler County, Nebraska",Missing input or nonpositive denominator
31185,"York County, Nebraska",Percentage MOE exceeds 50% of estimate
32001,"Churchill County, Nevada",Caregiver count MOE exceeds 50% of estimate
32009,"Esmeralda County, Nevada",Missing input or nonpositive denominator
32011,"Eureka County, Nevada",Missing input or nonpositive denominator
32013,"Humboldt County, Nevada",Caregiver count MOE exceeds 50% of estimate
32015,"Lander County, Nevada",Percentage MOE exceeds 50% of estimate
32017,"Lincoln County, Nevada",Percentage MOE exceeds 50% of estimate
32021,"Mineral County, Nevada",Caregiver count MOE exceeds 50% of estimate
32027,"Pershing County, Nevada",Percentage MOE exceeds 50% of estimate
32029,"Storey County, Nevada",Percentage MOE exceeds 50% of estimate
32033,"White Pine County, Nevada",Percentage MOE exceeds 50% of estimate
32510,"Carson City, Nevada",Caregiver count MOE exceeds 50% of estimate
33003,"Carroll County, New Hampshire",Caregiver count MOE exceeds 50% of estimate
34019,"Hunterdon County, New Jersey",Percentage MOE exceeds 50% of estimate
35003,"Catron County, New Mexico",Unavailable MOE or zero percentage
35006,"Cibola County, New Mexico",Caregiver count MOE exceeds 50% of estimate
35007,"Colfax County, New Mexico",Caregiver count MOE exceeds 50% of estimate
35011,"De Baca County, New Mexico",Missing input or nonpositive denominator
35017,"Grant County, New Mexico",Caregiver count MOE exceeds 50% of estimate
35019,"Guadalupe County, New Mexico",Percentage MOE exceeds 50% of estimate
35021,"Harding County, New Mexico",Percentage MOE exceeds 50% of estimate
35023,"Hidalgo County, New Mexico",Percentage MOE exceeds 50% of estimate
35027,"Lincoln County, New Mexico",Caregiver count MOE exceeds 50% of estimate
35028,"Los Alamos County, New Mexico",Percentage MOE exceeds 50% of estimate
35029,"Luna County, New Mexico",Caregiver count MOE exceeds 50% of estimate
35033,"Mora County, New Mexico",Unavailable MOE or zero percentage
35037,"Quay County, New Mexico",Caregiver count MOE exceeds 50% of estimate
35041,"Roosevelt County, New Mexico",Percentage MOE exceeds 50% of estimate
35047,"San Miguel County, New Mexico",Caregiver count MOE exceeds 50% of estimate
35051,"Sierra County, New Mexico",Percentage MOE exceeds 50% of estimate
35053,"Socorro County, New Mexico",Caregiver count MOE exceeds 50% of estimate
35057,"Torrance County, New Mexico",Percentage MOE exceeds 50% of estimate
35059,"Union County, New Mexico",Percentage MOE exceeds 50% of estimate
36037,"Genesee County, New York",Percentage MOE exceeds 50% of estimate
36041,"Hamilton County, New York",Caregiver count MOE exceeds 50% of estimate
36079,"Putnam County, New York",Percentage MOE exceeds 50% of estimate
36095,"Schoharie County, New York",Caregiver count MOE exceeds 50% of estimate
36099,"Seneca County, New York",Caregiver count MOE exceeds 50% of estimate
36105,"Sullivan County, New York",Caregiver count MOE exceeds 50% of estimate
36109,"Tompkins County, New York",Percentage MOE exceeds 50% of estimate
36123,"Yates County, New York",Caregiver count MOE exceeds 50% of estimate
37003,"Alexander County, North Carolina",Percentage MOE exceeds 50% of estimate
37005,"Alleghany County, North Carolina",Percentage MOE exceeds 50% of estimate
37009,"Ashe County, North Carolina",Caregiver count MOE exceeds 50% of estimate
37011,"Avery County, North Carolina",Caregiver count MOE exceeds 50% of estimate
37015,"Bertie County, North Carolina",Caregiver count MOE exceeds 50% of estimate
37017,"Bladen County, North Carolina",Caregiver count MOE exceeds 50% of estimate
37029,"Camden County, North Carolina",Percentage MOE exceeds 50% of estimate
37033,"Caswell County, North Carolina",Percentage MOE exceeds 50% of estimate
37041,"Chowan County, North Carolina",Percentage MOE exceeds 50% of estimate
37043,"Clay County, North Carolina",Percentage MOE exceeds 50% of estimate
37053,"Currituck County, North Carolina",Caregiver count MOE exceeds 50% of estimate
37055,"Dare County, North Carolina",Percentage MOE exceeds 50% of estimate
37059,"Davie County, North Carolina",Percentage MOE exceeds 50% of estimate
37073,"Gates County, North Carolina",Caregiver count MOE exceeds 50% of estimate
37075,"Graham County, North Carolina",Percentage MOE exceeds 50% of estimate
37079,"Greene County, North Carolina",Caregiver count MOE exceeds 50% of estimate
37095,"Hyde County, North Carolina",Percentage MOE exceeds 50% of estimate
37103,"Jones County, North Carolina",Caregiver count MOE exceeds 50% of estimate
37113,"Macon County, North Carolina",Percentage MOE exceeds 50% of estimate
37115,"Madison County, North Carolina",Caregiver count MOE exceeds 50% of estimate
37121,"Mitchell County, North Carolina",Percentage MOE exceeds 50% of estimate
37123,"Montgomery County, North Carolina",Percentage MOE exceeds 50% of estimate
37139,"Pasquotank County, North Carolina",Caregiver count MOE exceeds 50% of estimate
37143,"Perquimans County, North Carolina",Caregiver count MOE exceeds 50% of estimate
37145,"Person County, North Carolina",Percentage MOE exceeds 50% of estimate
37149,"Polk County, North Carolina",Percentage MOE exceeds 50% of estimate
37169,"Stokes County, North Carolina",Caregiver count MOE exceeds 50% of estimate
37177,"Tyrrell County, North Carolina",Percentage MOE exceeds 50% of estimate
37181,"Vance County, North Carolina",Caregiver count MOE exceeds 50% of estimate
37187,"Washington County, North Carolina",Percentage MOE exceeds 50% of estimate
37189,"Watauga County, North Carolina",Caregiver count MOE exceeds 50% of estimate
37197,"Yadkin County, North Carolina",Caregiver count MOE exceeds 50% of estimate
37199,"Yancey County, North Carolina",Percentage MOE exceeds 50% of estimate
38001,"Adams County, North Dakota",Percentage MOE exceeds 50% of estimate
38003,"Barnes County, North Dakota",Percentage MOE exceeds 50% of estimate
38007,"Billings County, North Dakota",Missing input or nonpositive denominator
38009,"Bottineau County, North Dakota",Percentage MOE exceeds 50% of estimate
38011,"Bowman County, North Dakota",Unavailable MOE or zero percentage
38013,"Burke County, North Dakota",Percentage MOE exceeds 50% of estimate
38019,"Cavalier County, North Dakota",Caregiver count MOE exceeds 50% of estimate
38021,"Dickey County, North Dakota",Percentage MOE exceeds 50% of estimate
38023,"Divide County, North Dakota",Percentage MOE exceeds 50% of estimate
38025,"Dunn County, North Dakota",Caregiver count MOE exceeds 50% of estimate
38027,"Eddy County, North Dakota",Percentage MOE exceeds 50% of estimate
38029,"Emmons County, North Dakota",Percentage MOE exceeds 50% of estimate
38031,"Foster County, North Dakota",Percentage MOE exceeds 50% of estimate
38033,"Golden Valley County, North Dakota",Percentage MOE exceeds 50% of estimate
38035,"Grand Forks County, North Dakota",Caregiver count MOE exceeds 50% of estimate
38037,"Grant County, North Dakota",Percentage MOE exceeds 50% of estimate
38039,"Griggs County, North Dakota",Caregiver count MOE exceeds 50% of estimate
38041,"Hettinger County, North Dakota",Percentage MOE exceeds 50% of estimate
38043,"Kidder County, North Dakota",Percentage MOE exceeds 50% of estimate
38045,"LaMoure County, North Dakota",Percentage MOE exceeds 50% of estimate
38047,"Logan County, North Dakota",Unavailable MOE or zero percentage
38049,"McHenry County, North Dakota",Unavailable MOE or zero percentage
38051,"McIntosh County, North Dakota",Percentage MOE exceeds 50% of estimate
38053,"McKenzie County, North Dakota",Caregiver count MOE exceeds 50% of estimate
38055,"McLean County, North Dakota",Caregiver count MOE exceeds 50% of estimate
38057,"Mercer County, North Dakota",Percentage MOE exceeds 50% of estimate
38059,"Morton County, North Dakota",Percentage MOE exceeds 50% of estimate
38061,"Mountrail County, North Dakota",Caregiver count MOE exceeds 50% of estimate
38063,"Nelson County, North Dakota",Percentage MOE exceeds 50% of estimate
38065,"Oliver County, North Dakota",Missing input or nonpositive denominator
38067,"Pembina County, North Dakota",Percentage MOE exceeds 50% of estimate
38069,"Pierce County, North Dakota",Percentage MOE exceeds 50% of estimate
38071,"Ramsey County, North Dakota",Percentage MOE exceeds 50% of estimate
38073,"Ransom County, North Dakota",Percentage MOE exceeds 50% of estimate
38075,"Renville County, North Dakota",Percentage MOE exceeds 50% of estimate
38077,"Richland County, North Dakota",Caregiver count MOE exceeds 50% of estimate
38081,"Sargent County, North Dakota",Caregiver count MOE exceeds 50% of estimate
38083,"Sheridan County, North Dakota",Caregiver count MOE exceeds 50% of estimate
38087,"Slope County, North Dakota",Missing input or nonpositive denominator
38089,"Stark County, North Dakota",Caregiver count MOE exceeds 50% of estimate
38091,"Steele County, North Dakota",Percentage MOE exceeds 50% of estimate
38093,"Stutsman County, North Dakota",Percentage MOE exceeds 50% of estimate
38095,"Towner County, North Dakota",Percentage MOE exceeds 50% of estimate
38097,"Traill County, North Dakota",Percentage MOE exceeds 50% of estimate
38099,"Walsh County, North Dakota",Caregiver count MOE exceeds 50% of estimate
38101,"Ward County, North Dakota",Caregiver count MOE exceeds 50% of estimate
38103,"Wells County, North Dakota",Percentage MOE exceeds 50% of estimate
38105,"Williams County, North Dakota",Caregiver count MOE exceeds 50% of estimate
39011,"Auglaize County, Ohio",Caregiver count MOE exceeds 50% of estimate
39019,"Carroll County, Ohio",Percentage MOE exceeds 50% of estimate
39051,"Fulton County, Ohio",Caregiver count MOE exceeds 50% of estimate
39055,"Geauga County, Ohio",Caregiver count MOE exceeds 50% of estimate
39059,"Guernsey County, Ohio",Caregiver count MOE exceeds 50% of estimate
39067,"Harrison County, Ohio",Caregiver count MOE exceeds 50% of estimate
39075,"Holmes County, Ohio",Percentage MOE exceeds 50% of estimate
39083,"Knox County, Ohio",Caregiver count MOE exceeds 50% of estimate
39091,"Logan County, Ohio",Caregiver count MOE exceeds 50% of estimate
39107,"Mercer County, Ohio",Caregiver count MOE exceeds 50% of estimate
39111,"Monroe County, Ohio",Percentage MOE exceeds 50% of estimate
39115,"Morgan County, Ohio",Percentage MOE exceeds 50% of estimate
39121,"Noble County, Ohio",Percentage MOE exceeds 50% of estimate
39123,"Ottawa County, Ohio",Caregiver count MOE exceeds 50% of estimate
39125,"Paulding County, Ohio",Caregiver count MOE exceeds 50% of estimate
39131,"Pike County, Ohio",Caregiver count MOE exceeds 50% of estimate
39137,"Putnam County, Ohio",Percentage MOE exceeds 50% of estimate
39159,"Union County, Ohio",Caregiver count MOE exceeds 50% of estimate
39161,"Van Wert County, Ohio",Caregiver count MOE exceeds 50% of estimate
39163,"Vinton County, Ohio",Percentage MOE exceeds 50% of estimate
39167,"Washington County, Ohio",Caregiver count MOE exceeds 50% of estimate
39175,"Wyandot County, Ohio",Caregiver count MOE exceeds 50% of estimate
40003,"Alfalfa County, Oklahoma",Caregiver count MOE exceeds 50% of estimate
40007,"Beaver County, Oklahoma",Caregiver count MOE exceeds 50% of estimate
40009,"Beckham County, Oklahoma",Caregiver count MOE exceeds 50% of estimate
40025,"Cimarron County, Oklahoma",Percentage MOE exceeds 50% of estimate
40029,"Coal County, Oklahoma",Caregiver count MOE exceeds 50% of estimate
40033,"Cotton County, Oklahoma",Percentage MOE exceeds 50% of estimate
40043,"Dewey County, Oklahoma",Caregiver count MOE exceeds 50% of estimate
40045,"Ellis County, Oklahoma",Percentage MOE exceeds 50% of estimate
40053,"Grant County, Oklahoma",Caregiver count MOE exceeds 50% of estimate
40055,"Greer County, Oklahoma",Caregiver count MOE exceeds 50% of estimate
40057,"Harmon County, Oklahoma",Percentage MOE exceeds 50% of estimate
40059,"Harper County, Oklahoma",Percentage MOE exceeds 50% of estimate
40067,"Jefferson County, Oklahoma",Caregiver count MOE exceeds 50% of estimate
40073,"Kingfisher County, Oklahoma",Caregiver count MOE exceeds 50% of estimate
40093,"Major County, Oklahoma",Caregiver count MOE exceeds 50% of estimate
40119,"Payne County, Oklahoma",Caregiver count MOE exceeds 50% of estimate
40139,"Texas County, Oklahoma",Percentage MOE exceeds 50% of estimate
40151,"Woods County, Oklahoma",Percentage MOE exceeds 50% of estimate
40153,"Woodward County, Oklahoma",Caregiver count MOE exceeds 50% of estimate
41001,"Baker County, Oregon",Caregiver count MOE exceeds 50% of estimate
41007,"Clatsop County, Oregon",Percentage MOE exceeds 50% of estimate
41013,"Crook County, Oregon",Percentage MOE exceeds 50% of estimate
41015,"Curry County, Oregon",Percentage MOE exceeds 50% of estimate
41021,"Gilliam County, Oregon",Caregiver count MOE exceeds 50% of estimate
41023,"Grant County, Oregon",Percentage MOE exceeds 50% of estimate
41025,"Harney County, Oregon",Caregiver count MOE exceeds 50% of estimate
41027,"Hood River County, Oregon",Percentage MOE exceeds 50% of estimate
41035,"Klamath County, Oregon",Caregiver count MOE exceeds 50% of estimate
41037,"Lake County, Oregon",Percentage MOE exceeds 50% of estimate
41041,"Lincoln County, Oregon",Caregiver count MOE exceeds 50% of estimate
41045,"Malheur County, Oregon",Caregiver count MOE exceeds 50% of estimate
41049,"Morrow County, Oregon",Percentage MOE exceeds 50% of estimate
41055,"Sherman County, Oregon",Percentage MOE exceeds 50% of estimate
41057,"Tillamook County, Oregon",Percentage MOE exceeds 50% of estimate
41061,"Union County, Oregon",Percentage MOE exceeds 50% of estimate
41063,"Wallowa County, Oregon",Percentage MOE exceeds 50% of estimate
41065,"Wasco County, Oregon",Caregiver count MOE exceeds 50% of estimate
41069,"Wheeler County, Oregon",Percentage MOE exceeds 50% of estimate
42023,"Cameron County, Pennsylvania",Percentage MOE exceeds 50% of estimate
42035,"Clinton County, Pennsylvania",Caregiver count MOE exceeds 50% of estimate
42047,"Elk County, Pennsylvania",Caregiver count MOE exceeds 50% of estimate
42053,"Forest County, Pennsylvania",Percentage MOE exceeds 50% of estimate
42087,"Mifflin County, Pennsylvania",Caregiver count MOE exceeds 50% of estimate
42113,"Sullivan County, Pennsylvania",Caregiver count MOE exceeds 50% of estimate
42119,"Union County, Pennsylvania",Percentage MOE exceeds 50% of estimate
42123,"Warren County, Pennsylvania",Percentage MOE exceeds 50% of estimate
44001,"Bristol County, Rhode Island",Percentage MOE exceeds 50% of estimate
44005,"Newport County, Rhode Island",Percentage MOE exceeds 50% of estimate
45001,"Abbeville County, South Carolina",Caregiver count MOE exceeds 50% of estimate
45005,"Allendale County, South Carolina",Caregiver count MOE exceeds 50% of estimate
45009,"Bamberg County, South Carolina",Caregiver count MOE exceeds 50% of estimate
45011,"Barnwell County, South Carolina",Caregiver count MOE exceeds 50% of estimate
45017,"Calhoun County, South Carolina",Caregiver count MOE exceeds 50% of estimate
45049,"Hampton County, South Carolina",Percentage MOE exceeds 50% of estimate
45053,"Jasper County, South Carolina",Percentage MOE exceeds 50% of estimate
45061,"Lee County, South Carolina",Percentage MOE exceeds 50% of estimate
45065,"McCormick County, South Carolina",Percentage MOE exceeds 50% of estimate
45067,"Marion County, South Carolina",Caregiver count MOE exceeds 50% of estimate
45071,"Newberry County, South Carolina",Percentage MOE exceeds 50% of estimate
45081,"Saluda County, South Carolina",Caregiver count MOE exceeds 50% of estimate
46003,"Aurora County, South Dakota",Percentage MOE exceeds 50% of estimate
46005,"Beadle County, South Dakota",Percentage MOE exceeds 50% of estimate
46007,"Bennett County, South Dakota",Percentage MOE exceeds 50% of estimate
46009,"Bon Homme County, South Dakota",Percentage MOE exceeds 50% of estimate
46011,"Brookings County, South Dakota",Percentage MOE exceeds 50% of estimate
46013,"Brown County, South Dakota",Caregiver count MOE exceeds 50% of estimate
46015,"Brule County, South Dakota",Percentage MOE exceeds 50% of estimate
46017,"Buffalo County, South Dakota",Percentage MOE exceeds 50% of estimate
46019,"Butte County, South Dakota",Percentage MOE exceeds 50% of estimate
46021,"Campbell County, South Dakota",Percentage MOE exceeds 50% of estimate
46025,"Clark County, South Dakota",Caregiver count MOE exceeds 50% of estimate
46027,"Clay County, South Dakota",Percentage MOE exceeds 50% of estimate
46029,"Codington County, South Dakota",Percentage MOE exceeds 50% of estimate
46033,"Custer County, South Dakota",Percentage MOE exceeds 50% of estimate
46035,"Davison County, South Dakota",Percentage MOE exceeds 50% of estimate
46037,"Day County, South Dakota",Percentage MOE exceeds 50% of estimate
46039,"Deuel County, South Dakota",Unavailable MOE or zero percentage
46043,"Douglas County, South Dakota",Percentage MOE exceeds 50% of estimate
46045,"Edmunds County, South Dakota",Caregiver count MOE exceeds 50% of estimate
46047,"Fall River County, South Dakota",Percentage MOE exceeds 50% of estimate
46049,"Faulk County, South Dakota",Missing input or nonpositive denominator
46051,"Grant County, South Dakota",Percentage MOE exceeds 50% of estimate
46053,"Gregory County, South Dakota",Percentage MOE exceeds 50% of estimate
46055,"Haakon County, South Dakota",Missing input or nonpositive denominator
46057,"Hamlin County, South Dakota",Percentage MOE exceeds 50% of estimate
46059,"Hand County, South Dakota",Unavailable MOE or zero percentage
46061,"Hanson County, South Dakota",Percentage MOE exceeds 50% of estimate
46063,"Harding County, South Dakota",Percentage MOE exceeds 50% of estimate
46065,"Hughes County, South Dakota",Percentage MOE exceeds 50% of estimate
46067,"Hutchinson County, South Dakota",Percentage MOE exceeds 50% of estimate
46069,"Hyde County, South Dakota",Percentage MOE exceeds 50% of estimate
46071,"Jackson County, South Dakota",Percentage MOE exceeds 50% of estimate
46073,"Jerauld County, South Dakota",Percentage MOE exceeds 50% of estimate
46075,"Jones County, South Dakota",Percentage MOE exceeds 50% of estimate
46077,"Kingsbury County, South Dakota",Percentage MOE exceeds 50% of estimate
46079,"Lake County, South Dakota",Unavailable MOE or zero percentage
46081,"Lawrence County, South Dakota",Caregiver count MOE exceeds 50% of estimate
46083,"Lincoln County, South Dakota",Percentage MOE exceeds 50% of estimate
46087,"McCook County, South Dakota",Percentage MOE exceeds 50% of estimate
46089,"McPherson County, South Dakota",Unavailable MOE or zero percentage
46091,"Marshall County, South Dakota",Percentage MOE exceeds 50% of estimate
46093,"Meade County, South Dakota",Percentage MOE exceeds 50% of estimate
46095,"Mellette County, South Dakota",Caregiver count MOE exceeds 50% of estimate
46097,"Miner County, South Dakota",Percentage MOE exceeds 50% of estimate
46105,"Perkins County, South Dakota",Percentage MOE exceeds 50% of estimate
46107,"Potter County, South Dakota",Unavailable MOE or zero percentage
46111,"Sanborn County, South Dakota",Missing input or nonpositive denominator
46115,"Spink County, South Dakota",Percentage MOE exceeds 50% of estimate
46117,"Stanley County, South Dakota",Percentage MOE exceeds 50% of estimate
46119,"Sully County, South Dakota",Percentage MOE exceeds 50% of estimate
46123,"Tripp County, South Dakota",Percentage MOE exceeds 50% of estimate
46125,"Turner County, South Dakota",Caregiver count MOE exceeds 50% of estimate
46127,"Union County, South Dakota",Percentage MOE exceeds 50% of estimate
46129,"Walworth County, South Dakota",Unavailable MOE or zero percentage
46135,"Yankton County, South Dakota",Percentage MOE exceeds 50% of estimate
47005,"Benton County, Tennessee",Caregiver count MOE exceeds 50% of estimate
47007,"Bledsoe County, Tennessee",Caregiver count MOE exceeds 50% of estimate
47015,"Cannon County, Tennessee",Percentage MOE exceeds 50% of estimate
47023,"Chester County, Tennessee",Percentage MOE exceeds 50% of estimate
47027,"Clay County, Tennessee",Percentage MOE exceeds 50% of estimate
47033,"Crockett County, Tennessee",Percentage MOE exceeds 50% of estimate
47051,"Franklin County, Tennessee",Caregiver count MOE exceeds 50% of estimate
47067,"Hancock County, Tennessee",Caregiver count MOE exceeds 50% of estimate
47075,"Haywood County, Tennessee",Caregiver count MOE exceeds 50% of estimate
47081,"Hickman County, Tennessee",Caregiver count MOE exceeds 50% of estimate
47085,"Humphreys County, Tennessee",Caregiver count MOE exceeds 50% of estimate
47087,"Jackson County, Tennessee",Percentage MOE exceeds 50% of estimate
47091,"Johnson County, Tennessee",Caregiver count MOE exceeds 50% of estimate
47095,"Lake County, Tennessee",Caregiver count MOE exceeds 50% of estimate
47101,"Lewis County, Tennessee",Percentage MOE exceeds 50% of estimate
47105,"Loudon County, Tennessee",Caregiver count MOE exceeds 50% of estimate
47111,"Macon County, Tennessee",Percentage MOE exceeds 50% of estimate
47117,"Marshall County, Tennessee",Caregiver count MOE exceeds 50% of estimate
47121,"Meigs County, Tennessee",Caregiver count MOE exceeds 50% of estimate
47127,"Moore County, Tennessee",Caregiver count MOE exceeds 50% of estimate
47135,"Perry County, Tennessee",Caregiver count MOE exceeds 50% of estimate
47137,"Pickett County, Tennessee",Percentage MOE exceeds 50% of estimate
47139,"Polk County, Tennessee",Caregiver count MOE exceeds 50% of estimate
47153,"Sequatchie County, Tennessee",Percentage MOE exceeds 50% of estimate
47161,"Stewart County, Tennessee",Percentage MOE exceeds 50% of estimate
47169,"Trousdale County, Tennessee",Percentage MOE exceeds 50% of estimate
47171,"Unicoi County, Tennessee",Caregiver count MOE exceeds 50% of estimate
47175,"Van Buren County, Tennessee",Caregiver count MOE exceeds 50% of estimate
47181,"Wayne County, Tennessee",Percentage MOE exceeds 50% of estimate
48003,"Andrews County, Texas",Percentage MOE exceeds 50% of estimate
48007,"Aransas County, Texas",Percentage MOE exceeds 50% of estimate
48009,"Archer County, Texas",Percentage MOE exceeds 50% of estimate
48011,"Armstrong County, Texas",Percentage MOE exceeds 50% of estimate
48015,"Austin County, Texas",Percentage MOE exceeds 50% of estimate
48017,"Bailey County, Texas",Unavailable MOE or zero percentage
48019,"Bandera County, Texas",Caregiver count MOE exceeds 50% of estimate
48023,"Baylor County, Texas",Percentage MOE exceeds 50% of estimate
48025,"Bee County, Texas",Caregiver count MOE exceeds 50% of estimate
48031,"Blanco County, Texas",Percentage MOE exceeds 50% of estimate
48033,"Borden County, Texas",Percentage MOE exceeds 50% of estimate
48043,"Brewster County, Texas",Percentage MOE exceeds 50% of estimate
48045,"Briscoe County, Texas",Percentage MOE exceeds 50% of estimate
48047,"Brooks County, Texas",Caregiver count MOE exceeds 50% of estimate
48051,"Burleson County, Texas",Caregiver count MOE exceeds 50% of estimate
48053,"Burnet County, Texas",Caregiver count MOE exceeds 50% of estimate
48057,"Calhoun County, Texas",Caregiver count MOE exceeds 50% of estimate
48063,"Camp County, Texas",Caregiver count MOE exceeds 50% of estimate
48065,"Carson County, Texas",Percentage MOE exceeds 50% of estimate
48069,"Castro County, Texas",Percentage MOE exceeds 50% of estimate
48071,"Chambers County, Texas",Percentage MOE exceeds 50% of estimate
48075,"Childress County, Texas",Percentage MOE exceeds 50% of estimate
48079,"Cochran County, Texas",Caregiver count MOE exceeds 50% of estimate
48081,"Coke County, Texas",Unavailable MOE or zero percentage
48083,"Coleman County, Texas",Caregiver count MOE exceeds 50% of estimate
48087,"Collingsworth County, Texas",Percentage MOE exceeds 50% of estimate
48089,"Colorado County, Texas",Caregiver count MOE exceeds 50% of estimate
48093,"Comanche County, Texas",Caregiver count MOE exceeds 50% of estimate
48095,"Concho County, Texas",Caregiver count MOE exceeds 50% of estimate
48101,"Cottle County, Texas",Percentage MOE exceeds 50% of estimate
48103,"Crane County, Texas",Percentage MOE exceeds 50% of estimate
48105,"Crockett County, Texas",Unavailable MOE or zero percentage
48109,"Culberson County, Texas",Percentage MOE exceeds 50% of estimate
48111,"Dallam County, Texas",Caregiver count MOE exceeds 50% of estimate
48115,"Dawson County, Texas",Caregiver count MOE exceeds 50% of estimate
48117,"Deaf Smith County, Texas",Caregiver count MOE exceeds 50% of estimate
48119,"Delta County, Texas",Percentage MOE exceeds 50% of estimate
48123,"DeWitt County, Texas",Percentage MOE exceeds 50% of estimate
48125,"Dickens County, Texas",Percentage MOE exceeds 50% of estimate
48127,"Dimmit County, Texas",Caregiver count MOE exceeds 50% of estimate
48129,"Donley County, Texas",Caregiver count MOE exceeds 50% of estimate
48131,"Duval County, Texas",Percentage MOE exceeds 50% of estimate
48137,"Edwards County, Texas",Missing input or nonpositive denominator
48145,"Falls County, Texas",Caregiver count MOE exceeds 50% of estimate
48149,"Fayette County, Texas",Caregiver count MOE exceeds 50% of estimate
48151,"Fisher County, Texas",Caregiver count MOE exceeds 50% of estimate
48153,"Floyd County, Texas",Caregiver count MOE exceeds 50% of estimate
48155,"Foard County, Texas",Unavailable MOE or zero percentage
48159,"Franklin County, Texas",Percentage MOE exceeds 50% of estimate
48161,"Freestone County, Texas",Percentage MOE exceeds 50% of estimate
48163,"Frio County, Texas",Caregiver count MOE exceeds 50% of estimate
48169,"Garza County, Texas",Missing input or nonpositive denominator
48171,"Gillespie County, Texas",Percentage MOE exceeds 50% of estimate
48173,"Glasscock County, Texas",Missing input or nonpositive denominator
48175,"Goliad County, Texas",Percentage MOE exceeds 50% of estimate
48177,"Gonzales County, Texas",Percentage MOE exceeds 50% of estimate
48179,"Gray County, Texas",Caregiver count MOE exceeds 50% of estimate
48185,"Grimes County, Texas",Percentage MOE exceeds 50% of estimate
48191,"Hall County, Texas",Caregiver count MOE exceeds 50% of estimate
48193,"Hamilton County, Texas",Caregiver count MOE exceeds 50% of estimate
48195,"Hansford County, Texas",Caregiver count MOE exceeds 50% of estimate
48197,"Hardeman County, Texas",Percentage MOE exceeds 50% of estimate
48199,"Hardin County, Texas",Caregiver count MOE exceeds 50% of estimate
48205,"Hartley County, Texas",Unavailable MOE or zero percentage
48207,"Haskell County, Texas",Caregiver count MOE exceeds 50% of estimate
48211,"Hemphill County, Texas",Percentage MOE exceeds 50% of estimate
48219,"Hockley County, Texas",Caregiver count MOE exceeds 50% of estimate
48229,"Hudspeth County, Texas",Percentage MOE exceeds 50% of estimate
48233,"Hutchinson County, Texas",Caregiver count MOE exceeds 50% of estimate
48235,"Irion County, Texas",Percentage MOE exceeds 50% of estimate
48237,"Jack County, Texas",Percentage MOE exceeds 50% of estimate
48239,"Jackson County, Texas",Caregiver count MOE exceeds 50% of estimate
48243,"Jeff Davis County, Texas",Missing input or nonpositive denominator
48247,"Jim Hogg County, Texas",Percentage MOE exceeds 50% of estimate
48253,"Jones County, Texas",Caregiver count MOE exceeds 50% of estimate
48255,"Karnes County, Texas",Percentage MOE exceeds 50% of estimate
48259,"Kendall County, Texas",Percentage MOE exceeds 50% of estimate
48261,"Kenedy County, Texas",Unavailable MOE or zero percentage
48263,"Kent County, Texas",Percentage MOE exceeds 50% of estimate
48265,"Kerr County, Texas",Caregiver count MOE exceeds 50% of estimate
48267,"Kimble County, Texas",Caregiver count MOE exceeds 50% of estimate
48269,"King County, Texas",Missing input or nonpositive denominator
48271,"Kinney County, Texas",Unavailable MOE or zero percentage
48273,"Kleberg County, Texas",Caregiver count MOE exceeds 50% of estimate
48275,"Knox County, Texas",Percentage MOE exceeds 50% of estimate
48279,"Lamb County, Texas",Percentage MOE exceeds 50% of estimate
48283,"La Salle County, Texas",Percentage MOE exceeds 50% of estimate
48285,"Lavaca County, Texas",Percentage MOE exceeds 50% of estimate
48287,"Lee County, Texas",Caregiver count MOE exceeds 50% of estimate
48289,"Leon County, Texas",Caregiver count MOE exceeds 50% of estimate
48293,"Limestone County, Texas",Caregiver count MOE exceeds 50% of estimate
48295,"Lipscomb County, Texas",Caregiver count MOE exceeds 50% of estimate
48297,"Live Oak County, Texas",Percentage MOE exceeds 50% of estimate
48299,"Llano County, Texas",Percentage MOE exceeds 50% of estimate
48301,"Loving County, Texas",Missing input or nonpositive denominator
48305,"Lynn County, Texas",Caregiver count MOE exceeds 50% of estimate
48307,"McCulloch County, Texas",Caregiver count MOE exceeds 50% of estimate
48311,"McMullen County, Texas",Unavailable MOE or zero percentage
48313,"Madison County, Texas",Caregiver count MOE exceeds 50% of estimate
48315,"Marion County, Texas",Percentage MOE exceeds 50% of estimate
48317,"Martin County, Texas",Caregiver count MOE exceeds 50% of estimate
48319,"Mason County, Texas",Missing input or nonpositive denominator
48321,"Matagorda County, Texas",Caregiver count MOE exceeds 50% of estimate
48327,"Menard County, Texas",Percentage MOE exceeds 50% of estimate
48331,"Milam County, Texas",Caregiver count MOE exceeds 50% of estimate
48333,"Mills County, Texas",Percentage MOE exceeds 50% of estimate
48335,"Mitchell County, Texas",Caregiver count MOE exceeds 50% of estimate
48341,"Moore County, Texas",Caregiver count MOE exceeds 50% of estimate
48343,"Morris County, Texas",Percentage MOE exceeds 50% of estimate
48345,"Motley County, Texas",Caregiver count MOE exceeds 50% of estimate
48351,"Newton County, Texas",Caregiver count MOE exceeds 50% of estimate
48353,"Nolan County, Texas",Percentage MOE exceeds 50% of estimate
48357,"Ochiltree County, Texas",Percentage MOE exceeds 50% of estimate
48359,"Oldham County, Texas",Unavailable MOE or zero percentage
48365,"Panola County, Texas",Caregiver count MOE exceeds 50% of estimate
48369,"Parmer County, Texas",Caregiver count MOE exceeds 50% of estimate
48371,"Pecos County, Texas",Percentage MOE exceeds 50% of estimate
48377,"Presidio County, Texas",Unavailable MOE or zero percentage
48379,"Rains County, Texas",Percentage MOE exceeds 50% of estimate
48383,"Reagan County, Texas",Caregiver count MOE exceeds 50% of estimate
48385,"Real County, Texas",Percentage MOE exceeds 50% of estimate
48389,"Reeves County, Texas",Percentage MOE exceeds 50% of estimate
48391,"Refugio County, Texas",Percentage MOE exceeds 50% of estimate
48393,"Roberts County, Texas",Missing input or nonpositive denominator
48395,"Robertson County, Texas",Caregiver count MOE exceeds 50% of estimate
48399,"Runnels County, Texas",Caregiver count MOE exceeds 50% of estimate
48403,"Sabine County, Texas",Caregiver count MOE exceeds 50% of estimate
48405,"San Augustine County, Texas",Caregiver count MOE exceeds 50% of estimate
48407,"San Jacinto County, Texas",Percentage MOE exceeds 50% of estimate
48411,"San Saba County, Texas",Caregiver count MOE exceeds 50% of estimate
48413,"Schleicher County, Texas",Caregiver count MOE exceeds 50% of estimate
48415,"Scurry County, Texas",Caregiver count MOE exceeds 50% of estimate
48417,"Shackelford County, Texas",Caregiver count MOE exceeds 50% of estimate
48421,"Sherman County, Texas",Percentage MOE exceeds 50% of estimate
48425,"Somervell County, Texas",Percentage MOE exceeds 50% of estimate
48429,"Stephens County, Texas",Percentage MOE exceeds 50% of estimate
48431,"Sterling County, Texas",Unavailable MOE or zero percentage
48433,"Stonewall County, Texas",Missing input or nonpositive denominator
48435,"Sutton County, Texas",Unavailable MOE or zero percentage
48437,"Swisher County, Texas",Caregiver count MOE exceeds 50% of estimate
48443,"Terrell County, Texas",Percentage MOE exceeds 50% of estimate
48447,"Throckmorton County, Texas",Percentage MOE exceeds 50% of estimate
48455,"Trinity County, Texas",Percentage MOE exceeds 50% of estimate
48461,"Upton County, Texas",Percentage MOE exceeds 50% of estimate
48463,"Uvalde County, Texas",Caregiver count MOE exceeds 50% of estimate
48465,"Val Verde County, Texas",Percentage MOE exceeds 50% of estimate
48471,"Walker County, Texas",Caregiver count MOE exceeds 50% of estimate
48475,"Ward County, Texas",Percentage MOE exceeds 50% of estimate
48477,"Washington County, Texas",Percentage MOE exceeds 50% of estimate
48481,"Wharton County, Texas",Caregiver count MOE exceeds 50% of estimate
48483,"Wheeler County, Texas",Caregiver count MOE exceeds 50% of estimate
48487,"Wilbarger County, Texas",Percentage MOE exceeds 50% of estimate
48489,"Willacy County, Texas",Caregiver count MOE exceeds 50% of estimate
48495,"Winkler County, Texas",Caregiver count MOE exceeds 50% of estimate
48501,"Yoakum County, Texas",Caregiver count MOE exceeds 50% of estimate
48503,"Young County, Texas",Percentage MOE exceeds 50% of estimate
48505,"Zapata County, Texas",Caregiver count MOE exceeds 50% of estimate
48507,"Zavala County, Texas",Percentage MOE exceeds 50% of estimate
49001,"Beaver County, Utah",Unavailable MOE or zero percentage
49007,"Carbon County, Utah",Percentage MOE exceeds 50% of estimate
49009,"Daggett County, Utah",Percentage MOE exceeds 50% of estimate
49017,"Garfield County, Utah",Percentage MOE exceeds 50% of estimate
49019,"Grand County, Utah",Percentage MOE exceeds 50% of estimate
49021,"Iron County, Utah",Percentage MOE exceeds 50% of estimate
49023,"Juab County, Utah",Percentage MOE exceeds 50% of estimate
49025,"Kane County, Utah",Percentage MOE exceeds 50% of estimate
49029,"Morgan County, Utah",Percentage MOE exceeds 50% of estimate
49031,"Piute County, Utah",Unavailable MOE or zero percentage
49033,"Rich County, Utah",Missing input or nonpositive denominator
49043,"Summit County, Utah",Percentage MOE exceeds 50% of estimate
49051,"Wasatch County, Utah",Percentage MOE exceeds 50% of estimate
49055,"Wayne County, Utah",Percentage MOE exceeds 50% of estimate
50003,"Bennington County, Vermont",Percentage MOE exceeds 50% of estimate
50005,"Caledonia County, Vermont",Caregiver count MOE exceeds 50% of estimate
50007,"Chittenden County, Vermont",Percentage MOE exceeds 50% of estimate
50009,"Essex County, Vermont",Percentage MOE exceeds 50% of estimate
50013,"Grand Isle County, Vermont",Percentage MOE exceeds 50% of estimate
50015,"Lamoille County, Vermont",Percentage MOE exceeds 50% of estimate
50019,"Orleans County, Vermont",Percentage MOE exceeds 50% of estimate
50025,"Windham County, Vermont",Percentage MOE exceeds 50% of estimate
50027,"Windsor County, Vermont",Percentage MOE exceeds 50% of estimate
51005,"Alleghany County, Virginia",Percentage MOE exceeds 50% of estimate
51007,"Amelia County, Virginia",Percentage MOE exceeds 50% of estimate
51011,"Appomattox County, Virginia",Caregiver count MOE exceeds 50% of estimate
51017,"Bath County, Virginia",Percentage MOE exceeds 50% of estimate
51021,"Bland County, Virginia",Caregiver count MOE exceeds 50% of estimate
51023,"Botetourt County, Virginia",Caregiver count MOE exceeds 50% of estimate
51027,"Buchanan County, Virginia",Caregiver count MOE exceeds 50% of estimate
51029,"Buckingham County, Virginia",Caregiver count MOE exceeds 50% of estimate
51035,"Carroll County, Virginia",Caregiver count MOE exceeds 50% of estimate
51037,"Charlotte County, Virginia",Caregiver count MOE exceeds 50% of estimate
51043,"Clarke County, Virginia",Percentage MOE exceeds 50% of estimate
51045,"Craig County, Virginia",Percentage MOE exceeds 50% of estimate
51049,"Cumberland County, Virginia",Caregiver count MOE exceeds 50% of estimate
51051,"Dickenson County, Virginia",Caregiver count MOE exceeds 50% of estimate
51053,"Dinwiddie County, Virginia",Percentage MOE exceeds 50% of estimate
51057,"Essex County, Virginia",Percentage MOE exceeds 50% of estimate
51061,"Fauquier County, Virginia",Percentage MOE exceeds 50% of estimate
51063,"Floyd County, Virginia",Caregiver count MOE exceeds 50% of estimate
51065,"Fluvanna County, Virginia",Percentage MOE exceeds 50% of estimate
51067,"Franklin County, Virginia",Caregiver count MOE exceeds 50% of estimate
51071,"Giles County, Virginia",Percentage MOE exceeds 50% of estimate
51073,"Gloucester County, Virginia",Caregiver count MOE exceeds 50% of estimate
51075,"Goochland County, Virginia",Percentage MOE exceeds 50% of estimate
51077,"Grayson County, Virginia",Caregiver count MOE exceeds 50% of estimate
51079,"Greene County, Virginia",Caregiver count MOE exceeds 50% of estimate
51081,"Greensville County, Virginia",Percentage MOE exceeds 50% of estimate
51091,"Highland County, Virginia",Percentage MOE exceeds 50% of estimate
51093,"Isle of Wight County, Virginia",Caregiver count MOE exceeds 50% of estimate
51097,"King and Queen County, Virginia",Caregiver count MOE exceeds 50% of estimate
51101,"King William County, Virginia",Percentage MOE exceeds 50% of estimate
51103,"Lancaster County, Virginia",Percentage MOE exceeds 50% of estimate
51105,"Lee County, Virginia",Caregiver count MOE exceeds 50% of estimate
51111,"Lunenburg County, Virginia",Percentage MOE exceeds 50% of estimate
51113,"Madison County, Virginia",Percentage MOE exceeds 50% of estimate
51115,"Mathews County, Virginia",Unavailable MOE or zero percentage
51119,"Middlesex County, Virginia",Caregiver count MOE exceeds 50% of estimate
51125,"Nelson County, Virginia",Percentage MOE exceeds 50% of estimate
51127,"New Kent County, Virginia",Percentage MOE exceeds 50% of estimate
51131,"Northampton County, Virginia",Caregiver count MOE exceeds 50% of estimate
51133,"Northumberland County, Virginia",Percentage MOE exceeds 50% of estimate
51135,"Nottoway County, Virginia",Percentage MOE exceeds 50% of estimate
51139,"Page County, Virginia",Percentage MOE exceeds 50% of estimate
51141,"Patrick County, Virginia",Caregiver count MOE exceeds 50% of estimate
51145,"Powhatan County, Virginia",Percentage MOE exceeds 50% of estimate
51147,"Prince Edward County, Virginia",Percentage MOE exceeds 50% of estimate
51149,"Prince George County, Virginia",Caregiver count MOE exceeds 50% of estimate
51155,"Pulaski County, Virginia",Caregiver count MOE exceeds 50% of estimate
51157,"Rappahannock County, Virginia",Percentage MOE exceeds 50% of estimate
51159,"Richmond County, Virginia",Percentage MOE exceeds 50% of estimate
51163,"Rockbridge County, Virginia",Caregiver count MOE exceeds 50% of estimate
51171,"Shenandoah County, Virginia",Caregiver count MOE exceeds 50% of estimate
51181,"Surry County, Virginia",Percentage MOE exceeds 50% of estimate
51183,"Sussex County, Virginia",Percentage MOE exceeds 50% of estimate
51520,"Bristol city, Virginia",Caregiver count MOE exceeds 50% of estimate
51530,"Buena Vista city, Virginia",Caregiver count MOE exceeds 50% of estimate
51540,"Charlottesville city, Virginia",Percentage MOE exceeds 50% of estimate
51570,"Colonial Heights city, Virginia",Percentage MOE exceeds 50% of estimate
51580,"Covington city, Virginia",Percentage MOE exceeds 50% of estimate
51595,"Emporia city, Virginia",Caregiver count MOE exceeds 50% of estimate
51600,"Fairfax city, Virginia",Percentage MOE exceeds 50% of estimate
51610,"Falls Church city, Virginia",Percentage MOE exceeds 50% of estimate
51620,"Franklin city, Virginia",Percentage MOE exceeds 50% of estimate
51630,"Fredericksburg city, Virginia",Percentage MOE exceeds 50% of estimate
51640,"Galax city, Virginia",Caregiver count MOE exceeds 50% of estimate
51660,"Harrisonburg city, Virginia",Percentage MOE exceeds 50% of estimate
51670,"Hopewell city, Virginia",Percentage MOE exceeds 50% of estimate
51678,"Lexington city, Virginia",Missing input or nonpositive denominator
51683,"Manassas city, Virginia",Caregiver count MOE exceeds 50% of estimate
51685,"Manassas Park city, Virginia",Percentage MOE exceeds 50% of estimate
51690,"Martinsville city, Virginia",Caregiver count MOE exceeds 50% of estimate
51720,"Norton city, Virginia",Percentage MOE exceeds 50% of estimate
51735,"Poquoson city, Virginia",Percentage MOE exceeds 50% of estimate
51750,"Radford city, Virginia",Caregiver count MOE exceeds 50% of estimate
51775,"Salem city, Virginia",Caregiver count MOE exceeds 50% of estimate
51790,"Staunton city, Virginia",Caregiver count MOE exceeds 50% of estimate
51820,"Waynesboro city, Virginia",Caregiver count MOE exceeds 50% of estimate
51830,"Williamsburg city, Virginia",Percentage MOE exceeds 50% of estimate
51840,"Winchester city, Virginia",Percentage MOE exceeds 50% of estimate
53001,"Adams County, Washington",Caregiver count MOE exceeds 50% of estimate
53003,"Asotin County, Washington",Caregiver count MOE exceeds 50% of estimate
53013,"Columbia County, Washington",Unavailable MOE or zero percentage
53023,"Garfield County, Washington",Percentage MOE exceeds 50% of estimate
53029,"Island County, Washington",Caregiver count MOE exceeds 50% of estimate
53031,"Jefferson County, Washington",Percentage MOE exceeds 50% of estimate
53037,"Kittitas County, Washington",Percentage MOE exceeds 50% of estimate
53039,"Klickitat County, Washington",Caregiver count MOE exceeds 50% of estimate
53043,"Lincoln County, Washington",Percentage MOE exceeds 50% of estimate
53049,"Pacific County, Washington",Percentage MOE exceeds 50% of estimate
53051,"Pend Oreille County, Washington",Caregiver count MOE exceeds 50% of estimate
53055,"San Juan County, Washington",Caregiver count MOE exceeds 50% of estimate
53059,"Skamania County, Washington",Percentage MOE exceeds 50% of estimate
53069,"Wahkiakum County, Washington",Percentage MOE exceeds 50% of estimate
53071,"Walla Walla County, Washington",Caregiver count MOE exceeds 50% of estimate
53073,"Whatcom County, Washington",Caregiver count MOE exceeds 50% of estimate
54001,"Barbour County, West Virginia",Caregiver count MOE exceeds 50% of estimate
54009,"Brooke County, West Virginia",Caregiver count MOE exceeds 50% of estimate
54013,"Calhoun County, West Virginia",Percentage MOE exceeds 50% of estimate
54015,"Clay County, West Virginia",Caregiver count MOE exceeds 50% of estimate
54017,"Doddridge County, West Virginia",Percentage MOE exceeds 50% of estimate
54021,"Gilmer County, West Virginia",Percentage MOE exceeds 50% of estimate
54023,"Grant County, West Virginia",Caregiver count MOE exceeds 50% of estimate
54025,"Greenbrier County, West Virginia",Percentage MOE exceeds 50% of estimate
54027,"Hampshire County, West Virginia",Percentage MOE exceeds 50% of estimate
54031,"Hardy County, West Virginia",Caregiver count MOE exceeds 50% of estimate
54035,"Jackson County, West Virginia",Caregiver count MOE exceeds 50% of estimate
54043,"Lincoln County, West Virginia",Caregiver count MOE exceeds 50% of estimate
54047,"McDowell County, West Virginia",Caregiver count MOE exceeds 50% of estimate
54051,"Marshall County, West Virginia",Caregiver count MOE exceeds 50% of estimate
54055,"Mercer County, West Virginia",Caregiver count MOE exceeds 50% of estimate
54057,"Mineral County, West Virginia",Caregiver count MOE exceeds 50% of estimate
54063,"Monroe County, West Virginia",Caregiver count MOE exceeds 50% of estimate
54065,"Morgan County, West Virginia",Percentage MOE exceeds 50% of estimate
54067,"Nicholas County, West Virginia",Caregiver count MOE exceeds 50% of estimate
54071,"Pendleton County, West Virginia",Caregiver count MOE exceeds 50% of estimate
54073,"Pleasants County, West Virginia",Percentage MOE exceeds 50% of estimate
54075,"Pocahontas County, West Virginia",Percentage MOE exceeds 50% of estimate
54085,"Ritchie County, West Virginia",Caregiver count MOE exceeds 50% of estimate
54087,"Roane County, West Virginia",Caregiver count MOE exceeds 50% of estimate
54089,"Summers County, West Virginia",Percentage MOE exceeds 50% of estimate
54091,"Taylor County, West Virginia",Caregiver count MOE exceeds 50% of estimate
54093,"Tucker County, West Virginia",Percentage MOE exceeds 50% of estimate
54095,"Tyler County, West Virginia",Caregiver count MOE exceeds 50% of estimate
54097,"Upshur County, West Virginia",Percentage MOE exceeds 50% of estimate
54101,"Webster County, West Virginia",Percentage MOE exceeds 50% of estimate
54103,"Wetzel County, West Virginia",Percentage MOE exceeds 50% of estimate
54105,"Wirt County, West Virginia",Caregiver count MOE exceeds 50% of estimate
54109,"Wyoming County, West Virginia",Caregiver count MOE exceeds 50% of estimate
55007,"Bayfield County, Wisconsin",Caregiver count MOE exceeds 50% of estimate
55011,"Buffalo County, Wisconsin",Caregiver count MOE exceeds 50% of estimate
55013,"Burnett County, Wisconsin",Percentage MOE exceeds 50% of estimate
55015,"Calumet County, Wisconsin",Caregiver count MOE exceeds 50% of estimate
55019,"Clark County, Wisconsin",Caregiver count MOE exceeds 50% of estimate
55021,"Columbia County, Wisconsin",Percentage MOE exceeds 50% of estimate
55023,"Crawford County, Wisconsin",Caregiver count MOE exceeds 50% of estimate
55029,"Door County, Wisconsin",Percentage MOE exceeds 50% of estimate
55035,"Eau Claire County, Wisconsin",Percentage MOE exceeds 50% of estimate
55037,"Florence County, Wisconsin",Percentage MOE exceeds 50% of estimate
55039,"Fond du Lac County, Wisconsin",Caregiver count MOE exceeds 50% of estimate
55045,"Green County, Wisconsin",Caregiver count MOE exceeds 50% of estimate
55047,"Green Lake County, Wisconsin",Percentage MOE exceeds 50% of estimate
55049,"Iowa County, Wisconsin",Percentage MOE exceeds 50% of estimate
55051,"Iron County, Wisconsin",Caregiver count MOE exceeds 50% of estimate
55057,"Juneau County, Wisconsin",Caregiver count MOE exceeds 50% of estimate
55061,"Kewaunee County, Wisconsin",Percentage MOE exceeds 50% of estimate
55067,"Langlade County, Wisconsin",Percentage MOE exceeds 50% of estimate
55073,"Marathon County, Wisconsin",Caregiver count MOE exceeds 50% of estimate
55085,"Oneida County, Wisconsin",Caregiver count MOE exceeds 50% of estimate
55091,"Pepin County, Wisconsin",Percentage MOE exceeds 50% of estimate
55093,"Pierce County, Wisconsin",Caregiver count MOE exceeds 50% of estimate
55097,"Portage County, Wisconsin",Caregiver count MOE exceeds 50% of estimate
55103,"Richland County, Wisconsin",Caregiver count MOE exceeds 50% of estimate
55109,"St. Croix County, Wisconsin",Caregiver count MOE exceeds 50% of estimate
55119,"Taylor County, Wisconsin",Caregiver count MOE exceeds 50% of estimate
55131,"Washington County, Wisconsin",Caregiver count MOE exceeds 50% of estimate
55135,"Waupaca County, Wisconsin",Caregiver count MOE exceeds 50% of estimate
56001,"Albany County, Wyoming",Caregiver count MOE exceeds 50% of estimate
56003,"Big Horn County, Wyoming",Percentage MOE exceeds 50% of estimate
56005,"Campbell County, Wyoming",Percentage MOE exceeds 50% of estimate
56007,"Carbon County, Wyoming",Percentage MOE exceeds 50% of estimate
56009,"Converse County, Wyoming",Percentage MOE exceeds 50% of estimate
56011,"Crook County, Wyoming",Caregiver count MOE exceeds 50% of estimate
56015,"Goshen County, Wyoming",Percentage MOE exceeds 50% of estimate
56017,"Hot Springs County, Wyoming",Percentage MOE exceeds 50% of estimate
56019,"Johnson County, Wyoming",Percentage MOE exceeds 50% of estimate
56023,"Lincoln County, Wyoming",Caregiver count MOE exceeds 50% of estimate
56027,"Niobrara County, Wyoming",Unavailable MOE or zero percentage
56029,"Park County, Wyoming",Caregiver count MOE exceeds 50% of estimate
56031,"Platte County, Wyoming",Caregiver count MOE exceeds 50% of estimate
56033,"Sheridan County, Wyoming",Percentage MOE exceeds 50% of estimate
56035,"Sublette County, Wyoming",Percentage MOE exceeds 50% of estimate
56037,"Sweetwater County, Wyoming",Percentage MOE exceeds 50% of estimate
56039,"Teton County, Wyoming",Percentage MOE exceeds 50% of estimate
56041,"Uinta County, Wyoming",Percentage MOE exceeds 50% of estimate
56043,"Washakie County, Wyoming",Percentage MOE exceeds 50% of estimate
56045,"Weston County, Wyoming",Percentage MOE exceeds 50% of estimate
