geoid,name,estimate_population,estimate_coresident_grandparents_total,estimate_responsible_total,estimate_less_than_six_months,estimate_six_to_eleven_months,estimate_one_or_two_years,estimate_three_or_four_years,estimate_five_plus_years,estimate_not_responsible,moe_population,moe_coresident_grandparents_total,moe_responsible_total,moe_less_than_six_months,moe_six_to_eleven_months,moe_one_or_two_years,moe_three_or_four_years,moe_five_plus_years,moe_not_responsible,duration_sum,duration_difference,duration_reconciliation_status,coresident_components_sum,coresident_difference,coresident_reconciliation_status,pct_responsible,moe_ratio,moe_exceeds_estimate,high_moe_flag,severe_moe_flag,cv_responsible_percent,responsible_ci90_lower,responsible_ci90_upper,pct_responsible_moe,percent_responsible_grandparents_less_than_six_months,percent_responsible_grandparents_less_than_six_months_moe,percent_responsible_grandparents_six_to_eleven_months,percent_responsible_grandparents_six_to_eleven_months_moe,percent_responsible_grandparents_one_or_two_years,percent_responsible_grandparents_one_or_two_years_moe,percent_responsible_grandparents_three_or_four_years,percent_responsible_grandparents_three_or_four_years_moe,percent_responsible_grandparents_five_plus_years,percent_responsible_grandparents_five_plus_years_moe,pct_responsible_ci90_lower,pct_responsible_ci90_upper,pct_responsible_cv_percent,pct_responsible_exclusion,percent_responsible_grandparents_less_than_six_months_ci90_lower,percent_responsible_grandparents_less_than_six_months_ci90_upper,percent_responsible_grandparents_less_than_six_months_cv_percent,percent_responsible_grandparents_less_than_six_months_exclusion,percent_responsible_grandparents_six_to_eleven_months_ci90_lower,percent_responsible_grandparents_six_to_eleven_months_ci90_upper,percent_responsible_grandparents_six_to_eleven_months_cv_percent,percent_responsible_grandparents_six_to_eleven_months_exclusion,percent_responsible_grandparents_one_or_two_years_ci90_lower,percent_responsible_grandparents_one_or_two_years_ci90_upper,percent_responsible_grandparents_one_or_two_years_cv_percent,percent_responsible_grandparents_one_or_two_years_exclusion,percent_responsible_grandparents_three_or_four_years_ci90_lower,percent_responsible_grandparents_three_or_four_years_ci90_upper,percent_responsible_grandparents_three_or_four_years_cv_percent,percent_responsible_grandparents_three_or_four_years_exclusion,percent_responsible_grandparents_five_plus_years_ci90_lower,percent_responsible_grandparents_five_plus_years_ci90_upper,percent_responsible_grandparents_five_plus_years_cv_percent,percent_responsible_grandparents_five_plus_years_exclusion,acs_year,acs_period,acs_product,state_fips,caregivers_per_1000_population,caregivers_per_1000_population_moe,story_scale_exclusion,national_rank_caregiver_count,national_percentile_caregiver_count,national_decile_caregiver_count,eligible_n_caregiver_count,exclusion_reason_caregiver_count,national_rank_caregiving_percent,national_percentile_caregiving_percent,national_decile_caregiving_percent,eligible_n_caregiving_percent,exclusion_reason_caregiving_percent,national_rank_less_than_six_months,national_percentile_less_than_six_months,national_decile_less_than_six_months,eligible_n_less_than_six_months,exclusion_reason_less_than_six_months,national_rank_six_to_eleven_months,national_percentile_six_to_eleven_months,national_decile_six_to_eleven_months,eligible_n_six_to_eleven_months,exclusion_reason_six_to_eleven_months,national_rank_one_or_two_years,national_percentile_one_or_two_years,national_decile_one_or_two_years,eligible_n_one_or_two_years,exclusion_reason_one_or_two_years,national_rank_three_or_four_years,national_percentile_three_or_four_years,national_decile_three_or_four_years,eligible_n_three_or_four_years,exclusion_reason_three_or_four_years,national_rank_five_plus_years,national_percentile_five_plus_years,national_decile_five_plus_years,eligible_n_five_plus_years,exclusion_reason_five_plus_years,national_rank_story_scale_caregiving_percent,national_percentile_story_scale_caregiving_percent,national_decile_story_scale_caregiving_percent,eligible_n_story_scale_caregiving_percent,exclusion_reason_story_scale_caregiving_percent,rank_by_count
1304000,"Atlanta city, Georgia",505268,5789,2563,345,317,208,142,1551,3226,79,769,482,128,130,85,89,427,629,2563,0,Pass,5789,0,Pass,44.27362238728623,0.18806086617245416,FALSE,FALSE,FALSE,11.433288840478847,2081,3045,5.8937018186262025,13.460788138899726,4.305029937004763,12.368318376902069,4.507411672515343,8.115489660554038,2.9443805855505003,5.540382364416699,3.3124903875048,60.51502145922747,12.167379035777332,38.379920568660026,50.167324205912436,8.09311751033401,Retained,9.155758201894963,17.76581807590449,19.443678444230184,Retained,7.860906704386726,16.875730049417413,22.15589570900852,Retained,5.171109075003538,11.059870246104538,22.057280184022773,Retained,2.2278919769118986,8.852872751921499,36.34859526410376,Percentage MOE exceeds 50% of estimate,48.34764242345014,72.6824004950048,12.223809944849515,Retained,2024,2020-2024,ACS five-year,13,5.072555554675934,0.9539488616277603,Retained,46,99.85798114738748,10,32038,Retained,228,70.49286640726329,8,771,Retained,16,67.70833333333333,7,48,Retained,15,63.75,7,40,Retained,154,0.3246753246753247,1,154,Retained,NA,NA,NA,114,Percentage MOE exceeds 50% of estimate,159,73.27150084317032,8,593,Retained,209,72.16288384512684,8,749,Retained,1
1319000,"Columbus city, Georgia",203711,4411,2052,90,230,504,424,804,2359,NA,639,420,80,181,232,144,267,437,2052,0,Pass,4411,0,Pass,46.52006347766947,0.2046783625730994,FALSE,FALSE,FALSE,12.443560887082999,1632,2472,6.726507128337798,4.385964912280701,3.793872894927994,11.208576998050681,8.517097676035124,24.561403508771928,10.126894292485709,20.66276803118908,5.59996491943605,39.1812865497076,10.246504892608838,39.793556349331666,53.24657060600727,8.790671503574334,Retained,0.5920920173527073,8.179837807208695,52.58844956598093,Percentage MOE exceeds 50% of estimate,2.6914793220155566,19.725674674085806,46.1970125298326,Percentage MOE exceeds 50% of estimate,14.43450921628622,34.68829780125763,25.06662361117175,Retained,15.06280311175303,26.262732950625132,16.47667401627151,Retained,28.93478165709876,49.42779144231644,15.898999755344692,Retained,2024,2020-2024,ACS five-year,13,10.073093745551295,NA,Retained,65,99.79867657157126,10,32038,Retained,195,74.77302204928664,8,771,Retained,NA,NA,NA,48,Percentage MOE exceeds 50% of estimate,NA,NA,NA,40,Percentage MOE exceeds 50% of estimate,62,60.064935064935064,7,154,Retained,47,59.21052631578947,6,114,Retained,494,16.779089376053964,2,593,Retained,177,76.43524699599466,8,749,Retained,2
1304204,"Augusta-Richmond County consolidated government (balance), Georgia",201528,5053,1973,202,57,281,197,1236,3080,20,780,505,139,43,172,134,344,631,1973,0,Pass,5053,0,Pass,39.0461112210568,0.25595539787126204,FALSE,FALSE,FALSE,15.560983280052891,1468,2478,7.972007354260809,10.238215914850482,6.539602480799239,2.889001520527116,2.0501430775193756,14.242270653826662,7.918917762285997,9.984794728839331,6.292504601717547,62.64571718195641,6.847400831473497,31.074103866795987,47.01811857531761,12.412596756780307,Retained,3.698613434051243,16.77781839564972,38.83289861490594,Percentage MOE exceeds 50% of estimate,0.8388584430077404,4.939144598046491,43.14288107910416,Percentage MOE exceeds 50% of estimate,6.323352891540664,22.161188416112658,33.80331881023265,Percentage MOE exceeds 50% of estimate,3.692290127121784,16.27729933055688,38.3139690533741,Percentage MOE exceeds 50% of estimate,55.79831635048291,69.4931180134299,6.645185502851379,Retained,2024,2020-2024,ACS five-year,13,9.790202850224286,2.5058550774104154,Retained,69,99.78619139771521,10,32038,Retained,315,59.20881971465629,6,771,Retained,NA,NA,NA,48,Percentage MOE exceeds 50% of estimate,NA,NA,NA,40,Percentage MOE exceeds 50% of estimate,NA,NA,NA,154,Percentage MOE exceeds 50% of estimate,NA,NA,NA,114,Percentage MOE exceeds 50% of estimate,129,78.33052276559864,8,593,Retained,295,60.68090787716956,7,749,Retained,3
1369000,"Savannah city, Georgia",147898,2848,1238,186,215,142,105,590,1610,64,445,274,136,145,92,70,188,360,1238,0,Pass,2848,0,Pass,43.46910112359551,0.22132471728594508,FALSE,FALSE,FALSE,13.455587394493119,964,1512,6.81378236120242,15.024232633279484,10.47010788957446,17.366720516962843,11.063784457789556,11.470113085621971,6.984285075317915,8.481421647819062,5.333592522395643,47.65751211631664,10.92484528117512,36.65531876239309,50.28288348479793,9.529724403259703,Retained,4.554124743705023,25.494340522853946,42.36737927114138,Percentage MOE exceeds 50% of estimate,6.3029360591732875,28.4305049747524,38.73099323123519,Percentage MOE exceeds 50% of estimate,4.485828010304056,18.45439816093989,37.0191975951969,Percentage MOE exceeds 50% of estimate,3.147829125423419,13.815014170214704,38.23172750122343,Percentage MOE exceeds 50% of estimate,36.732666835141515,58.58235739749176,13.936594738850173,Retained,2024,2020-2024,ACS five-year,13,8.37063381519696,1.8526246215852606,Retained,137,99.57394344216243,10,32038,Retained,245,68.28793774319067,7,771,Retained,NA,NA,NA,48,Percentage MOE exceeds 50% of estimate,NA,NA,NA,40,Percentage MOE exceeds 50% of estimate,NA,NA,NA,154,Percentage MOE exceeds 50% of estimate,NA,NA,NA,114,Percentage MOE exceeds 50% of estimate,369,37.85834738617201,4,593,Retained,226,69.89319092122831,7,749,Retained,4
1349008,"Macon-Bibb County, Georgia",156578,2563,1048,0,206,235,157,450,1515,NA,428,315,34,165,139,82,176,338,1048,0,Pass,2563,0,Pass,40.889582520483806,0.3005725190839695,FALSE,TRUE,FALSE,18.273511646202994,733,1363,10.21892562536361,0,3.2442748091603053,19.65648854961832,14.593675298610204,22.423664122137403,11.423219006262116,14.980916030534353,6.398905550697474,42.93893129770993,10.745381722464543,30.670656895120196,51.108508145847416,15.193761505453855,Retained,0,3.2442748091603053,NA,Unavailable MOE or zero percentage,5.062813251008116,34.250163848228524,45.13687466658119,Percentage MOE exceeds 50% of estimate,11.000445115875287,33.84688312839952,30.97095996200398,Percentage MOE exceeds 50% of estimate,8.582010479836878,21.379821581231827,25.968093929473227,Retained,32.193549575245385,53.68431302017447,15.21399818821431,Retained,2024,2020-2024,ACS five-year,13,6.693149740065654,NA,Retained,169,99.47250140458206,10,32038,Retained,281,63.61867704280156,7,771,Retained,NA,NA,NA,48,Unavailable MOE or zero percentage,NA,NA,NA,40,Percentage MOE exceeds 50% of estimate,NA,NA,NA,154,Percentage MOE exceeds 50% of estimate,86,25,3,114,Retained,444,25.21079258010118,3,593,Retained,261,65.22029372496662,7,749,Retained,5
1372122,"South Fulton city, Georgia",110471,3395,968,84,0,164,101,619,2427,62,624,360,111,34,128,89,271,523,968,0,Pass,3395,0,Pass,28.512518409425624,0.371900826446281,FALSE,TRUE,FALSE,22.609964823164976,608,1328,9.218317811242628,8.677685950413224,11.003440071755799,0,3.512396694214876,16.94214876033058,11.625462354267771,10.433884297520661,8.335245308308108,63.946280991735534,14.771613258198599,19.294200598182996,37.73083622066825,19.655714769223014,Retained,0,19.681126022169025,77.08986709569865,Percentage MOE exceeds 50% of estimate,0,3.512396694214876,NA,Unavailable MOE or zero percentage,5.316686406062807,28.56761111459835,41.7171361342259,Percentage MOE exceeds 50% of estimate,2.098638989212553,18.76912960582877,48.567428834251,Percentage MOE exceeds 50% of estimate,49.174667733536936,78.71789424993413,14.043824065141422,Retained,2024,2020-2024,ACS five-year,13,8.762480651030586,3.258770085128045,Retained,192,99.4022723016418,10,32038,Retained,498,35.47341115434501,4,771,Retained,NA,NA,NA,48,Percentage MOE exceeds 50% of estimate,NA,NA,NA,40,Unavailable MOE or zero percentage,NA,NA,NA,154,Percentage MOE exceeds 50% of estimate,NA,NA,NA,114,Percentage MOE exceeds 50% of estimate,113,81.02866779089376,9,593,Retained,477,36.38184245660881,4,749,Retained,6
1373784,"Stonecrest city, Georgia",60501,2136,853,50,103,259,47,394,1283,42,538,333,64,123,242,47,229,494,853,0,Pass,2136,0,Pass,39.934456928838955,0.3903868698710434,FALSE,TRUE,FALSE,23.733836462675168,520,1186,11.911054913126193,5.861664712778429,7.145458463928462,12.075029308323563,13.627415240257076,30.363423212192263,25.77552740069713,5.509964830011723,5.072754116111003,46.189917936694016,19.889186329425016,28.02340201571276,51.84551184196515,18.133230715056705,Retained,0,13.007123176706891,74.11086275229769,Percentage MOE exceeds 50% of estimate,0,25.702444548580637,68.61167774476472,Percentage MOE exceeds 50% of estimate,4.587895811495134,56.13895061288939,51.609490372253106,Percentage MOE exceeds 50% of estimate,0.4372107139007202,10.582718946122727,55.97160084761687,Percentage MOE exceeds 50% of estimate,26.300731607269,66.07910426611903,26.178368029821097,Retained,2024,2020-2024,ACS five-year,13,14.098940513379944,5.504032553195452,Retained,231,99.28054185654536,10,32038,Retained,299,61.284046692607006,7,771,Retained,NA,NA,NA,48,Percentage MOE exceeds 50% of estimate,NA,NA,NA,40,Percentage MOE exceeds 50% of estimate,NA,NA,NA,154,Percentage MOE exceeds 50% of estimate,NA,NA,NA,114,Percentage MOE exceeds 50% of estimate,389,34.48566610455312,4,593,Retained,279,62.81708945260347,7,749,Retained,7
1301052,"Albany city, Georgia",67224,1464,782,43,83,221,165,270,682,35,305,218,39,80,137,98,107,215,782,0,Pass,1464,0,Pass,53.41530054644809,0.27877237851662406,FALSE,FALSE,FALSE,16.94815720674754,564,1000,9.894275927373544,5.498721227621484,4.745790729131104,10.61381074168798,9.79294873791514,28.26086956521739,15.647789857523536,21.099744245524295,11.06580436342273,34.52685421994885,9.725100977684898,43.521024619074545,63.30957647382163,11.261366285183051,Retained,0.7529304984903797,10.24451195675259,52.47103421256408,Percentage MOE exceeds 50% of estimate,0.8208620037728398,20.406759479603117,56.093803014527815,Percentage MOE exceeds 50% of estimate,12.613079707693855,43.908659422740925,33.66202418594245,Percentage MOE exceeds 50% of estimate,10.033939882101565,32.16554860894703,31.884421370505333,Percentage MOE exceeds 50% of estimate,24.801753242263956,44.25195519763375,17.12418265142523,Retained,2024,2020-2024,ACS five-year,13,11.632750208258956,3.242883788493127,Retained,257,99.19938822648105,10,32038,Retained,116,85.01945525291829,9,771,Retained,NA,NA,NA,48,Percentage MOE exceeds 50% of estimate,NA,NA,NA,40,Percentage MOE exceeds 50% of estimate,NA,NA,NA,154,Percentage MOE exceeds 50% of estimate,NA,NA,NA,114,Percentage MOE exceeds 50% of estimate,535,9.865092748735245,1,593,Retained,100,86.71562082777037,9,749,Retained,8
1380508,"Warner Robins city, Georgia",82990,1896,670,40,22,148,65,395,1226,376,518,255,57,35,128,96,191,376,670,0,Pass,1896,0,Pass,35.33755274261603,0.3805970149253731,FALSE,TRUE,FALSE,23.138655542910627,415,925,9.363595265298216,5.970149253731343,8.198410404483528,3.2835820895522385,5.072191297700127,22.08955223880597,17.155167044544083,9.701492537313433,13.84443329431065,58.95522388059702,17.584180599161815,25.973957477317818,44.70114800791425,16.109382996207223,Retained,0,14.168559658214871,83.48668357172342,Percentage MOE exceeds 50% of estimate,0,8.355773387252366,93.91187027155203,Percentage MOE exceeds 50% of estimate,4.934385194261889,39.24471928335005,47.215085641237856,Percentage MOE exceeds 50% of estimate,0,23.545925831624082,86.75796814614398,Percentage MOE exceeds 50% of estimate,41.371043281435206,76.53940447975883,18.13312209700417,Retained,2024,2020-2024,ACS five-year,13,8.073261838775755,3.0724416391125677,Retained,312,99.02771708596042,10,32038,Retained,389,49.61089494163424,5,771,Retained,NA,NA,NA,48,Percentage MOE exceeds 50% of estimate,NA,NA,NA,40,Percentage MOE exceeds 50% of estimate,NA,NA,NA,154,Percentage MOE exceeds 50% of estimate,NA,NA,NA,114,Percentage MOE exceeds 50% of estimate,176,70.40472175379426,8,593,Retained,369,50.801068090787716,6,749,Retained,9
1355020,"Newnan city, Georgia",44235,1190,623,16,0,49,0,558,567,81,424,316,31,30,76,30,315,275,623,0,Pass,1190,0,Pass,52.352941176470594,0.507223113964687,FALSE,TRUE,TRUE,30.836975743839343,307,939,18.899614856995008,2.568218298555377,4.802383469659561,0,4.815409309791333,7.865168539325842,11.528279448511933,0,4.815409309791333,89.56661316211878,22.194305400560623,33.453326319475586,71.2525560334656,21.9474774761564,Caregiver count MOE exceeds 50% of estimate,0,7.370601768214938,113.68355413875743,Percentage MOE exceeds 50% of estimate,0,4.815409309791333,NA,Unavailable MOE or zero percentage,0,19.393447987837774,89.11056661872396,Percentage MOE exceeds 50% of estimate,0,4.815409309791333,NA,Unavailable MOE or zero percentage,67.37230776155816,100,15.064965751673528,Caregiver count MOE exceeds 50% of estimate,2024,2020-2024,ACS five-year,13,14.083870238498925,7.143617967686051,Caregiver count MOE exceeds 50% of estimate,345,98.92471440164805,10,32038,Retained,NA,NA,NA,771,Caregiver count MOE exceeds 50% of estimate,NA,NA,NA,48,Percentage MOE exceeds 50% of estimate,NA,NA,NA,40,Unavailable MOE or zero percentage,NA,NA,NA,154,Percentage MOE exceeds 50% of estimate,NA,NA,NA,114,Unavailable MOE or zero percentage,NA,NA,NA,593,Caregiver count MOE exceeds 50% of estimate,NA,NA,NA,749,Caregiver count MOE exceeds 50% of estimate,10
1344340,"LaGrange city, Georgia",32078,928,558,0,0,66,121,371,370,49,292,238,30,30,93,110,209,193,558,0,Pass,928,0,Pass,60.129310344827594,0.4265232974910394,FALSE,TRUE,FALSE,25.930775267921344,320,796,17.314135022618036,0,5.376344086021505,0,5.376344086021505,11.827956989247312,15.884796808951442,21.68458781362007,17.4088775819662,66.48745519713262,24.46814630091118,42.815175322209555,77.44344536744563,17.506015976697388,Retained,0,5.376344086021505,NA,Unavailable MOE or zero percentage,0,5.376344086021505,NA,Unavailable MOE or zero percentage,0,27.712753798198754,81.64783446804583,Percentage MOE exceeds 50% of estimate,4.275710231653871,39.093465395586264,48.8081496076411,Percentage MOE exceeds 50% of estimate,42.01930889622144,90.95560149804379,22.373508902920342,Retained,2024,2020-2024,ACS five-year,13,17.395099445102563,7.419367594555343,Retained,408,98.72495161995131,10,32038,Retained,72,90.72632944228275,10,771,Retained,NA,NA,NA,48,Unavailable MOE or zero percentage,NA,NA,NA,40,Unavailable MOE or zero percentage,NA,NA,NA,154,Percentage MOE exceeds 50% of estimate,NA,NA,NA,114,Percentage MOE exceeds 50% of estimate,90,84.90725126475549,9,593,Retained,57,92.45660881174899,10,749,Retained,11
1311560,"Brunswick city, Georgia",15307,624,460,104,62,112,0,182,164,27,256,218,142,74,135,23,118,98,460,0,Pass,624,0,Pass,73.71794871794873,0.47391304347826085,FALSE,TRUE,FALSE,28.811867251470808,242,678,17.488913430566217,22.608695652173914,28.9504464811291,13.478260869565217,14.76447466099072,24.347826086956523,26.984293393320225,0,5,39.565217391304344,17.505822006534995,56.229035287382516,91.20686214851494,14.423223363833843,Retained,0,51.55914213330301,77.84890378408943,Percentage MOE exceeds 50% of estimate,0,28.242735530555937,66.59734016579445,Percentage MOE exceeds 50% of estimate,0,51.332119480276745,67.37885125427768,Percentage MOE exceeds 50% of estimate,0,5,NA,Unavailable MOE or zero percentage,22.05939538476935,57.07103939783934,26.89934439597803,Retained,2024,2020-2024,ACS five-year,13,30.051610374338537,14.24175148599944,Retained,524,98.35976028466196,10,32038,Retained,22,97.21141374837873,10,771,Retained,NA,NA,NA,48,Percentage MOE exceeds 50% of estimate,NA,NA,NA,40,Percentage MOE exceeds 50% of estimate,NA,NA,NA,154,Percentage MOE exceeds 50% of estimate,NA,NA,NA,114,Unavailable MOE or zero percentage,490,17.45362563237774,2,593,Retained,14,98.19759679572763,10,749,Retained,12
1348288,"Mableton city, Georgia",77678,1904,431,23,124,34,77,173,1473,50,550,212,29,166,47,67,115,523,431,0,Pass,1904,0,Pass,22.636554621848738,0.4918793503480278,FALSE,TRUE,FALSE,29.90414115204063,219,643,9.012134979630126,5.336426914153132,6.195421038340337,28.770301624129928,35.82102789197737,7.888631090487238,10.191166028574381,17.865429234338748,12.823106392198136,40.13921113689095,17.947830664662064,13.624419642218612,31.648689601478864,24.20416499995483,Retained,0,11.531847952493468,70.58184450796794,Percentage MOE exceeds 50% of estimate,0,64.5913295161073,75.69485686157901,Percentage MOE exceeds 50% of estimate,0,18.07979711906162,78.54073718430467,Percentage MOE exceeds 50% of estimate,5.042322842140612,30.688535626536883,43.63676369154355,Percentage MOE exceeds 50% of estimate,22.191380472228886,58.08704180155301,27.184157240570084,Retained,2024,2020-2024,ACS five-year,13,5.5485465640207,2.7292131424151025,Retained,581,98.18808914414133,10,32038,Retained,612,20.687418936446175,3,771,Retained,NA,NA,NA,48,Percentage MOE exceeds 50% of estimate,NA,NA,NA,40,Percentage MOE exceeds 50% of estimate,NA,NA,NA,154,Percentage MOE exceeds 50% of estimate,NA,NA,NA,114,Percentage MOE exceeds 50% of estimate,482,18.802698145025296,2,593,Retained,590,21.295060080106808,3,749,Retained,13
1338964,"Hinesville city, Georgia",35679,732,407,42,19,34,69,243,325,49,223,180,49,32,42,62,132,155,407,0,Pass,732,0,Pass,55.60109289617486,0.44226044226044225,FALSE,TRUE,FALSE,26.887525735655647,227,587,17.825838657748385,10.319410319410318,11.140742912583592,4.668304668304668,7.586491774715082,8.353808353808354,9.635375618260902,16.953316953316953,13.260475592842358,59.7051597051597,18.831528996981277,37.77525423842648,73.42693155392325,19.491236290574108,Retained,0,21.46015323199391,65.63447480654935,Percentage MOE exceeds 50% of estimate,0,12.25479644301975,98.79945360026079,Percentage MOE exceeds 50% of estimate,0,17.989183972069256,70.12241826791842,Percentage MOE exceeds 50% of estimate,3.6928413604745955,30.21379254615931,47.55291694992155,Percentage MOE exceeds 50% of estimate,40.873630708178425,78.53668870214098,19.17548963204592,Retained,2024,2020-2024,ACS five-year,13,11.40727038313854,5.044960120266727,Retained,606,98.10849616080904,10,32038,Retained,100,87.094682230869,9,771,Retained,NA,NA,NA,48,Percentage MOE exceeds 50% of estimate,NA,NA,NA,40,Percentage MOE exceeds 50% of estimate,NA,NA,NA,154,Percentage MOE exceeds 50% of estimate,NA,NA,NA,114,Percentage MOE exceeds 50% of estimate,170,71.41652613827993,8,593,Retained,85,88.71829105473965,9,749,Retained,14
1313688,"Cartersville city, Georgia",24074,608,401,0,0,104,0,297,207,30,331,318,27,27,112,27,279,142,401,0,Pass,608,0,Pass,65.95394736842105,0.7930174563591023,FALSE,TRUE,TRUE,48.212038041880966,83,719,38.03071432368089,0,6.733167082294264,0,6.733167082294264,25.935162094763093,18.896869318220322,0,6.733167082294264,74.06483790523691,37.29694385001442,27.923233044740165,100,35.05632872345257,Percentage MOE exceeds 50% of estimate,0,6.733167082294264,NA,Unavailable MOE or zero percentage,0,6.733167082294264,NA,Unavailable MOE or zero percentage,7.038292776542772,44.83203141298341,44.29693079140513,Percentage MOE exceeds 50% of estimate,0,6.733167082294264,NA,Unavailable MOE or zero percentage,36.76789405522249,100,30.61497528970173,Percentage MOE exceeds 50% of estimate,2024,2020-2024,ACS five-year,13,16.656974329151783,13.209255104056218,Percentage MOE exceeds 50% of estimate,614,98.08040451963294,10,32038,Retained,NA,NA,NA,771,Percentage MOE exceeds 50% of estimate,NA,NA,NA,48,Unavailable MOE or zero percentage,NA,NA,NA,40,Unavailable MOE or zero percentage,NA,NA,NA,154,Percentage MOE exceeds 50% of estimate,NA,NA,NA,114,Unavailable MOE or zero percentage,NA,NA,NA,593,Percentage MOE exceeds 50% of estimate,NA,NA,NA,749,Percentage MOE exceeds 50% of estimate,15
1325720,"East Point city, Georgia",38335,1048,377,0,0,57,106,214,671,43,334,189,30,30,66,100,115,258,377,0,Pass,1048,0,Pass,35.973282442748086,0.5013262599469496,FALSE,TRUE,TRUE,30.478472475152362,188,566,13.921096489992191,0,7.957559681697612,0,7.957559681697612,15.119363395225463,15.780677216578637,28.116710875331563,22.46995675444302,56.76392572944297,10.985346519487647,22.052185952755895,49.89437893274028,23.526976533941127,Caregiver count MOE exceeds 50% of estimate,0,7.957559681697612,NA,Unavailable MOE or zero percentage,0,7.957559681697612,NA,Unavailable MOE or zero percentage,0,30.9000406118041,63.454857689597326,Percentage MOE exceeds 50% of estimate,5.6467541208885415,50.58666762977458,48.585923802385544,Percentage MOE exceeds 50% of estimate,45.77857920995532,67.74927224893061,11.76560003843524,Caregiver count MOE exceeds 50% of estimate,2024,2020-2024,ACS five-year,13,9.834355028042259,4.930208084437593,Caregiver count MOE exceeds 50% of estimate,667,97.91809725950434,10,32038,Retained,NA,NA,NA,771,Caregiver count MOE exceeds 50% of estimate,NA,NA,NA,48,Unavailable MOE or zero percentage,NA,NA,NA,40,Unavailable MOE or zero percentage,NA,NA,NA,154,Percentage MOE exceeds 50% of estimate,NA,NA,NA,114,Percentage MOE exceeds 50% of estimate,NA,NA,NA,593,Caregiver count MOE exceeds 50% of estimate,NA,NA,NA,749,Caregiver count MOE exceeds 50% of estimate,16
1312834,"Candler-McAfee CDP, Georgia",20905,821,371,9,76,82,119,85,450,1676,279,194,12,106,76,114,77,199,371,0,Pass,821,0,Pass,45.18879415347138,0.522911051212938,FALSE,TRUE,TRUE,31.79073460670708,177,565,17.959455778682486,2.4258760107816713,2.975376049826621,20.485175202156334,26.48737820424683,22.10242587601078,16.91343317470372,32.075471698113205,25.746352584240412,22.911051212938006,16.947781254989824,27.22933837478889,63.14824993215386,24.162127010925264,Caregiver count MOE exceeds 50% of estimate,0,5.401252060608292,74.56688589850391,Percentage MOE exceeds 50% of estimate,0,46.972553406403165,78.60895686656214,Percentage MOE exceeds 50% of estimate,5.188992701307061,39.015859050714496,46.52266365387845,Percentage MOE exceeds 50% of estimate,6.3291191138727925,57.82182428235362,48.79950355124144,Percentage MOE exceeds 50% of estimate,5.963269957948182,39.858832467927826,44.97183173288368,Percentage MOE exceeds 50% of estimate,2024,2020-2024,ACS five-year,13,17.74695049031332,9.170355825888855,Caregiver count MOE exceeds 50% of estimate,677,97.8822023846682,10,32038,Retained,NA,NA,NA,771,Caregiver count MOE exceeds 50% of estimate,NA,NA,NA,48,Percentage MOE exceeds 50% of estimate,NA,NA,NA,40,Percentage MOE exceeds 50% of estimate,NA,NA,NA,154,Percentage MOE exceeds 50% of estimate,NA,NA,NA,114,Percentage MOE exceeds 50% of estimate,NA,NA,NA,593,Percentage MOE exceeds 50% of estimate,NA,NA,NA,749,Caregiver count MOE exceeds 50% of estimate,17
1300408,"Acworth city, Georgia",22473,716,329,28,11,0,0,290,387,50,449,436,44,20,27,27,437,201,329,0,Pass,716,0,Pass,45.94972067039106,1.325227963525836,TRUE,TRUE,TRUE,80.5681394266053,0,765,53.644819051400205,8.51063829787234,7.187124949305993,3.343465045592705,4.161984138970333,0,8.206686930091186,0,8.206686930091186,88.14589665653494,63.22636180542433,0,99.59453972179126,70.97700217356258,Percentage MOE exceeds 50% of estimate,1.3235133485663475,15.697763247178333,51.341175148125764,Percentage MOE exceeds 50% of estimate,0,7.505449184563038,75.679172866809,Percentage MOE exceeds 50% of estimate,0,8.206686930091186,NA,Unavailable MOE or zero percentage,0,8.206686930091186,NA,Unavailable MOE or zero percentage,24.919534851110612,100,43.60826774082546,Percentage MOE exceeds 50% of estimate,2024,2020-2024,ACS five-year,13,14.639789970186445,19.40103170649818,Percentage MOE exceeds 50% of estimate,799,97.50608652225482,10,32038,Retained,NA,NA,NA,771,Percentage MOE exceeds 50% of estimate,NA,NA,NA,48,Percentage MOE exceeds 50% of estimate,NA,NA,NA,40,Percentage MOE exceeds 50% of estimate,NA,NA,NA,154,Unavailable MOE or zero percentage,NA,NA,NA,114,Unavailable MOE or zero percentage,NA,NA,NA,593,Percentage MOE exceeds 50% of estimate,NA,NA,NA,749,Percentage MOE exceeds 50% of estimate,18
1378800,"Valdosta city, Georgia",55252,1035,325,0,9,127,25,164,710,79,299,184,34,21,117,40,125,248,325,0,Pass,1035,0,Pass,31.40096618357488,0.5661538461538461,FALSE,TRUE,TRUE,34.41970986823556,141,509,15.289187748091942,0,10.461538461538462,2.769230769230769,6.268448695881965,39.07692307692307,28.399797927214937,7.6923076923076925,11.511429418089026,50.46153846153846,25.7507770353254,16.11177843548294,46.69015393166682,29.601529110579737,Caregiver count MOE exceeds 50% of estimate,0,10.461538461538462,NA,Unavailable MOE or zero percentage,0,9.037679465112735,137.61750203318945,Percentage MOE exceeds 50% of estimate,10.677125149708136,67.47672100413801,44.184264817309526,Percentage MOE exceeds 50% of estimate,0,19.20373711039672,90.9798780773655,Percentage MOE exceeds 50% of estimate,24.71076142621306,76.21231549686385,31.024343099636596,Percentage MOE exceeds 50% of estimate,2024,2020-2024,ACS five-year,13,5.8821400130312025,3.330185571864615,Caregiver count MOE exceeds 50% of estimate,809,97.46863100068668,10,32038,Retained,NA,NA,NA,771,Caregiver count MOE exceeds 50% of estimate,NA,NA,NA,48,Unavailable MOE or zero percentage,NA,NA,NA,40,Percentage MOE exceeds 50% of estimate,NA,NA,NA,154,Percentage MOE exceeds 50% of estimate,NA,NA,NA,114,Percentage MOE exceeds 50% of estimate,NA,NA,NA,593,Percentage MOE exceeds 50% of estimate,NA,NA,NA,749,Caregiver count MOE exceeds 50% of estimate,19
1321380,"Dalton city, Georgia",34538,734,291,20,0,30,111,130,443,34,304,204,39,30,35,132,136,248,291,0,Pass,734,0,Pass,39.6457765667575,0.7010309278350515,FALSE,TRUE,TRUE,42.61965419587661,87,495,22.42382972720812,6.872852233676976,12.506052456074682,0,10.309278350515463,10.309278350515463,9.614012856580086,38.144329896907216,36.64093116831381,44.67353951890035,34.690190243383995,17.22194683954938,62.06960629396562,34.38631213926901,Percentage MOE exceeds 50% of estimate,0,19.378904689751657,110.6256874498506,Percentage MOE exceeds 50% of estimate,0,10.309278350515463,NA,Unavailable MOE or zero percentage,0.6952654939353771,19.92329120709555,56.69557654298086,Percentage MOE exceeds 50% of estimate,1.5033987285934032,74.78526106522102,58.39951702282085,Percentage MOE exceeds 50% of estimate,9.983349275516353,79.36372976228435,47.20946310927871,Percentage MOE exceeds 50% of estimate,2024,2020-2024,ACS five-year,13,8.42550234524292,5.90653190295172,Percentage MOE exceeds 50% of estimate,912,97.15181971408951,10,32038,Retained,NA,NA,NA,771,Percentage MOE exceeds 50% of estimate,NA,NA,NA,48,Percentage MOE exceeds 50% of estimate,NA,NA,NA,40,Unavailable MOE or zero percentage,NA,NA,NA,154,Percentage MOE exceeds 50% of estimate,NA,NA,NA,114,Percentage MOE exceeds 50% of estimate,NA,NA,NA,593,Percentage MOE exceeds 50% of estimate,NA,NA,NA,749,Percentage MOE exceeds 50% of estimate,20
1335324,"Griffin city, Georgia",23761,712,289,8,0,20,0,261,423,43,278,162,13,27,33,27,159,244,289,0,Pass,712,0,Pass,40.58988764044944,0.5605536332179931,FALSE,TRUE,TRUE,34.07924109678431,127,451,16.325493597560047,2.768166089965398,4.222160811352453,0,9.342560553633218,6.920415224913495,10.73953823527713,0,9.342560553633218,90.3114186851211,21.5423805395899,24.264394042889393,56.91538123800949,24.4523844335002,Caregiver count MOE exceeds 50% of estimate,0,6.990326901317852,92.72895582374355,Percentage MOE exceeds 50% of estimate,0,9.342560553633218,NA,Unavailable MOE or zero percentage,0,17.659953460190625,94.34658802277306,Percentage MOE exceeds 50% of estimate,0,9.342560553633218,NA,Unavailable MOE or zero percentage,68.7690381455312,100,14.501862129250934,Caregiver count MOE exceeds 50% of estimate,2024,2020-2024,ACS five-year,13,12.162787761457851,6.817859339796271,Caregiver count MOE exceeds 50% of estimate,918,97.12997065984143,10,32038,Retained,NA,NA,NA,771,Caregiver count MOE exceeds 50% of estimate,NA,NA,NA,48,Percentage MOE exceeds 50% of estimate,NA,NA,NA,40,Unavailable MOE or zero percentage,NA,NA,NA,154,Percentage MOE exceeds 50% of estimate,NA,NA,NA,114,Unavailable MOE or zero percentage,NA,NA,NA,593,Caregiver count MOE exceeds 50% of estimate,NA,NA,NA,749,Caregiver count MOE exceeds 50% of estimate,21
1373704,"Stockbridge city, Georgia",35737,672,284,70,69,22,13,110,388,41,246,128,63,56,38,28,74,181,284,0,Pass,672,0,Pass,42.26190476190476,0.4507042253521127,FALSE,TRUE,FALSE,27.400871297431863,156,412,11.111426182384616,24.647887323943664,19.201095000336185,24.295774647887324,16.398313390813684,7.746478873239436,12.916743719890947,4.577464788732395,9.640883030558351,38.732394366197184,19.344017340868024,31.150478579520144,53.37333094428938,15.984294834607866,Retained,5.446792323607479,43.848982324279845,47.36080107888756,Percentage MOE exceeds 50% of estimate,7.89746125707364,40.69408803870101,41.033746823307574,Percentage MOE exceeds 50% of estimate,0,20.663222593130385,101.37280071451659,Percentage MOE exceeds 50% of estimate,0,14.218347819290745,128.04556615089345,Percentage MOE exceeds 50% of estimate,19.38837702532916,58.076411707065205,30.363027361055718,Retained,2024,2020-2024,ACS five-year,13,7.946945742507766,3.581710420708463,Retained,935,97.07690867095324,10,32038,Retained,260,66.34241245136187,7,771,Retained,NA,NA,NA,48,Percentage MOE exceeds 50% of estimate,NA,NA,NA,40,Percentage MOE exceeds 50% of estimate,NA,NA,NA,154,Percentage MOE exceeds 50% of estimate,NA,NA,NA,114,Percentage MOE exceeds 50% of estimate,499,15.935919055649242,2,593,Retained,241,67.89052069425901,7,749,Retained,22
1341347,"Irondale CDP, Georgia",9185,733,275,84,116,0,0,75,458,1342,374,225,132,187,20,20,59,243,275,0,Pass,733,0,Pass,37.51705320600273,0.8181818181818182,FALSE,TRUE,TRUE,49.74192261096295,50,500,23.99581079057123,30.545454545454547,40.98064366062532,42.18181818181818,58.590907779459656,0,7.2727272727272725,0,7.2727272727272725,27.27272727272727,30.955037225341748,13.521242415431498,61.512863996573955,38.88476268987936,Percentage MOE exceeds 50% of estimate,0,71.52609820607987,81.5652039243476,Percentage MOE exceeds 50% of estimate,0,100,84.44572616310008,Percentage MOE exceeds 50% of estimate,0,7.2727272727272725,NA,Unavailable MOE or zero percentage,0,7.2727272727272725,NA,Unavailable MOE or zero percentage,0,58.22776449806902,69.00419666517541,Percentage MOE exceeds 50% of estimate,2024,2020-2024,ACS five-year,13,29.940119760479043,24.102707665518246,Percentage MOE exceeds 50% of estimate,977,96.93957175853674,10,32038,Retained,NA,NA,NA,771,Percentage MOE exceeds 50% of estimate,NA,NA,NA,48,Percentage MOE exceeds 50% of estimate,NA,NA,NA,40,Percentage MOE exceeds 50% of estimate,NA,NA,NA,154,Unavailable MOE or zero percentage,NA,NA,NA,114,Unavailable MOE or zero percentage,NA,NA,NA,593,Percentage MOE exceeds 50% of estimate,NA,NA,NA,749,Percentage MOE exceeds 50% of estimate,23
1323872,"Douglas city, Georgia",11749,450,272,0,99,119,54,0,178,30,206,157,23,96,123,64,23,135,272,0,Pass,450,0,Pass,60.44444444444444,0.5772058823529411,FALSE,TRUE,TRUE,35.09162595961316,115,429,21.250854942501192,0,8.455882352941178,36.39705882352941,28.360423402117213,43.75,37.51266248108092,19.852941176470587,20.55040545324578,0,8.455882352941178,39.19358950194325,81.69529938694563,21.374342282414766,Caregiver count MOE exceeds 50% of estimate,0,8.455882352941178,NA,Unavailable MOE or zero percentage,8.0366354214122,64.75748222564663,47.37172101412023,Percentage MOE exceeds 50% of estimate,6.237337518919077,81.26266248108092,52.12818157388218,Percentage MOE exceeds 50% of estimate,0,40.40334662971637,62.93152879869041,Percentage MOE exceeds 50% of estimate,0,8.455882352941178,NA,Unavailable MOE or zero percentage,2024,2020-2024,ACS five-year,13,23.15090646012427,13.362708638061926,Caregiver count MOE exceeds 50% of estimate,996,96.88182782945252,10,32038,Retained,NA,NA,NA,771,Caregiver count MOE exceeds 50% of estimate,NA,NA,NA,48,Unavailable MOE or zero percentage,NA,NA,NA,40,Percentage MOE exceeds 50% of estimate,NA,NA,NA,154,Percentage MOE exceeds 50% of estimate,NA,NA,NA,114,Percentage MOE exceeds 50% of estimate,NA,NA,NA,593,Unavailable MOE or zero percentage,NA,NA,NA,749,Caregiver count MOE exceeds 50% of estimate,24
1315172,"Chamblee city, Georgia",30895,670,270,59,0,0,20,191,400,93,229,145,71,30,30,31,139,166,270,0,Pass,670,0,Pass,40.298507462686565,0.5370370370370371,FALSE,TRUE,TRUE,32.64953356563206,125,415,16.692907558884276,21.85185185185185,23.532509806702315,0,11.11111111111111,0,11.11111111111111,7.4074074074074066,10.770307251459249,70.74074074074073,34.742950509849,23.60559990380229,56.991415021570845,25.183481557703185,Caregiver count MOE exceeds 50% of estimate,0,45.38436165855417,65.47156829549414,Percentage MOE exceeds 50% of estimate,0,11.11111111111111,NA,Unavailable MOE or zero percentage,0,11.11111111111111,NA,Unavailable MOE or zero percentage,0,18.177714658866655,88.39640531673254,Percentage MOE exceeds 50% of estimate,35.99779023089173,100,29.858627294625666,Caregiver count MOE exceeds 50% of estimate,2024,2020-2024,ACS five-year,13,8.739278200356043,4.693242342258204,Caregiver count MOE exceeds 50% of estimate,1009,96.8474936013484,10,32038,Retained,NA,NA,NA,771,Caregiver count MOE exceeds 50% of estimate,NA,NA,NA,48,Percentage MOE exceeds 50% of estimate,NA,NA,NA,40,Unavailable MOE or zero percentage,NA,NA,NA,154,Unavailable MOE or zero percentage,NA,NA,NA,114,Percentage MOE exceeds 50% of estimate,NA,NA,NA,593,Caregiver count MOE exceeds 50% of estimate,NA,NA,NA,749,Caregiver count MOE exceeds 50% of estimate,25
1343192,"Kennesaw city, Georgia",34605,536,262,10,0,169,13,70,274,46,188,160,19,30,140,21,75,122,262,0,Pass,536,0,Pass,48.88059701492538,0.6106870229007634,FALSE,TRUE,TRUE,37.12713477323783,102,422,24.436177279442816,3.816793893129771,6.867112694477029,0,11.450381679389313,64.50381679389314,36.10553776548789,4.961832061068702,7.420434057102368,26.717557251908396,23.52086861617401,24.444419735482562,73.3167742943682,30.39271578108628,Caregiver count MOE exceeds 50% of estimate,0,10.683906587606801,109.38259164662215,Percentage MOE exceeds 50% of estimate,0,11.450381679389313,NA,Unavailable MOE or zero percentage,28.39827902840525,100,34.02993721211072,Percentage MOE exceeds 50% of estimate,0,12.38226611817107,90.92011832005633,Percentage MOE exceeds 50% of estimate,3.196688635734386,50.2384258680824,53.52163235911363,Percentage MOE exceeds 50% of estimate,2024,2020-2024,ACS five-year,13,7.571160236959977,4.623598351531159,Caregiver count MOE exceeds 50% of estimate,1043,96.73668768337599,10,32038,Retained,NA,NA,NA,771,Caregiver count MOE exceeds 50% of estimate,NA,NA,NA,48,Percentage MOE exceeds 50% of estimate,NA,NA,NA,40,Unavailable MOE or zero percentage,NA,NA,NA,154,Percentage MOE exceeds 50% of estimate,NA,NA,NA,114,Percentage MOE exceeds 50% of estimate,NA,NA,NA,593,Percentage MOE exceeds 50% of estimate,NA,NA,NA,749,Caregiver count MOE exceeds 50% of estimate,26
1366668,"Rome city, Georgia",38189,617,253,0,0,8,0,245,364,43,280,186,30,30,13,30,184,172,253,0,Pass,617,0,Pass,41.004862236628846,0.7351778656126482,FALSE,TRUE,TRUE,44.69564060695221,67,439,23.717125496638985,0,11.857707509881422,0,11.857707509881422,3.1620553359683794,4.582404625806256,0,11.857707509881422,96.83794466403161,14.85923258516386,17.28773673998986,64.72198773326784,35.16409443295309,Percentage MOE exceeds 50% of estimate,0,11.857707509881422,NA,Unavailable MOE or zero percentage,0,11.857707509881422,NA,Unavailable MOE or zero percentage,0,7.744459961774636,88.10422028841015,Percentage MOE exceeds 50% of estimate,0,11.857707509881422,NA,Unavailable MOE or zero percentage,81.97871207886774,100,9.328752276246682,Caregiver count MOE exceeds 50% of estimate,2024,2020-2024,ACS five-year,13,6.624944355704522,4.87050673880575,Percentage MOE exceeds 50% of estimate,1074,96.63836693925963,10,32038,Retained,NA,NA,NA,771,Percentage MOE exceeds 50% of estimate,NA,NA,NA,48,Unavailable MOE or zero percentage,NA,NA,NA,40,Unavailable MOE or zero percentage,NA,NA,NA,154,Percentage MOE exceeds 50% of estimate,NA,NA,NA,114,Unavailable MOE or zero percentage,NA,NA,NA,593,Caregiver count MOE exceeds 50% of estimate,NA,NA,NA,749,Percentage MOE exceeds 50% of estimate,27
1303440,"Athens-Clarke County unified government (balance), Georgia",127345,1538,251,0,13,48,108,82,1287,606,341,134,34,24,40,107,82,322,251,0,Pass,1538,0,Pass,16.319895968790636,0.5338645418326693,FALSE,TRUE,TRUE,32.45665955226179,117,385,7.925710658387103,0,13.545816733067728,5.179282868525896,9.153234347648013,19.12350597609562,12.236549976276766,43.02788844621514,35.91104234973935,32.669322709163346,27.624199706878954,8.394185310403532,24.24560662717774,29.52524912987809,Caregiver count MOE exceeds 50% of estimate,0,13.545816733067728,NA,Unavailable MOE or zero percentage,0,14.332517216173908,107.44289309932779,Percentage MOE exceeds 50% of estimate,6.886955999818852,31.360055952372385,38.901309029873374,Percentage MOE exceeds 50% of estimate,7.11684609647579,78.93893079595449,50.74003007348913,Percentage MOE exceeds 50% of estimate,5.045123002284392,60.2935224160423,51.40700677330405,Percentage MOE exceeds 50% of estimate,2024,2020-2024,ACS five-year,13,1.9710235973143821,1.0522178054336304,Caregiver count MOE exceeds 50% of estimate,1086,96.6040327111555,10,32038,Retained,NA,NA,NA,771,Caregiver count MOE exceeds 50% of estimate,NA,NA,NA,48,Unavailable MOE or zero percentage,NA,NA,NA,40,Percentage MOE exceeds 50% of estimate,NA,NA,NA,154,Percentage MOE exceeds 50% of estimate,NA,NA,NA,114,Percentage MOE exceeds 50% of estimate,NA,NA,NA,593,Percentage MOE exceeds 50% of estimate,NA,NA,NA,749,Caregiver count MOE exceeds 50% of estimate,28
1319112,"Commerce city, Georgia",8013,352,250,0,5,13,121,111,102,33,154,116,20,10,20,96,106,76,250,0,Pass,352,0,Pass,71.02272727272727,0.464,FALSE,TRUE,FALSE,28.2091970007061,134,366,10.977492465421385,0,8,2,3.89086314331409,5.2,7.627476395243711,48.4,31.14829372919165,44.4,37.05852233211681,60.04523480730588,82.00021973814864,9.39676889059097,Retained,0,8,NA,Unavailable MOE or zero percentage,0,5.89086314331409,118.27384150057513,Percentage MOE exceeds 50% of estimate,0,12.82747639524371,89.17646893719557,Percentage MOE exceeds 50% of estimate,17.25170627080835,79.54829372919164,39.125656973257414,Percentage MOE exceeds 50% of estimate,7.34147766788319,81.45852233211681,50.74320232514706,Percentage MOE exceeds 50% of estimate,2024,2020-2024,ACS five-year,13,31.19930113565456,14.475905506166928,Retained,1092,96.58842624383544,10,32038,Retained,32,95.91439688715953,10,771,Retained,NA,NA,NA,48,Unavailable MOE or zero percentage,NA,NA,NA,40,Percentage MOE exceeds 50% of estimate,NA,NA,NA,154,Percentage MOE exceeds 50% of estimate,NA,NA,NA,114,Percentage MOE exceeds 50% of estimate,NA,NA,NA,593,Percentage MOE exceeds 50% of estimate,19,97.53004005340453,10,749,Retained,29
1378324,"Union City city, Georgia",27728,744,249,0,0,0,35,214,495,26,270,170,27,27,27,42,167,185,249,0,Pass,744,0,Pass,33.46774193548387,0.6827309236947792,FALSE,TRUE,TRUE,41.5070929417674,79,419,19.35415999062144,0,10.843373493975903,0,10.843373493975903,0,10.843373493975903,14.056224899598394,13.871425162839635,85.94377510040161,32.484223502397526,14.113581944862432,52.82190192610531,35.15771639118686,Percentage MOE exceeds 50% of estimate,0,10.843373493975903,NA,Unavailable MOE or zero percentage,0,10.843373493975903,NA,Unavailable MOE or zero percentage,0,10.843373493975903,NA,Unavailable MOE or zero percentage,0.18479973675875883,27.92765006243803,59.996391323691284,Percentage MOE exceeds 50% of estimate,53.45955159800408,100,22.978983160281444,Caregiver count MOE exceeds 50% of estimate,2024,2020-2024,ACS five-year,13,8.9800923254472,6.130980945778209,Percentage MOE exceeds 50% of estimate,1096,96.57281977651539,10,32038,Retained,NA,NA,NA,771,Percentage MOE exceeds 50% of estimate,NA,NA,NA,48,Unavailable MOE or zero percentage,NA,NA,NA,40,Unavailable MOE or zero percentage,NA,NA,NA,154,Unavailable MOE or zero percentage,NA,NA,NA,114,Percentage MOE exceeds 50% of estimate,NA,NA,NA,593,Caregiver count MOE exceeds 50% of estimate,NA,NA,NA,749,Percentage MOE exceeds 50% of estimate,30
1363952,"Redan CDP, Georgia",31017,690,245,22,97,0,32,94,445,2838,259,136,35,101,30,51,69,157,245,0,Pass,690,0,Pass,35.507246376811594,0.5551020408163265,FALSE,TRUE,TRUE,33.747807812245156,109,381,14.520744964318554,8.979591836734693,13.387886227283872,39.59183673469388,34.877609447569554,0,12.244897959183673,13.061224489795919,19.51287833121323,38.36734693877551,18.4275213647624,20.98650141249304,50.027991341130146,24.862491480812498,Caregiver count MOE exceeds 50% of estimate,0,22.367478064018563,90.64172453181841,Percentage MOE exceeds 50% of estimate,4.714227287124324,74.46944618226343,53.556699292557674,Percentage MOE exceeds 50% of estimate,0,12.244897959183673,NA,Unavailable MOE or zero percentage,0,32.57410282100915,90.82599951476348,Percentage MOE exceeds 50% of estimate,19.939825574013113,56.79486830353791,29.199666911513948,Caregiver count MOE exceeds 50% of estimate,2024,2020-2024,ACS five-year,13,7.898894154818325,4.324717429357793,Caregiver count MOE exceeds 50% of estimate,1115,96.50883326050315,10,32038,Retained,NA,NA,NA,771,Caregiver count MOE exceeds 50% of estimate,NA,NA,NA,48,Percentage MOE exceeds 50% of estimate,NA,NA,NA,40,Percentage MOE exceeds 50% of estimate,NA,NA,NA,154,Unavailable MOE or zero percentage,NA,NA,NA,114,Percentage MOE exceeds 50% of estimate,NA,NA,NA,593,Caregiver count MOE exceeds 50% of estimate,NA,NA,NA,749,Caregiver count MOE exceeds 50% of estimate,31
1373256,"Statesboro city, Georgia",34149,502,245,60,53,9,28,95,257,25,231,157,84,74,20,45,111,144,245,0,Pass,502,0,Pass,48.80478087649402,0.6408163265306123,FALSE,TRUE,TRUE,38.958866371488895,88,402,21.765998033579248,24.489795918367346,30.483200030607726,21.63265306122449,26.83497816784643,3.6734693877551026,7.816488614377409,11.428571428571429,16.844111569104495,38.775510204081634,37.8843321290949,27.038782842914774,70.57077891007327,27.113710932090232,Caregiver count MOE exceeds 50% of estimate,0,54.97299594897507,75.67425134499253,Percentage MOE exceeds 50% of estimate,0,48.46763122907092,75.41612332603067,Percentage MOE exceeds 50% of estimate,0,11.48995800213251,129.36238615494108,Percentage MOE exceeds 50% of estimate,0,28.272682997675922,89.60431117681007,Percentage MOE exceeds 50% of estimate,0.8911780749867333,76.65984233317653,59.39841518287326,Percentage MOE exceeds 50% of estimate,2024,2020-2024,ACS five-year,13,7.174441418489561,4.597496194515908,Caregiver count MOE exceeds 50% of estimate,1115,96.50883326050315,10,32038,Retained,NA,NA,NA,771,Caregiver count MOE exceeds 50% of estimate,NA,NA,NA,48,Percentage MOE exceeds 50% of estimate,NA,NA,NA,40,Percentage MOE exceeds 50% of estimate,NA,NA,NA,154,Percentage MOE exceeds 50% of estimate,NA,NA,NA,114,Percentage MOE exceeds 50% of estimate,NA,NA,NA,593,Percentage MOE exceeds 50% of estimate,NA,NA,NA,749,Caregiver count MOE exceeds 50% of estimate,31
1311784,"Buford city, Georgia",17997,518,244,0,0,0,244,0,274,51,313,319,23,23,23,319,23,146,244,0,Pass,518,0,Pass,47.10424710424711,1.3073770491803278,TRUE,TRUE,TRUE,79.48288089338297,0,563,54.61087288574667,0,9.426229508196721,0,9.426229508196721,0,9.426229508196721,100,184.89103540861367,0,9.426229508196721,0,100,70.48420324833374,Percentage MOE exceeds 50% of estimate,0,9.426229508196721,NA,Unavailable MOE or zero percentage,0,9.426229508196721,NA,Unavailable MOE or zero percentage,0,9.426229508196721,NA,Unavailable MOE or zero percentage,0,100,112.40576813590755,Percentage MOE exceeds 50% of estimate,0,9.426229508196721,NA,Unavailable MOE or zero percentage,2024,2020-2024,ACS five-year,13,13.557815191420792,17.72513477936909,Percentage MOE exceeds 50% of estimate,1124,96.47918097259505,10,32038,Retained,NA,NA,NA,771,Percentage MOE exceeds 50% of estimate,NA,NA,NA,48,Unavailable MOE or zero percentage,NA,NA,NA,40,Unavailable MOE or zero percentage,NA,NA,NA,154,Unavailable MOE or zero percentage,NA,NA,NA,114,Percentage MOE exceeds 50% of estimate,NA,NA,NA,593,Unavailable MOE or zero percentage,NA,NA,NA,749,Percentage MOE exceeds 50% of estimate,33
1301696,"Alpharetta city, Georgia",66855,1051,237,15,0,0,0,222,814,68,352,165,26,34,34,34,167,334,237,0,Pass,1051,0,Pass,22.549952426260706,0.6962025316455697,FALSE,TRUE,TRUE,42.32610855081939,72,402,13.763363879341316,6.329113924050633,10.04665147556362,0,14.345991561181433,0,14.345991561181433,0,14.345991561181433,93.67088607594937,26.689708204556712,8.78658854691939,36.31331630560202,37.10664635721696,Percentage MOE exceeds 50% of estimate,0,16.375765399614252,96.50530035800472,Percentage MOE exceeds 50% of estimate,0,14.345991561181433,NA,Unavailable MOE or zero percentage,0,14.345991561181433,NA,Unavailable MOE or zero percentage,0,14.345991561181433,NA,Unavailable MOE or zero percentage,66.98117787139266,100,17.322554663927797,Caregiver count MOE exceeds 50% of estimate,2024,2020-2024,ACS five-year,13,3.544985416199237,2.4680251875054564,Percentage MOE exceeds 50% of estimate,1159,96.37617828828266,10,32038,Retained,NA,NA,NA,771,Percentage MOE exceeds 50% of estimate,NA,NA,NA,48,Percentage MOE exceeds 50% of estimate,NA,NA,NA,40,Unavailable MOE or zero percentage,NA,NA,NA,154,Unavailable MOE or zero percentage,NA,NA,NA,114,Unavailable MOE or zero percentage,NA,NA,NA,593,Caregiver count MOE exceeds 50% of estimate,NA,NA,NA,749,Percentage MOE exceeds 50% of estimate,34
1312400,"Cairo city, Georgia",10055,306,235,0,0,53,12,170,71,41,161,139,23,23,53,21,124,59,235,0,Pass,306,0,Pass,76.79738562091504,0.5914893617021276,FALSE,TRUE,TRUE,35.959999844994016,96,374,20.754111797730456,0,9.787234042553191,0,9.787234042553191,22.5531914893617,18.184927028362708,5.106382978723404,8.410261341553646,72.3404255319149,30.876895073802313,56.04327382318458,97.5514974186455,16.429731241078343,Caregiver count MOE exceeds 50% of estimate,0,9.787234042553191,NA,Unavailable MOE or zero percentage,0,9.787234042553191,NA,Unavailable MOE or zero percentage,4.368264460998994,40.73811851772441,49.02033767560138,Percentage MOE exceeds 50% of estimate,0,13.516644320277049,100.13106854823592,Percentage MOE exceeds 50% of estimate,41.46353045811259,100,25.9492796321184,Caregiver count MOE exceeds 50% of estimate,2024,2020-2024,ACS five-year,13,23.371456986573843,13.823639688498448,Caregiver count MOE exceeds 50% of estimate,1172,96.3309195330545,10,32038,Retained,NA,NA,NA,771,Caregiver count MOE exceeds 50% of estimate,NA,NA,NA,48,Unavailable MOE or zero percentage,NA,NA,NA,40,Unavailable MOE or zero percentage,NA,NA,NA,154,Percentage MOE exceeds 50% of estimate,NA,NA,NA,114,Percentage MOE exceeds 50% of estimate,NA,NA,NA,593,Caregiver count MOE exceeds 50% of estimate,NA,NA,NA,749,Caregiver count MOE exceeds 50% of estimate,35
1352192,"Monroe city, Georgia",15648,533,232,8,132,0,0,92,301,23,202,131,14,134,23,23,102,197,232,0,Pass,533,0,Pass,43.52720450281426,0.5646551724137931,FALSE,TRUE,TRUE,34.32859697432836,101,363,18.21936779931512,3.4482758620689653,5.711727860446402,56.896551724137936,47.999150928691556,0,9.913793103448276,0,9.913793103448276,39.6551724137931,37.83632532271828,25.307836703499138,61.74657230212938,25.44750864023617,Caregiver count MOE exceeds 50% of estimate,0,9.160003722515366,100.70203526859632,Percentage MOE exceeds 50% of estimate,8.89740079544638,100,51.288541833866866,Percentage MOE exceeds 50% of estimate,0,9.913793103448276,NA,Unavailable MOE or zero percentage,0,9.913793103448276,NA,Unavailable MOE or zero percentage,1.8188470910748222,77.49149773651138,58.00719319626982,Percentage MOE exceeds 50% of estimate,2024,2020-2024,ACS five-year,13,14.826175869120654,8.371648528458222,Caregiver count MOE exceeds 50% of estimate,1197,96.26225107684624,10,32038,Retained,NA,NA,NA,771,Caregiver count MOE exceeds 50% of estimate,NA,NA,NA,48,Percentage MOE exceeds 50% of estimate,NA,NA,NA,40,Percentage MOE exceeds 50% of estimate,NA,NA,NA,154,Unavailable MOE or zero percentage,NA,NA,NA,114,Unavailable MOE or zero percentage,NA,NA,NA,593,Percentage MOE exceeds 50% of estimate,NA,NA,NA,749,Caregiver count MOE exceeds 50% of estimate,36
1324600,"Duluth city, Georgia",32426,696,225,60,13,0,35,117,471,70,395,103,48,23,30,35,86,395,225,0,Pass,696,0,Pass,32.327586206896555,0.4577777777777778,FALSE,TRUE,FALSE,27.830912749738776,122,328,23.571429756828806,26.666666666666668,17.49543699084667,5.777777777777778,9.874114071646797,0,13.333333333333334,15.555555555555555,13.82992564943801,52,29.904626670404973,8.75615645006775,55.89901596372536,44.32874037324597,Percentage MOE exceeds 50% of estimate,9.171229675819998,44.16210365751334,39.886764172001705,Percentage MOE exceeds 50% of estimate,0,15.651891849424576,103.89868457770052,Percentage MOE exceeds 50% of estimate,0,13.333333333333334,NA,Unavailable MOE or zero percentage,1.725629906117545,29.385481204993567,54.051414321906336,Percentage MOE exceeds 50% of estimate,22.095373329595027,81.90462667040498,34.96292709623771,Percentage MOE exceeds 50% of estimate,2024,2020-2024,ACS five-year,13,6.938876210448405,3.1764280122617254,Percentage MOE exceeds 50% of estimate,1236,96.13271739808977,10,32038,Retained,NA,NA,NA,771,Percentage MOE exceeds 50% of estimate,NA,NA,NA,48,Percentage MOE exceeds 50% of estimate,NA,NA,NA,40,Percentage MOE exceeds 50% of estimate,NA,NA,NA,154,Unavailable MOE or zero percentage,NA,NA,NA,114,Percentage MOE exceeds 50% of estimate,NA,NA,NA,593,Percentage MOE exceeds 50% of estimate,NA,NA,NA,749,Percentage MOE exceeds 50% of estimate,37
1314500,"Cedartown city, Georgia",10227,235,218,0,5,97,29,87,17,22,143,146,23,11,126,47,92,22,218,0,Pass,235,0,Pass,92.76595744680851,0.6697247706422018,FALSE,TRUE,TRUE,40.71637498124694,72,364,25.9489567611688,0,10.550458715596331,2.293577981651376,4.806383367742259,44.4954128440367,49.52380190919481,13.302752293577983,19.63273387451729,39.908256880733944,32.65934833562188,66.81700068563971,100,17.006072031306804,Caregiver count MOE exceeds 50% of estimate,0,10.550458715596331,NA,Unavailable MOE or zero percentage,0,7.099961349393635,127.40240918698181,Percentage MOE exceeds 50% of estimate,0,94.01921475323151,67.66615205588602,Percentage MOE exceeds 50% of estimate,0,32.935486168095274,89.72470075895906,Percentage MOE exceeds 50% of estimate,7.248908545112066,72.56760521635582,49.752796785301335,Percentage MOE exceeds 50% of estimate,2024,2020-2024,ACS five-year,13,21.316123985528503,14.275862604124775,Caregiver count MOE exceeds 50% of estimate,1287,95.9782133716212,10,32038,Retained,NA,NA,NA,771,Caregiver count MOE exceeds 50% of estimate,NA,NA,NA,48,Unavailable MOE or zero percentage,NA,NA,NA,40,Percentage MOE exceeds 50% of estimate,NA,NA,NA,154,Percentage MOE exceeds 50% of estimate,NA,NA,NA,114,Percentage MOE exceeds 50% of estimate,NA,NA,NA,593,Percentage MOE exceeds 50% of estimate,NA,NA,NA,749,Caregiver count MOE exceeds 50% of estimate,38
1347140,"Locust Grove city, Georgia",10532,369,215,0,0,139,69,7,154,24,196,143,23,23,126,76,19,129,215,0,Pass,369,0,Pass,58.265582655826556,0.6651162790697674,FALSE,TRUE,TRUE,40.436198587620005,72,358,23.323930077076827,0,10.69767441860465,0,10.69767441860465,64.65116279069767,39.81781794614037,32.093023255813954,28.176337327063727,3.255813953488372,8.567782691886036,34.941652578749725,81.58951273290339,24.33673875905756,Caregiver count MOE exceeds 50% of estimate,0,10.69767441860465,NA,Unavailable MOE or zero percentage,0,10.69767441860465,NA,Unavailable MOE or zero percentage,24.833344844557296,100,37.44327774976724,Percentage MOE exceeds 50% of estimate,3.9166859287502263,60.26936058287768,53.37607691146933,Percentage MOE exceeds 50% of estimate,0,11.823596645374408,159.98586210021685,Percentage MOE exceeds 50% of estimate,2024,2020-2024,ACS five-year,13,20.41397645271553,13.577588369566094,Caregiver count MOE exceeds 50% of estimate,1304,95.91890879580498,10,32038,Retained,NA,NA,NA,771,Caregiver count MOE exceeds 50% of estimate,NA,NA,NA,48,Unavailable MOE or zero percentage,NA,NA,NA,40,Unavailable MOE or zero percentage,NA,NA,NA,154,Percentage MOE exceeds 50% of estimate,NA,NA,NA,114,Percentage MOE exceeds 50% of estimate,NA,NA,NA,593,Percentage MOE exceeds 50% of estimate,NA,NA,NA,749,Caregiver count MOE exceeds 50% of estimate,39
1379528,"Villa Rica city, Georgia",18551,932,215,0,0,16,147,52,717,52,393,219,23,23,28,207,68,382,215,0,Pass,932,0,Pass,23.068669527896997,1.0186046511627906,TRUE,TRUE,TRUE,61.92676566915232,0,434,21.389852383492308,0,10.69767441860465,0,10.69767441860465,7.441860465116279,10.589808140939372,68.37209302325581,66.47822318904942,24.186046511627907,19.834087939811194,1.6788171444046895,44.458521911389305,56.371291263254236,Percentage MOE exceeds 50% of estimate,0,10.69767441860465,NA,Unavailable MOE or zero percentage,0,10.69767441860465,NA,Unavailable MOE or zero percentage,0,18.03166860605565,86.51258966891109,Percentage MOE exceeds 50% of estimate,1.8938698342063987,100,59.11167579350116,Percentage MOE exceeds 50% of estimate,4.351958571816713,44.020134451439105,49.85630562626183,Percentage MOE exceeds 50% of estimate,2024,2020-2024,ACS five-year,13,11.58967171581047,11.805248815090046,Percentage MOE exceeds 50% of estimate,1304,95.91890879580498,10,32038,Retained,NA,NA,NA,771,Percentage MOE exceeds 50% of estimate,NA,NA,NA,48,Unavailable MOE or zero percentage,NA,NA,NA,40,Unavailable MOE or zero percentage,NA,NA,NA,154,Percentage MOE exceeds 50% of estimate,NA,NA,NA,114,Percentage MOE exceeds 50% of estimate,NA,NA,NA,593,Percentage MOE exceeds 50% of estimate,NA,NA,NA,749,Percentage MOE exceeds 50% of estimate,39
1350036,"Martinez CDP, Georgia",33750,747,214,14,10,34,51,105,533,2036,411,115,23,16,39,58,81,378,214,0,Pass,747,0,Pass,28.647925033467203,0.5373831775700935,FALSE,TRUE,TRUE,32.67057741581939,99,329,22.03287317779625,6.5420560747663545,10.156421248129421,4.672897196261682,7.042320134189102,15.887850467289718,16.100619929221367,23.83177570093458,23.886145843486588,49.06542056074766,27.155897914394757,6.615051855670952,50.68079821126345,46.75743796256937,Percentage MOE exceeds 50% of estimate,0,16.698477322895776,94.38417547949047,Percentage MOE exceeds 50% of estimate,0,11.715217330450784,91.62253005512757,Percentage MOE exceeds 50% of estimate,0,31.988470396511083,61.60985656390508,Percentage MOE exceeds 50% of estimate,0,47.717921544421166,60.93438330329328,Percentage MOE exceeds 50% of estimate,21.909522646352904,76.22131847514243,33.64816499089086,Percentage MOE exceeds 50% of estimate,2024,2020-2024,ACS five-year,13,6.34074074074074,3.3858692431793553,Percentage MOE exceeds 50% of estimate,1313,95.88613521443285,10,32038,Retained,NA,NA,NA,771,Percentage MOE exceeds 50% of estimate,NA,NA,NA,48,Percentage MOE exceeds 50% of estimate,NA,NA,NA,40,Percentage MOE exceeds 50% of estimate,NA,NA,NA,154,Percentage MOE exceeds 50% of estimate,NA,NA,NA,114,Percentage MOE exceeds 50% of estimate,NA,NA,NA,593,Percentage MOE exceeds 50% of estimate,NA,NA,NA,749,Percentage MOE exceeds 50% of estimate,41
1368208,"Sandersville city, Georgia",5601,295,214,0,15,61,56,82,81,19,147,120,20,25,93,56,77,101,214,0,Pass,295,0,Pass,72.54237288135593,0.5607476635514018,FALSE,TRUE,TRUE,34.0910373034637,94,334,18.65481594376104,0,9.345794392523365,7.009345794392523,11.00118962879592,28.504672897196258,40.411717516657916,26.168224299065418,21.66694298506147,38.31775700934579,28.861408289622453,53.887556937594894,91.19718882511697,15.634066478105172,Caregiver count MOE exceeds 50% of estimate,0,9.345794392523365,NA,Unavailable MOE or zero percentage,0,18.010535423188443,95.4190104208296,Percentage MOE exceeds 50% of estimate,0,68.91639041385417,86.191410938651,Percentage MOE exceeds 50% of estimate,4.501281314003947,47.83516728412689,50.33802012649883,Percentage MOE exceeds 50% of estimate,9.456348719723337,67.17916529896824,45.792060177194905,Percentage MOE exceeds 50% of estimate,2024,2020-2024,ACS five-year,13,38.2074629530441,21.42435354080153,Caregiver count MOE exceeds 50% of estimate,1313,95.88613521443285,10,32038,Retained,NA,NA,NA,771,Caregiver count MOE exceeds 50% of estimate,NA,NA,NA,48,Unavailable MOE or zero percentage,NA,NA,NA,40,Percentage MOE exceeds 50% of estimate,NA,NA,NA,154,Percentage MOE exceeds 50% of estimate,NA,NA,NA,114,Percentage MOE exceeds 50% of estimate,NA,NA,NA,593,Percentage MOE exceeds 50% of estimate,NA,NA,NA,749,Caregiver count MOE exceeds 50% of estimate,41
1312260,"Byron city, Georgia",5971,207,207,41,0,0,0,166,0,16,157,157,61,20,20,20,150,20,207,0,Pass,207,0,Pass,100,0.7584541062801933,FALSE,TRUE,TRUE,46.11073556045787,50,364,107.26160835390142,19.806763285024154,25.3519662640487,0,9.66183574879227,0,9.66183574879227,0,9.66183574879227,80.19323671497585,39.390021328337745,0,100,65.21042760059889,Percentage MOE exceeds 50% of estimate,0,45.15872954907285,77.8163542969121,Percentage MOE exceeds 50% of estimate,0,9.66183574879227,NA,Unavailable MOE or zero percentage,0,9.66183574879227,NA,Unavailable MOE or zero percentage,0,9.66183574879227,NA,Unavailable MOE or zero percentage,40.80321538663811,100,29.862159898630367,Caregiver count MOE exceeds 50% of estimate,2024,2020-2024,ACS five-year,13,34.66755987271814,26.293589039206893,Percentage MOE exceeds 50% of estimate,1360,95.74411636182033,10,32038,Retained,NA,NA,NA,771,Percentage MOE exceeds 50% of estimate,NA,NA,NA,48,Percentage MOE exceeds 50% of estimate,NA,NA,NA,40,Unavailable MOE or zero percentage,NA,NA,NA,154,Unavailable MOE or zero percentage,NA,NA,NA,114,Unavailable MOE or zero percentage,NA,NA,NA,593,Caregiver count MOE exceeds 50% of estimate,NA,NA,NA,749,Percentage MOE exceeds 50% of estimate,43
1342425,"Johns Creek city, Georgia",81988,1917,207,45,0,47,9,106,1710,98,619,117,64,34,55,15,92,619,207,0,Pass,1917,0,Pass,10.7981220657277,0.5652173913043478,FALSE,TRUE,TRUE,34.362777455882615,90,324,5.009281921371202,21.73913043478261,28.371400489943856,0,16.425120772946862,22.705314009661837,23.265217110194165,4.3478260869565215,6.8169519023559015,51.20772946859904,33.728066832837285,5.788840144356498,15.807403987098901,28.20330376460235,Caregiver count MOE exceeds 50% of estimate,0,50.11053092472646,79.34349909032494,Percentage MOE exceeds 50% of estimate,0,16.425120772946862,NA,Unavailable MOE or zero percentage,0,45.970531119856005,62.29487811546806,Percentage MOE exceeds 50% of estimate,0,11.164777989312423,95.32148708257769,Percentage MOE exceeds 50% of estimate,17.479662635761755,84.93579630143633,40.04319049290035,Percentage MOE exceeds 50% of estimate,2024,2020-2024,ACS five-year,13,2.524759720934771,1.4270349121385952,Caregiver count MOE exceeds 50% of estimate,1360,95.74411636182033,10,32038,Retained,NA,NA,NA,771,Caregiver count MOE exceeds 50% of estimate,NA,NA,NA,48,Percentage MOE exceeds 50% of estimate,NA,NA,NA,40,Unavailable MOE or zero percentage,NA,NA,NA,154,Percentage MOE exceeds 50% of estimate,NA,NA,NA,114,Percentage MOE exceeds 50% of estimate,NA,NA,NA,593,Percentage MOE exceeds 50% of estimate,NA,NA,NA,749,Caregiver count MOE exceeds 50% of estimate,43
1367284,"Roswell city, Georgia",92621,1224,207,0,48,102,3,54,1017,54,459,147,34,26,127,6,66,418,207,0,Pass,1224,0,Pass,16.911764705882355,0.7101449275362319,FALSE,TRUE,TRUE,43.17374603431406,60,354,10.198801174805316,0,16.425120772946862,23.18840579710145,20.710616547510018,49.275362318840585,50.39506985095834,1.4492753623188406,2.7096776245553804,26.08695652173913,25.9499184397908,6.712963531077039,27.110565880687673,36.66341720906275,Percentage MOE exceeds 50% of estimate,0,16.425120772946862,NA,Unavailable MOE or zero percentage,2.4777892495914315,43.89902234461147,54.29938104989327,Percentage MOE exceeds 50% of estimate,0,99.67043216979893,62.17717246260899,Percentage MOE exceeds 50% of estimate,0,4.158952986874221,113.66832466475597,Percentage MOE exceeds 50% of estimate,0.13703808194832945,52.03687496152993,60.476315778258744,Percentage MOE exceeds 50% of estimate,2024,2020-2024,ACS five-year,13,2.2349143282840824,1.5871125388336695,Percentage MOE exceeds 50% of estimate,1360,95.74411636182033,10,32038,Retained,NA,NA,NA,771,Percentage MOE exceeds 50% of estimate,NA,NA,NA,48,Unavailable MOE or zero percentage,NA,NA,NA,40,Percentage MOE exceeds 50% of estimate,NA,NA,NA,154,Percentage MOE exceeds 50% of estimate,NA,NA,NA,114,Percentage MOE exceeds 50% of estimate,NA,NA,NA,593,Percentage MOE exceeds 50% of estimate,NA,NA,NA,749,Percentage MOE exceeds 50% of estimate,43
1348624,"McDonough city, Georgia",30947,606,203,0,0,7,104,92,403,50,294,155,30,30,15,112,94,166,203,0,Pass,606,0,Pass,33.4983498349835,0.7635467980295566,FALSE,TRUE,TRUE,46.42034923464249,48,358,19.75081089707284,0,14.77832512315271,0,14.77832512315271,3.4482758620689653,6.904162199049287,51.231527093596064,38.907624666523475,45.320197044334975,30.76928119642956,13.747538937910662,53.24916073205634,35.84546844791995,Percentage MOE exceeds 50% of estimate,0,14.77832512315271,NA,Unavailable MOE or zero percentage,0,14.77832512315271,NA,Unavailable MOE or zero percentage,0,10.352438061118253,121.72554474863098,Percentage MOE exceeds 50% of estimate,12.32390242707259,90.13915176011955,46.1710934094498,Percentage MOE exceeds 50% of estimate,14.550915847905415,76.08947824076454,41.27606660245532,Percentage MOE exceeds 50% of estimate,2024,2020-2024,ACS five-year,13,6.559601900022619,5.008551814281531,Percentage MOE exceeds 50% of estimate,1398,95.63174979711593,10,32038,Retained,NA,NA,NA,771,Percentage MOE exceeds 50% of estimate,NA,NA,NA,48,Unavailable MOE or zero percentage,NA,NA,NA,40,Unavailable MOE or zero percentage,NA,NA,NA,154,Percentage MOE exceeds 50% of estimate,NA,NA,NA,114,Percentage MOE exceeds 50% of estimate,NA,NA,NA,593,Percentage MOE exceeds 50% of estimate,NA,NA,NA,749,Percentage MOE exceeds 50% of estimate,46
1371492,"Smyrna city, Georgia",56633,636,203,0,0,101,32,70,433,61,231,118,34,34,96,32,67,160,203,0,Pass,636,0,Pass,31.91823899371069,0.5812807881773399,FALSE,TRUE,TRUE,35.33936264314718,85,321,14.48566410934043,0,16.748768472906402,0,16.748768472906402,49.75369458128079,37.416415279462676,15.763546798029557,12.82684602813914,34.48275862068966,26.221300358292922,17.43257488437026,46.40390310305112,27.591304337898883,Caregiver count MOE exceeds 50% of estimate,0,16.748768472906402,NA,Unavailable MOE or zero percentage,0,16.748768472906402,NA,Unavailable MOE or zero percentage,12.337279301818114,87.17010986074347,45.72035400835486,Percentage MOE exceeds 50% of estimate,2.9367007698904164,28.590392826168696,49.46963253004905,Percentage MOE exceeds 50% of estimate,8.261458262396737,60.70405897898258,46.23011421386065,Percentage MOE exceeds 50% of estimate,2024,2020-2024,ACS five-year,13,3.5844825455123335,2.083587262160605,Caregiver count MOE exceeds 50% of estimate,1398,95.63174979711593,10,32038,Retained,NA,NA,NA,771,Caregiver count MOE exceeds 50% of estimate,NA,NA,NA,48,Unavailable MOE or zero percentage,NA,NA,NA,40,Unavailable MOE or zero percentage,NA,NA,NA,154,Percentage MOE exceeds 50% of estimate,NA,NA,NA,114,Percentage MOE exceeds 50% of estimate,NA,NA,NA,593,Percentage MOE exceeds 50% of estimate,NA,NA,NA,749,Caregiver count MOE exceeds 50% of estimate,46
1353060,"Moultrie city, Georgia",14588,346,196,63,6,9,17,101,150,27,136,111,60,9,18,39,95,76,196,0,Pass,346,0,Pass,56.64739884393064,0.5663265306122449,FALSE,TRUE,TRUE,34.43020833786041,85,307,23.095663343676275,32.142857142857146,24.611937868344235,3.061224489795918,4.2519893115458425,4.591836734693878,8.807801515362527,8.673469387755102,19.28213889051218,51.53061224489795,38.699161992401876,33.55173550025437,79.74306218760691,24.786956866293288,Caregiver count MOE exceeds 50% of estimate,7.530919274512911,56.75479501120138,46.551542406904474,Percentage MOE exceeds 50% of estimate,0,7.31321380134176,84.44418107155711,Percentage MOE exceeds 50% of estimate,0,13.399638250056405,116.61484096177185,Percentage MOE exceeds 50% of estimate,0,27.95560827826728,135.15592836366278,Percentage MOE exceeds 50% of estimate,12.831450252496076,90.22977423729984,45.65717133483205,Percentage MOE exceeds 50% of estimate,2024,2020-2024,ACS five-year,13,13.435700575815739,7.608953058415958,Caregiver count MOE exceeds 50% of estimate,1460,95.42730507522317,10,32038,Retained,NA,NA,NA,771,Caregiver count MOE exceeds 50% of estimate,NA,NA,NA,48,Percentage MOE exceeds 50% of estimate,NA,NA,NA,40,Percentage MOE exceeds 50% of estimate,NA,NA,NA,154,Percentage MOE exceeds 50% of estimate,NA,NA,NA,114,Percentage MOE exceeds 50% of estimate,NA,NA,NA,593,Percentage MOE exceeds 50% of estimate,NA,NA,NA,749,Caregiver count MOE exceeds 50% of estimate,48
1328380,"Fairburn city, Georgia",16831,511,194,0,0,117,0,77,317,25,305,211,23,23,192,23,79,240,194,0,Pass,511,0,Pass,37.96477495107632,1.0876288659793814,TRUE,TRUE,TRUE,66.12313996566151,0,405,34.518396908566565,0,11.855670103092782,0,11.855670103092782,60.30927835051546,74.10998389856258,0,11.855670103092782,39.69072164948454,59.34472036556583,3.4463780425097568,72.48317185964288,55.2767539232053,Percentage MOE exceeds 50% of estimate,0,11.855670103092782,NA,Unavailable MOE or zero percentage,0,11.855670103092782,NA,Unavailable MOE or zero percentage,0,100,74.70769383467055,Percentage MOE exceeds 50% of estimate,0,11.855670103092782,NA,Unavailable MOE or zero percentage,0,99.03544201505036,90.90040867172749,Percentage MOE exceeds 50% of estimate,2024,2020-2024,ACS five-year,13,11.526350187154655,12.536379492210603,Percentage MOE exceeds 50% of estimate,1482,95.36175791247894,10,32038,Retained,NA,NA,NA,771,Percentage MOE exceeds 50% of estimate,NA,NA,NA,48,Unavailable MOE or zero percentage,NA,NA,NA,40,Unavailable MOE or zero percentage,NA,NA,NA,154,Percentage MOE exceeds 50% of estimate,NA,NA,NA,114,Unavailable MOE or zero percentage,NA,NA,NA,593,Percentage MOE exceeds 50% of estimate,NA,NA,NA,749,Percentage MOE exceeds 50% of estimate,49
1319336,"Conyers city, Georgia",18512,394,192,0,0,0,0,192,202,28,227,187,23,23,23,23,187,137,192,0,Pass,394,0,Pass,48.73096446700508,0.9739583333333334,FALSE,TRUE,TRUE,59.21246227474005,5,379,38.267153922218874,0,11.979166666666668,0,11.979166666666668,0,11.979166666666668,0,11.979166666666668,100,137.73850841862955,10.463810544786206,86.99811838922395,47.741262499707794,Percentage MOE exceeds 50% of estimate,0,11.979166666666668,NA,Unavailable MOE or zero percentage,0,11.979166666666668,NA,Unavailable MOE or zero percentage,0,11.979166666666668,NA,Unavailable MOE or zero percentage,0,11.979166666666668,NA,Unavailable MOE or zero percentage,0,100,83.7390672104426,Percentage MOE exceeds 50% of estimate,2024,2020-2024,ACS five-year,13,10.371650821089023,10.101543566505033,Percentage MOE exceeds 50% of estimate,1503,95.2977713964667,10,32038,Retained,NA,NA,NA,771,Percentage MOE exceeds 50% of estimate,NA,NA,NA,48,Unavailable MOE or zero percentage,NA,NA,NA,40,Unavailable MOE or zero percentage,NA,NA,NA,154,Unavailable MOE or zero percentage,NA,NA,NA,114,Unavailable MOE or zero percentage,NA,NA,NA,593,Percentage MOE exceeds 50% of estimate,NA,NA,NA,749,Percentage MOE exceeds 50% of estimate,50
1323368,"Donalsonville city, Georgia",2831,243,189,0,0,65,113,11,54,15,140,139,14,14,71,126,20,49,189,0,Pass,243,0,Pass,77.77777777777779,0.7354497354497355,FALSE,TRUE,TRUE,44.71216911943701,50,328,35.553769094121634,0,7.4074074074074066,0,7.4074074074074066,34.39153439153439,27.77528497758375,59.78835978835979,50.10954284773979,5.82010582010582,9.677663155744701,42.22400868365615,100,27.790915912694697,Caregiver count MOE exceeds 50% of estimate,0,7.4074074074074066,NA,Unavailable MOE or zero percentage,0,7.4074074074074066,NA,Unavailable MOE or zero percentage,6.616249413950644,62.166819369118144,49.09979900337034,Percentage MOE exceeds 50% of estimate,9.678816940620003,100,50.95379606682248,Percentage MOE exceeds 50% of estimate,0,15.497768975850521,101.09097006708429,Percentage MOE exceeds 50% of estimate,2024,2020-2024,ACS five-year,13,66.76086188625928,49.09798398401833,Caregiver count MOE exceeds 50% of estimate,1527,95.2181784131344,10,32038,Retained,NA,NA,NA,771,Caregiver count MOE exceeds 50% of estimate,NA,NA,NA,48,Unavailable MOE or zero percentage,NA,NA,NA,40,Unavailable MOE or zero percentage,NA,NA,NA,154,Percentage MOE exceeds 50% of estimate,NA,NA,NA,114,Percentage MOE exceeds 50% of estimate,NA,NA,NA,593,Percentage MOE exceeds 50% of estimate,NA,NA,NA,749,Caregiver count MOE exceeds 50% of estimate,51
1349756,"Marietta city, Georgia",62263,684,186,0,22,23,14,127,498,89,216,86,34,26,39,19,77,203,186,0,Pass,684,0,Pass,27.192982456140353,0.46236559139784944,FALSE,TRUE,FALSE,28.10983201312482,100,272,9.183781111905025,0,18.27956989247312,11.827956989247312,12.864295449283741,12.365591397849462,20.17318182414372,7.526881720430108,9.603943584751502,68.27956989247312,26.77889521262661,18.00920134423533,36.37676356804538,20.532291663006504,Retained,0,18.27956989247312,NA,Unavailable MOE or zero percentage,0,24.692252438531053,66.12246149722625,Percentage MOE exceeds 50% of estimate,0,32.53877322199318,99.18186131816913,Percentage MOE exceeds 50% of estimate,0,17.13082530518161,77.5724042507106,Percentage MOE exceeds 50% of estimate,41.50067467984651,95.05846510509973,23.8437534407498,Retained,2024,2020-2024,ACS five-year,13,2.987327947577213,1.3812310525056222,Retained,1555,95.1354641363381,10,32038,Retained,522,32.360570687418935,4,771,Retained,NA,NA,NA,48,Unavailable MOE or zero percentage,NA,NA,NA,40,Percentage MOE exceeds 50% of estimate,NA,NA,NA,154,Percentage MOE exceeds 50% of estimate,NA,NA,NA,114,Percentage MOE exceeds 50% of estimate,74,87.60539629005059,9,593,Retained,501,33.177570093457945,4,749,Retained,52
1377652,"Tucker city, Georgia",37123,704,185,0,23,28,0,134,519,58,380,158,30,53,49,30,146,265,185,0,Pass,704,0,Pass,26.27840909090909,0.8540540540540541,FALSE,TRUE,TRUE,51.92279969841057,27,343,17.392529981267817,0,16.216216216216218,12.432432432432433,26.608340739305515,15.135135135135137,23.11810355303133,0,16.216216216216218,72.43243243243244,49.003940080905636,8.885879109641273,43.67093907217691,40.238004476458386,Percentage MOE exceeds 50% of estimate,0,16.216216216216218,NA,Unavailable MOE or zero percentage,0,39.040773171737946,130.11711606891103,Percentage MOE exceeds 50% of estimate,0,38.25323868816646,92.86213086582828,Percentage MOE exceeds 50% of estimate,0,16.216216216216218,NA,Unavailable MOE or zero percentage,23.4284923515268,100,41.131133060556635,Percentage MOE exceeds 50% of estimate,2024,2020-2024,ACS five-year,13,4.983433450960321,4.256114420203652,Percentage MOE exceeds 50% of estimate,1564,95.10425120169798,10,32038,Retained,NA,NA,NA,771,Percentage MOE exceeds 50% of estimate,NA,NA,NA,48,Unavailable MOE or zero percentage,NA,NA,NA,40,Percentage MOE exceeds 50% of estimate,NA,NA,NA,154,Percentage MOE exceeds 50% of estimate,NA,NA,NA,114,Unavailable MOE or zero percentage,NA,NA,NA,593,Percentage MOE exceeds 50% of estimate,NA,NA,NA,749,Percentage MOE exceeds 50% of estimate,53
1332048,"Garden City city, Georgia",10426,188,183,0,0,139,0,44,5,25,178,176,23,23,156,23,54,9,183,0,Pass,188,0,Pass,97.3404255319149,0.9617486338797814,FALSE,TRUE,TRUE,58.470165254902405,7,359,16.437013595045315,0,12.568306010928962,0,12.568306010928962,75.95628415300546,43.936735115281614,0,12.568306010928962,24.043715846994534,18.33067906715018,80.90341193686959,100,10.266027353720618,Caregiver count MOE exceeds 50% of estimate,0,12.568306010928962,NA,Unavailable MOE or zero percentage,0,12.568306010928962,NA,Unavailable MOE or zero percentage,32.01954903772384,100,35.16712090789695,Percentage MOE exceeds 50% of estimate,0,12.568306010928962,NA,Unavailable MOE or zero percentage,5.713036779844355,42.374394914144716,46.34999699453296,Percentage MOE exceeds 50% of estimate,2024,2020-2024,ACS five-year,13,17.552273163245733,16.880822269137994,Caregiver count MOE exceeds 50% of estimate,1583,95.04494662588176,10,32038,Retained,NA,NA,NA,771,Caregiver count MOE exceeds 50% of estimate,NA,NA,NA,48,Unavailable MOE or zero percentage,NA,NA,NA,40,Unavailable MOE or zero percentage,NA,NA,NA,154,Percentage MOE exceeds 50% of estimate,NA,NA,NA,114,Unavailable MOE or zero percentage,NA,NA,NA,593,Percentage MOE exceeds 50% of estimate,NA,NA,NA,749,Caregiver count MOE exceeds 50% of estimate,54
1345488,"Lawrenceville city, Georgia",30954,704,181,0,13,93,59,16,523,84,246,118,30,21,75,90,18,206,181,0,Pass,704,0,Pass,25.71022727272727,0.6519337016574586,FALSE,TRUE,TRUE,39.63475478761812,63,299,14.15032041066181,0,16.574585635359114,7.18232044198895,10.615386769060214,51.38121546961326,24.39101814645152,32.59668508287293,44.953889747733264,8.83977900552486,8.104720172417098,11.55990686206546,39.86054768338908,33.46055200580824,Percentage MOE exceeds 50% of estimate,0,16.574585635359114,NA,Unavailable MOE or zero percentage,0,17.797707211049165,89.8553185110853,Percentage MOE exceeds 50% of estimate,26.99019732316174,75.77223361606478,28.860131049622204,Caregiver count MOE exceeds 50% of estimate,0,77.5505748306062,83.84295618913325,Percentage MOE exceeds 50% of estimate,0.7350588331077628,16.944499177941957,55.74030749495586,Percentage MOE exceeds 50% of estimate,2024,2020-2024,ACS five-year,13,5.847386444401369,3.8120752637743127,Percentage MOE exceeds 50% of estimate,1602,94.99188463699357,10,32038,Retained,NA,NA,NA,771,Percentage MOE exceeds 50% of estimate,NA,NA,NA,48,Unavailable MOE or zero percentage,NA,NA,NA,40,Percentage MOE exceeds 50% of estimate,NA,NA,NA,154,Caregiver count MOE exceeds 50% of estimate,NA,NA,NA,114,Percentage MOE exceeds 50% of estimate,NA,NA,NA,593,Percentage MOE exceeds 50% of estimate,NA,NA,NA,749,Percentage MOE exceeds 50% of estimate,55
1319616,"Cordele city, Georgia",9994,222,180,10,0,72,0,98,42,23,195,183,22,20,107,20,147,60,180,0,Pass,222,0,Pass,81.08108108108108,1.0166666666666666,TRUE,TRUE,TRUE,61.80894457769655,0,363,41.50706259331238,5.555555555555555,10.83887164542294,0,11.11111111111111,40,43.35740072387716,0,11.11111111111111,54.44444444444444,60.046789597905146,39.574018487768704,100,31.12255280730557,Percentage MOE exceeds 50% of estimate,0,16.394427200978495,118.61218920689348,Percentage MOE exceeds 50% of estimate,0,11.11111111111111,NA,Unavailable MOE or zero percentage,0,83.35740072387716,65.89856996004355,Percentage MOE exceeds 50% of estimate,0,11.11111111111111,NA,Unavailable MOE or zero percentage,0,100,67.05157219055816,Percentage MOE exceeds 50% of estimate,2024,2020-2024,ACS five-year,13,18.010806483890335,18.31093967799251,Percentage MOE exceeds 50% of estimate,1609,94.96223234908545,10,32038,Retained,NA,NA,NA,771,Percentage MOE exceeds 50% of estimate,NA,NA,NA,48,Percentage MOE exceeds 50% of estimate,NA,NA,NA,40,Unavailable MOE or zero percentage,NA,NA,NA,154,Percentage MOE exceeds 50% of estimate,NA,NA,NA,114,Unavailable MOE or zero percentage,NA,NA,NA,593,Percentage MOE exceeds 50% of estimate,NA,NA,NA,749,Percentage MOE exceeds 50% of estimate,56
1328044,"Evans CDP, Georgia",36998,690,173,18,0,0,0,155,517,1983,310,162,30,30,30,30,162,255,173,0,Pass,690,0,Pass,25.072463768115945,0.9364161849710982,FALSE,TRUE,TRUE,56.93006171659343,11,335,20.599541729288035,10.404624277456648,14.345190622053,0,17.341040462427745,0,17.341040462427745,0,17.341040462427745,89.59537572254335,41.59067632586941,4.47292203882791,45.67200549740398,49.94974663997022,Percentage MOE exceeds 50% of estimate,0,24.749814899509648,83.82096663163341,Percentage MOE exceeds 50% of estimate,0,17.341040462427745,NA,Unavailable MOE or zero percentage,0,17.341040462427745,NA,Unavailable MOE or zero percentage,0,17.341040462427745,NA,Unavailable MOE or zero percentage,48.00469939667394,100,28.221697394792304,Caregiver count MOE exceeds 50% of estimate,2024,2020-2024,ACS five-year,13,4.675928428563706,4.37143688578308,Percentage MOE exceeds 50% of estimate,1681,94.72969598601661,10,32038,Retained,NA,NA,NA,771,Percentage MOE exceeds 50% of estimate,NA,NA,NA,48,Percentage MOE exceeds 50% of estimate,NA,NA,NA,40,Unavailable MOE or zero percentage,NA,NA,NA,154,Unavailable MOE or zero percentage,NA,NA,NA,114,Unavailable MOE or zero percentage,NA,NA,NA,593,Caregiver count MOE exceeds 50% of estimate,NA,NA,NA,749,Percentage MOE exceeds 50% of estimate,57
1312456,"Calhoun city, Georgia",18183,426,171,45,53,64,0,9,255,28,247,136,76,77,89,23,15,190,171,0,Pass,426,0,Pass,40.140845070422536,0.7953216374269005,FALSE,TRUE,TRUE,48.35212230409394,35,307,21.85204754034484,26.31578947368421,39.207957987706365,30.994152046783626,37.68281000420862,37.42690058479532,42.6945862675146,0,13.450292397660817,5.263157894736842,7.708759040899346,18.288797530077694,61.99289261076738,33.09621800464396,Percentage MOE exceeds 50% of estimate,0,65.52374746139057,90.57963451095571,Percentage MOE exceeds 50% of estimate,0,68.67696205099224,73.91562689991129,Percentage MOE exceeds 50% of estimate,0,80.12148685230991,69.3524310092798,Percentage MOE exceeds 50% of estimate,0,13.450292397660817,NA,Unavailable MOE or zero percentage,0,12.971916935636187,89.04526176505114,Percentage MOE exceeds 50% of estimate,2024,2020-2024,ACS five-year,13,9.404388714733543,7.4794998117573,Percentage MOE exceeds 50% of estimate,1707,94.65322429614832,10,32038,Retained,NA,NA,NA,771,Percentage MOE exceeds 50% of estimate,NA,NA,NA,48,Percentage MOE exceeds 50% of estimate,NA,NA,NA,40,Percentage MOE exceeds 50% of estimate,NA,NA,NA,154,Percentage MOE exceeds 50% of estimate,NA,NA,NA,114,Unavailable MOE or zero percentage,NA,NA,NA,593,Percentage MOE exceeds 50% of estimate,NA,NA,NA,749,Percentage MOE exceeds 50% of estimate,58
1336696,"Harlem city, Georgia",3885,181,165,0,0,0,0,165,16,29,144,141,14,14,14,14,141,26,165,0,Pass,181,0,Pass,91.16022099447514,0.8545454545454545,FALSE,TRUE,TRUE,51.95267472700575,24,306,28.43559264988012,0,8.484848484848486,0,8.484848484848486,0,8.484848484848486,0,8.484848484848486,100,120.8509771482463,62.72462834459502,100,18.96398739753214,Caregiver count MOE exceeds 50% of estimate,0,8.484848484848486,NA,Unavailable MOE or zero percentage,0,8.484848484848486,NA,Unavailable MOE or zero percentage,0,8.484848484848486,NA,Unavailable MOE or zero percentage,0,8.484848484848486,NA,Unavailable MOE or zero percentage,0,100,73.47217720048945,Percentage MOE exceeds 50% of estimate,2024,2020-2024,ACS five-year,13,42.471042471042466,36.29205161161299,Caregiver count MOE exceeds 50% of estimate,1768,94.46906798177164,10,32038,Retained,NA,NA,NA,771,Caregiver count MOE exceeds 50% of estimate,NA,NA,NA,48,Unavailable MOE or zero percentage,NA,NA,NA,40,Unavailable MOE or zero percentage,NA,NA,NA,154,Unavailable MOE or zero percentage,NA,NA,NA,114,Unavailable MOE or zero percentage,NA,NA,NA,593,Percentage MOE exceeds 50% of estimate,NA,NA,NA,749,Caregiver count MOE exceeds 50% of estimate,59
1331908,"Gainesville city, Georgia",45032,968,163,0,16,25,27,95,805,55,475,103,30,30,40,35,89,471,163,0,Pass,968,0,Pass,16.83884297520661,0.6319018404907976,FALSE,TRUE,TRUE,38.41690410240015,60,266,6.704122905225052,0,18.404907975460123,9.815950920245399,17.328212077057852,15.337423312883436,22.54496921747521,16.56441717791411,18.748433601822747,58.282208588957054,40.310614513581015,10.134720069981558,23.542965880431662,24.204853790779772,Caregiver count MOE exceeds 50% of estimate,0,18.404907975460123,NA,Unavailable MOE or zero percentage,0,27.14416299730325,107.3233250925829,Percentage MOE exceeds 50% of estimate,0,37.88239253035864,89.36551975774994,Percentage MOE exceeds 50% of estimate,0,35.312850779736856,68.81158674915514,Percentage MOE exceeds 50% of estimate,17.97159407537604,98.59282310253806,42.04904736011798,Percentage MOE exceeds 50% of estimate,2024,2020-2024,ACS five-year,13,3.6196482501332383,2.2872581188065926,Caregiver count MOE exceeds 50% of estimate,1795,94.3723078843873,10,32038,Retained,NA,NA,NA,771,Caregiver count MOE exceeds 50% of estimate,NA,NA,NA,48,Unavailable MOE or zero percentage,NA,NA,NA,40,Percentage MOE exceeds 50% of estimate,NA,NA,NA,154,Percentage MOE exceeds 50% of estimate,NA,NA,NA,114,Percentage MOE exceeds 50% of estimate,NA,NA,NA,593,Percentage MOE exceeds 50% of estimate,NA,NA,NA,749,Caregiver count MOE exceeds 50% of estimate,60
1326156,"Echols County consolidated government, Georgia",3709,162,162,0,0,120,42,0,0,NA,148,148,14,14,140,43,14,14,162,0,Pass,162,0,Pass,100,0.9135802469135802,FALSE,TRUE,TRUE,55.54173526107523,14,310,129.19975755013462,0,8.641975308641975,0,8.641975308641975,74.07407407407408,53.74747863728309,25.925925925925924,11.980950014618335,0,8.641975308641975,0,100,78.54787528394856,Percentage MOE exceeds 50% of estimate,0,8.641975308641975,NA,Unavailable MOE or zero percentage,0,8.641975308641975,NA,Unavailable MOE or zero percentage,20.32659543679099,100,44.11279822801698,Percentage MOE exceeds 50% of estimate,13.944975911307589,37.90687594054426,28.09504445469672,Caregiver count MOE exceeds 50% of estimate,0,8.641975308641975,NA,Unavailable MOE or zero percentage,2024,2020-2024,ACS five-year,13,43.677541116203834,NA,Percentage MOE exceeds 50% of estimate,1813,94.3208065422311,10,32038,Retained,NA,NA,NA,771,Percentage MOE exceeds 50% of estimate,NA,NA,NA,48,Unavailable MOE or zero percentage,NA,NA,NA,40,Unavailable MOE or zero percentage,NA,NA,NA,154,Percentage MOE exceeds 50% of estimate,NA,NA,NA,114,Caregiver count MOE exceeds 50% of estimate,NA,NA,NA,593,Unavailable MOE or zero percentage,NA,NA,NA,749,Percentage MOE exceeds 50% of estimate,61
1382132,"West Point city, Georgia",3403,162,162,89,0,0,0,73,0,302,192,192,160,14,14,14,100,14,162,0,Pass,162,0,Pass,100,1.1851851851851851,TRUE,TRUE,TRUE,72.05414304139488,0,354,167.6104962812557,54.93827160493827,74.26327961488516,0,8.641975308641975,0,8.641975308641975,0,8.641975308641975,45.06172839506173,30.95385713713555,0,100,101.89994631431162,Percentage MOE exceeds 50% of estimate,0,100,82.18108594079823,Percentage MOE exceeds 50% of estimate,0,8.641975308641975,NA,Unavailable MOE or zero percentage,0,8.641975308641975,NA,Unavailable MOE or zero percentage,0,8.641975308641975,NA,Unavailable MOE or zero percentage,14.107871257926178,76.01558553219728,41.76184445380651,Percentage MOE exceeds 50% of estimate,2024,2020-2024,ACS five-year,13,47.605054363796654,56.26241184481769,Percentage MOE exceeds 50% of estimate,1813,94.3208065422311,10,32038,Retained,NA,NA,NA,771,Percentage MOE exceeds 50% of estimate,NA,NA,NA,48,Percentage MOE exceeds 50% of estimate,NA,NA,NA,40,Unavailable MOE or zero percentage,NA,NA,NA,154,Unavailable MOE or zero percentage,NA,NA,NA,114,Unavailable MOE or zero percentage,NA,NA,NA,593,Percentage MOE exceeds 50% of estimate,NA,NA,NA,749,Percentage MOE exceeds 50% of estimate,61
1344312,"LaFayette city, Georgia",6967,278,160,0,0,0,0,160,118,23,193,166,20,20,20,20,166,92,160,0,Pass,278,0,Pass,57.55395683453237,1.0375,TRUE,TRUE,TRUE,63.075521310846085,0,326,44.37371550849834,0,12.5,0,12.5,0,12.5,0,12.5,100,146.7246570962086,13.180241326034029,100,46.87306483246765,Percentage MOE exceeds 50% of estimate,0,12.5,NA,Unavailable MOE or zero percentage,0,12.5,NA,Unavailable MOE or zero percentage,0,12.5,NA,Unavailable MOE or zero percentage,0,12.5,NA,Unavailable MOE or zero percentage,0,100,89.2022576915517,Percentage MOE exceeds 50% of estimate,2024,2020-2024,ACS five-year,13,22.96540835366729,23.82649054640289,Percentage MOE exceeds 50% of estimate,1840,94.2396529121668,10,32038,Retained,NA,NA,NA,771,Percentage MOE exceeds 50% of estimate,NA,NA,NA,48,Unavailable MOE or zero percentage,NA,NA,NA,40,Unavailable MOE or zero percentage,NA,NA,NA,154,Unavailable MOE or zero percentage,NA,NA,NA,114,Unavailable MOE or zero percentage,NA,NA,NA,593,Percentage MOE exceeds 50% of estimate,NA,NA,NA,749,Percentage MOE exceeds 50% of estimate,63
1321324,"Dallas city, Georgia",14714,783,154,0,0,154,0,0,629,32,327,141,23,23,141,23,23,297,154,0,Pass,783,0,Pass,19.66794380587484,0.9155844155844156,FALSE,TRUE,TRUE,55.66358006464902,13,295,16.025266109280512,0,14.935064935064934,0,14.935064935064934,100,129.48318980169248,0,14.935064935064934,0,14.935064935064934,3.6426776965943297,35.69320991515535,49.53578325473493,Percentage MOE exceeds 50% of estimate,0,14.935064935064934,NA,Unavailable MOE or zero percentage,0,14.935064935064934,NA,Unavailable MOE or zero percentage,0,100,78.72018985766728,Percentage MOE exceeds 50% of estimate,0,14.935064935064934,NA,Unavailable MOE or zero percentage,0,14.935064935064934,NA,Unavailable MOE or zero percentage,2024,2020-2024,ACS five-year,13,10.466222645099904,9.582683310491607,Percentage MOE exceeds 50% of estimate,1917,93.98682814158187,10,32038,Retained,NA,NA,NA,771,Percentage MOE exceeds 50% of estimate,NA,NA,NA,48,Unavailable MOE or zero percentage,NA,NA,NA,40,Unavailable MOE or zero percentage,NA,NA,NA,154,Percentage MOE exceeds 50% of estimate,NA,NA,NA,114,Unavailable MOE or zero percentage,NA,NA,NA,593,Unavailable MOE or zero percentage,NA,NA,NA,749,Percentage MOE exceeds 50% of estimate,64
1358884,"Palmetto city, Georgia",4797,342,154,0,0,154,0,0,188,185,233,191,14,14,191,14,14,189,154,0,Pass,342,0,Pass,45.02923976608187,1.2402597402597402,TRUE,TRUE,TRUE,75.40243824360256,0,345,46.66760676288854,0,9.090909090909092,0,9.090909090909092,100,175.3992145540657,0,9.090909090909092,0,9.090909090909092,0,91.69684652897041,63.00770456675801,Percentage MOE exceeds 50% of estimate,0,9.090909090909092,NA,Unavailable MOE or zero percentage,0,9.090909090909092,NA,Unavailable MOE or zero percentage,0,100,106.6351508001025,Percentage MOE exceeds 50% of estimate,0,9.090909090909092,NA,Unavailable MOE or zero percentage,0,9.090909090909092,NA,Unavailable MOE or zero percentage,2024,2020-2024,ACS five-year,13,32.103397957056494,39.797298169948995,Percentage MOE exceeds 50% of estimate,1917,93.98682814158187,10,32038,Retained,NA,NA,NA,771,Percentage MOE exceeds 50% of estimate,NA,NA,NA,48,Unavailable MOE or zero percentage,NA,NA,NA,40,Unavailable MOE or zero percentage,NA,NA,NA,154,Percentage MOE exceeds 50% of estimate,NA,NA,NA,114,Unavailable MOE or zero percentage,NA,NA,NA,593,Unavailable MOE or zero percentage,NA,NA,NA,749,Percentage MOE exceeds 50% of estimate,64
1376280,"Thomson city, Georgia",6821,184,147,19,0,0,0,128,37,14,156,155,30,20,20,20,151,37,147,0,Pass,184,0,Pass,79.8913043478261,1.054421768707483,TRUE,TRUE,TRUE,64.1042918002206,0,302,50.08338606162741,12.925170068027212,15.19061935550337,0,13.60544217687075,0,13.60544217687075,0,13.60544217687075,87.07482993197279,46.06392910510295,29.807918286198685,100,38.11245412751807,Percentage MOE exceeds 50% of estimate,0,28.115789423530583,71.4516000141035,Percentage MOE exceeds 50% of estimate,0,13.60544217687075,NA,Unavailable MOE or zero percentage,0,13.60544217687075,NA,Unavailable MOE or zero percentage,0,13.60544217687075,NA,Unavailable MOE or zero percentage,41.010900826869836,100,32.16185483913727,Percentage MOE exceeds 50% of estimate,2024,2020-2024,ACS five-year,13,21.551092215217707,22.723897719943125,Percentage MOE exceeds 50% of estimate,2004,93.72932143080092,10,32038,Retained,NA,NA,NA,771,Percentage MOE exceeds 50% of estimate,NA,NA,NA,48,Percentage MOE exceeds 50% of estimate,NA,NA,NA,40,Unavailable MOE or zero percentage,NA,NA,NA,154,Unavailable MOE or zero percentage,NA,NA,NA,114,Unavailable MOE or zero percentage,NA,NA,NA,593,Percentage MOE exceeds 50% of estimate,NA,NA,NA,749,Percentage MOE exceeds 50% of estimate,66
1317776,"College Park city, Georgia",14712,275,144,67,0,12,0,65,131,780,178,134,106,23,21,23,74,129,144,0,Pass,275,0,Pass,52.36363636363637,0.9305555555555556,FALSE,TRUE,TRUE,56.573760747345204,10,278,35.00820080687835,46.52777777777778,59.531445457428546,0,15.972222222222221,8.333333333333332,12.35068137466032,0,15.972222222222221,45.13888888888889,29.60509080788332,17.355435556758017,87.37183717051471,40.64552489380016,Percentage MOE exceeds 50% of estimate,0,100,77.78697094085707,Percentage MOE exceeds 50% of estimate,0,15.972222222222221,NA,Unavailable MOE or zero percentage,0,20.684014707993654,90.10417344588222,Percentage MOE exceeds 50% of estimate,0,15.972222222222221,NA,Unavailable MOE or zero percentage,15.533798081005571,74.74397969677221,39.87385967856957,Percentage MOE exceeds 50% of estimate,2024,2020-2024,ACS five-year,13,9.787928221859705,9.093415911075951,Percentage MOE exceeds 50% of estimate,2037,93.61071227916848,10,32038,Retained,NA,NA,NA,771,Percentage MOE exceeds 50% of estimate,NA,NA,NA,48,Percentage MOE exceeds 50% of estimate,NA,NA,NA,40,Unavailable MOE or zero percentage,NA,NA,NA,154,Percentage MOE exceeds 50% of estimate,NA,NA,NA,114,Unavailable MOE or zero percentage,NA,NA,NA,593,Percentage MOE exceeds 50% of estimate,NA,NA,NA,749,Percentage MOE exceeds 50% of estimate,67
1357260,"Oakwood city, Georgia",5862,354,144,0,0,37,0,107,210,18,226,150,20,20,86,20,145,184,144,0,Pass,354,0,Pass,40.67796610169492,1.0416666666666667,TRUE,TRUE,TRUE,63.32883665747598,0,294,33.48198919075802,0,13.88888888888889,0,13.88888888888889,25.694444444444443,53.38891386718417,0,13.88888888888889,74.30555555555556,64.40776588282174,7.195976910936899,74.15995529245293,50.04086001652182,Percentage MOE exceeds 50% of estimate,0,13.88888888888889,NA,Unavailable MOE or zero percentage,0,13.88888888888889,NA,Unavailable MOE or zero percentage,0,79.08335831162861,126.32363001303032,Percentage MOE exceeds 50% of estimate,0,13.88888888888889,NA,Unavailable MOE or zero percentage,9.897789672733822,100,52.69746118425678,Percentage MOE exceeds 50% of estimate,2024,2020-2024,ACS five-year,13,24.56499488229273,25.58842515941535,Percentage MOE exceeds 50% of estimate,2037,93.61071227916848,10,32038,Retained,NA,NA,NA,771,Percentage MOE exceeds 50% of estimate,NA,NA,NA,48,Unavailable MOE or zero percentage,NA,NA,NA,40,Unavailable MOE or zero percentage,NA,NA,NA,154,Percentage MOE exceeds 50% of estimate,NA,NA,NA,114,Unavailable MOE or zero percentage,NA,NA,NA,593,Percentage MOE exceeds 50% of estimate,NA,NA,NA,749,Percentage MOE exceeds 50% of estimate,67
1380956,"Waycross city, Georgia",13756,303,139,15,36,42,0,46,164,20,169,100,22,50,58,23,44,114,139,0,Pass,303,0,Pass,45.87458745874587,0.7194244604316546,FALSE,TRUE,TRUE,43.737901576386285,39,239,20.84544732460404,10.79136690647482,13.792445818758623,25.899280575539567,30.769400367911253,30.215827338129497,35.6169880118411,0,16.546762589928058,33.093525179856115,20.861059059618288,25.02914013414183,66.72003478334992,27.625604538998076,Caregiver count MOE exceeds 50% of estimate,0,24.583812725233443,77.70296142239494,Percentage MOE exceeds 50% of estimate,0,56.66868094345082,72.22774823007005,Percentage MOE exceeds 50% of estimate,0,65.8328153499706,71.66307561796799,Percentage MOE exceeds 50% of estimate,0,16.546762589928058,NA,Unavailable MOE or zero percentage,12.232466120237827,53.9545842394744,38.3235793324602,Percentage MOE exceeds 50% of estimate,2024,2020-2024,ACS five-year,13,10.104681593486479,7.2695402581136435,Caregiver count MOE exceeds 50% of estimate,2117,93.35632686185156,10,32038,Retained,NA,NA,NA,771,Caregiver count MOE exceeds 50% of estimate,NA,NA,NA,48,Percentage MOE exceeds 50% of estimate,NA,NA,NA,40,Percentage MOE exceeds 50% of estimate,NA,NA,NA,154,Percentage MOE exceeds 50% of estimate,NA,NA,NA,114,Unavailable MOE or zero percentage,NA,NA,NA,593,Percentage MOE exceeds 50% of estimate,NA,NA,NA,749,Caregiver count MOE exceeds 50% of estimate,69
1328968,"Fayetteville city, Georgia",19719,586,138,48,0,53,0,37,448,38,239,100,34,23,68,23,62,184,138,0,Pass,586,0,Pass,23.549488054607508,0.7246376811594203,FALSE,TRUE,TRUE,44.054842892157204,38,238,14.105303669484877,34.78260869565217,35.246229825408456,0,16.666666666666664,38.405797101449274,40.66369898502952,0,16.666666666666664,26.811594202898554,40.509374968696974,9.44418438512263,37.654791724092384,36.414446514372024,Percentage MOE exceeds 50% of estimate,0,70.028838521060635,61.606035386782146,Percentage MOE exceeds 50% of estimate,0,16.666666666666664,NA,Unavailable MOE or zero percentage,0,79.0694960864788,64.36990109448732,Percentage MOE exceeds 50% of estimate,0,16.666666666666664,NA,Unavailable MOE or zero percentage,0,67.32096917159552,91.85560202918653,Percentage MOE exceeds 50% of estimate,2024,2020-2024,ACS five-year,13,6.998326487144379,5.0712331451145225,Percentage MOE exceeds 50% of estimate,2142,93.29858293276735,10,32038,Retained,NA,NA,NA,771,Percentage MOE exceeds 50% of estimate,NA,NA,NA,48,Percentage MOE exceeds 50% of estimate,NA,NA,NA,40,Unavailable MOE or zero percentage,NA,NA,NA,154,Percentage MOE exceeds 50% of estimate,NA,NA,NA,114,Unavailable MOE or zero percentage,NA,NA,NA,593,Percentage MOE exceeds 50% of estimate,NA,NA,NA,749,Percentage MOE exceeds 50% of estimate,70
1362524,"Powder Springs city, Georgia",18009,593,135,30,0,12,0,93,458,55,190,101,44,23,21,23,86,190,135,0,Pass,593,0,Pass,22.765598650927487,0.7481481481481481,FALSE,TRUE,TRUE,45.48417779488052,34,236,15.391067918379678,22.22222222222222,28.033361602430872,0,17.037037037037038,8.88888888888889,14.062363669530212,0,17.037037037037038,68.88888888888889,37.441735913368184,7.374530732547809,38.15666656930716,41.101949634062294,Percentage MOE exceeds 50% of estimate,0,50.255583824653094,76.69383168442911,Percentage MOE exceeds 50% of estimate,0,17.037037037037038,NA,Unavailable MOE or zero percentage,0,22.9512525584191,96.17973823933595,Percentage MOE exceeds 50% of estimate,0,17.037037037037038,NA,Unavailable MOE or zero percentage,31.4471529755207,100,33.04300521363161,Percentage MOE exceeds 50% of estimate,2024,2020-2024,ACS five-year,13,7.496251874062969,5.60826022991545,Percentage MOE exceeds 50% of estimate,2177,93.18465572133091,10,32038,Retained,NA,NA,NA,771,Percentage MOE exceeds 50% of estimate,NA,NA,NA,48,Percentage MOE exceeds 50% of estimate,NA,NA,NA,40,Unavailable MOE or zero percentage,NA,NA,NA,154,Percentage MOE exceeds 50% of estimate,NA,NA,NA,114,Unavailable MOE or zero percentage,NA,NA,NA,593,Percentage MOE exceeds 50% of estimate,NA,NA,NA,749,Percentage MOE exceeds 50% of estimate,71
1304896,"Bainbridge city, Georgia",14404,312,134,0,0,33,69,32,178,29,216,123,23,23,56,97,50,147,134,0,Pass,312,0,Pass,42.94871794871795,0.917910447761194,FALSE,TRUE,TRUE,55.804992779960926,11,257,25.88598896246706,0,17.16417910447761,0,17.16417910447761,24.62686567164179,35.14959126474759,51.49253731343284,54.827001620042935,23.88059701492537,30.19594230860797,17.06272898625089,68.83470691118501,36.642685957042126,Percentage MOE exceeds 50% of estimate,0,17.16417910447761,NA,Unavailable MOE or zero percentage,0,17.16417910447761,NA,Unavailable MOE or zero percentage,0,59.77645693638938,86.77285381434787,Percentage MOE exceeds 50% of estimate,0,100,64.73258446219026,Percentage MOE exceeds 50% of estimate,0,54.07653932353334,76.87341070685218,Percentage MOE exceeds 50% of estimate,2024,2020-2024,ACS five-year,13,9.302971396834213,8.539274099373554,Percentage MOE exceeds 50% of estimate,2192,93.14251825956677,10,32038,Retained,NA,NA,NA,771,Percentage MOE exceeds 50% of estimate,NA,NA,NA,48,Unavailable MOE or zero percentage,NA,NA,NA,40,Unavailable MOE or zero percentage,NA,NA,NA,154,Percentage MOE exceeds 50% of estimate,NA,NA,NA,114,Percentage MOE exceeds 50% of estimate,NA,NA,NA,593,Percentage MOE exceeds 50% of estimate,NA,NA,NA,749,Percentage MOE exceeds 50% of estimate,72
1362328,"Port Wentworth city, Georgia",12892,357,128,0,0,0,19,109,229,31,265,144,23,23,23,43,130,188,128,0,Pass,357,0,Pass,35.85434173669468,1.125,TRUE,TRUE,TRUE,68.39514359007406,0,272,30.309545443958203,0,17.96875,0,17.96875,0,17.96875,14.84375,29.149204658140306,85.15625,33.72168023897458,5.544796292736475,66.16388718065288,51.39376246290378,Percentage MOE exceeds 50% of estimate,0,17.96875,NA,Unavailable MOE or zero percentage,0,17.96875,NA,Unavailable MOE or zero percentage,0,17.96875,NA,Unavailable MOE or zero percentage,0,43.992954658140306,119.38666520731466,Percentage MOE exceeds 50% of estimate,51.43456976102542,100,24.074951497780493,Caregiver count MOE exceeds 50% of estimate,2024,2020-2024,ACS five-year,13,9.928637914986037,11.169692139660562,Percentage MOE exceeds 50% of estimate,2286,92.83975279355765,10,32038,Retained,NA,NA,NA,771,Percentage MOE exceeds 50% of estimate,NA,NA,NA,48,Unavailable MOE or zero percentage,NA,NA,NA,40,Unavailable MOE or zero percentage,NA,NA,NA,154,Unavailable MOE or zero percentage,NA,NA,NA,114,Percentage MOE exceeds 50% of estimate,NA,NA,NA,593,Caregiver count MOE exceeds 50% of estimate,NA,NA,NA,749,Percentage MOE exceeds 50% of estimate,73
1367984,"St. Marys city, Georgia",19166,385,127,0,54,25,0,48,258,39,185,108,23,86,38,23,42,126,127,0,Pass,385,0,Pass,32.98701298701299,0.8503937007874016,FALSE,TRUE,TRUE,51.70026602084339,19,235,23.144344544125815,0,18.11023622047244,42.51968503937008,57.25464217653526,19.68503937007874,24.800263499604565,0,18.11023622047244,37.79527559055118,7.787620341791189,9.842668442887174,56.131357531138804,42.65546077561143,Percentage MOE exceeds 50% of estimate,0,18.11023622047244,NA,Unavailable MOE or zero percentage,0,99.77432721590534,81.86408445325593,Percentage MOE exceeds 50% of estimate,0,44.48530286968331,76.59364730920714,Percentage MOE exceeds 50% of estimate,0,18.11023622047244,NA,Unavailable MOE or zero percentage,30.00765524875999,45.58289593234237,12.526795789023579,Caregiver count MOE exceeds 50% of estimate,2024,2020-2024,ACS five-year,13,6.6263174371282485,5.634962475919573,Percentage MOE exceeds 50% of estimate,2304,92.77888757100942,10,32038,Retained,NA,NA,NA,771,Percentage MOE exceeds 50% of estimate,NA,NA,NA,48,Unavailable MOE or zero percentage,NA,NA,NA,40,Percentage MOE exceeds 50% of estimate,NA,NA,NA,154,Percentage MOE exceeds 50% of estimate,NA,NA,NA,114,Unavailable MOE or zero percentage,NA,NA,NA,593,Caregiver count MOE exceeds 50% of estimate,NA,NA,NA,749,Percentage MOE exceeds 50% of estimate,74
1313492,"Carrollton city, Georgia",27392,357,126,0,0,0,31,95,231,60,162,132,27,27,27,36,104,117,126,0,Pass,357,0,Pass,35.294117647058826,1.0476190476190477,TRUE,TRUE,TRUE,63.69071572409013,0,258,33.32609578356954,0,21.428571428571427,0,21.428571428571427,0,21.428571428571427,24.6031746031746,12.3283644092057,75.39682539682539,23.954733623142378,1.9680218634892839,68.62021343062837,57.40567823560682,Percentage MOE exceeds 50% of estimate,0,21.428571428571427,NA,Unavailable MOE or zero percentage,0,21.428571428571427,NA,Unavailable MOE or zero percentage,0,21.428571428571427,NA,Unavailable MOE or zero percentage,12.274810193968902,36.9315390123803,30.464009176715752,Percentage MOE exceeds 50% of estimate,51.44209177368302,99.35155901996777,19.31572567699804,Caregiver count MOE exceeds 50% of estimate,2024,2020-2024,ACS five-year,13,4.599883177570093,4.818914700236779,Percentage MOE exceeds 50% of estimate,2325,92.70709782133716,10,32038,Retained,NA,NA,NA,771,Percentage MOE exceeds 50% of estimate,NA,NA,NA,48,Unavailable MOE or zero percentage,NA,NA,NA,40,Unavailable MOE or zero percentage,NA,NA,NA,154,Unavailable MOE or zero percentage,NA,NA,NA,114,Percentage MOE exceeds 50% of estimate,NA,NA,NA,593,Caregiver count MOE exceeds 50% of estimate,NA,NA,NA,749,Percentage MOE exceeds 50% of estimate,75
1336276,"Hampton city, Georgia",8687,286,126,0,0,56,0,70,160,29,163,89,20,20,80,20,54,106,126,0,Pass,286,0,Pass,44.05594405594406,0.7063492063492064,FALSE,TRUE,TRUE,42.94298257154561,37,215,18.382942072357018,0,15.873015873015872,0,15.873015873015872,44.44444444444444,55.18788783237167,0,15.873015873015872,55.55555555555556,17.228747823398592,25.673001983587042,62.43888612830108,25.367825983562984,Caregiver count MOE exceeds 50% of estimate,0,15.873015873015872,NA,Unavailable MOE or zero percentage,0,15.873015873015872,NA,Unavailable MOE or zero percentage,0,99.63233227681611,75.49167025455924,Percentage MOE exceeds 50% of estimate,0,15.873015873015872,NA,Unavailable MOE or zero percentage,38.326807732156965,72.78430337895415,18.853802900136362,Caregiver count MOE exceeds 50% of estimate,2024,2020-2024,ACS five-year,13,14.504431909750203,10.245079545863849,Caregiver count MOE exceeds 50% of estimate,2325,92.70709782133716,10,32038,Retained,NA,NA,NA,771,Caregiver count MOE exceeds 50% of estimate,NA,NA,NA,48,Unavailable MOE or zero percentage,NA,NA,NA,40,Unavailable MOE or zero percentage,NA,NA,NA,154,Percentage MOE exceeds 50% of estimate,NA,NA,NA,114,Unavailable MOE or zero percentage,NA,NA,NA,593,Caregiver count MOE exceeds 50% of estimate,NA,NA,NA,749,Caregiver count MOE exceeds 50% of estimate,75
1359724,"Peachtree City city, Georgia",39576,622,126,20,34,0,62,10,496,42,237,114,32,53,30,59,17,203,126,0,Pass,622,0,Pass,20.257234726688104,0.9047619047619048,FALSE,TRUE,TRUE,55.005618125350566,12,240,16.623416271532022,15.873015873015872,20.94640304147266,26.984126984126984,34.25322916714731,0,23.809523809523807,49.2063492063492,14.511536644734663,7.936507936507936,11.422523465006208,3.6338184551560815,36.880650998220126,49.889926381099244,Percentage MOE exceeds 50% of estimate,0,36.81941891448853,80.22740564815686,Percentage MOE exceeds 50% of estimate,0,61.2373561512743,77.17309031141303,Percentage MOE exceeds 50% of estimate,0,23.809523809523807,NA,Unavailable MOE or zero percentage,34.69481256161454,63.717885851083864,17.92936884568966,Caregiver count MOE exceeds 50% of estimate,0,19.359031401514144,87.49945484561006,Percentage MOE exceeds 50% of estimate,2024,2020-2024,ACS five-year,13,3.1837477258944813,2.8805316751923,Percentage MOE exceeds 50% of estimate,2325,92.70709782133716,10,32038,Retained,NA,NA,NA,771,Percentage MOE exceeds 50% of estimate,NA,NA,NA,48,Percentage MOE exceeds 50% of estimate,NA,NA,NA,40,Percentage MOE exceeds 50% of estimate,NA,NA,NA,154,Unavailable MOE or zero percentage,NA,NA,NA,114,Caregiver count MOE exceeds 50% of estimate,NA,NA,NA,593,Percentage MOE exceeds 50% of estimate,NA,NA,NA,749,Percentage MOE exceeds 50% of estimate,75
1328632,"Fairview CDP, Georgia",5302,204,124,0,20,27,0,77,80,812,140,112,20,32,39,20,104,85,124,0,Pass,204,0,Pass,60.78431372549019,0.9032258064516129,FALSE,TRUE,TRUE,54.91222997912755,12,236,35.69463555376103,0,16.129032258064516,16.129032258064516,21.301213872089882,21.774193548387096,24.544093650418723,0,16.129032258064516,62.096774193548384,62.35817338052112,25.08967817172916,96.47894927925122,35.70131209429026,Percentage MOE exceeds 50% of estimate,0,16.129032258064516,NA,Unavailable MOE or zero percentage,0,37.4302461301544,80.29135470961494,Percentage MOE exceeds 50% of estimate,0,46.31828719880582,68.52951584496068,Percentage MOE exceeds 50% of estimate,0,16.129032258064516,NA,Unavailable MOE or zero percentage,0,100,61.05160537657247,Percentage MOE exceeds 50% of estimate,2024,2020-2024,ACS five-year,13,23.387400980761978,20.818229135386336,Percentage MOE exceeds 50% of estimate,2377,92.55883638179661,10,32038,Retained,NA,NA,NA,771,Percentage MOE exceeds 50% of estimate,NA,NA,NA,48,Unavailable MOE or zero percentage,NA,NA,NA,40,Percentage MOE exceeds 50% of estimate,NA,NA,NA,154,Percentage MOE exceeds 50% of estimate,NA,NA,NA,114,Unavailable MOE or zero percentage,NA,NA,NA,593,Percentage MOE exceeds 50% of estimate,NA,NA,NA,749,Percentage MOE exceeds 50% of estimate,78
1376476,"Tifton city, Georgia",17210,207,122,19,41,0,0,62,85,27,118,94,26,47,23,23,79,77,122,0,Pass,207,0,Pass,58.93719806763285,0.7704918032786885,FALSE,TRUE,TRUE,46.84257557352977,28,216,30.550996076588977,15.573770491803279,17.61226514714338,33.60655737704918,28.52484386777222,0,18.852459016393443,0,18.852459016393443,50.81967213114754,51.57412035508724,28.386201991043873,89.48819414422182,31.51437020327614,Percentage MOE exceeds 50% of estimate,0,33.186035638946656,68.75340128636726,Percentage MOE exceeds 50% of estimate,5.081713509276959,62.1314012448214,51.60264859640723,Percentage MOE exceeds 50% of estimate,0,18.852459016393443,NA,Unavailable MOE or zero percentage,0,18.852459016393443,NA,Unavailable MOE or zero percentage,0,100,61.69823122589108,Percentage MOE exceeds 50% of estimate,2024,2020-2024,ACS five-year,13,7.088901801278326,5.4619294095060305,Percentage MOE exceeds 50% of estimate,2415,92.43086334977214,10,32038,Retained,NA,NA,NA,771,Percentage MOE exceeds 50% of estimate,NA,NA,NA,48,Percentage MOE exceeds 50% of estimate,NA,NA,NA,40,Percentage MOE exceeds 50% of estimate,NA,NA,NA,154,Unavailable MOE or zero percentage,NA,NA,NA,114,Unavailable MOE or zero percentage,NA,NA,NA,593,Percentage MOE exceeds 50% of estimate,NA,NA,NA,749,Percentage MOE exceeds 50% of estimate,79
1360340,"Perry city, Georgia",23001,306,120,105,8,7,0,0,186,58,163,124,122,12,11,27,27,101,120,0,Pass,306,0,Pass,39.21568627450981,1.0333333333333334,TRUE,TRUE,TRUE,62.822205964216174,0,244,34.72371479176653,87.5,46.48588495446763,6.666666666666667,7.248669524577818,5.833333333333333,6.906060587593058,0,22.5,0,22.5,4.491971482743274,73.93940106627633,53.83182507437607,Percentage MOE exceeds 50% of estimate,41.01411504553237,100,32.29875582346643,Percentage MOE exceeds 50% of estimate,0,13.915336191244485,66.10317239606583,Percentage MOE exceeds 50% of estimate,0,12.739393920926391,71.97577227126528,Percentage MOE exceeds 50% of estimate,0,22.5,NA,Unavailable MOE or zero percentage,0,22.5,NA,Unavailable MOE or zero percentage,2024,2020-2024,ACS five-year,13,5.217164471109952,5.391053901549032,Percentage MOE exceeds 50% of estimate,2455,92.29508708408764,10,32038,Retained,NA,NA,NA,771,Percentage MOE exceeds 50% of estimate,NA,NA,NA,48,Percentage MOE exceeds 50% of estimate,NA,NA,NA,40,Percentage MOE exceeds 50% of estimate,NA,NA,NA,154,Percentage MOE exceeds 50% of estimate,NA,NA,NA,114,Unavailable MOE or zero percentage,NA,NA,NA,593,Unavailable MOE or zero percentage,NA,NA,NA,749,Percentage MOE exceeds 50% of estimate,80
1365464,"Riverdale city, Georgia",14792,576,120,0,0,63,0,57,456,24,255,117,23,23,96,23,71,235,120,0,Pass,576,0,Pass,20.833333333333336,0.975,FALSE,TRUE,TRUE,59.27579111139752,3,237,18.0978524134208,0,19.166666666666668,0,19.166666666666668,52.5,61.48040211116059,0,19.166666666666668,47.5,36.82182488951959,2.7354809199125363,38.93118574675414,52.81302248481637,Percentage MOE exceeds 50% of estimate,0,19.166666666666668,NA,Unavailable MOE or zero percentage,0,19.166666666666668,NA,Unavailable MOE or zero percentage,0,100,71.19510569935781,Percentage MOE exceeds 50% of estimate,0,19.166666666666668,NA,Unavailable MOE or zero percentage,10.67817511048041,84.32182488951959,47.12858948429951,Percentage MOE exceeds 50% of estimate,2024,2020-2024,ACS five-year,13,8.112493239588966,7.909669956718039,Percentage MOE exceeds 50% of estimate,2455,92.29508708408764,10,32038,Retained,NA,NA,NA,771,Percentage MOE exceeds 50% of estimate,NA,NA,NA,48,Unavailable MOE or zero percentage,NA,NA,NA,40,Unavailable MOE or zero percentage,NA,NA,NA,154,Percentage MOE exceeds 50% of estimate,NA,NA,NA,114,Unavailable MOE or zero percentage,NA,NA,NA,593,Percentage MOE exceeds 50% of estimate,NA,NA,NA,749,Percentage MOE exceeds 50% of estimate,80
1380256,"Walthourville city, Georgia",3823,120,120,0,0,0,89,31,0,16,127,127,14,14,14,112,54,14,120,0,Pass,120,0,Pass,100,1.0583333333333333,TRUE,TRUE,TRUE,64.34209804399559,0,247,149.67093535115256,0,11.666666666666666,0,11.666666666666666,0,11.666666666666666,74.16666666666667,50.497042890287936,25.833333333333336,35.74226085509912,0,100,90.99346768535796,Percentage MOE exceeds 50% of estimate,0,11.666666666666666,NA,Unavailable MOE or zero percentage,0,11.666666666666666,NA,Unavailable MOE or zero percentage,0,11.666666666666666,NA,Unavailable MOE or zero percentage,23.669623776378735,100,41.39328838178723,Percentage MOE exceeds 50% of estimate,0,61.575594188432454,84.1151677735359,Percentage MOE exceeds 50% of estimate,2024,2020-2024,ACS five-year,13,31.388961548522104,33.219724554329964,Percentage MOE exceeds 50% of estimate,2455,92.29508708408764,10,32038,Retained,NA,NA,NA,771,Percentage MOE exceeds 50% of estimate,NA,NA,NA,48,Unavailable MOE or zero percentage,NA,NA,NA,40,Unavailable MOE or zero percentage,NA,NA,NA,154,Unavailable MOE or zero percentage,NA,NA,NA,114,Percentage MOE exceeds 50% of estimate,NA,NA,NA,593,Percentage MOE exceeds 50% of estimate,NA,NA,NA,749,Percentage MOE exceeds 50% of estimate,80
1316544,"Clarkston city, Georgia",14557,293,118,29,27,27,13,22,175,25,143,84,47,39,43,23,31,123,118,0,Pass,293,0,Pass,40.27303754266212,0.711864406779661,FALSE,TRUE,TRUE,43.278282949651384,34,202,20.870358225106663,24.576271186440678,35.782612191606816,22.88135593220339,28.75840395733708,22.88135593220339,32.597703770897326,11.016949152542372,17.844147410900536,18.64406779661017,22.672184983635177,19.402679317555453,61.14339576776878,31.505636628373548,Percentage MOE exceeds 50% of estimate,0,60.358883378047494,88.5174295990805,Percentage MOE exceeds 50% of estimate,0,51.63975988954047,76.41097936916674,Percentage MOE exceeds 50% of estimate,0,55.47905970310072,86.61198563089121,Percentage MOE exceeds 50% of estimate,0,28.861096563442906,98.47073974734829,Percentage MOE exceeds 50% of estimate,0,41.31625278024535,73.9308068686307,Percentage MOE exceeds 50% of estimate,2024,2020-2024,ACS five-year,13,8.106065810263104,5.770402936670509,Percentage MOE exceeds 50% of estimate,2494,92.17959922591922,10,32038,Retained,NA,NA,NA,771,Percentage MOE exceeds 50% of estimate,NA,NA,NA,48,Percentage MOE exceeds 50% of estimate,NA,NA,NA,40,Percentage MOE exceeds 50% of estimate,NA,NA,NA,154,Percentage MOE exceeds 50% of estimate,NA,NA,NA,114,Percentage MOE exceeds 50% of estimate,NA,NA,NA,593,Percentage MOE exceeds 50% of estimate,NA,NA,NA,749,Percentage MOE exceeds 50% of estimate,83
1347616,"Lovejoy city, Georgia",11508,299,116,0,20,37,24,35,183,25,130,87,23,24,52,36,57,94,116,0,Pass,299,0,Pass,38.79598662207358,0.75,FALSE,TRUE,TRUE,45.596762393382704,29,203,23.708889987450764,0,19.82758620689655,17.24137931034483,16.15085689240965,31.896551724137932,37.91082435727658,20.689655172413794,26.87665046227568,30.17241379310345,43.617090453938616,15.087096634622814,62.504876609524345,37.15328027439359,Percentage MOE exceeds 50% of estimate,0,19.82758620689655,NA,Unavailable MOE or zero percentage,1.0905224179351798,33.392236202754475,56.95033797602446,Percentage MOE exceeds 50% of estimate,0,69.80737608141452,72.25904815902582,Percentage MOE exceeds 50% of estimate,0,47.56630563468947,78.97590912598471,Percentage MOE exceeds 50% of estimate,0,73.78950424704206,87.88593551519799,Percentage MOE exceeds 50% of estimate,2024,2020-2024,ACS five-year,13,10.079944386513729,7.559926576098751,Percentage MOE exceeds 50% of estimate,2535,92.0641113677508,10,32038,Retained,NA,NA,NA,771,Percentage MOE exceeds 50% of estimate,NA,NA,NA,48,Unavailable MOE or zero percentage,NA,NA,NA,40,Percentage MOE exceeds 50% of estimate,NA,NA,NA,154,Percentage MOE exceeds 50% of estimate,NA,NA,NA,114,Percentage MOE exceeds 50% of estimate,NA,NA,NA,593,Percentage MOE exceeds 50% of estimate,NA,NA,NA,749,Percentage MOE exceeds 50% of estimate,84
1323900,"Douglasville city, Georgia",37536,966,113,64,19,0,9,21,853,78,304,88,64,30,30,20,31,284,113,0,Pass,966,0,Pass,11.697722567287784,0.7787610619469026,FALSE,TRUE,TRUE,47.34531080374841,25,201,8.33279310436266,56.63716814159292,35.52966560578358,16.8141592920354,23.094882827941216,0,26.548672566371685,7.964601769911504,16.57671250609151,18.58407079646018,23.305562398383415,3.364929462925124,20.03051567165044,43.30739139660713,Percentage MOE exceeds 50% of estimate,21.107502535809346,92.1668337473765,38.138388004455805,Percentage MOE exceeds 50% of estimate,0,39.90904211997662,83.50516700587892,Percentage MOE exceeds 50% of estimate,0,26.548672566371685,NA,Unavailable MOE or zero percentage,0,24.541314276003014,126.53395499054034,Percentage MOE exceeds 50% of estimate,0,41.8896331948436,76.24150831550885,Percentage MOE exceeds 50% of estimate,2024,2020-2024,ACS five-year,13,3.010443307757886,2.3444076810528274,Percentage MOE exceeds 50% of estimate,2581,91.90648604781822,10,32038,Retained,NA,NA,NA,771,Percentage MOE exceeds 50% of estimate,NA,NA,NA,48,Percentage MOE exceeds 50% of estimate,NA,NA,NA,40,Percentage MOE exceeds 50% of estimate,NA,NA,NA,154,Unavailable MOE or zero percentage,NA,NA,NA,114,Percentage MOE exceeds 50% of estimate,NA,NA,NA,593,Percentage MOE exceeds 50% of estimate,NA,NA,NA,749,Percentage MOE exceeds 50% of estimate,85
1352304,"Montezuma city, Georgia",2966,208,113,0,0,0,31,82,95,15,100,84,14,14,14,48,71,67,113,0,Pass,208,0,Pass,54.32692307692307,0.7433628318584071,FALSE,TRUE,TRUE,45.19325122175985,29,197,30.801460842947904,0,12.389380530973451,0,12.389380530973451,0,12.389380530973451,27.43362831858407,37.26244509312868,72.56637168141593,32.21769226289315,23.52546223397517,85.12838391987097,34.469021052082034,Percentage MOE exceeds 50% of estimate,0,12.389380530973451,NA,Unavailable MOE or zero percentage,0,12.389380530973451,NA,Unavailable MOE or zero percentage,0,12.389380530973451,NA,Unavailable MOE or zero percentage,0,64.69607341171275,82.57733102244643,Percentage MOE exceeds 50% of estimate,40.34867941852278,100,26.99179477464907,Caregiver count MOE exceeds 50% of estimate,2024,2020-2024,ACS five-year,13,38.09844908968307,28.32031558167313,Percentage MOE exceeds 50% of estimate,2581,91.90648604781822,10,32038,Retained,NA,NA,NA,771,Percentage MOE exceeds 50% of estimate,NA,NA,NA,48,Unavailable MOE or zero percentage,NA,NA,NA,40,Unavailable MOE or zero percentage,NA,NA,NA,154,Unavailable MOE or zero percentage,NA,NA,NA,114,Percentage MOE exceeds 50% of estimate,NA,NA,NA,593,Caregiver count MOE exceeds 50% of estimate,NA,NA,NA,749,Percentage MOE exceeds 50% of estimate,85
1323200,"Dock Junction CDP, Georgia",8147,142,112,0,0,6,71,35,30,1302,104,89,20,20,24,72,57,44,112,0,Pass,142,0,Pass,78.87323943661971,0.7946428571428571,FALSE,TRUE,TRUE,48.31085539298881,23,201,24.317498842373023,0,17.857142857142858,0,17.857142857142858,5.357142857142857,21.00146409545837,63.39285714285714,39.93800900190285,31.25,44.423253117374166,54.555740594246686,100,18.743986758788086,Caregiver count MOE exceeds 50% of estimate,0,17.857142857142858,NA,Unavailable MOE or zero percentage,0,17.857142857142858,NA,Unavailable MOE or zero percentage,0,26.358606952601228,238.33569343702803,Percentage MOE exceeds 50% of estimate,23.45484814095429,100,38.30176855878853,Percentage MOE exceeds 50% of estimate,0,75.67325311737417,86.42374473105097,Percentage MOE exceeds 50% of estimate,2024,2020-2024,ACS five-year,13,13.747391677918252,10.701061330011122,Caregiver count MOE exceeds 50% of estimate,2607,91.83001435794993,10,32038,Retained,NA,NA,NA,771,Caregiver count MOE exceeds 50% of estimate,NA,NA,NA,48,Unavailable MOE or zero percentage,NA,NA,NA,40,Unavailable MOE or zero percentage,NA,NA,NA,154,Percentage MOE exceeds 50% of estimate,NA,NA,NA,114,Percentage MOE exceeds 50% of estimate,NA,NA,NA,593,Percentage MOE exceeds 50% of estimate,NA,NA,NA,749,Caregiver count MOE exceeds 50% of estimate,87
1312988,"Canton city, Georgia",35741,546,111,33,0,21,0,57,435,42,260,93,51,30,28,30,71,222,111,0,Pass,546,0,Pass,20.32967032967033,0.8378378378378378,FALSE,TRUE,TRUE,50.93692375476987,18,204,14.014427082999795,29.72972972972973,38.60812075186894,0,27.027027027027028,18.91891891891892,19.622900566610337,0,27.027027027027028,51.35135135135135,47.331966564936685,6.3152432466705335,34.34409741267012,41.91000912594345,Percentage MOE exceeds 50% of estimate,0,68.33785048159866,78.95151079998284,Percentage MOE exceeds 50% of estimate,0,27.027027027027028,NA,Unavailable MOE or zero percentage,0,38.54181948552926,63.05791843880788,Percentage MOE exceeds 50% of estimate,0,27.027027027027028,NA,Unavailable MOE or zero percentage,4.019384786414662,98.68331791628803,56.03706949031527,Percentage MOE exceeds 50% of estimate,2024,2020-2024,ACS five-year,13,3.1056769536386786,2.602051104497482,Percentage MOE exceeds 50% of estimate,2630,91.75042137461764,10,32038,Retained,NA,NA,NA,771,Percentage MOE exceeds 50% of estimate,NA,NA,NA,48,Percentage MOE exceeds 50% of estimate,NA,NA,NA,40,Unavailable MOE or zero percentage,NA,NA,NA,154,Percentage MOE exceeds 50% of estimate,NA,NA,NA,114,Unavailable MOE or zero percentage,NA,NA,NA,593,Percentage MOE exceeds 50% of estimate,NA,NA,NA,749,Percentage MOE exceeds 50% of estimate,88
1368516,"Sandy Springs city, Georgia",107087,535,111,20,14,5,5,67,424,50,210,92,35,31,12,8,71,181,111,0,Pass,535,0,Pass,20.747663551401867,0.8288288288288288,FALSE,TRUE,TRUE,50.3892148971917,19,203,15.145547633013734,18.01801801801802,27.770803411450594,12.612612612612612,25.897671297441715,4.504504504504505,10.145682972291008,4.504504504504505,6.164826705975709,60.36036036036037,39.85658290071394,5.602115918388133,35.893211184415605,44.380125664384394,Percentage MOE exceeds 50% of estimate,0,45.78882142946861,93.70314562226883,Percentage MOE exceeds 50% of estimate,0,38.510283910054326,124.83271055308842,Percentage MOE exceeds 50% of estimate,0,14.650187476795512,136.932647558618,Percentage MOE exceeds 50% of estimate,0,10.669331210480212,83.20445699859135,Percentage MOE exceeds 50% of estimate,20.50377745964643,100,40.14403115966118,Percentage MOE exceeds 50% of estimate,2024,2020-2024,ACS five-year,13,1.0365403830530315,0.8591144154001497,Percentage MOE exceeds 50% of estimate,2630,91.75042137461764,10,32038,Retained,NA,NA,NA,771,Percentage MOE exceeds 50% of estimate,NA,NA,NA,48,Percentage MOE exceeds 50% of estimate,NA,NA,NA,40,Percentage MOE exceeds 50% of estimate,NA,NA,NA,154,Percentage MOE exceeds 50% of estimate,NA,NA,NA,114,Percentage MOE exceeds 50% of estimate,NA,NA,NA,593,Percentage MOE exceeds 50% of estimate,NA,NA,NA,749,Percentage MOE exceeds 50% of estimate,88
1376224,"Thomasville city, Georgia",18666,702,110,0,0,0,79,31,592,33,241,75,23,23,23,69,33,249,110,0,Pass,702,0,Pass,15.669515669515668,0.6818181818181818,FALSE,TRUE,TRUE,41.45160217580245,35,185,9.23063248775117,0,20.909090909090907,0,20.909090909090907,0,20.909090909090907,71.81818181818181,39.20394521475628,28.18181818181818,23.038848474570493,6.438883181764499,24.900148157266838,35.81365373476481,Percentage MOE exceeds 50% of estimate,0,20.909090909090907,NA,Unavailable MOE or zero percentage,0,20.909090909090907,NA,Unavailable MOE or zero percentage,0,20.909090909090907,NA,Unavailable MOE or zero percentage,32.61423660342553,100,33.18700881560301,Percentage MOE exceeds 50% of estimate,5.142969707247687,51.22066665638867,49.70092858853128,Percentage MOE exceeds 50% of estimate,2024,2020-2024,ACS five-year,13,5.893067609557485,4.0179871355679495,Percentage MOE exceeds 50% of estimate,2658,91.68019227167738,10,32038,Retained,NA,NA,NA,771,Percentage MOE exceeds 50% of estimate,NA,NA,NA,48,Unavailable MOE or zero percentage,NA,NA,NA,40,Unavailable MOE or zero percentage,NA,NA,NA,154,Unavailable MOE or zero percentage,NA,NA,NA,114,Percentage MOE exceeds 50% of estimate,NA,NA,NA,593,Percentage MOE exceeds 50% of estimate,NA,NA,NA,749,Percentage MOE exceeds 50% of estimate,90
1333336,"Glennville city, Georgia",5179,126,107,0,0,0,0,107,19,20,110,103,20,20,20,20,103,21,107,0,Pass,126,0,Pass,84.92063492063492,0.9626168224299065,FALSE,TRUE,TRUE,58.52294737094603,4,210,34.439943521836064,0,18.69158878504673,0,18.69158878504673,0,18.69158878504673,0,18.69158878504673,100,136.13457656488671,50.48069139879886,100,24.655961385974024,Caregiver count MOE exceeds 50% of estimate,0,18.69158878504673,NA,Unavailable MOE or zero percentage,0,18.69158878504673,NA,Unavailable MOE or zero percentage,0,18.69158878504673,NA,Unavailable MOE or zero percentage,0,18.69158878504673,NA,Unavailable MOE or zero percentage,0,100,82.76394588203873,Percentage MOE exceeds 50% of estimate,2024,2020-2024,ACS five-year,13,20.66035914269164,19.887849229746962,Caregiver count MOE exceeds 50% of estimate,2718,91.48823272364068,10,32038,Retained,NA,NA,NA,771,Caregiver count MOE exceeds 50% of estimate,NA,NA,NA,48,Unavailable MOE or zero percentage,NA,NA,NA,40,Unavailable MOE or zero percentage,NA,NA,NA,154,Unavailable MOE or zero percentage,NA,NA,NA,114,Unavailable MOE or zero percentage,NA,NA,NA,593,Percentage MOE exceeds 50% of estimate,NA,NA,NA,749,Caregiver count MOE exceeds 50% of estimate,91
1362104,"Pooler city, Georgia",28466,258,107,0,0,27,69,11,151,56,182,99,27,27,41,88,18,156,107,0,Pass,258,0,Pass,41.47286821705426,0.9252336448598131,FALSE,TRUE,TRUE,56.25021155071511,8,206,24.829434314872017,0,25.233644859813083,0,25.233644859813083,25.233644859813083,30.383668142199642,64.48598130841121,56.60428495149633,10.2803738317757,13.875186581947618,16.643433902182245,66.30230253192627,36.39783037244476,Percentage MOE exceeds 50% of estimate,0,25.233644859813083,NA,Unavailable MOE or zero percentage,0,25.233644859813083,NA,Unavailable MOE or zero percentage,0,55.61731300201272,73.2036878865984,Percentage MOE exceeds 50% of estimate,7.88169635691488,100,53.36502764400687,Percentage MOE exceeds 50% of estimate,0,24.155560413723318,82.05454990821598,Percentage MOE exceeds 50% of estimate,2024,2020-2024,ACS five-year,13,3.7588702311529545,3.4778253431304798,Percentage MOE exceeds 50% of estimate,2718,91.48823272364068,10,32038,Retained,NA,NA,NA,771,Percentage MOE exceeds 50% of estimate,NA,NA,NA,48,Unavailable MOE or zero percentage,NA,NA,NA,40,Unavailable MOE or zero percentage,NA,NA,NA,154,Percentage MOE exceeds 50% of estimate,NA,NA,NA,114,Percentage MOE exceeds 50% of estimate,NA,NA,NA,593,Percentage MOE exceeds 50% of estimate,NA,NA,NA,749,Percentage MOE exceeds 50% of estimate,91
1321184,"Dacula city, Georgia",7444,333,106,0,72,0,0,34,227,40,237,126,20,113,20,20,55,228,106,0,Pass,333,0,Pass,31.83183183183183,1.1886792452830188,TRUE,TRUE,TRUE,72.26656681215371,0,232,30.305923211573848,0,18.867924528301888,67.9245283018868,69.60847585031003,0,18.867924528301888,0,18.867924528301888,32.075471698113205,35.19285408892481,1.525908620257983,62.137755043405676,57.88134707800605,Percentage MOE exceeds 50% of estimate,0,18.867924528301888,NA,Unavailable MOE or zero percentage,0,100,62.30289633234872,Percentage MOE exceeds 50% of estimate,0,18.867924528301888,NA,Unavailable MOE or zero percentage,0,18.867924528301888,NA,Unavailable MOE or zero percentage,0,67.26832578703801,66.70435365442953,Percentage MOE exceeds 50% of estimate,2024,2020-2024,ACS five-year,13,14.239656098871574,16.926210717192735,Percentage MOE exceeds 50% of estimate,2738,91.4133216805044,10,32038,Retained,NA,NA,NA,771,Percentage MOE exceeds 50% of estimate,NA,NA,NA,48,Unavailable MOE or zero percentage,NA,NA,NA,40,Percentage MOE exceeds 50% of estimate,NA,NA,NA,154,Unavailable MOE or zero percentage,NA,NA,NA,114,Unavailable MOE or zero percentage,NA,NA,NA,593,Percentage MOE exceeds 50% of estimate,NA,NA,NA,749,Percentage MOE exceeds 50% of estimate,93
1341988,"Jefferson city, Georgia",14990,220,106,0,0,0,69,37,114,29,106,74,23,23,23,74,34,80,106,0,Pass,220,0,Pass,48.18181818181818,0.6981132075471698,FALSE,TRUE,TRUE,42.44226939761408,32,180,24.340798866254207,0,21.69811320754717,0,21.69811320754717,0,21.69811320754717,65.09433962264151,52.99560757911623,34.90566037735849,20.857407889316658,23.841019315563972,72.52261704807239,30.713151814004615,Percentage MOE exceeds 50% of estimate,0,21.69811320754717,NA,Unavailable MOE or zero percentage,0,21.69811320754717,NA,Unavailable MOE or zero percentage,0,21.69811320754717,NA,Unavailable MOE or zero percentage,12.098732043525281,100,49.49591911649448,Percentage MOE exceeds 50% of estimate,14.048252488041829,55.76306826667515,36.32764280977657,Percentage MOE exceeds 50% of estimate,2024,2020-2024,ACS five-year,13,7.071380920613743,4.936605460485011,Percentage MOE exceeds 50% of estimate,2738,91.4133216805044,10,32038,Retained,NA,NA,NA,771,Percentage MOE exceeds 50% of estimate,NA,NA,NA,48,Unavailable MOE or zero percentage,NA,NA,NA,40,Unavailable MOE or zero percentage,NA,NA,NA,154,Unavailable MOE or zero percentage,NA,NA,NA,114,Percentage MOE exceeds 50% of estimate,NA,NA,NA,593,Percentage MOE exceeds 50% of estimate,NA,NA,NA,749,Percentage MOE exceeds 50% of estimate,93
1330536,"Forest Park city, Georgia",19504,363,105,0,0,27,45,33,258,57,148,88,23,23,45,47,50,126,105,0,Pass,363,0,Pass,28.92561983471074,0.8380952380952381,FALSE,TRUE,TRUE,50.9525725792721,17,193,21.180454657467003,0,21.904761904761905,0,21.904761904761905,25.71428571428571,37.04440866371714,42.857142857142854,26.71140215421487,31.428571428571427,39.670781801972026,7.745165177243738,50.10607449217774,44.51694444435849,Percentage MOE exceeds 50% of estimate,0,21.904761904761905,NA,Unavailable MOE or zero percentage,0,21.904761904761905,NA,Unavailable MOE or zero percentage,0,62.75869437800286,87.58322739926037,Percentage MOE exceeds 50% of estimate,16.145740702927984,69.56854501135773,37.891885335727935,Percentage MOE exceeds 50% of estimate,0,71.09935323054346,76.73948171205906,Percentage MOE exceeds 50% of estimate,2024,2020-2024,ACS five-year,13,5.383511074651353,4.511867564629401,Percentage MOE exceeds 50% of estimate,2766,91.3337286971721,10,32038,Retained,NA,NA,NA,771,Percentage MOE exceeds 50% of estimate,NA,NA,NA,48,Unavailable MOE or zero percentage,NA,NA,NA,40,Unavailable MOE or zero percentage,NA,NA,NA,154,Percentage MOE exceeds 50% of estimate,NA,NA,NA,114,Percentage MOE exceeds 50% of estimate,NA,NA,NA,593,Percentage MOE exceeds 50% of estimate,NA,NA,NA,749,Percentage MOE exceeds 50% of estimate,95
1374376,"Summerville city, Georgia",4408,225,103,26,0,39,14,24,122,25,122,73,43,14,48,22,39,107,103,0,Pass,225,0,Pass,45.77777777777778,0.7087378640776699,FALSE,TRUE,TRUE,43.08820265005744,30,176,20.89315138485404,25.24271844660194,37.71990066864367,0,13.592233009708737,37.86407766990291,38.099683505092855,13.592233009708737,19.06345638768637,23.300970873786408,34.07296469401951,24.88462639292374,66.67092916263182,27.747380369247505,Caregiver count MOE exceeds 50% of estimate,0,62.96261911524561,90.84628249942804,Percentage MOE exceeds 50% of estimate,0,13.592233009708737,NA,Unavailable MOE or zero percentage,0,75.96376117499577,61.17397888978275,Percentage MOE exceeds 50% of estimate,0,32.65568939739511,85.2675093376312,Percentage MOE exceeds 50% of estimate,0,57.373935567805916,88.90141008039251,Percentage MOE exceeds 50% of estimate,2024,2020-2024,ACS five-year,13,23.36660617059891,16.560268294273946,Caregiver count MOE exceeds 50% of estimate,2826,91.14801173606342,10,32038,Retained,NA,NA,NA,771,Caregiver count MOE exceeds 50% of estimate,NA,NA,NA,48,Percentage MOE exceeds 50% of estimate,NA,NA,NA,40,Unavailable MOE or zero percentage,NA,NA,NA,154,Percentage MOE exceeds 50% of estimate,NA,NA,NA,114,Percentage MOE exceeds 50% of estimate,NA,NA,NA,593,Percentage MOE exceeds 50% of estimate,NA,NA,NA,749,Caregiver count MOE exceeds 50% of estimate,96
1332482,"Georgetown CDP, Georgia",11158,219,102,0,0,0,102,0,117,1090,186,130,23,23,23,130,23,118,102,0,Pass,219,0,Pass,46.57534246575342,1.2745098039215685,TRUE,TRUE,TRUE,77.48469426326471,0,232,44.259789851195585,0,22.54901960784314,0,22.54901960784314,0,22.54901960784314,100,180.24290500833564,0,22.54901960784314,2.315552614557838,90.835132316949,57.77314818199968,Percentage MOE exceeds 50% of estimate,0,22.54901960784314,NA,Unavailable MOE or zero percentage,0,22.54901960784314,NA,Unavailable MOE or zero percentage,0,22.54901960784314,NA,Unavailable MOE or zero percentage,0,100,109.57990550344172,Percentage MOE exceeds 50% of estimate,0,22.54901960784314,NA,Unavailable MOE or zero percentage,2024,2020-2024,ACS five-year,13,9.141423194120812,11.616559846740165,Percentage MOE exceeds 50% of estimate,2848,91.07154004619514,10,32038,Retained,NA,NA,NA,771,Percentage MOE exceeds 50% of estimate,NA,NA,NA,48,Unavailable MOE or zero percentage,NA,NA,NA,40,Unavailable MOE or zero percentage,NA,NA,NA,154,Unavailable MOE or zero percentage,NA,NA,NA,114,Percentage MOE exceeds 50% of estimate,NA,NA,NA,593,Unavailable MOE or zero percentage,NA,NA,NA,749,Percentage MOE exceeds 50% of estimate,97
1369392,"Scottdale CDP, Georgia",10542,439,101,20,70,0,0,11,338,1543,256,91,33,82,23,23,19,245,101,0,Pass,439,0,Pass,23.006833712984054,0.900990099009901,FALSE,TRUE,TRUE,54.776308617793084,10,192,15.8016388694405,19.801980198019802,27.372016156974055,69.3069306930693,51.88593549515763,0,22.772277227722775,0,22.772277227722775,10.891089108910892,16.049814554090204,7.205194843543554,38.80847258242456,41.75591663731333,Percentage MOE exceeds 50% of estimate,0,47.17399635499386,84.03707134045014,Percentage MOE exceeds 50% of estimate,17.420995197911672,100,45.51407579151228,Percentage MOE exceeds 50% of estimate,0,22.772277227722775,NA,Unavailable MOE or zero percentage,0,22.772277227722775,NA,Unavailable MOE or zero percentage,0,26.940903663001095,89.59245775606227,Percentage MOE exceeds 50% of estimate,2024,2020-2024,ACS five-year,13,9.58072472016695,8.517473805960556,Percentage MOE exceeds 50% of estimate,2875,90.99506835632687,10,32038,Retained,NA,NA,NA,771,Percentage MOE exceeds 50% of estimate,NA,NA,NA,48,Percentage MOE exceeds 50% of estimate,NA,NA,NA,40,Percentage MOE exceeds 50% of estimate,NA,NA,NA,154,Unavailable MOE or zero percentage,NA,NA,NA,114,Unavailable MOE or zero percentage,NA,NA,NA,593,Percentage MOE exceeds 50% of estimate,NA,NA,NA,749,Percentage MOE exceeds 50% of estimate,98
1345768,"Leesburg city, Georgia",3542,99,99,77,0,0,0,22,0,32,121,121,119,14,14,14,28,14,99,0,Pass,99,0,Pass,100,1.2222222222222223,TRUE,TRUE,TRUE,74.30583501143849,0,220,172.84832429004493,77.77777777777779,73.56489281709304,0,14.14141414141414,0,14.14141414141414,0,14.14141414141414,22.22222222222222,7.8883427119216964,0,100,105.08431963663385,Percentage MOE exceeds 50% of estimate,4.212884960684747,100,57.50264465615412,Percentage MOE exceeds 50% of estimate,0,14.14141414141414,NA,Unavailable MOE or zero percentage,0,14.14141414141414,NA,Unavailable MOE or zero percentage,0,14.14141414141414,NA,Unavailable MOE or zero percentage,14.333879510300525,30.110564934143916,21.580973298783945,Caregiver count MOE exceeds 50% of estimate,2024,2020-2024,ACS five-year,13,27.950310559006212,34.160557396175456,Denominator below story-scale threshold,2927,90.82495786253824,10,32038,Retained,NA,NA,NA,771,Percentage MOE exceeds 50% of estimate,NA,NA,NA,48,Percentage MOE exceeds 50% of estimate,NA,NA,NA,40,Unavailable MOE or zero percentage,NA,NA,NA,154,Unavailable MOE or zero percentage,NA,NA,NA,114,Unavailable MOE or zero percentage,NA,NA,NA,593,Caregiver count MOE exceeds 50% of estimate,NA,NA,NA,749,Denominator below story-scale threshold,99
1380592,"Warrenton city, Georgia",2000,110,98,0,0,0,7,91,12,271,88,88,14,14,14,10,89,17,98,0,Pass,110,0,Pass,89.0909090909091,0.8979591836734694,FALSE,TRUE,TRUE,54.59204204922011,10,186,36.33453380886342,0,14.285714285714285,0,14.285714285714285,0,14.285714285714285,7.142857142857142,7.936243492021107,92.85714285714286,35.986940429994256,52.756375282045674,100,24.794704969153514,Caregiver count MOE exceeds 50% of estimate,0,14.285714285714285,NA,Unavailable MOE or zero percentage,0,14.285714285714285,NA,Unavailable MOE or zero percentage,0,14.285714285714285,NA,Unavailable MOE or zero percentage,0,15.079100634878248,67.5485083096537,Percentage MOE exceeds 50% of estimate,56.870202427148605,100,23.56146831663356,Caregiver count MOE exceeds 50% of estimate,2024,2020-2024,ACS five-year,13,49,43.496172702319456,Caregiver count MOE exceeds 50% of estimate,2954,90.7328797053499,10,32038,Retained,NA,NA,NA,771,Caregiver count MOE exceeds 50% of estimate,NA,NA,NA,48,Unavailable MOE or zero percentage,NA,NA,NA,40,Unavailable MOE or zero percentage,NA,NA,NA,154,Unavailable MOE or zero percentage,NA,NA,NA,114,Percentage MOE exceeds 50% of estimate,NA,NA,NA,593,Caregiver count MOE exceeds 50% of estimate,NA,NA,NA,749,Caregiver count MOE exceeds 50% of estimate,100
1335716,"Grovetown city, Georgia",17014,662,96,9,0,0,48,39,566,28,294,114,19,23,23,89,64,261,96,0,Pass,662,0,Pass,14.501510574018129,1.1875,TRUE,TRUE,TRUE,72.19487378952262,0,210,15.970921576521095,9.375,16.363696259839593,0,23.958333333333336,0,23.958333333333336,50,71.20003121097942,40.625,46.01234388356334,0,30.472432150539223,66.95599630682274,Percentage MOE exceeds 50% of estimate,0,25.738696259839593,106.11648998931786,Percentage MOE exceeds 50% of estimate,0,23.958333333333336,NA,Unavailable MOE or zero percentage,0,23.958333333333336,NA,Unavailable MOE or zero percentage,0,100,86.5730908140923,Percentage MOE exceeds 50% of estimate,0,86.63734388356335,68.85789247085796,Percentage MOE exceeds 50% of estimate,2024,2020-2024,ACS five-year,13,5.642412131186083,6.7003579714346,Percentage MOE exceeds 50% of estimate,3016,90.53623821711717,10,32038,Retained,NA,NA,NA,771,Percentage MOE exceeds 50% of estimate,NA,NA,NA,48,Percentage MOE exceeds 50% of estimate,NA,NA,NA,40,Unavailable MOE or zero percentage,NA,NA,NA,154,Unavailable MOE or zero percentage,NA,NA,NA,114,Percentage MOE exceeds 50% of estimate,NA,NA,NA,593,Percentage MOE exceeds 50% of estimate,NA,NA,NA,749,Percentage MOE exceeds 50% of estimate,101
1376756,"Toccoa city, Georgia",9238,320,95,0,0,0,25,70,225,22,157,86,20,20,20,41,77,129,95,0,Pass,320,0,Pass,29.6875,0.9052631578947369,FALSE,TRUE,TRUE,55.036092152012806,9,181,22.585700852939976,0,21.052631578947366,0,21.052631578947366,0,21.052631578947366,26.31578947368421,35.98724973269041,73.68421052631578,46.04518091063345,7.101799147060024,52.27320085293998,46.25223119851902,Percentage MOE exceeds 50% of estimate,0,21.052631578947366,NA,Unavailable MOE or zero percentage,0,21.052631578947366,NA,Unavailable MOE or zero percentage,0,21.052631578947366,NA,Unavailable MOE or zero percentage,0,62.30303920637462,83.13903847947572,Percentage MOE exceeds 50% of estimate,27.639029615682333,100,37.99115456524478,Percentage MOE exceeds 50% of estimate,2024,2020-2024,ACS five-year,13,10.283611171249188,9.309342110459214,Percentage MOE exceeds 50% of estimate,3050,90.4347961795368,10,32038,Retained,NA,NA,NA,771,Percentage MOE exceeds 50% of estimate,NA,NA,NA,48,Unavailable MOE or zero percentage,NA,NA,NA,40,Unavailable MOE or zero percentage,NA,NA,NA,154,Unavailable MOE or zero percentage,NA,NA,NA,114,Percentage MOE exceeds 50% of estimate,NA,NA,NA,593,Percentage MOE exceeds 50% of estimate,NA,NA,NA,749,Percentage MOE exceeds 50% of estimate,102
1300576,"Adel city, Georgia",5641,139,93,0,25,68,0,0,46,18,97,99,20,30,91,20,20,45,93,0,Pass,139,0,Pass,66.90647482014388,1.064516129032258,TRUE,TRUE,TRUE,64.71798533254318,0,192,53.78429670748632,0,21.50537634408602,26.881720430107524,14.889789824406021,73.11827956989248,59.297036493780844,0,21.50537634408602,0,21.50537634408602,13.122178112657565,100,48.871997397539275,Percentage MOE exceeds 50% of estimate,0,21.50537634408602,NA,Unavailable MOE or zero percentage,11.991930605701503,41.771510254513544,33.674739952058104,Percentage MOE exceeds 50% of estimate,13.821243076111635,100,49.303729054587485,Percentage MOE exceeds 50% of estimate,0,21.50537634408602,NA,Unavailable MOE or zero percentage,0,21.50537634408602,NA,Unavailable MOE or zero percentage,2024,2020-2024,ACS five-year,13,16.486438574720793,17.550000927320852,Percentage MOE exceeds 50% of estimate,3115,90.2412759847681,10,32038,Retained,NA,NA,NA,771,Percentage MOE exceeds 50% of estimate,NA,NA,NA,48,Unavailable MOE or zero percentage,NA,NA,NA,40,Percentage MOE exceeds 50% of estimate,NA,NA,NA,154,Percentage MOE exceeds 50% of estimate,NA,NA,NA,114,Unavailable MOE or zero percentage,NA,NA,NA,593,Unavailable MOE or zero percentage,NA,NA,NA,749,Percentage MOE exceeds 50% of estimate,103
1311616,"Buchanan city, Georgia",1306,147,93,0,0,50,33,10,54,494,134,125,14,14,75,52,16,63,93,0,Pass,147,0,Pass,63.26530612244898,1.3440860215053763,TRUE,TRUE,TRUE,81.71462794513029,0,218,62.48925260785706,0,15.053763440860216,0,15.053763440860216,53.76344086021505,35.80147721242156,35.483870967741936,29.184156255447114,10.75268817204301,9.333387634212544,0.7760535145919221,100,60.049923682462754,Percentage MOE exceeds 50% of estimate,0,15.053763440860216,NA,Unavailable MOE or zero percentage,0,15.053763440860216,NA,Unavailable MOE or zero percentage,17.96196364779349,89.5649180726366,40.484299954714906,Percentage MOE exceeds 50% of estimate,6.299714712294822,64.66802722318906,50.00217477740636,Percentage MOE exceeds 50% of estimate,1.4193005378304662,20.086075806255554,52.77096002703319,Percentage MOE exceeds 50% of estimate,2024,2020-2024,ACS five-year,13,71.20980091883614,91.84383240288315,Percentage MOE exceeds 50% of estimate,3115,90.2412759847681,10,32038,Retained,NA,NA,NA,771,Percentage MOE exceeds 50% of estimate,NA,NA,NA,48,Unavailable MOE or zero percentage,NA,NA,NA,40,Unavailable MOE or zero percentage,NA,NA,NA,154,Percentage MOE exceeds 50% of estimate,NA,NA,NA,114,Percentage MOE exceeds 50% of estimate,NA,NA,NA,593,Percentage MOE exceeds 50% of estimate,NA,NA,NA,749,Percentage MOE exceeds 50% of estimate,103
1371604,"Snellville city, Georgia",21620,644,93,0,0,93,0,0,551,49,358,132,27,27,132,27,27,347,93,0,Pass,644,0,Pass,14.440993788819876,1.4193548387096775,TRUE,TRUE,TRUE,86.29064711005759,0,225,18.85942181801171,0,29.03225806451613,0,29.03225806451613,100,200.7270862723103,0,29.03225806451613,0,29.03225806451613,0,33.300415606831585,79.39698962437602,Percentage MOE exceeds 50% of estimate,0,29.03225806451613,NA,Unavailable MOE or zero percentage,0,29.03225806451613,NA,Unavailable MOE or zero percentage,0,100,122.03340344899418,Percentage MOE exceeds 50% of estimate,0,29.03225806451613,NA,Unavailable MOE or zero percentage,0,29.03225806451613,NA,Unavailable MOE or zero percentage,2024,2020-2024,ACS five-year,13,4.301572617946346,6.105450125620809,Percentage MOE exceeds 50% of estimate,3115,90.2412759847681,10,32038,Retained,NA,NA,NA,771,Percentage MOE exceeds 50% of estimate,NA,NA,NA,48,Unavailable MOE or zero percentage,NA,NA,NA,40,Unavailable MOE or zero percentage,NA,NA,NA,154,Percentage MOE exceeds 50% of estimate,NA,NA,NA,114,Unavailable MOE or zero percentage,NA,NA,NA,593,Unavailable MOE or zero percentage,NA,NA,NA,749,Percentage MOE exceeds 50% of estimate,103
1319830,"Country Club Estates CDP, Georgia",8780,378,91,91,0,0,0,0,287,1091,240,109,109,20,20,20,20,190,91,0,Pass,378,0,Pass,24.074074074074073,1.1978021978021978,TRUE,TRUE,TRUE,72.82120294327787,0,200,24.451555911231146,100,169.39481131721686,0,21.978021978021978,0,21.978021978021978,0,21.978021978021978,0,21.978021978021978,0,48.525629985305216,61.748960401823204,Percentage MOE exceeds 50% of estimate,0,100,102.9847328307071,Percentage MOE exceeds 50% of estimate,0,21.978021978021978,NA,Unavailable MOE or zero percentage,0,21.978021978021978,NA,Unavailable MOE or zero percentage,0,21.978021978021978,NA,Unavailable MOE or zero percentage,0,21.978021978021978,NA,Unavailable MOE or zero percentage,2024,2020-2024,ACS five-year,13,10.364464692482915,12.347595455698821,Percentage MOE exceeds 50% of estimate,3173,90.05711967039142,10,32038,Retained,NA,NA,NA,771,Percentage MOE exceeds 50% of estimate,NA,NA,NA,48,Percentage MOE exceeds 50% of estimate,NA,NA,NA,40,Unavailable MOE or zero percentage,NA,NA,NA,154,Unavailable MOE or zero percentage,NA,NA,NA,114,Unavailable MOE or zero percentage,NA,NA,NA,593,Unavailable MOE or zero percentage,NA,NA,NA,749,Percentage MOE exceeds 50% of estimate,106
1359735,"Peachtree Corners city, Georgia",42373,376,91,0,0,0,41,50,285,43,148,87,30,30,30,50,61,119,91,0,Pass,376,0,Pass,24.20212765957447,0.9560439560439561,FALSE,TRUE,TRUE,58.12334546848784,4,178,21.08623044841283,0,32.967032967032964,0,32.967032967032964,0,32.967032967032964,45.05494505494506,34.110787608242745,54.94505494505495,41.64168065799756,3.115897211161638,45.2883581079873,52.968557313212486,Percentage MOE exceeds 50% of estimate,0,32.967032967032964,NA,Unavailable MOE or zero percentage,0,32.967032967032964,NA,Unavailable MOE or zero percentage,0,32.967032967032964,NA,Unavailable MOE or zero percentage,10.944157446702313,79.16573266318781,46.027991695545055,Percentage MOE exceeds 50% of estimate,13.303374287057387,96.58673560305252,46.0757465319384,Percentage MOE exceeds 50% of estimate,2024,2020-2024,ACS five-year,13,2.1475939867368368,2.0531930944035177,Percentage MOE exceeds 50% of estimate,3173,90.05711967039142,10,32038,Retained,NA,NA,NA,771,Percentage MOE exceeds 50% of estimate,NA,NA,NA,48,Unavailable MOE or zero percentage,NA,NA,NA,40,Unavailable MOE or zero percentage,NA,NA,NA,154,Unavailable MOE or zero percentage,NA,NA,NA,114,Percentage MOE exceeds 50% of estimate,NA,NA,NA,593,Percentage MOE exceeds 50% of estimate,NA,NA,NA,749,Percentage MOE exceeds 50% of estimate,106
1337144,"Hartwell city, Georgia",4562,151,90,18,0,18,15,39,61,24,91,73,34,14,29,28,60,64,90,0,Pass,151,0,Pass,59.60264900662252,0.8111111111111111,FALSE,TRUE,TRUE,49.31205414395463,17,163,32.356905761745374,20,34.11744421846396,0,15.555555555555555,20,27.8408173570948,16.666666666666664,28.02054409950622,43.333333333333336,56.64849623953203,27.245743244877147,91.9595547683679,33.00457655026819,Percentage MOE exceeds 50% of estimate,0,54.11744421846396,103.70966649991931,Percentage MOE exceeds 50% of estimate,0,15.555555555555555,NA,Unavailable MOE or zero percentage,0,47.8408173570948,84.63007559126778,Percentage MOE exceeds 50% of estimate,0,44.68721076617288,102.21168731507896,Percentage MOE exceeds 50% of estimate,0,99.98182957286537,79.47655455311923,Percentage MOE exceeds 50% of estimate,2024,2020-2024,ACS five-year,13,19.728189390618148,16.001417032909192,Percentage MOE exceeds 50% of estimate,3200,89.9728447468631,9,32038,Retained,NA,NA,NA,771,Percentage MOE exceeds 50% of estimate,NA,NA,NA,48,Percentage MOE exceeds 50% of estimate,NA,NA,NA,40,Unavailable MOE or zero percentage,NA,NA,NA,154,Percentage MOE exceeds 50% of estimate,NA,NA,NA,114,Percentage MOE exceeds 50% of estimate,NA,NA,NA,593,Percentage MOE exceeds 50% of estimate,NA,NA,NA,749,Percentage MOE exceeds 50% of estimate,108
1343640,"Kingsland city, Georgia",19627,502,89,54,0,12,14,9,413,32,162,82,74,23,19,17,14,141,89,0,Pass,502,0,Pass,17.729083665338646,0.9213483146067416,FALSE,TRUE,TRUE,56.01400024355628,7,171,15.29991685743466,60.67415730337079,61.54860909118837,0,25.842696629213485,13.48314606741573,17.361673583015214,15.730337078651685,12.441961588010479,10.112359550561797,12.674261889802596,2.429166807903986,33.0290005227733,52.46570638811286,Percentage MOE exceeds 50% of estimate,0,100,61.67188644180144,Percentage MOE exceeds 50% of estimate,0,25.842696629213485,NA,Unavailable MOE or zero percentage,0,30.844819650430942,78.28401483927007,Percentage MOE exceeds 50% of estimate,3.288375490641206,28.172298666662165,48.08654456667966,Percentage MOE exceeds 50% of estimate,0,22.786621440364392,76.19788504173968,Percentage MOE exceeds 50% of estimate,2024,2020-2024,ACS five-year,13,4.534569725378305,4.177911632483991,Percentage MOE exceeds 50% of estimate,3227,89.89481241026282,9,32038,Retained,NA,NA,NA,771,Percentage MOE exceeds 50% of estimate,NA,NA,NA,48,Percentage MOE exceeds 50% of estimate,NA,NA,NA,40,Unavailable MOE or zero percentage,NA,NA,NA,154,Percentage MOE exceeds 50% of estimate,NA,NA,NA,114,Percentage MOE exceeds 50% of estimate,NA,NA,NA,593,Percentage MOE exceeds 50% of estimate,NA,NA,NA,749,Percentage MOE exceeds 50% of estimate,109
1374936,"Suwanee city, Georgia",22349,358,88,0,0,41,22,25,270,43,171,66,27,27,43,38,35,142,88,0,Pass,358,0,Pass,24.581005586592177,0.75,FALSE,TRUE,TRUE,45.596762393382704,22,154,14.213412701375866,0,30.681818181818183,0,30.681818181818183,46.590909090909086,34.15595121057491,25,38.89867506082441,28.40909090909091,33.584063686184344,10.367592885216311,38.79441828796804,35.15373415518984,Percentage MOE exceeds 50% of estimate,0,30.681818181818183,NA,Unavailable MOE or zero percentage,0,30.681818181818183,NA,Unavailable MOE or zero percentage,12.434957880334174,80.74686030148399,44.56951859084,Percentage MOE exceeds 50% of estimate,0,63.89867506082441,94.59486102217664,Percentage MOE exceeds 50% of estimate,0,61.99315459527526,71.87016658404258,Percentage MOE exceeds 50% of estimate,2024,2020-2024,ACS five-year,13,3.9375363550941875,2.9531425488161,Percentage MOE exceeds 50% of estimate,3250,89.81365878019851,9,32038,Retained,NA,NA,NA,771,Percentage MOE exceeds 50% of estimate,NA,NA,NA,48,Unavailable MOE or zero percentage,NA,NA,NA,40,Unavailable MOE or zero percentage,NA,NA,NA,154,Percentage MOE exceeds 50% of estimate,NA,NA,NA,114,Percentage MOE exceeds 50% of estimate,NA,NA,NA,593,Percentage MOE exceeds 50% of estimate,NA,NA,NA,749,Percentage MOE exceeds 50% of estimate,110
1321017,"Cusseta-Chattahoochee County unified government, Georgia",8887,228,87,0,0,0,0,87,141,NA,113,45,20,20,20,20,45,108,87,0,Pass,228,0,Pass,38.15789473684211,0.5172413793103449,FALSE,TRUE,TRUE,31.446043029919107,42,132,5.647545374864462,0,22.988505747126435,0,22.988505747126435,0,22.988505747126435,0,22.988505747126435,100,73.14897736412561,32.510349361977646,43.805440111706574,8.99804304681803,Caregiver count MOE exceeds 50% of estimate,0,22.988505747126435,NA,Unavailable MOE or zero percentage,0,22.988505747126435,NA,Unavailable MOE or zero percentage,0,22.988505747126435,NA,Unavailable MOE or zero percentage,0,22.988505747126435,NA,Unavailable MOE or zero percentage,26.851022635874386,100,44.47142053587954,Percentage MOE exceeds 50% of estimate,2024,2020-2024,ACS five-year,13,9.789580285810736,NA,Caregiver count MOE exceeds 50% of estimate,3279,89.70753480242212,9,32038,Retained,NA,NA,NA,771,Caregiver count MOE exceeds 50% of estimate,NA,NA,NA,48,Unavailable MOE or zero percentage,NA,NA,NA,40,Unavailable MOE or zero percentage,NA,NA,NA,154,Unavailable MOE or zero percentage,NA,NA,NA,114,Unavailable MOE or zero percentage,NA,NA,NA,593,Percentage MOE exceeds 50% of estimate,NA,NA,NA,749,Caregiver count MOE exceeds 50% of estimate,111
1331096,"Fort Valley city, Georgia",8858,164,87,20,0,36,0,31,77,19,103,84,35,20,57,20,53,63,87,0,Pass,164,0,Pass,53.04878048780488,0.9655172413793104,FALSE,TRUE,TRUE,58.69928032251566,3,171,38.902456926566984,22.988505747126435,33.55279681218183,0,22.988505747126435,41.37931034482759,51.92602093194871,0,22.988505747126435,35.63218390804598,50.27514695516406,14.1463235612379,91.95123741437186,44.58352152335857,Percentage MOE exceeds 50% of estimate,0,56.541302559308264,88.73413642495322,Percentage MOE exceeds 50% of estimate,0,22.988505747126435,NA,Unavailable MOE or zero percentage,0,93.3053312767763,76.29121635063177,Percentage MOE exceeds 50% of estimate,0,22.988505747126435,NA,Unavailable MOE or zero percentage,0,85.90733086321003,85.77952770348824,Percentage MOE exceeds 50% of estimate,2024,2020-2024,ACS five-year,13,9.821630164822759,9.482929861829057,Percentage MOE exceeds 50% of estimate,3279,89.70753480242212,9,32038,Retained,NA,NA,NA,771,Percentage MOE exceeds 50% of estimate,NA,NA,NA,48,Percentage MOE exceeds 50% of estimate,NA,NA,NA,40,Unavailable MOE or zero percentage,NA,NA,NA,154,Percentage MOE exceeds 50% of estimate,NA,NA,NA,114,Unavailable MOE or zero percentage,NA,NA,NA,593,Percentage MOE exceeds 50% of estimate,NA,NA,NA,749,Percentage MOE exceeds 50% of estimate,111
1375832,"Temple city, Georgia",5901,354,86,0,0,86,0,0,268,94,211,90,20,20,90,20,20,178,86,0,Pass,354,0,Pass,24.293785310734464,1.0465116279069768,TRUE,TRUE,TRUE,63.623389386115406,0,176,20.897128187818883,0,23.25581395348837,0,23.25581395348837,100,147.99909373671923,0,23.25581395348837,0,23.25581395348837,3.396657122915581,45.19091349855334,52.295480867309976,Percentage MOE exceeds 50% of estimate,0,23.25581395348837,NA,Unavailable MOE or zero percentage,0,23.25581395348837,NA,Unavailable MOE or zero percentage,0,100,89.97706015398882,Percentage MOE exceeds 50% of estimate,0,23.25581395348837,NA,Unavailable MOE or zero percentage,0,23.25581395348837,NA,Unavailable MOE or zero percentage,2024,2020-2024,ACS five-year,13,14.573801050669378,15.249885295409253,Percentage MOE exceeds 50% of estimate,3318,89.59985017791372,9,32038,Retained,NA,NA,NA,771,Percentage MOE exceeds 50% of estimate,NA,NA,NA,48,Unavailable MOE or zero percentage,NA,NA,NA,40,Unavailable MOE or zero percentage,NA,NA,NA,154,Percentage MOE exceeds 50% of estimate,NA,NA,NA,114,Unavailable MOE or zero percentage,NA,NA,NA,593,Unavailable MOE or zero percentage,NA,NA,NA,749,Percentage MOE exceeds 50% of estimate,113
1348232,"Lyons city, Georgia",4219,151,85,0,0,33,0,52,66,21,100,98,14,14,60,14,76,42,85,0,Pass,151,0,Pass,56.29139072847682,1.1529411764705881,TRUE,TRUE,TRUE,70.0938465027687,0,183,53.125955484242795,0,16.470588235294116,0,16.470588235294116,38.82352941176471,54.5814056944601,0,16.470588235294116,61.1764705882353,54.95068370053842,3.1654352442340254,100,57.37695795131032,Percentage MOE exceeds 50% of estimate,0,16.470588235294116,NA,Unavailable MOE or zero percentage,0,16.470588235294116,NA,Unavailable MOE or zero percentage,0,93.40493510622481,85.4717203460628,Percentage MOE exceeds 50% of estimate,0,16.470588235294116,NA,Unavailable MOE or zero percentage,6.225786887696877,100,54.60864814975054,Percentage MOE exceeds 50% of estimate,2024,2020-2024,ACS five-year,13,20.146954254562694,23.228036672498597,Percentage MOE exceeds 50% of estimate,3348,89.51557525438541,9,32038,Retained,NA,NA,NA,771,Percentage MOE exceeds 50% of estimate,NA,NA,NA,48,Unavailable MOE or zero percentage,NA,NA,NA,40,Unavailable MOE or zero percentage,NA,NA,NA,154,Percentage MOE exceeds 50% of estimate,NA,NA,NA,114,Unavailable MOE or zero percentage,NA,NA,NA,593,Percentage MOE exceeds 50% of estimate,NA,NA,NA,749,Percentage MOE exceeds 50% of estimate,114
1310944,"Brookhaven city, Georgia",57855,604,84,30,8,0,19,27,520,101,414,58,45,13,34,33,33,407,84,0,Pass,604,0,Pass,13.90728476821192,0.6904761904761905,FALSE,TRUE,TRUE,41.97797172724122,26,142,1.158773896153452,35.714285714285715,47.55827025207334,9.523809523809524,14.009610016844883,0,40.476190476190474,22.61904761904762,36.04785866689956,32.142857142857146,32.41603224006738,12.748510872058468,15.066058664365372,5.065579072758765,Caregiver count MOE exceeds 50% of estimate,0,83.27255596635905,80.95745087823192,Percentage MOE exceeds 50% of estimate,0,23.533419540654407,89.43100028268425,Percentage MOE exceeds 50% of estimate,0,40.476190476190474,NA,Unavailable MOE or zero percentage,0,58.66690628594718,96.88976442083388,Percentage MOE exceeds 50% of estimate,0,64.55888938292452,61.31237237633243,Percentage MOE exceeds 50% of estimate,2024,2020-2024,ACS five-year,13,1.451905626134301,1.0025030614515098,Caregiver count MOE exceeds 50% of estimate,3372,89.42037580373307,9,32038,Retained,NA,NA,NA,771,Caregiver count MOE exceeds 50% of estimate,NA,NA,NA,48,Percentage MOE exceeds 50% of estimate,NA,NA,NA,40,Percentage MOE exceeds 50% of estimate,NA,NA,NA,154,Unavailable MOE or zero percentage,NA,NA,NA,114,Percentage MOE exceeds 50% of estimate,NA,NA,NA,593,Percentage MOE exceeds 50% of estimate,NA,NA,NA,749,Caregiver count MOE exceeds 50% of estimate,115
1341932,"Jasper city, Georgia",4630,159,81,0,0,13,22,46,78,16,94,58,14,14,21,39,51,82,81,0,Pass,159,0,Pass,50.943396226415096,0.7160493827160493,FALSE,TRUE,TRUE,43.532711420842745,23,139,20.581083379397757,0,17.28395061728395,0,17.28395061728395,16.049382716049383,23.23970976597798,27.160493827160494,44.04553954494715,56.79012345679012,48.070057972966254,30.36231284701734,71.52447960581286,24.56139789549939,Caregiver count MOE exceeds 50% of estimate,0,17.28395061728395,NA,Unavailable MOE or zero percentage,0,17.28395061728395,NA,Unavailable MOE or zero percentage,0,39.289092482027364,88.03292047951625,Percentage MOE exceeds 50% of estimate,0,71.20603337210764,98.59094187312911,Percentage MOE exceeds 50% of estimate,8.720065483823866,100,51.460568099126796,Percentage MOE exceeds 50% of estimate,2024,2020-2024,ACS five-year,13,17.49460043196544,12.52685195486042,Caregiver count MOE exceeds 50% of estimate,3470,89.12073163118797,9,32038,Retained,NA,NA,NA,771,Caregiver count MOE exceeds 50% of estimate,NA,NA,NA,48,Unavailable MOE or zero percentage,NA,NA,NA,40,Unavailable MOE or zero percentage,NA,NA,NA,154,Percentage MOE exceeds 50% of estimate,NA,NA,NA,114,Percentage MOE exceeds 50% of estimate,NA,NA,NA,593,Percentage MOE exceeds 50% of estimate,NA,NA,NA,749,Caregiver count MOE exceeds 50% of estimate,116
1338124,"Hiawassee city, Georgia",1293,95,80,0,9,56,0,15,15,289,86,84,14,13,82,14,23,22,80,0,Pass,95,0,Pass,84.21052631578947,1.05,TRUE,TRUE,TRUE,63.83546735073578,0,164,44.79799084995753,0,17.5,11.25,11.159182037676416,70,71.44228439796701,0,17.5,18.75,20.95148786482717,39.41253546583194,100,32.341852954368726,Percentage MOE exceeds 50% of estimate,0,17.5,NA,Unavailable MOE or zero percentage,0.09081796232358386,22.409182037676416,60.30489740757758,Percentage MOE exceeds 50% of estimate,0,100,62.048321267325214,Percentage MOE exceeds 50% of estimate,0,17.5,NA,Unavailable MOE or zero percentage,0,39.70148786482717,67.93386765940377,Percentage MOE exceeds 50% of estimate,2024,2020-2024,ACS five-year,13,61.87161639597834,63.4762601712134,Denominator below story-scale threshold,3503,89.00680441975155,9,32038,Retained,NA,NA,NA,771,Percentage MOE exceeds 50% of estimate,NA,NA,NA,48,Unavailable MOE or zero percentage,NA,NA,NA,40,Percentage MOE exceeds 50% of estimate,NA,NA,NA,154,Percentage MOE exceeds 50% of estimate,NA,NA,NA,114,Unavailable MOE or zero percentage,NA,NA,NA,593,Percentage MOE exceeds 50% of estimate,NA,NA,NA,749,Denominator below story-scale threshold,117
1304140,"Auburn city, Georgia",8711,182,79,6,0,34,0,39,103,99,102,50,11,20,32,20,44,79,79,0,Pass,182,0,Pass,43.40659340659341,0.6329113924050633,FALSE,TRUE,TRUE,38.4782805007449,29,129,12.765105699286178,7.59493670886076,13.068002419075519,0,25.31645569620253,43.037974683544306,29.97978231802766,0,25.31645569620253,49.36708860759494,46.10658740378494,30.64148770730723,56.17169910587958,17.87892716496399,Caregiver count MOE exceeds 50% of estimate,0,20.66293912793628,104.60628777653379,Percentage MOE exceeds 50% of estimate,0,25.31645569620253,NA,Unavailable MOE or zero percentage,13.058192365516646,73.01775700157197,42.349607790539224,Percentage MOE exceeds 50% of estimate,0,25.31645569620253,NA,Unavailable MOE or zero percentage,3.2605012038099943,95.47367601137988,56.78036845777402,Percentage MOE exceeds 50% of estimate,2024,2020-2024,ACS five-year,13,9.068993226954426,5.73894367547859,Caregiver count MOE exceeds 50% of estimate,3543,88.90224108870716,9,32038,Retained,NA,NA,NA,771,Caregiver count MOE exceeds 50% of estimate,NA,NA,NA,48,Percentage MOE exceeds 50% of estimate,NA,NA,NA,40,Unavailable MOE or zero percentage,NA,NA,NA,154,Percentage MOE exceeds 50% of estimate,NA,NA,NA,114,Unavailable MOE or zero percentage,NA,NA,NA,593,Percentage MOE exceeds 50% of estimate,NA,NA,NA,749,Caregiver count MOE exceeds 50% of estimate,118
1319280,"Conley CDP, Georgia",5822,163,78,0,0,0,0,78,85,1399,191,107,20,20,20,20,107,92,78,0,Pass,163,0,Pass,47.85276073619632,1.3717948717948718,TRUE,TRUE,TRUE,83.39920642892221,0,185,34.13196286467902,0,25.64102564102564,0,25.64102564102564,0,25.64102564102564,0,25.64102564102564,100,194.0010912486169,13.720797871517306,81.98472360087534,43.36376771349856,Percentage MOE exceeds 50% of estimate,0,25.64102564102564,NA,Unavailable MOE or zero percentage,0,25.64102564102564,NA,Unavailable MOE or zero percentage,0,25.64102564102564,NA,Unavailable MOE or zero percentage,0,25.64102564102564,NA,Unavailable MOE or zero percentage,0,100,117.9442888229352,Percentage MOE exceeds 50% of estimate,2024,2020-2024,ACS five-year,13,13.397457918241155,18.094402894421144,Percentage MOE exceeds 50% of estimate,3570,88.79455646419876,9,32038,Retained,NA,NA,NA,771,Percentage MOE exceeds 50% of estimate,NA,NA,NA,48,Unavailable MOE or zero percentage,NA,NA,NA,40,Unavailable MOE or zero percentage,NA,NA,NA,154,Unavailable MOE or zero percentage,NA,NA,NA,114,Unavailable MOE or zero percentage,NA,NA,NA,593,Percentage MOE exceeds 50% of estimate,NA,NA,NA,749,Percentage MOE exceeds 50% of estimate,119
1375188,"Sylvester city, Georgia",5489,120,77,0,0,0,18,59,43,32,97,70,20,20,20,28,64,49,77,0,Pass,120,0,Pass,64.16666666666667,0.9090909090909091,FALSE,TRUE,TRUE,55.26880290106994,7,147,26.692369521336612,0,25.97402597402597,0,25.97402597402597,0,25.97402597402597,23.376623376623375,29.507436792091262,76.62337662337663,45.34570449283712,37.474297145330056,90.85903618800329,25.29009102921051,Caregiver count MOE exceeds 50% of estimate,0,25.97402597402597,NA,Unavailable MOE or zero percentage,0,25.97402597402597,NA,Unavailable MOE or zero percentage,0,25.97402597402597,NA,Unavailable MOE or zero percentage,0,52.88406016871464,76.74011554592542,Percentage MOE exceeds 50% of estimate,31.277672130539507,100,35.97887754252518,Percentage MOE exceeds 50% of estimate,2024,2020-2024,ACS five-year,13,14.02805611222445,12.752516056395047,Caregiver count MOE exceeds 50% of estimate,3612,88.67594731256632,9,32038,Retained,NA,NA,NA,771,Caregiver count MOE exceeds 50% of estimate,NA,NA,NA,48,Unavailable MOE or zero percentage,NA,NA,NA,40,Unavailable MOE or zero percentage,NA,NA,NA,154,Unavailable MOE or zero percentage,NA,NA,NA,114,Percentage MOE exceeds 50% of estimate,NA,NA,NA,593,Percentage MOE exceeds 50% of estimate,NA,NA,NA,749,Caregiver count MOE exceeds 50% of estimate,120
1385128,"Zebulon city, Georgia",1698,95,76,0,0,51,0,25,19,487,72,67,14,14,55,14,40,24,76,0,Pass,95,0,Pass,80,0.881578947368421,FALSE,TRUE,TRUE,53.59619439222177,9,143,36.024614545968355,0,18.421052631578945,0,18.421052631578945,67.10526315789474,41.682729269252505,0,18.421052631578945,32.89473684210527,43.92178580406853,43.975385454031645,100,27.37676316276196,Caregiver count MOE exceeds 50% of estimate,0,18.421052631578945,NA,Unavailable MOE or zero percentage,0,18.421052631578945,NA,Unavailable MOE or zero percentage,25.422533888642235,100,37.7635059299956,Percentage MOE exceeds 50% of estimate,0,18.421052631578945,NA,Unavailable MOE or zero percentage,0,76.8165226461738,81.17575123802042,Percentage MOE exceeds 50% of estimate,2024,2020-2024,ACS five-year,13,44.7585394581861,37.31162176452653,Denominator below story-scale threshold,3646,88.54485298707785,9,32038,Retained,NA,NA,NA,771,Caregiver count MOE exceeds 50% of estimate,NA,NA,NA,48,Unavailable MOE or zero percentage,NA,NA,NA,40,Unavailable MOE or zero percentage,NA,NA,NA,154,Percentage MOE exceeds 50% of estimate,NA,NA,NA,114,Unavailable MOE or zero percentage,NA,NA,NA,593,Percentage MOE exceeds 50% of estimate,NA,NA,NA,749,Denominator below story-scale threshold,121
1376168,"Thomaston city, Georgia",9831,270,75,0,0,0,0,75,195,26,220,101,20,20,20,20,101,152,75,0,Pass,270,0,Pass,27.77777777777778,1.3466666666666667,TRUE,TRUE,TRUE,81.87152003078494,0,176,29.783010639267854,0,26.666666666666668,0,26.666666666666668,0,26.666666666666668,0,26.666666666666668,100,190.44742639957678,0,57.56078841704563,65.1844252549577,Percentage MOE exceeds 50% of estimate,0,26.666666666666668,NA,Unavailable MOE or zero percentage,0,26.666666666666668,NA,Unavailable MOE or zero percentage,0,26.666666666666668,NA,Unavailable MOE or zero percentage,0,26.666666666666668,NA,Unavailable MOE or zero percentage,0,100,115.78381399963658,Percentage MOE exceeds 50% of estimate,2024,2020-2024,ACS five-year,13,7.628928898382667,10.273604437965034,Percentage MOE exceeds 50% of estimate,3696,88.41687995505337,9,32038,Retained,NA,NA,NA,771,Percentage MOE exceeds 50% of estimate,NA,NA,NA,48,Unavailable MOE or zero percentage,NA,NA,NA,40,Unavailable MOE or zero percentage,NA,NA,NA,154,Unavailable MOE or zero percentage,NA,NA,NA,114,Unavailable MOE or zero percentage,NA,NA,NA,593,Percentage MOE exceeds 50% of estimate,NA,NA,NA,749,Percentage MOE exceeds 50% of estimate,122
1353284,"Mount Airy town, Georgia",1622,80,74,0,0,16,12,46,6,407,60,58,14,14,24,12,56,10,74,0,Pass,80,0,Pass,92.5,0.7837837837837838,FALSE,TRUE,TRUE,47.65067060930084,16,132,21.056100659903755,0,18.91891891891892,0,18.91891891891892,21.62162162162162,27.652718352270778,16.216216216216218,10.070818372309182,62.16216216216216,57.905132395006675,71.44389934009624,100,13.839135404984221,Caregiver count MOE exceeds 50% of estimate,0,18.91891891891892,NA,Unavailable MOE or zero percentage,0,18.91891891891892,NA,Unavailable MOE or zero percentage,0,49.274339973892396,77.75392307477681,Percentage MOE exceeds 50% of estimate,6.145397843907036,26.2870345885254,37.75617413305891,Percentage MOE exceeds 50% of estimate,4.257029767155487,100,56.63223352891711,Percentage MOE exceeds 50% of estimate,2024,2020-2024,ACS five-year,13,45.62268803945746,33.87630583722002,Denominator below story-scale threshold,3728,88.31699856420501,9,32038,Retained,NA,NA,NA,771,Caregiver count MOE exceeds 50% of estimate,NA,NA,NA,48,Unavailable MOE or zero percentage,NA,NA,NA,40,Unavailable MOE or zero percentage,NA,NA,NA,154,Percentage MOE exceeds 50% of estimate,NA,NA,NA,114,Percentage MOE exceeds 50% of estimate,NA,NA,NA,593,Percentage MOE exceeds 50% of estimate,NA,NA,NA,749,Denominator below story-scale threshold,123
1328016,"Eulonia CDP, Georgia",986,98,72,0,0,0,0,72,26,373,51,36,14,14,14,14,36,46,72,0,Pass,98,0,Pass,73.46938775510205,0.5,FALSE,TRUE,FALSE,30.39784159558847,36,108,53.02152182949848,0,19.444444444444446,0,19.444444444444446,0,19.444444444444446,0,19.444444444444446,100,70.71067811865474,20.447865925603566,100,43.87513959154245,Percentage MOE exceeds 50% of estimate,0,19.444444444444446,NA,Unavailable MOE or zero percentage,0,19.444444444444446,NA,Unavailable MOE or zero percentage,0,19.444444444444446,NA,Unavailable MOE or zero percentage,0,19.444444444444446,NA,Unavailable MOE or zero percentage,29.28932188134526,100,42.989039851350206,Percentage MOE exceeds 50% of estimate,2024,2020-2024,ACS five-year,13,73.02231237322515,23.874167447864963,Denominator below story-scale threshold,3802,88.0688557338161,9,32038,Retained,NA,NA,NA,771,Percentage MOE exceeds 50% of estimate,NA,NA,NA,48,Unavailable MOE or zero percentage,NA,NA,NA,40,Unavailable MOE or zero percentage,NA,NA,NA,154,Unavailable MOE or zero percentage,NA,NA,NA,114,Unavailable MOE or zero percentage,NA,NA,NA,593,Percentage MOE exceeds 50% of estimate,NA,NA,NA,749,Denominator below story-scale threshold,124
1351670,"Milton city, Georgia",41546,410,71,0,3,26,0,42,339,49,139,61,30,7,33,30,40,130,71,0,Pass,410,0,Pass,17.317073170731707,0.8591549295774648,FALSE,TRUE,TRUE,52.23291091072948,10,132,13.670725996113688,0,42.25352112676056,4.225352112676056,9.16647974135817,36.61971830985916,34.21151106902084,0,42.25352112676056,59.154929577464785,24.30988981758206,3.6463471746180183,30.987799166845395,47.99431858137704,Percentage MOE exceeds 50% of estimate,0,42.25352112676056,NA,Unavailable MOE or zero percentage,0,13.391831854034226,131.89016760570217,Percentage MOE exceeds 50% of estimate,2.4082072408383226,70.83122937888,56.797602069037694,Percentage MOE exceeds 50% of estimate,0,42.25352112676056,NA,Unavailable MOE or zero percentage,34.845039759882724,83.46481939504685,24.984162272169463,Caregiver count MOE exceeds 50% of estimate,2024,2020-2024,ACS five-year,13,1.7089491166417947,1.4682506745158612,Percentage MOE exceeds 50% of estimate,3845,87.94712528871965,9,32038,Retained,NA,NA,NA,771,Percentage MOE exceeds 50% of estimate,NA,NA,NA,48,Unavailable MOE or zero percentage,NA,NA,NA,40,Percentage MOE exceeds 50% of estimate,NA,NA,NA,154,Percentage MOE exceeds 50% of estimate,NA,NA,NA,114,Unavailable MOE or zero percentage,NA,NA,NA,593,Caregiver count MOE exceeds 50% of estimate,NA,NA,NA,749,Percentage MOE exceeds 50% of estimate,125
1351492,"Milledgeville city, Georgia",16748,118,70,0,0,70,0,0,48,45,102,98,23,23,98,23,23,42,70,0,Pass,118,0,Pass,59.32203389830508,1.4,TRUE,TRUE,TRUE,85.11395646764771,0,168,65.32971919012402,0,32.857142857142854,0,32.857142857142854,100,197.98989873223331,0,32.857142857142854,0,32.857142857142854,0,100,66.95260849720819,Percentage MOE exceeds 50% of estimate,0,32.857142857142854,NA,Unavailable MOE or zero percentage,0,32.857142857142854,NA,Unavailable MOE or zero percentage,0,100,120.36931158378061,Percentage MOE exceeds 50% of estimate,0,32.857142857142854,NA,Unavailable MOE or zero percentage,0,32.857142857142854,NA,Unavailable MOE or zero percentage,2024,2020-2024,ACS five-year,13,4.179603534750418,5.851434172179215,Percentage MOE exceeds 50% of estimate,3880,87.82071290342718,9,32038,Retained,NA,NA,NA,771,Percentage MOE exceeds 50% of estimate,NA,NA,NA,48,Unavailable MOE or zero percentage,NA,NA,NA,40,Unavailable MOE or zero percentage,NA,NA,NA,154,Percentage MOE exceeds 50% of estimate,NA,NA,NA,114,Unavailable MOE or zero percentage,NA,NA,NA,593,Unavailable MOE or zero percentage,NA,NA,NA,749,Percentage MOE exceeds 50% of estimate,126
1353186,"Mountain Park CDP, Georgia",12850,538,70,0,0,0,21,49,468,1253,249,68,23,23,23,35,59,231,70,0,Pass,538,0,Pass,13.011152416356877,0.9714285714285714,FALSE,TRUE,TRUE,59.058663671429024,2,138,11.112668527531936,0,32.857142857142854,0,32.857142857142854,0,32.857142857142854,30,40.62873216765471,70,49.800417996770484,1.8984838888249413,24.123820943888813,51.9248605803023,Percentage MOE exceeds 50% of estimate,0,32.857142857142854,NA,Unavailable MOE or zero percentage,0,32.857142857142854,NA,Unavailable MOE or zero percentage,0,32.857142857142854,NA,Unavailable MOE or zero percentage,0,70.6287321676547,82.33505097746385,Percentage MOE exceeds 50% of estimate,20.199582003229516,100,43.25214907599778,Percentage MOE exceeds 50% of estimate,2024,2020-2024,ACS five-year,13,5.447470817120622,5.265101927556102,Percentage MOE exceeds 50% of estimate,3880,87.82071290342718,9,32038,Retained,NA,NA,NA,771,Percentage MOE exceeds 50% of estimate,NA,NA,NA,48,Unavailable MOE or zero percentage,NA,NA,NA,40,Unavailable MOE or zero percentage,NA,NA,NA,154,Unavailable MOE or zero percentage,NA,NA,NA,114,Percentage MOE exceeds 50% of estimate,NA,NA,NA,593,Percentage MOE exceeds 50% of estimate,NA,NA,NA,749,Percentage MOE exceeds 50% of estimate,126
1355468,"Nicholson city, Georgia",2335,168,65,0,0,6,0,59,103,688,114,60,14,14,10,14,59,92,65,0,Pass,168,0,Pass,38.69047619047619,0.9230769230769231,FALSE,TRUE,TRUE,56.11909217647102,5,125,24.212072850521484,0,21.53846153846154,0,21.53846153846154,9.230769230769232,12.80952343454183,0,21.53846153846154,90.76923076923077,34.9112426035503,14.478403339954706,62.90254904099767,38.0452673462917,Percentage MOE exceeds 50% of estimate,0,21.53846153846154,NA,Unavailable MOE or zero percentage,0,21.53846153846154,NA,Unavailable MOE or zero percentage,0,22.040292665311064,84.36607059360585,Percentage MOE exceeds 50% of estimate,0,21.53846153846154,NA,Unavailable MOE or zero percentage,55.857988165680474,100,23.382955073529594,Caregiver count MOE exceeds 50% of estimate,2024,2020-2024,ACS five-year,13,27.837259100642395,24.351704898017704,Percentage MOE exceeds 50% of estimate,4113,87.08720893938448,9,32038,Retained,NA,NA,NA,771,Percentage MOE exceeds 50% of estimate,NA,NA,NA,48,Unavailable MOE or zero percentage,NA,NA,NA,40,Unavailable MOE or zero percentage,NA,NA,NA,154,Percentage MOE exceeds 50% of estimate,NA,NA,NA,114,Unavailable MOE or zero percentage,NA,NA,NA,593,Caregiver count MOE exceeds 50% of estimate,NA,NA,NA,749,Percentage MOE exceeds 50% of estimate,128
1379388,"Vidalia city, Georgia",10752,323,65,0,0,0,0,65,258,111,196,75,23,23,23,23,75,188,65,0,Pass,323,0,Pass,20.123839009287924,1.1538461538461537,TRUE,TRUE,TRUE,70.14886522058877,0,140,19.74948660054173,0,35.38461538461539,0,35.38461538461539,0,35.38461538461539,0,35.38461538461539,100,163.17848796612634,0.37435240874619424,39.87332560982965,59.66473544142186,Percentage MOE exceeds 50% of estimate,0,35.38461538461539,NA,Unavailable MOE or zero percentage,0,35.38461538461539,NA,Unavailable MOE or zero percentage,0,35.38461538461539,NA,Unavailable MOE or zero percentage,0,35.38461538461539,NA,Unavailable MOE or zero percentage,0,100,99.20547658003896,Percentage MOE exceeds 50% of estimate,2024,2020-2024,ACS five-year,13,6.045386904761905,6.975167224121038,Percentage MOE exceeds 50% of estimate,4113,87.08720893938448,9,32038,Retained,NA,NA,NA,771,Percentage MOE exceeds 50% of estimate,NA,NA,NA,48,Unavailable MOE or zero percentage,NA,NA,NA,40,Unavailable MOE or zero percentage,NA,NA,NA,154,Unavailable MOE or zero percentage,NA,NA,NA,114,Unavailable MOE or zero percentage,NA,NA,NA,593,Percentage MOE exceeds 50% of estimate,NA,NA,NA,749,Percentage MOE exceeds 50% of estimate,128
1384456,"Wrens city, Georgia",2187,88,64,0,0,0,0,64,24,553,103,97,14,14,14,14,97,30,64,0,Pass,88,0,Pass,72.72727272727273,1.515625,TRUE,TRUE,TRUE,92.14345733662755,0,161,70.02829360283262,0,21.875,0,21.875,0,21.875,0,21.875,100,214.34174304717223,2.6989791244401147,100,58.53949684407735,Percentage MOE exceeds 50% of estimate,0,21.875,NA,Unavailable MOE or zero percentage,0,21.875,NA,Unavailable MOE or zero percentage,0,21.875,NA,Unavailable MOE or zero percentage,0,21.875,NA,Unavailable MOE or zero percentage,0,100,130.31052704940535,Percentage MOE exceeds 50% of estimate,2024,2020-2024,ACS five-year,13,29.263831732967535,43.7313875873581,Denominator below story-scale threshold,4163,86.94362944003996,9,32038,Retained,NA,NA,NA,771,Percentage MOE exceeds 50% of estimate,NA,NA,NA,48,Unavailable MOE or zero percentage,NA,NA,NA,40,Unavailable MOE or zero percentage,NA,NA,NA,154,Unavailable MOE or zero percentage,NA,NA,NA,114,Unavailable MOE or zero percentage,NA,NA,NA,593,Percentage MOE exceeds 50% of estimate,NA,NA,NA,749,Denominator below story-scale threshold,130
1374180,"Sugar Hill city, Georgia",26128,507,63,0,29,1,8,25,444,39,224,71,27,48,11,12,44,204,63,0,Pass,507,0,Pass,12.42603550295858,1.126984126984127,TRUE,TRUE,TRUE,68.5157699456121,0,134,12.882947136494058,0,42.857142857142854,46.03174603174603,55.80108103562886,1.5873015873015872,17.36843840132713,12.698412698412698,12.570189308973179,39.682539682539684,53.644963897449706,0,25.308982639452637,63.031171325117334,Percentage MOE exceeds 50% of estimate,0,42.857142857142854,NA,Unavailable MOE or zero percentage,0,100,73.6983742052203,Percentage MOE exceeds 50% of estimate,0,18.955739988628718,665.2334295007103,Percentage MOE exceeds 50% of estimate,0.12822338943951905,25.268602007385876,60.18179319191441,Percentage MOE exceeds 50% of estimate,0,93.32750357998938,82.18683219376922,Percentage MOE exceeds 50% of estimate,2024,2020-2024,ACS five-year,13,2.4112063686466625,2.7173889209109365,Percentage MOE exceeds 50% of estimate,4205,86.79224670703539,9,32038,Retained,NA,NA,NA,771,Percentage MOE exceeds 50% of estimate,NA,NA,NA,48,Unavailable MOE or zero percentage,NA,NA,NA,40,Percentage MOE exceeds 50% of estimate,NA,NA,NA,154,Percentage MOE exceeds 50% of estimate,NA,NA,NA,114,Percentage MOE exceeds 50% of estimate,NA,NA,NA,593,Percentage MOE exceeds 50% of estimate,NA,NA,NA,749,Percentage MOE exceeds 50% of estimate,131
1344900,"Lakeview CDP, Georgia",4723,94,62,0,0,11,0,51,32,740,84,75,14,14,18,14,73,38,62,0,Pass,94,0,Pass,65.95744680851064,1.2096774193548387,TRUE,TRUE,TRUE,73.54316515061727,0,137,53.77729014988832,0,22.58064516129032,0,22.58064516129032,17.741935483870968,19.551310962101695,0,22.58064516129032,82.25806451612904,62.94262801106252,12.180156658622316,100,49.56873337326861,Percentage MOE exceeds 50% of estimate,0,22.58064516129032,NA,Unavailable MOE or zero percentage,0,22.58064516129032,NA,Unavailable MOE or zero percentage,0,37.29324644597266,66.99580822535945,Percentage MOE exceeds 50% of estimate,0,22.58064516129032,NA,Unavailable MOE or zero percentage,19.315436505066522,100,46.51993812752954,Percentage MOE exceeds 50% of estimate,2024,2020-2024,ACS five-year,13,13.127249629472793,15.745974849302225,Denominator below story-scale threshold,4260,86.62213621324678,9,32038,Retained,NA,NA,NA,771,Percentage MOE exceeds 50% of estimate,NA,NA,NA,48,Unavailable MOE or zero percentage,NA,NA,NA,40,Unavailable MOE or zero percentage,NA,NA,NA,154,Percentage MOE exceeds 50% of estimate,NA,NA,NA,114,Unavailable MOE or zero percentage,NA,NA,NA,593,Percentage MOE exceeds 50% of estimate,NA,NA,NA,749,Denominator below story-scale threshold,132
1346860,"Lithonia city, Georgia",2622,62,62,0,22,25,0,15,0,22,51,51,14,30,33,14,19,14,62,0,Pass,62,0,Pass,100,0.8225806451612904,FALSE,TRUE,TRUE,50.00935230241974,11,113,116.33047045327072,0,22.58064516129032,35.483870967741936,38.59211866115695,40.32258064516129,41.62730047199525,0,22.58064516129032,24.193548387096776,23.303869903686035,0,100,70.72390427157616,Percentage MOE exceeds 50% of estimate,0,22.58064516129032,NA,Unavailable MOE or zero percentage,0,74.0759896288989,66.1211461943638,Percentage MOE exceeds 50% of estimate,0,81.94988111715654,62.76285225566397,Percentage MOE exceeds 50% of estimate,0,22.58064516129032,NA,Unavailable MOE or zero percentage,0.8896784834107407,47.49741829078281,58.5600205941065,Percentage MOE exceeds 50% of estimate,2024,2020-2024,ACS five-year,13,23.64607170099161,19.44978900552732,Denominator below story-scale threshold,4260,86.62213621324678,9,32038,Retained,NA,NA,NA,771,Percentage MOE exceeds 50% of estimate,NA,NA,NA,48,Unavailable MOE or zero percentage,NA,NA,NA,40,Percentage MOE exceeds 50% of estimate,NA,NA,NA,154,Percentage MOE exceeds 50% of estimate,NA,NA,NA,114,Unavailable MOE or zero percentage,NA,NA,NA,593,Percentage MOE exceeds 50% of estimate,NA,NA,NA,749,Denominator below story-scale threshold,132
1369868,"Shannon CDP, Georgia",2012,62,62,2,0,60,0,0,0,541,103,103,10,14,103,14,14,14,62,0,Pass,62,0,Pass,100,1.6612903225806452,TRUE,TRUE,TRUE,100.99928014018104,0,165,234.94193052327228,3.225806451612903,15.212718015815549,0,22.58064516129032,96.7741935483871,41.85513614039464,0,22.58064516129032,0,22.58064516129032,0,100,142.83455176416365,Percentage MOE exceeds 50% of estimate,0,18.43852446742845,286.70895133953195,Percentage MOE exceeds 50% of estimate,0,22.58064516129032,NA,Unavailable MOE or zero percentage,54.91905740799246,100,26.294319832721797,Caregiver count MOE exceeds 50% of estimate,0,22.58064516129032,NA,Unavailable MOE or zero percentage,0,22.58064516129032,NA,Unavailable MOE or zero percentage,2024,2020-2024,ACS five-year,13,30.815109343936385,50.51784975179118,Denominator below story-scale threshold,4260,86.62213621324678,9,32038,Retained,NA,NA,NA,771,Percentage MOE exceeds 50% of estimate,NA,NA,NA,48,Percentage MOE exceeds 50% of estimate,NA,NA,NA,40,Unavailable MOE or zero percentage,NA,NA,NA,154,Caregiver count MOE exceeds 50% of estimate,NA,NA,NA,114,Unavailable MOE or zero percentage,NA,NA,NA,593,Unavailable MOE or zero percentage,NA,NA,NA,749,Denominator below story-scale threshold,132
1344592,"Lakeland city, Georgia",2968,110,61,0,61,0,0,0,49,13,62,59,14,59,14,14,14,59,61,0,Pass,110,0,Pass,55.45454545454545,0.9672131147540983,FALSE,TRUE,TRUE,58.80238210294163,2,120,43.58795210856447,0,22.950819672131146,100,136.78459045903708,0,22.950819672131146,0,22.950819672131146,0,22.950819672131146,11.86659334598098,99.04249756310992,47.78615180457256,Percentage MOE exceeds 50% of estimate,0,22.950819672131146,NA,Unavailable MOE or zero percentage,0,100,83.15912626982502,Percentage MOE exceeds 50% of estimate,0,22.950819672131146,NA,Unavailable MOE or zero percentage,0,22.950819672131146,NA,Unavailable MOE or zero percentage,0,22.950819672131146,NA,Unavailable MOE or zero percentage,2024,2020-2024,ACS five-year,13,20.55256064690027,19.87850236626958,Percentage MOE exceeds 50% of estimate,4314,86.45670765965416,9,32038,Retained,NA,NA,NA,771,Percentage MOE exceeds 50% of estimate,NA,NA,NA,48,Unavailable MOE or zero percentage,NA,NA,NA,40,Percentage MOE exceeds 50% of estimate,NA,NA,NA,154,Unavailable MOE or zero percentage,NA,NA,NA,114,Unavailable MOE or zero percentage,NA,NA,NA,593,Unavailable MOE or zero percentage,NA,NA,NA,749,Percentage MOE exceeds 50% of estimate,135
1332748,"Gibson city, Georgia",990,79,60,0,0,0,11,49,19,241,49,48,14,14,14,13,48,30,60,0,Pass,79,0,Pass,75.9493670886076,0.8,FALSE,TRUE,TRUE,48.63654655294155,12,108,38.37405277150624,0,23.333333333333332,0,23.333333333333332,0,23.333333333333332,18.333333333333332,15.947831618540913,81.66666666666667,46.16877251514876,37.57531431710136,100,30.717527274930315,Percentage MOE exceeds 50% of estimate,0,23.333333333333332,NA,Unavailable MOE or zero percentage,0,23.333333333333332,NA,Unavailable MOE or zero percentage,0,23.333333333333332,NA,Unavailable MOE or zero percentage,2.3855017147924187,34.281164951874246,52.885053745475346,Percentage MOE exceeds 50% of estimate,35.49789415151791,100,34.3697395978347,Percentage MOE exceeds 50% of estimate,2024,2020-2024,ACS five-year,13,60.60606060606061,46.185624611949585,Denominator below story-scale threshold,4366,86.29752169298958,9,32038,Retained,NA,NA,NA,771,Percentage MOE exceeds 50% of estimate,NA,NA,NA,48,Unavailable MOE or zero percentage,NA,NA,NA,40,Unavailable MOE or zero percentage,NA,NA,NA,154,Unavailable MOE or zero percentage,NA,NA,NA,114,Percentage MOE exceeds 50% of estimate,NA,NA,NA,593,Percentage MOE exceeds 50% of estimate,NA,NA,NA,749,Denominator below story-scale threshold,136
1306884,"Belvedere Park CDP, Georgia",14181,236,59,23,0,16,14,6,177,1112,123,50,34,23,27,23,15,117,59,0,Pass,236,0,Pass,25,0.847457627118644,FALSE,TRUE,TRUE,51.52176541625164,9,109,16.706082795927127,38.983050847457626,47.217322492872874,0,38.983050847457626,27.11864406779661,39.5734505575282,23.728813559322035,33.39610419279987,10.16949152542373,23.918452892349183,8.293917204072873,41.70608279592713,40.626308681070284,Percentage MOE exceeds 50% of estimate,0,86.2003733403305,73.63737103709896,Percentage MOE exceeds 50% of estimate,0,38.983050847457626,NA,Unavailable MOE or zero percentage,0,66.69209462532481,88.71737675609633,Percentage MOE exceeds 50% of estimate,0,57.1249177521219,85.564285177982,Percentage MOE exceeds 50% of estimate,0,34.08794441777292,142.99030397252446,Percentage MOE exceeds 50% of estimate,2024,2020-2024,ACS five-year,13,4.160496438897116,3.510718387362779,Percentage MOE exceeds 50% of estimate,4416,86.13365378612897,9,32038,Retained,NA,NA,NA,771,Percentage MOE exceeds 50% of estimate,NA,NA,NA,48,Percentage MOE exceeds 50% of estimate,NA,NA,NA,40,Unavailable MOE or zero percentage,NA,NA,NA,154,Percentage MOE exceeds 50% of estimate,NA,NA,NA,114,Percentage MOE exceeds 50% of estimate,NA,NA,NA,593,Percentage MOE exceeds 50% of estimate,NA,NA,NA,749,Percentage MOE exceeds 50% of estimate,137
1312624,"Camilla city, Georgia",5124,185,59,0,0,36,0,23,126,28,115,63,20,20,51,20,25,85,59,0,Pass,185,0,Pass,31.891891891891895,1.0677966101694916,TRUE,TRUE,TRUE,64.91742442447708,0,122,27.68863090850348,0,33.89830508474576,0,33.89830508474576,61.016949152542374,56.806577923124415,0,33.89830508474576,38.983050847457626,7.920841717348084,4.2032609833884145,59.58052280039537,52.78298441550836,Percentage MOE exceeds 50% of estimate,0,33.89830508474576,NA,Unavailable MOE or zero percentage,0,33.89830508474576,NA,Unavailable MOE or zero percentage,4.210371229417959,100,56.60058004465597,Percentage MOE exceeds 50% of estimate,0,33.89830508474576,NA,Unavailable MOE or zero percentage,31.062209130109544,46.90389256480571,12.352880885072073,Caregiver count MOE exceeds 50% of estimate,2024,2020-2024,ACS five-year,13,11.514441842310696,12.294920967530047,Percentage MOE exceeds 50% of estimate,4416,86.13365378612897,9,32038,Retained,NA,NA,NA,771,Percentage MOE exceeds 50% of estimate,NA,NA,NA,48,Unavailable MOE or zero percentage,NA,NA,NA,40,Unavailable MOE or zero percentage,NA,NA,NA,154,Percentage MOE exceeds 50% of estimate,NA,NA,NA,114,Unavailable MOE or zero percentage,NA,NA,NA,593,Caregiver count MOE exceeds 50% of estimate,NA,NA,NA,749,Percentage MOE exceeds 50% of estimate,137
1317328,"Cochran city, Georgia",4803,71,59,0,0,18,10,31,12,25,66,65,14,14,26,15,51,12,59,0,Pass,71,0,Pass,83.09859154929578,1.1016949152542372,TRUE,TRUE,TRUE,66.97829504112713,0,124,49.134913603957685,0,23.728813559322035,0,23.728813559322035,30.508474576271187,28.50033810610811,16.94915254237288,17.253773708458517,52.54237288135594,64.19688925685757,33.96367794533809,100,35.94754839280277,Percentage MOE exceeds 50% of estimate,0,23.728813559322035,NA,Unavailable MOE or zero percentage,0,23.728813559322035,NA,Unavailable MOE or zero percentage,2.008136470163077,59.0088126823793,56.79397447449011,Percentage MOE exceeds 50% of estimate,0,34.202926250831396,61.88834265367043,Percentage MOE exceeds 50% of estimate,0,100,74.28088087936128,Percentage MOE exceeds 50% of estimate,2024,2020-2024,ACS five-year,13,12.283989173433271,13.533057366757859,Denominator below story-scale threshold,4416,86.13365378612897,9,32038,Retained,NA,NA,NA,771,Percentage MOE exceeds 50% of estimate,NA,NA,NA,48,Unavailable MOE or zero percentage,NA,NA,NA,40,Unavailable MOE or zero percentage,NA,NA,NA,154,Percentage MOE exceeds 50% of estimate,NA,NA,NA,114,Percentage MOE exceeds 50% of estimate,NA,NA,NA,593,Percentage MOE exceeds 50% of estimate,NA,NA,NA,749,Denominator below story-scale threshold,137
1328440,"Fairfield Plantation CDP, Georgia",6172,111,59,35,24,0,0,0,52,1025,88,68,54,41,20,20,20,34,59,0,Pass,111,0,Pass,53.153153153153156,1.152542372881356,TRUE,TRUE,TRUE,70.06960096610224,0,127,44.46582961172636,59.32203389830508,60.846429490002286,40.67796610169492,51.29375162041138,0,33.89830508474576,0,33.89830508474576,0,33.89830508474576,8.687323541426792,97.61898276487952,50.85926853893527,Percentage MOE exceeds 50% of estimate,0,100,62.35794708134842,Percentage MOE exceeds 50% of estimate,0,91.97171772210629,76.66161738286894,Percentage MOE exceeds 50% of estimate,0,33.89830508474576,NA,Unavailable MOE or zero percentage,0,33.89830508474576,NA,Unavailable MOE or zero percentage,0,33.89830508474576,NA,Unavailable MOE or zero percentage,2024,2020-2024,ACS five-year,13,9.559300064808815,10.902522398977862,Percentage MOE exceeds 50% of estimate,4416,86.13365378612897,9,32038,Retained,NA,NA,NA,771,Percentage MOE exceeds 50% of estimate,NA,NA,NA,48,Percentage MOE exceeds 50% of estimate,NA,NA,NA,40,Percentage MOE exceeds 50% of estimate,NA,NA,NA,154,Unavailable MOE or zero percentage,NA,NA,NA,114,Unavailable MOE or zero percentage,NA,NA,NA,593,Unavailable MOE or zero percentage,NA,NA,NA,749,Percentage MOE exceeds 50% of estimate,137
1330424,"Folkston city, Georgia",4631,189,59,0,0,0,25,34,130,14,106,65,14,14,14,41,52,104,59,0,Pass,189,0,Pass,31.216931216931215,1.1016949152542372,TRUE,TRUE,TRUE,66.97829504112713,0,124,29.601533360579968,0,23.728813559322035,0,23.728813559322035,0,23.728813559322035,42.3728813559322,51.47683079017003,57.6271186440678,61.1328036335134,1.6153978563512474,60.81846457751118,57.64965914352261,Percentage MOE exceeds 50% of estimate,0,23.728813559322035,NA,Unavailable MOE or zero percentage,0,23.728813559322035,NA,Unavailable MOE or zero percentage,0,23.728813559322035,NA,Unavailable MOE or zero percentage,0,93.84971214610223,73.85783067515798,Percentage MOE exceeds 50% of estimate,0,100,64.49412446329387,Percentage MOE exceeds 50% of estimate,2024,2020-2024,ACS five-year,13,12.740228892247895,14.035792546064807,Percentage MOE exceeds 50% of estimate,4416,86.13365378612897,9,32038,Retained,NA,NA,NA,771,Percentage MOE exceeds 50% of estimate,NA,NA,NA,48,Unavailable MOE or zero percentage,NA,NA,NA,40,Unavailable MOE or zero percentage,NA,NA,NA,154,Unavailable MOE or zero percentage,NA,NA,NA,114,Percentage MOE exceeds 50% of estimate,NA,NA,NA,593,Percentage MOE exceeds 50% of estimate,NA,NA,NA,749,Percentage MOE exceeds 50% of estimate,137
1355776,"Norcross city, Georgia",18007,447,59,0,0,0,0,59,388,43,289,94,23,23,23,23,94,269,59,0,Pass,447,0,Pass,13.19910514541387,1.5932203389830508,TRUE,TRUE,TRUE,96.86091898255309,0,153,19.219759265350337,0,38.983050847457626,0,38.983050847457626,0,38.983050847457626,0,38.983050847457626,100,225.31538112384902,0,32.41886441076421,88.52709198342309,Percentage MOE exceeds 50% of estimate,0,38.983050847457626,NA,Unavailable MOE or zero percentage,0,38.983050847457626,NA,Unavailable MOE or zero percentage,0,38.983050847457626,NA,Unavailable MOE or zero percentage,0,38.983050847457626,NA,Unavailable MOE or zero percentage,0,100,136.98202528904812,Percentage MOE exceeds 50% of estimate,2024,2020-2024,ACS five-year,13,3.2765035819403567,5.220186283967063,Percentage MOE exceeds 50% of estimate,4416,86.13365378612897,9,32038,Retained,NA,NA,NA,771,Percentage MOE exceeds 50% of estimate,NA,NA,NA,48,Unavailable MOE or zero percentage,NA,NA,NA,40,Unavailable MOE or zero percentage,NA,NA,NA,154,Unavailable MOE or zero percentage,NA,NA,NA,114,Unavailable MOE or zero percentage,NA,NA,NA,593,Percentage MOE exceeds 50% of estimate,NA,NA,NA,749,Percentage MOE exceeds 50% of estimate,137
1334876,"Greensboro city, Georgia",3609,153,58,0,0,0,58,0,95,14,128,94,14,14,14,94,14,86,58,0,Pass,153,0,Pass,37.908496732026144,1.6206896551724137,TRUE,TRUE,TRUE,98.53093482707986,0,152,52.61957723052748,0,24.137931034482758,0,24.137931034482758,0,24.137931034482758,100,229.20012907426025,0,24.137931034482758,0,90.52807396255363,84.38855198017325,Percentage MOE exceeds 50% of estimate,0,24.137931034482758,NA,Unavailable MOE or zero percentage,0,24.137931034482758,NA,Unavailable MOE or zero percentage,0,24.137931034482758,NA,Unavailable MOE or zero percentage,0,100,139.3437843457559,Percentage MOE exceeds 50% of estimate,0,24.137931034482758,NA,Unavailable MOE or zero percentage,2024,2020-2024,ACS five-year,13,16.070933776669435,26.04592151129955,Percentage MOE exceeds 50% of estimate,4471,85.98227105312442,9,32038,Retained,NA,NA,NA,771,Percentage MOE exceeds 50% of estimate,NA,NA,NA,48,Unavailable MOE or zero percentage,NA,NA,NA,40,Unavailable MOE or zero percentage,NA,NA,NA,154,Unavailable MOE or zero percentage,NA,NA,NA,114,Percentage MOE exceeds 50% of estimate,NA,NA,NA,593,Unavailable MOE or zero percentage,NA,NA,NA,749,Percentage MOE exceeds 50% of estimate,143
1346832,"Lithia Springs CDP, Georgia",16875,187,58,51,0,0,0,7,129,1516,187,74,69,23,23,23,18,128,58,0,Pass,187,0,Pass,31.016042780748666,1.2758620689655173,TRUE,TRUE,TRUE,77.56690614046713,0,132,24.575669076098514,87.93103448275862,39.58125519147738,0,39.6551724137931,0,39.6551724137931,0,39.6551724137931,12.068965517241379,26.944951096983573,6.440373704650153,55.59171185684718,48.17167044562687,Percentage MOE exceeds 50% of estimate,48.34977929128124,100,27.366554539990357,Caregiver count MOE exceeds 50% of estimate,0,39.6551724137931,NA,Unavailable MOE or zero percentage,0,39.6551724137931,NA,Unavailable MOE or zero percentage,0,39.6551724137931,NA,Unavailable MOE or zero percentage,0,39.013916614224954,135.73132744092882,Percentage MOE exceeds 50% of estimate,2024,2020-2024,ACS five-year,13,3.437037037037037,4.374300881827749,Percentage MOE exceeds 50% of estimate,4471,85.98227105312442,9,32038,Retained,NA,NA,NA,771,Percentage MOE exceeds 50% of estimate,NA,NA,NA,48,Caregiver count MOE exceeds 50% of estimate,NA,NA,NA,40,Unavailable MOE or zero percentage,NA,NA,NA,154,Unavailable MOE or zero percentage,NA,NA,NA,114,Unavailable MOE or zero percentage,NA,NA,NA,593,Percentage MOE exceeds 50% of estimate,NA,NA,NA,749,Percentage MOE exceeds 50% of estimate,143
1380704,"Washington city, Georgia",3680,129,58,0,5,0,0,53,71,20,77,48,14,24,14,14,40,75,58,0,Pass,129,0,Pass,44.96124031007752,0.8275862068965517,FALSE,TRUE,TRUE,50.313668847870574,10,106,25.773822486016268,0,24.137931034482758,8.620689655172415,40.75963906897227,0,24.137931034482758,0,24.137931034482758,91.37931034482759,102.34877034207327,19.187417824061253,70.73506279609379,34.850843430452855,Percentage MOE exceeds 50% of estimate,0,24.137931034482758,NA,Unavailable MOE or zero percentage,0,49.38032872414468,287.4491720435789,Percentage MOE exceeds 50% of estimate,0,24.137931034482758,NA,Unavailable MOE or zero percentage,0,24.137931034482758,NA,Unavailable MOE or zero percentage,0,100,68.09378833395213,Percentage MOE exceeds 50% of estimate,2024,2020-2024,ACS five-year,13,15.76086956521739,13.043197002165217,Percentage MOE exceeds 50% of estimate,4471,85.98227105312442,9,32038,Retained,NA,NA,NA,771,Percentage MOE exceeds 50% of estimate,NA,NA,NA,48,Unavailable MOE or zero percentage,NA,NA,NA,40,Percentage MOE exceeds 50% of estimate,NA,NA,NA,154,Unavailable MOE or zero percentage,NA,NA,NA,114,Unavailable MOE or zero percentage,NA,NA,NA,593,Percentage MOE exceeds 50% of estimate,NA,NA,NA,749,Percentage MOE exceeds 50% of estimate,143
1324376,"Dublin city, Georgia",16136,337,57,10,0,8,13,26,280,29,119,48,17,23,13,23,31,106,57,0,Pass,337,0,Pass,16.913946587537094,0.8421052631578947,FALSE,TRUE,TRUE,51.19636479257005,9,105,12.930604947251052,17.543859649122805,25.90829962506066,0,40.35087719298245,14.035087719298245,19.505660364060578,22.807017543859647,35.48698818036098,45.614035087719294,38.50149787890778,3.983341640286042,29.844551534788145,46.477914410737824,Percentage MOE exceeds 50% of estimate,0,43.452159274183465,89.78142823355476,Percentage MOE exceeds 50% of estimate,0,40.35087719298245,NA,Unavailable MOE or zero percentage,0,33.54074808335882,84.49252128987884,Percentage MOE exceeds 50% of estimate,0,58.294005724220625,94.59613413605325,Percentage MOE exceeds 50% of estimate,7.112537208811517,84.11553296662707,51.315891324467444,Percentage MOE exceeds 50% of estimate,2024,2020-2024,ACS five-year,13,3.5324739712444226,2.974708148496179,Percentage MOE exceeds 50% of estimate,4513,85.82152443972782,9,32038,Retained,NA,NA,NA,771,Percentage MOE exceeds 50% of estimate,NA,NA,NA,48,Percentage MOE exceeds 50% of estimate,NA,NA,NA,40,Unavailable MOE or zero percentage,NA,NA,NA,154,Percentage MOE exceeds 50% of estimate,NA,NA,NA,114,Percentage MOE exceeds 50% of estimate,NA,NA,NA,593,Percentage MOE exceeds 50% of estimate,NA,NA,NA,749,Percentage MOE exceeds 50% of estimate,146
1336416,"Hannahs Mill CDP, Georgia",3230,86,57,0,0,0,51,6,29,618,90,66,14,14,14,64,10,41,57,0,Pass,86,0,Pass,66.27906976744185,1.1578947368421053,TRUE,TRUE,TRUE,70.39500158978383,0,123,32.8421742103876,0,24.561403508771928,0,24.561403508771928,0,24.561403508771928,89.47368421052632,43.2870234682647,10.526315789473683,12.618666892599457,33.43689555705426,99.12124397782945,30.125082105255842,Caregiver count MOE exceeds 50% of estimate,0,24.561403508771928,NA,Unavailable MOE or zero percentage,0,24.561403508771928,NA,Unavailable MOE or zero percentage,0,24.561403508771928,NA,Unavailable MOE or zero percentage,46.186660742261616,100,29.412717138969164,Caregiver count MOE exceeds 50% of estimate,0,23.14498268207314,72.88024509625964,Percentage MOE exceeds 50% of estimate,2024,2020-2024,ACS five-year,13,17.647058823529413,20.152543781306143,Denominator below story-scale threshold,4513,85.82152443972782,9,32038,Retained,NA,NA,NA,771,Caregiver count MOE exceeds 50% of estimate,NA,NA,NA,48,Unavailable MOE or zero percentage,NA,NA,NA,40,Unavailable MOE or zero percentage,NA,NA,NA,154,Unavailable MOE or zero percentage,NA,NA,NA,114,Caregiver count MOE exceeds 50% of estimate,NA,NA,NA,593,Percentage MOE exceeds 50% of estimate,NA,NA,NA,749,Denominator below story-scale threshold,146
1379612,"Vinings CDP, Georgia",14390,129,57,0,0,0,57,0,72,1402,140,77,23,23,23,77,23,114,57,0,Pass,129,0,Pass,44.18604651162791,1.3508771929824561,TRUE,TRUE,TRUE,82.12750185474779,0,134,35.54314587646284,0,40.35087719298245,0,40.35087719298245,0,40.35087719298245,100,191.04288474162863,0,40.35087719298245,8.64290063516507,79.72919238809075,48.903896295736075,Percentage MOE exceeds 50% of estimate,0,40.35087719298245,NA,Unavailable MOE or zero percentage,0,40.35087719298245,NA,Unavailable MOE or zero percentage,0,40.35087719298245,NA,Unavailable MOE or zero percentage,0,100,116.14582696680584,Percentage MOE exceeds 50% of estimate,0,40.35087719298245,NA,Unavailable MOE or zero percentage,2024,2020-2024,ACS five-year,13,3.9610840861709526,5.337003102344906,Percentage MOE exceeds 50% of estimate,4513,85.82152443972782,9,32038,Retained,NA,NA,NA,771,Percentage MOE exceeds 50% of estimate,NA,NA,NA,48,Unavailable MOE or zero percentage,NA,NA,NA,40,Unavailable MOE or zero percentage,NA,NA,NA,154,Unavailable MOE or zero percentage,NA,NA,NA,114,Percentage MOE exceeds 50% of estimate,NA,NA,NA,593,Unavailable MOE or zero percentage,NA,NA,NA,749,Percentage MOE exceeds 50% of estimate,146
1320064,"Covington city, Georgia",14584,155,56,0,5,0,0,51,99,30,96,61,23,24,23,23,60,75,56,0,Pass,155,0,Pass,36.12903225806451,1.0892857142857142,TRUE,TRUE,TRUE,66.22386919038915,0,117,32.37417230031206,0,41.07142857142857,8.928571428571429,41.739000743762134,0,41.07142857142857,0,41.07142857142857,91.07142857142857,40.477093450079806,3.7548599577524513,68.50320455837658,54.47723893315785,Percentage MOE exceeds 50% of estimate,0,41.07142857142857,NA,Unavailable MOE or zero percentage,0,50.667572172333564,284.20571938461484,Percentage MOE exceeds 50% of estimate,0,41.07142857142857,NA,Unavailable MOE or zero percentage,0,41.07142857142857,NA,Unavailable MOE or zero percentage,50.59433512134876,100,27.02090643017256,Caregiver count MOE exceeds 50% of estimate,2024,2020-2024,ACS five-year,13,3.8398244651673066,4.182658477155201,Percentage MOE exceeds 50% of estimate,4574,85.64205006554717,9,32038,Retained,NA,NA,NA,771,Percentage MOE exceeds 50% of estimate,NA,NA,NA,48,Unavailable MOE or zero percentage,NA,NA,NA,40,Percentage MOE exceeds 50% of estimate,NA,NA,NA,154,Unavailable MOE or zero percentage,NA,NA,NA,114,Unavailable MOE or zero percentage,NA,NA,NA,593,Caregiver count MOE exceeds 50% of estimate,NA,NA,NA,749,Percentage MOE exceeds 50% of estimate,149
1322388,"Denton city, Georgia",222,56,56,0,0,0,0,56,0,188,74,74,14,14,14,14,74,14,56,0,Pass,56,0,Pass,100,1.3214285714285714,TRUE,TRUE,TRUE,80.33715278834096,0,130,186.87822074215902,0,25,0,25,0,25,0,25,100,186.87822074215902,0,100,113.6138910357113,Percentage MOE exceeds 50% of estimate,0,25,NA,Unavailable MOE or zero percentage,0,25,NA,Unavailable MOE or zero percentage,0,25,NA,Unavailable MOE or zero percentage,0,25,NA,Unavailable MOE or zero percentage,0,100,113.6138910357113,Percentage MOE exceeds 50% of estimate,2024,2020-2024,ACS five-year,13,252.25225225225222,255.8867396188333,Denominator below story-scale threshold,4574,85.64205006554717,9,32038,Retained,NA,NA,NA,771,Percentage MOE exceeds 50% of estimate,NA,NA,NA,48,Unavailable MOE or zero percentage,NA,NA,NA,40,Unavailable MOE or zero percentage,NA,NA,NA,154,Unavailable MOE or zero percentage,NA,NA,NA,114,Unavailable MOE or zero percentage,NA,NA,NA,593,Percentage MOE exceeds 50% of estimate,NA,NA,NA,749,Denominator below story-scale threshold,149
1305344,"Barnesville city, Georgia",6121,73,54,0,0,27,27,0,19,21,63,59,20,20,41,44,20,21,54,0,Pass,73,0,Pass,73.97260273972603,1.0925925925925926,TRUE,TRUE,TRUE,66.42491311628591,0,113,49.565283229396925,0,37.03703703703704,0,37.03703703703704,50,52.729022314458696,50,60.45523460335344,0,37.03703703703704,24.407319510329103,100,40.736098837807795,Percentage MOE exceeds 50% of estimate,0,37.03703703703704,NA,Unavailable MOE or zero percentage,0,37.03703703703704,NA,Unavailable MOE or zero percentage,0,100,64.1139387122066,Percentage MOE exceeds 50% of estimate,0,100,73.50834580387506,Percentage MOE exceeds 50% of estimate,0,37.03703703703704,NA,Unavailable MOE or zero percentage,2024,2020-2024,ACS five-year,13,8.822087894134945,9.63890036415735,Denominator below story-scale threshold,4676,85.31119295836194,9,32038,Retained,NA,NA,NA,771,Percentage MOE exceeds 50% of estimate,NA,NA,NA,48,Unavailable MOE or zero percentage,NA,NA,NA,40,Unavailable MOE or zero percentage,NA,NA,NA,154,Percentage MOE exceeds 50% of estimate,NA,NA,NA,114,Percentage MOE exceeds 50% of estimate,NA,NA,NA,593,Unavailable MOE or zero percentage,NA,NA,NA,749,Denominator below story-scale threshold,151
1340812,"Ideal city, Georgia",718,64,54,36,0,0,7,11,10,256,60,58,52,14,14,11,16,14,54,0,Pass,64,0,Pass,84.375,1.0740740740740742,TRUE,TRUE,TRUE,65.29906713126412,0,112,44.22480565314667,66.66666666666666,64.38718424891505,0,25.925925925925924,0,25.925925925925924,12.962962962962962,14.869330170561593,20.37037037037037,19.980284426062074,40.15019434685333,100,31.865804725097195,Percentage MOE exceeds 50% of estimate,2.279482417751609,100,58.716942827534666,Percentage MOE exceeds 50% of estimate,0,25.925925925925924,NA,Unavailable MOE or zero percentage,0,25.925925925925924,NA,Unavailable MOE or zero percentage,0,27.832293133524555,69.73645522997353,Percentage MOE exceeds 50% of estimate,0.39008594430829646,40.350654796432444,59.63146569997248,Percentage MOE exceeds 50% of estimate,2024,2020-2024,ACS five-year,13,75.20891364902508,76.19929053319639,Denominator below story-scale threshold,4676,85.31119295836194,9,32038,Retained,NA,NA,NA,771,Percentage MOE exceeds 50% of estimate,NA,NA,NA,48,Percentage MOE exceeds 50% of estimate,NA,NA,NA,40,Unavailable MOE or zero percentage,NA,NA,NA,154,Unavailable MOE or zero percentage,NA,NA,NA,114,Percentage MOE exceeds 50% of estimate,NA,NA,NA,593,Percentage MOE exceeds 50% of estimate,NA,NA,NA,749,Denominator below story-scale threshold,151
1357428,"Ocilla city, Georgia",3100,118,52,13,0,0,0,39,66,17,110,84,25,14,14,14,79,60,52,0,Pass,118,0,Pass,44.06779661016949,1.6153846153846154,TRUE,TRUE,TRUE,98.2084113088243,0,136,58.137171096644,25,26.085884550481804,0,26.923076923076923,0,26.923076923076923,0,26.923076923076923,75,91.6644252908691,0,100,80.20571273144087,Percentage MOE exceeds 50% of estimate,0,51.08588455048181,63.436366915708355,Percentage MOE exceeds 50% of estimate,0,26.923076923076923,NA,Unavailable MOE or zero percentage,0,26.923076923076923,NA,Unavailable MOE or zero percentage,0,26.923076923076923,NA,Unavailable MOE or zero percentage,0,100,74.30401813179981,Percentage MOE exceeds 50% of estimate,2024,2020-2024,ACS five-year,13,16.774193548387096,27.096618054539586,Percentage MOE exceeds 50% of estimate,4795,84.9475622698046,9,32038,Retained,NA,NA,NA,771,Percentage MOE exceeds 50% of estimate,NA,NA,NA,48,Percentage MOE exceeds 50% of estimate,NA,NA,NA,40,Unavailable MOE or zero percentage,NA,NA,NA,154,Unavailable MOE or zero percentage,NA,NA,NA,114,Unavailable MOE or zero percentage,NA,NA,NA,593,Percentage MOE exceeds 50% of estimate,NA,NA,NA,749,Percentage MOE exceeds 50% of estimate,153
1315508,"Chatsworth city, Georgia",4893,118,51,0,0,51,0,0,67,29,160,71,14,14,71,14,14,93,51,0,Pass,118,0,Pass,43.22033898305085,1.392156862745098,TRUE,TRUE,TRUE,84.63712757987378,0,122,13.636588205864722,0,27.450980392156865,0,27.450980392156865,100,196.8807116244897,0,27.450980392156865,0,27.450980392156865,29.58375077718613,56.85692718891558,19.181841602339293,Caregiver count MOE exceeds 50% of estimate,0,27.450980392156865,NA,Unavailable MOE or zero percentage,0,27.450980392156865,NA,Unavailable MOE or zero percentage,0,100,119.69497370375942,Percentage MOE exceeds 50% of estimate,0,27.450980392156865,NA,Unavailable MOE or zero percentage,0,27.450980392156865,NA,Unavailable MOE or zero percentage,2024,2020-2024,ACS five-year,13,10.423053341508277,14.510393740571548,Caregiver count MOE exceeds 50% of estimate,4852,84.7540420750359,9,32038,Retained,NA,NA,NA,771,Caregiver count MOE exceeds 50% of estimate,NA,NA,NA,48,Unavailable MOE or zero percentage,NA,NA,NA,40,Unavailable MOE or zero percentage,NA,NA,NA,154,Percentage MOE exceeds 50% of estimate,NA,NA,NA,114,Unavailable MOE or zero percentage,NA,NA,NA,593,Unavailable MOE or zero percentage,NA,NA,NA,749,Caregiver count MOE exceeds 50% of estimate,154
1326084,"Eatonton city, Georgia",6515,77,51,0,0,11,11,29,26,26,51,39,20,20,19,18,30,41,51,0,Pass,77,0,Pass,66.23376623376623,0.7647058823529411,FALSE,TRUE,TRUE,46.49081655795884,12,90,25.315157836904806,0,39.21568627450981,0,39.21568627450981,21.568627450980394,33.40489518656656,21.568627450980394,31.20310950534059,56.86274509803921,39.615809344936324,40.91860839686143,91.54892407067103,23.236672218746484,Caregiver count MOE exceeds 50% of estimate,0,39.21568627450981,NA,Unavailable MOE or zero percentage,0,39.21568627450981,NA,Unavailable MOE or zero percentage,0,54.97352263754696,94.15867696785962,Percentage MOE exceeds 50% of estimate,0,52.77173695632098,87.95248396670972,Percentage MOE exceeds 50% of estimate,17.24693575310289,96.47855444297554,42.355855141081925,Percentage MOE exceeds 50% of estimate,2024,2020-2024,ACS five-year,13,7.82808902532617,5.986104207507252,Denominator below story-scale threshold,4852,84.7540420750359,9,32038,Retained,NA,NA,NA,771,Caregiver count MOE exceeds 50% of estimate,NA,NA,NA,48,Unavailable MOE or zero percentage,NA,NA,NA,40,Unavailable MOE or zero percentage,NA,NA,NA,154,Percentage MOE exceeds 50% of estimate,NA,NA,NA,114,Percentage MOE exceeds 50% of estimate,NA,NA,NA,593,Percentage MOE exceeds 50% of estimate,NA,NA,NA,749,Denominator below story-scale threshold,154
1333980,"Gordon city, Georgia",2485,84,50,0,0,39,0,11,34,361,50,42,14,14,41,14,13,34,50,0,Pass,84,0,Pass,59.523809523809526,0.84,FALSE,TRUE,TRUE,51.06837388058863,8,92,35.279677543812596,0,28.000000000000004,0,28.000000000000004,78,49.306486388709544,0,28.000000000000004,22,18.289056837354956,24.24413197999693,94.80348706762211,36.03351526388057,Percentage MOE exceeds 50% of estimate,0,28.000000000000004,NA,Unavailable MOE or zero percentage,0,28.000000000000004,NA,Unavailable MOE or zero percentage,28.693513611290456,100,38.43104520202645,Percentage MOE exceeds 50% of estimate,0,28.000000000000004,NA,Unavailable MOE or zero percentage,3.7109431626450444,40.289056837354956,50.540713879511834,Percentage MOE exceeds 50% of estimate,2024,2020-2024,ACS five-year,13,20.120724346076457,16.64673696411865,Denominator below story-scale threshold,4919,84.52306635869904,9,32038,Retained,NA,NA,NA,771,Percentage MOE exceeds 50% of estimate,NA,NA,NA,48,Unavailable MOE or zero percentage,NA,NA,NA,40,Unavailable MOE or zero percentage,NA,NA,NA,154,Percentage MOE exceeds 50% of estimate,NA,NA,NA,114,Unavailable MOE or zero percentage,NA,NA,NA,593,Percentage MOE exceeds 50% of estimate,NA,NA,NA,749,Denominator below story-scale threshold,156
1347196,"Loganville city, Georgia",15527,520,50,0,0,0,0,50,470,31,261,57,23,23,23,23,57,264,50,0,Pass,520,0,Pass,9.615384615384617,1.14,TRUE,TRUE,TRUE,69.3070788379417,0,107,9.841914393294253,0,46,0,46,0,46,0,46,100,161.22034611053283,0,19.45729900867887,62.22797458273779,Percentage MOE exceeds 50% of estimate,0,46,NA,Unavailable MOE or zero percentage,0,46,NA,Unavailable MOE or zero percentage,0,46,NA,Unavailable MOE or zero percentage,0,46,NA,Unavailable MOE or zero percentage,0,100,98.0150108610785,Percentage MOE exceeds 50% of estimate,2024,2020-2024,ACS five-year,13,3.2201970760610545,3.6710190368674422,Percentage MOE exceeds 50% of estimate,4919,84.52306635869904,9,32038,Retained,NA,NA,NA,771,Percentage MOE exceeds 50% of estimate,NA,NA,NA,48,Unavailable MOE or zero percentage,NA,NA,NA,40,Unavailable MOE or zero percentage,NA,NA,NA,154,Unavailable MOE or zero percentage,NA,NA,NA,114,Unavailable MOE or zero percentage,NA,NA,NA,593,Percentage MOE exceeds 50% of estimate,NA,NA,NA,749,Percentage MOE exceeds 50% of estimate,156
1328296,"Experiment CDP, Georgia",3387,109,49,27,0,0,0,22,60,527,81,53,43,14,14,14,33,65,49,0,Pass,109,0,Pass,44.95412844036697,1.0816326530612246,TRUE,TRUE,TRUE,65.75859610474241,0,102,35.331283998081446,55.10204081632652,64.41100896410485,0,28.57142857142857,0,28.57142857142857,0,28.57142857142857,44.89795918367347,46.66085732415063,9.622844442285526,80.28541243844842,47.781808327887674,Percentage MOE exceeds 50% of estimate,0,100,71.06653831677151,Percentage MOE exceeds 50% of estimate,0,28.57142857142857,NA,Unavailable MOE or zero percentage,0,28.57142857142857,NA,Unavailable MOE or zero percentage,0,28.57142857142857,NA,Unavailable MOE or zero percentage,0,91.5588165078241,63.18279830276397,Percentage MOE exceeds 50% of estimate,2024,2020-2024,ACS five-year,13,14.46708001180986,15.485314137677337,Percentage MOE exceeds 50% of estimate,5000,84.26868094138212,9,32038,Retained,NA,NA,NA,771,Percentage MOE exceeds 50% of estimate,NA,NA,NA,48,Percentage MOE exceeds 50% of estimate,NA,NA,NA,40,Unavailable MOE or zero percentage,NA,NA,NA,154,Unavailable MOE or zero percentage,NA,NA,NA,114,Unavailable MOE or zero percentage,NA,NA,NA,593,Percentage MOE exceeds 50% of estimate,NA,NA,NA,749,Percentage MOE exceeds 50% of estimate,158
1337564,"Hazlehurst city, Georgia",4092,100,49,0,0,0,0,49,51,16,90,67,14,14,14,14,67,75,49,0,Pass,100,0,Pass,49,1.3673469387755102,TRUE,TRUE,TRUE,83.12879130222153,0,116,50.439964314023854,0,28.57142857142857,0,28.57142857142857,0,28.57142857142857,0,28.57142857142857,100,193.37205852856604,0,99.43996431402385,62.582287563462536,Percentage MOE exceeds 50% of estimate,0,28.57142857142857,NA,Unavailable MOE or zero percentage,0,28.57142857142857,NA,Unavailable MOE or zero percentage,0,28.57142857142857,NA,Unavailable MOE or zero percentage,0,28.57142857142857,NA,Unavailable MOE or zero percentage,0,100,117.56186408328426,Percentage MOE exceeds 50% of estimate,2024,2020-2024,ACS five-year,13,11.974584555229717,16.373344589209538,Percentage MOE exceeds 50% of estimate,5000,84.26868094138212,9,32038,Retained,NA,NA,NA,771,Percentage MOE exceeds 50% of estimate,NA,NA,NA,48,Unavailable MOE or zero percentage,NA,NA,NA,40,Unavailable MOE or zero percentage,NA,NA,NA,154,Unavailable MOE or zero percentage,NA,NA,NA,114,Unavailable MOE or zero percentage,NA,NA,NA,593,Percentage MOE exceeds 50% of estimate,NA,NA,NA,749,Percentage MOE exceeds 50% of estimate,158
1366276,"Rockmart city, Georgia",5204,281,49,0,0,0,0,49,232,24,181,79,20,20,20,20,79,171,49,0,Pass,281,0,Pass,17.437722419928825,1.6122448979591837,TRUE,TRUE,TRUE,98.01753004291793,0,128,25.772650426489317,0,40.816326530612244,0,40.816326530612244,0,40.816326530612244,0,40.816326530612244,100,228.00586005607042,0,43.21037284641814,89.8549622819487,Percentage MOE exceeds 50% of estimate,0,40.816326530612244,NA,Unavailable MOE or zero percentage,0,40.816326530612244,NA,Unavailable MOE or zero percentage,0,40.816326530612244,NA,Unavailable MOE or zero percentage,0,40.816326530612244,NA,Unavailable MOE or zero percentage,0,100,138.61772033700683,Percentage MOE exceeds 50% of estimate,2024,2020-2024,ACS five-year,13,9.415833973866256,15.180568176534344,Percentage MOE exceeds 50% of estimate,5000,84.26868094138212,9,32038,Retained,NA,NA,NA,771,Percentage MOE exceeds 50% of estimate,NA,NA,NA,48,Unavailable MOE or zero percentage,NA,NA,NA,40,Unavailable MOE or zero percentage,NA,NA,NA,154,Unavailable MOE or zero percentage,NA,NA,NA,114,Unavailable MOE or zero percentage,NA,NA,NA,593,Percentage MOE exceeds 50% of estimate,NA,NA,NA,749,Percentage MOE exceeds 50% of estimate,158
1379864,"Wadley city, Georgia",1706,93,49,18,0,20,0,11,44,351,62,42,24,14,31,14,13,48,49,0,Pass,93,0,Pass,52.68817204301075,0.8571428571428571,FALSE,TRUE,TRUE,52.110585592437374,7,91,28.385648563761045,36.734693877551024,37.51768616243828,0,28.57142857142857,40.816326530612244,52.71166051675807,0,28.57142857142857,22.448979591836736,18.26525376988581,24.302523479249707,81.07382060677179,32.75355417245731,Percentage MOE exceeds 50% of estimate,0,74.2523800399893,62.09153040993468,Percentage MOE exceeds 50% of estimate,0,28.57142857142857,NA,Unavailable MOE or zero percentage,0,93.52798704737032,78.5137146248135,Percentage MOE exceeds 50% of estimate,0,28.57142857142857,NA,Unavailable MOE or zero percentage,4.183725821950926,40.71423336172255,49.46543681674634,Percentage MOE exceeds 50% of estimate,2024,2020-2024,ACS five-year,13,28.722157092614303,23.899235685303207,Denominator below story-scale threshold,5000,84.26868094138212,9,32038,Retained,NA,NA,NA,771,Percentage MOE exceeds 50% of estimate,NA,NA,NA,48,Percentage MOE exceeds 50% of estimate,NA,NA,NA,40,Unavailable MOE or zero percentage,NA,NA,NA,154,Percentage MOE exceeds 50% of estimate,NA,NA,NA,114,Unavailable MOE or zero percentage,NA,NA,NA,593,Percentage MOE exceeds 50% of estimate,NA,NA,NA,749,Denominator below story-scale threshold,158
1302592,"Aragon city, Georgia",2536,96,48,0,23,21,2,2,48,560,96,53,14,40,32,4,5,50,48,0,Pass,96,0,Pass,50,1.1041666666666667,TRUE,TRUE,TRUE,67.12856685692454,0,101,23.408546931504407,0,29.166666666666668,47.91666666666667,64.38314569909518,43.75,45.94398781425097,4.166666666666666,6.948241149622146,4.166666666666666,9.34561689099775,26.591453068495593,73.4085469315044,28.46277206427078,Caregiver count MOE exceeds 50% of estimate,0,29.166666666666668,NA,Unavailable MOE or zero percentage,0,100,81.68801381788333,Percentage MOE exceeds 50% of estimate,0,89.69398781425096,63.84448291873133,Percentage MOE exceeds 50% of estimate,0,11.114907816288813,101.3815362403985,Percentage MOE exceeds 50% of estimate,0,13.512283557664416,136.3615592954907,Percentage MOE exceeds 50% of estimate,2024,2020-2024,ACS five-year,13,18.92744479495268,20.476857779164312,Denominator below story-scale threshold,5082,84.02678069792123,9,32038,Retained,NA,NA,NA,771,Caregiver count MOE exceeds 50% of estimate,NA,NA,NA,48,Unavailable MOE or zero percentage,NA,NA,NA,40,Percentage MOE exceeds 50% of estimate,NA,NA,NA,154,Percentage MOE exceeds 50% of estimate,NA,NA,NA,114,Percentage MOE exceeds 50% of estimate,NA,NA,NA,593,Percentage MOE exceeds 50% of estimate,NA,NA,NA,749,Denominator below story-scale threshold,162
1324768,"Dunwoody city, Georgia",51758,490,48,0,0,0,0,48,442,87,272,60,34,34,34,34,60,233,48,0,Pass,490,0,Pass,9.795918367346939,1.25,TRUE,TRUE,TRUE,75.99460398897118,0,108,10.971261183627842,0,70.83333333333334,0,70.83333333333334,0,70.83333333333334,0,70.83333333333334,100,176.7766952966369,0,20.76717955097478,68.09012632759847,Percentage MOE exceeds 50% of estimate,0,70.83333333333334,NA,Unavailable MOE or zero percentage,0,70.83333333333334,NA,Unavailable MOE or zero percentage,0,70.83333333333334,NA,Unavailable MOE or zero percentage,0,70.83333333333334,NA,Unavailable MOE or zero percentage,0,100,107.47259962837555,Percentage MOE exceeds 50% of estimate,2024,2020-2024,ACS five-year,13,0.9273928668031995,1.1592400353925345,Percentage MOE exceeds 50% of estimate,5082,84.02678069792123,9,32038,Retained,NA,NA,NA,771,Percentage MOE exceeds 50% of estimate,NA,NA,NA,48,Unavailable MOE or zero percentage,NA,NA,NA,40,Unavailable MOE or zero percentage,NA,NA,NA,154,Unavailable MOE or zero percentage,NA,NA,NA,114,Unavailable MOE or zero percentage,NA,NA,NA,593,Percentage MOE exceeds 50% of estimate,NA,NA,NA,749,Percentage MOE exceeds 50% of estimate,162
1330312,"Flovilla city, Georgia",1358,70,48,0,48,0,0,0,22,460,80,80,14,80,14,14,14,20,48,0,Pass,70,0,Pass,68.57142857142857,1.6666666666666667,TRUE,TRUE,TRUE,101.32613865196157,0,128,83.18523561049467,0,29.166666666666668,100,235.70226039551585,0,29.166666666666668,0,29.166666666666668,0,29.166666666666668,0,100,73.7523387760694,Percentage MOE exceeds 50% of estimate,0,29.166666666666668,NA,Unavailable MOE or zero percentage,0,100,143.29679950450074,Percentage MOE exceeds 50% of estimate,0,29.166666666666668,NA,Unavailable MOE or zero percentage,0,29.166666666666668,NA,Unavailable MOE or zero percentage,0,29.166666666666668,NA,Unavailable MOE or zero percentage,2024,2020-2024,ACS five-year,13,35.34609720176731,57.68064439620919,Denominator below story-scale threshold,5082,84.02678069792123,9,32038,Retained,NA,NA,NA,771,Percentage MOE exceeds 50% of estimate,NA,NA,NA,48,Unavailable MOE or zero percentage,NA,NA,NA,40,Percentage MOE exceeds 50% of estimate,NA,NA,NA,154,Unavailable MOE or zero percentage,NA,NA,NA,114,Unavailable MOE or zero percentage,NA,NA,NA,593,Unavailable MOE or zero percentage,NA,NA,NA,749,Denominator below story-scale threshold,162
1339524,"Holly Springs city, Georgia",18627,349,48,0,0,0,0,48,301,29,183,64,23,23,23,23,64,182,48,0,Pass,349,0,Pass,13.753581661891118,1.3333333333333333,TRUE,TRUE,TRUE,81.06091092156925,0,112,16.860507267734075,0,47.91666666666667,0,47.91666666666667,0,47.91666666666667,0,47.91666666666667,100,188.56180831641268,0,30.614088929625193,74.52939048829214,Percentage MOE exceeds 50% of estimate,0,47.91666666666667,NA,Unavailable MOE or zero percentage,0,47.91666666666667,NA,Unavailable MOE or zero percentage,0,47.91666666666667,NA,Unavailable MOE or zero percentage,0,47.91666666666667,NA,Unavailable MOE or zero percentage,0,100,114.63743960360058,Percentage MOE exceeds 50% of estimate,2024,2020-2024,ACS five-year,13,2.5769044934772105,3.435870315683708,Percentage MOE exceeds 50% of estimate,5082,84.02678069792123,9,32038,Retained,NA,NA,NA,771,Percentage MOE exceeds 50% of estimate,NA,NA,NA,48,Unavailable MOE or zero percentage,NA,NA,NA,40,Unavailable MOE or zero percentage,NA,NA,NA,154,Unavailable MOE or zero percentage,NA,NA,NA,114,Unavailable MOE or zero percentage,NA,NA,NA,593,Percentage MOE exceeds 50% of estimate,NA,NA,NA,749,Percentage MOE exceeds 50% of estimate,162
1359080,"Panthersville CDP, Georgia",9053,67,46,0,0,6,0,40,21,928,51,43,20,20,10,20,42,28,46,0,Pass,67,0,Pass,68.65671641791045,0.9347826086956522,FALSE,TRUE,TRUE,56.830747330882794,3,89,37.25233807651743,0,43.47826086956522,0,43.47826086956522,13.043478260869565,17.997916950631826,0,43.47826086956522,86.95652173913044,41.58317553485521,31.404378341393013,100,32.987032616662674,Percentage MOE exceeds 50% of estimate,0,43.47826086956522,NA,Unavailable MOE or zero percentage,0,43.47826086956522,NA,Unavailable MOE or zero percentage,0,31.04139521150139,83.88833370576565,Percentage MOE exceeds 50% of estimate,0,43.47826086956522,NA,Unavailable MOE or zero percentage,45.37334620427523,100,29.072892007851802,Caregiver count MOE exceeds 50% of estimate,2024,2020-2024,ACS five-year,13,5.0811885562796855,4.721161805011544,Denominator below story-scale threshold,5223,83.59136025969161,9,32038,Retained,NA,NA,NA,771,Percentage MOE exceeds 50% of estimate,NA,NA,NA,48,Unavailable MOE or zero percentage,NA,NA,NA,40,Unavailable MOE or zero percentage,NA,NA,NA,154,Percentage MOE exceeds 50% of estimate,NA,NA,NA,114,Unavailable MOE or zero percentage,NA,NA,NA,593,Caregiver count MOE exceeds 50% of estimate,NA,NA,NA,749,Denominator below story-scale threshold,166
1344956,"Lakeview Estates CDP, Georgia",3596,65,45,0,0,0,0,45,20,755,94,79,14,14,14,14,79,44,45,0,Pass,65,0,Pass,69.23076923076923,1.7555555555555555,TRUE,TRUE,TRUE,106.73019938006617,0,124,68.90511584034218,0,31.11111111111111,0,31.11111111111111,0,31.11111111111111,0,31.11111111111111,100,248.27304761661003,0.32565339042704977,100,60.50970745272254,Percentage MOE exceeds 50% of estimate,0,31.11111111111111,NA,Unavailable MOE or zero percentage,0,31.11111111111111,NA,Unavailable MOE or zero percentage,0,31.11111111111111,NA,Unavailable MOE or zero percentage,0,31.11111111111111,NA,Unavailable MOE or zero percentage,0,100,150.9392954780741,Percentage MOE exceeds 50% of estimate,2024,2020-2024,ACS five-year,13,12.513904338153505,21.811178820254735,Denominator below story-scale threshold,5293,83.39003683126288,9,32038,Retained,NA,NA,NA,771,Percentage MOE exceeds 50% of estimate,NA,NA,NA,48,Unavailable MOE or zero percentage,NA,NA,NA,40,Unavailable MOE or zero percentage,NA,NA,NA,154,Unavailable MOE or zero percentage,NA,NA,NA,114,Unavailable MOE or zero percentage,NA,NA,NA,593,Percentage MOE exceeds 50% of estimate,NA,NA,NA,749,Denominator below story-scale threshold,167
1370120,"Shellman city, Georgia",974,48,45,0,25,0,8,12,3,261,43,42,14,42,14,10,14,7,45,0,Pass,48,0,Pass,93.75,0.9333333333333333,FALSE,TRUE,TRUE,56.742637645098476,3,87,24.55350801534019,0,31.11111111111111,55.55555555555556,77.60474579975582,0,31.11111111111111,17.77777777777778,14.782186291278723,26.666666666666668,18.666666666666668,69.196491984659815,100,15.922637808348224,Caregiver count MOE exceeds 50% of estimate,0,31.11111111111111,NA,Unavailable MOE or zero percentage,0,100,84.92460371592792,Percentage MOE exceeds 50% of estimate,0,31.11111111111111,NA,Unavailable MOE or zero percentage,2.9955914864990554,32.559964069056505,50.55148769836162,Percentage MOE exceeds 50% of estimate,8,45.333333333333336,42.556978233823855,Percentage MOE exceeds 50% of estimate,2024,2020-2024,ACS five-year,13,46.20123203285421,41.30567709466783,Denominator below story-scale threshold,5293,83.39003683126288,9,32038,Retained,NA,NA,NA,771,Caregiver count MOE exceeds 50% of estimate,NA,NA,NA,48,Unavailable MOE or zero percentage,NA,NA,NA,40,Percentage MOE exceeds 50% of estimate,NA,NA,NA,154,Unavailable MOE or zero percentage,NA,NA,NA,114,Percentage MOE exceeds 50% of estimate,NA,NA,NA,593,Percentage MOE exceeds 50% of estimate,NA,NA,NA,749,Denominator below story-scale threshold,167
1383420,"Winder city, Georgia",19437,252,45,0,0,10,28,7,207,37,106,47,23,23,20,45,12,96,45,0,Pass,252,0,Pass,17.857142857142858,1.0444444444444445,TRUE,TRUE,TRUE,63.497713555229254,0,92,17.07137684048982,0,51.11111111111111,0,51.11111111111111,22.22222222222222,37.902642029603484,62.22222222222222,76.00397875016685,15.555555555555555,21.14589582465353,0.7857660166530387,34.92851969763268,58.12049700977039,Percentage MOE exceeds 50% of estimate,0,51.11111111111111,NA,Unavailable MOE or zero percentage,0,51.11111111111111,NA,Unavailable MOE or zero percentage,0,60.124864251825706,103.69426576231625,Percentage MOE exceeds 50% of estimate,0,100,74.26147200049427,Percentage MOE exceeds 50% of estimate,0,36.701451380209086,82.6443760724529,Percentage MOE exceeds 50% of estimate,2024,2020-2024,ACS five-year,13,2.3151720944590215,2.4180646158095196,Percentage MOE exceeds 50% of estimate,5293,83.39003683126288,9,32038,Retained,NA,NA,NA,771,Percentage MOE exceeds 50% of estimate,NA,NA,NA,48,Unavailable MOE or zero percentage,NA,NA,NA,40,Unavailable MOE or zero percentage,NA,NA,NA,154,Percentage MOE exceeds 50% of estimate,NA,NA,NA,114,Percentage MOE exceeds 50% of estimate,NA,NA,NA,593,Percentage MOE exceeds 50% of estimate,NA,NA,NA,749,Percentage MOE exceeds 50% of estimate,167
1306968,"Bemiss CDP, Georgia",9201,105,44,0,0,44,0,0,61,859,99,63,20,20,63,20,20,77,44,0,Pass,105,0,Pass,41.904761904761905,1.4318181818181819,TRUE,TRUE,TRUE,87.04836456918517,0,107,45.15466502397884,0,45.45454545454545,0,45.45454545454545,100,202.4896691579659,0,45.45454545454545,0,45.45454545454545,0,87.05942692874075,65.51066238344573,Percentage MOE exceeds 50% of estimate,0,45.45454545454545,NA,Unavailable MOE or zero percentage,0,45.45454545454545,NA,Unavailable MOE or zero percentage,0,100,123.10497775613926,Percentage MOE exceeds 50% of estimate,0,45.45454545454545,NA,Unavailable MOE or zero percentage,0,45.45454545454545,NA,Unavailable MOE or zero percentage,2024,2020-2024,ACS five-year,13,4.7820889033800675,6.832511207252736,Percentage MOE exceeds 50% of estimate,5352,83.16062176165804,9,32038,Retained,NA,NA,NA,771,Percentage MOE exceeds 50% of estimate,NA,NA,NA,48,Unavailable MOE or zero percentage,NA,NA,NA,40,Unavailable MOE or zero percentage,NA,NA,NA,154,Percentage MOE exceeds 50% of estimate,NA,NA,NA,114,Unavailable MOE or zero percentage,NA,NA,NA,593,Unavailable MOE or zero percentage,NA,NA,NA,749,Percentage MOE exceeds 50% of estimate,170
1310076,"Braselton town, Georgia",15178,223,44,0,0,29,0,15,179,39,106,44,23,23,38,23,22,84,44,0,Pass,223,0,Pass,19.730941704035875,1,FALSE,TRUE,TRUE,60.79568319117694,0,88,17.359364818516394,0,52.27272727272727,0,52.27272727272727,65.9090909090909,55.80922344458489,0,52.27272727272727,34.090909090909086,36.57608395325246,2.371576885519481,37.09030652255227,53.48829567981103,Percentage MOE exceeds 50% of estimate,0,52.27272727272727,NA,Unavailable MOE or zero percentage,0,52.27272727272727,NA,Unavailable MOE or zero percentage,10.09986746450602,100,51.47939109587374,Percentage MOE exceeds 50% of estimate,0,52.27272727272727,NA,Unavailable MOE or zero percentage,0,70.66699304416154,65.2275950302776,Percentage MOE exceeds 50% of estimate,2024,2020-2024,ACS five-year,13,2.898932665700356,2.8989230957658356,Percentage MOE exceeds 50% of estimate,5352,83.16062176165804,9,32038,Retained,NA,NA,NA,771,Percentage MOE exceeds 50% of estimate,NA,NA,NA,48,Unavailable MOE or zero percentage,NA,NA,NA,40,Unavailable MOE or zero percentage,NA,NA,NA,154,Percentage MOE exceeds 50% of estimate,NA,NA,NA,114,Unavailable MOE or zero percentage,NA,NA,NA,593,Percentage MOE exceeds 50% of estimate,NA,NA,NA,749,Percentage MOE exceeds 50% of estimate,170
1347896,"Lula city, Georgia",2964,51,43,0,0,0,0,43,8,162,38,38,14,14,14,14,38,11,43,0,Pass,51,0,Pass,84.31372549019608,0.8837209302325582,FALSE,TRUE,TRUE,53.72641770383078,5,81,40.063802355284835,0,32.55813953488372,0,32.55813953488372,0,32.55813953488372,0,32.55813953488372,100,124.97701248878515,44.24992313491124,100,28.888608838771415,Caregiver count MOE exceeds 50% of estimate,0,32.55813953488372,NA,Unavailable MOE or zero percentage,0,32.55813953488372,NA,Unavailable MOE or zero percentage,0,32.55813953488372,NA,Unavailable MOE or zero percentage,0,32.55813953488372,NA,Unavailable MOE or zero percentage,0,100,75.98062857447945,Percentage MOE exceeds 50% of estimate,2024,2020-2024,ACS five-year,13,14.507422402159245,12.795969424632933,Denominator below story-scale threshold,5440,82.91716087146513,9,32038,Retained,NA,NA,NA,771,Caregiver count MOE exceeds 50% of estimate,NA,NA,NA,48,Unavailable MOE or zero percentage,NA,NA,NA,40,Unavailable MOE or zero percentage,NA,NA,NA,154,Unavailable MOE or zero percentage,NA,NA,NA,114,Unavailable MOE or zero percentage,NA,NA,NA,593,Percentage MOE exceeds 50% of estimate,NA,NA,NA,749,Denominator below story-scale threshold,172
1380984,"Waynesboro city, Georgia",5644,43,43,0,0,0,0,43,0,27,71,71,20,20,20,20,71,20,43,0,Pass,43,0,Pass,100,1.6511627906976745,TRUE,TRUE,TRUE,100.38356992031541,0,114,233.50968122904595,0,46.51162790697674,0,46.51162790697674,0,46.51162790697674,0,46.51162790697674,100,233.50968122904595,0,100,141.96380602073793,Percentage MOE exceeds 50% of estimate,0,46.51162790697674,NA,Unavailable MOE or zero percentage,0,46.51162790697674,NA,Unavailable MOE or zero percentage,0,46.51162790697674,NA,Unavailable MOE or zero percentage,0,46.51162790697674,NA,Unavailable MOE or zero percentage,0,100,141.96380602073793,Percentage MOE exceeds 50% of estimate,2024,2020-2024,ACS five-year,13,7.618710134656272,12.579677889635688,Denominator below story-scale threshold,5440,82.91716087146513,9,32038,Retained,NA,NA,NA,771,Percentage MOE exceeds 50% of estimate,NA,NA,NA,48,Unavailable MOE or zero percentage,NA,NA,NA,40,Unavailable MOE or zero percentage,NA,NA,NA,154,Unavailable MOE or zero percentage,NA,NA,NA,114,Unavailable MOE or zero percentage,NA,NA,NA,593,Percentage MOE exceeds 50% of estimate,NA,NA,NA,749,Denominator below story-scale threshold,172
1332528,"Georgetown-Quitman County unified government, Georgia",2264,147,42,17,0,0,0,25,105,NA,87,34,19,14,14,14,26,69,42,0,Pass,147,0,Pass,28.57142857142857,0.8095238095238095,FALSE,TRUE,TRUE,49.21555305952418,8,76,15.780589411222113,40.476190476190474,31.190474129794826,0,33.33333333333333,0,33.33333333333333,0,33.33333333333333,59.523809523809526,38.862766657531,12.790839160206456,44.35201798265068,33.57871000451454,Percentage MOE exceeds 50% of estimate,9.285716346395649,71.6666646059853,46.84843512862322,Percentage MOE exceeds 50% of estimate,0,33.33333333333333,NA,Unavailable MOE or zero percentage,0,33.33333333333333,NA,Unavailable MOE or zero percentage,0,33.33333333333333,NA,Unavailable MOE or zero percentage,20.661042866278528,98.38657618134053,39.69316595401733,Percentage MOE exceeds 50% of estimate,2024,2020-2024,ACS five-year,13,18.551236749116608,NA,Percentage MOE exceeds 50% of estimate,5508,82.67682127473626,9,32038,Retained,NA,NA,NA,771,Percentage MOE exceeds 50% of estimate,NA,NA,NA,48,Percentage MOE exceeds 50% of estimate,NA,NA,NA,40,Unavailable MOE or zero percentage,NA,NA,NA,154,Unavailable MOE or zero percentage,NA,NA,NA,114,Unavailable MOE or zero percentage,NA,NA,NA,593,Percentage MOE exceeds 50% of estimate,NA,NA,NA,749,Percentage MOE exceeds 50% of estimate,174
1353620,"Mount Zion city, Georgia",2433,75,41,0,0,0,0,41,34,606,59,54,14,14,14,14,54,31,41,0,Pass,75,0,Pass,54.666666666666664,1.3170731707317074,TRUE,TRUE,TRUE,80.07236322740378,0,95,57.74614929174664,0,34.146341463414636,0,34.146341463414636,0,34.146341463414636,0,34.146341463414636,100,186.26227406865158,0,100,64.22042557045309,Percentage MOE exceeds 50% of estimate,0,34.146341463414636,NA,Unavailable MOE or zero percentage,0,34.146341463414636,NA,Unavailable MOE or zero percentage,0,34.146341463414636,NA,Unavailable MOE or zero percentage,0,34.146341463414636,NA,Unavailable MOE or zero percentage,0,100,113.23942204745913,Percentage MOE exceeds 50% of estimate,2024,2020-2024,ACS five-year,13,16.85162351006987,21.794324456102455,Denominator below story-scale threshold,5594,82.40526874336724,9,32038,Retained,NA,NA,NA,771,Percentage MOE exceeds 50% of estimate,NA,NA,NA,48,Unavailable MOE or zero percentage,NA,NA,NA,40,Unavailable MOE or zero percentage,NA,NA,NA,154,Unavailable MOE or zero percentage,NA,NA,NA,114,Unavailable MOE or zero percentage,NA,NA,NA,593,Percentage MOE exceeds 50% of estimate,NA,NA,NA,749,Denominator below story-scale threshold,175
1308536,"Blakely city, Georgia",5238,87,40,0,0,0,0,40,47,26,75,48,20,20,20,20,48,49,40,0,Pass,87,0,Pass,45.97701149425287,1.2,TRUE,TRUE,TRUE,72.95481982941233,0,88,38.38012374491766,0,50,0,50,0,50,0,50,100,169.70562748477138,7.59688774933521,84.35713523917053,50.75027210774345,Percentage MOE exceeds 50% of estimate,0,50,NA,Unavailable MOE or zero percentage,0,50,NA,Unavailable MOE or zero percentage,0,50,NA,Unavailable MOE or zero percentage,0,50,NA,Unavailable MOE or zero percentage,0,100,103.1736956432405,Percentage MOE exceeds 50% of estimate,2024,2020-2024,ACS five-year,13,7.636502481863307,9.163724580987388,Denominator below story-scale threshold,5682,82.13371621199825,9,32038,Retained,NA,NA,NA,771,Percentage MOE exceeds 50% of estimate,NA,NA,NA,48,Unavailable MOE or zero percentage,NA,NA,NA,40,Unavailable MOE or zero percentage,NA,NA,NA,154,Unavailable MOE or zero percentage,NA,NA,NA,114,Unavailable MOE or zero percentage,NA,NA,NA,593,Percentage MOE exceeds 50% of estimate,NA,NA,NA,749,Denominator below story-scale threshold,176
1346580,"Lindale CDP, Georgia",4289,138,40,0,0,11,6,23,98,628,105,45,14,14,19,12,35,77,40,0,Pass,138,0,Pass,28.985507246376812,1.125,TRUE,TRUE,TRUE,68.39514359007406,0,85,24.01956957393351,0,35,0,35,27.500000000000004,36.043322457148705,15,24.803918541230534,57.49999999999999,58.9217900589417,4.965937672443303,53.00507682031032,50.379871906082656,Percentage MOE exceeds 50% of estimate,0,35,NA,Unavailable MOE or zero percentage,0,35,NA,Unavailable MOE or zero percentage,0,63.543322457148705,79.68285139135438,Percentage MOE exceeds 50% of estimate,0,39.80391854123053,100.53141156882741,Percentage MOE exceeds 50% of estimate,0,100,62.298964895312324,Percentage MOE exceeds 50% of estimate,2024,2020-2024,ACS five-year,13,9.326183259501049,10.402712048115866,Percentage MOE exceeds 50% of estimate,5682,82.13371621199825,9,32038,Retained,NA,NA,NA,771,Percentage MOE exceeds 50% of estimate,NA,NA,NA,48,Unavailable MOE or zero percentage,NA,NA,NA,40,Unavailable MOE or zero percentage,NA,NA,NA,154,Percentage MOE exceeds 50% of estimate,NA,NA,NA,114,Percentage MOE exceeds 50% of estimate,NA,NA,NA,593,Percentage MOE exceeds 50% of estimate,NA,NA,NA,749,Percentage MOE exceeds 50% of estimate,176
1338040,"Hephzibah city, Georgia",3747,114,39,0,0,0,0,39,75,266,71,37,14,14,14,14,37,61,39,0,Pass,114,0,Pass,34.21052631578947,0.9487179487179487,FALSE,TRUE,TRUE,57.67795584803965,2,76,24.48329478885759,0,35.8974358974359,0,35.8974358974359,0,35.8974358974359,0,35.8974358974359,100,134.16897899437058,9.727231526931881,58.693821104647064,43.50937543958771,Percentage MOE exceeds 50% of estimate,0,35.8974358974359,NA,Unavailable MOE or zero percentage,0,35.8974358974359,NA,Unavailable MOE or zero percentage,0,35.8974358974359,NA,Unavailable MOE or zero percentage,0,35.8974358974359,NA,Unavailable MOE or zero percentage,0,100,81.56894741025427,Percentage MOE exceeds 50% of estimate,2024,2020-2024,ACS five-year,13,10.408326661329063,9.846882954134133,Percentage MOE exceeds 50% of estimate,5768,81.83563268618515,9,32038,Retained,NA,NA,NA,771,Percentage MOE exceeds 50% of estimate,NA,NA,NA,48,Unavailable MOE or zero percentage,NA,NA,NA,40,Unavailable MOE or zero percentage,NA,NA,NA,154,Unavailable MOE or zero percentage,NA,NA,NA,114,Unavailable MOE or zero percentage,NA,NA,NA,593,Percentage MOE exceeds 50% of estimate,NA,NA,NA,749,Percentage MOE exceeds 50% of estimate,178
1359976,"Pelham city, Georgia",3433,77,39,0,0,17,0,22,38,16,64,37,14,14,27,14,29,37,39,0,Pass,77,0,Pass,50.649350649350644,0.9487179487179487,FALSE,TRUE,TRUE,57.67795584803965,2,76,23.167531229770173,0,35.8974358974359,0,35.8974358974359,43.58974358974359,55.52220559872059,0,35.8974358974359,56.41025641025641,51.625018451424395,27.48181941958047,73.81688187912081,27.8085675513959,Caregiver count MOE exceeds 50% of estimate,0,35.8974358974359,NA,Unavailable MOE or zero percentage,0,35.8974358974359,NA,Unavailable MOE or zero percentage,0,99.11194918846418,77.43818026150183,Percentage MOE exceeds 50% of estimate,0,35.8974358974359,NA,Unavailable MOE or zero percentage,4.785237958832013,100,55.63843290633954,Percentage MOE exceeds 50% of estimate,2024,2020-2024,ACS five-year,13,11.360326245266531,10.77761535968655,Denominator below story-scale threshold,5768,81.83563268618515,9,32038,Retained,NA,NA,NA,771,Caregiver count MOE exceeds 50% of estimate,NA,NA,NA,48,Unavailable MOE or zero percentage,NA,NA,NA,40,Unavailable MOE or zero percentage,NA,NA,NA,154,Percentage MOE exceeds 50% of estimate,NA,NA,NA,114,Unavailable MOE or zero percentage,NA,NA,NA,593,Percentage MOE exceeds 50% of estimate,NA,NA,NA,749,Denominator below story-scale threshold,178
1365324,"Ringgold city, Georgia",3435,90,39,34,0,0,0,5,51,15,76,53,53,14,14,14,8,61,39,0,Pass,90,0,Pass,43.333333333333336,1.358974358974359,TRUE,TRUE,TRUE,82.6197745931379,0,92,46.13982446781131,87.17948717948718,66.57222736691443,0,35.8974358974359,0,35.8974358974359,0,35.8974358974359,12.82051282051282,10.826987153870828,0,89.47315780114465,64.7331265578824,Percentage MOE exceeds 50% of estimate,20.60725981257275,100,46.42495815554919,Percentage MOE exceeds 50% of estimate,0,35.8974358974359,NA,Unavailable MOE or zero percentage,0,35.8974358974359,NA,Unavailable MOE or zero percentage,0,35.8974358974359,NA,Unavailable MOE or zero percentage,1.9935256666419914,23.64749997438365,51.34225831189053,Percentage MOE exceeds 50% of estimate,2024,2020-2024,ACS five-year,13,11.353711790393014,15.429323544812174,Denominator below story-scale threshold,5768,81.83563268618515,9,32038,Retained,NA,NA,NA,771,Percentage MOE exceeds 50% of estimate,NA,NA,NA,48,Percentage MOE exceeds 50% of estimate,NA,NA,NA,40,Unavailable MOE or zero percentage,NA,NA,NA,154,Unavailable MOE or zero percentage,NA,NA,NA,114,Unavailable MOE or zero percentage,NA,NA,NA,593,Percentage MOE exceeds 50% of estimate,NA,NA,NA,749,Denominator below story-scale threshold,178
1336668,"Hardwick CDP, Georgia",3402,73,38,0,0,0,29,9,35,674,71,43,14,14,14,39,16,55,38,0,Pass,73,0,Pass,52.054794520547944,1.131578947368421,TRUE,TRUE,TRUE,68.795115190016,0,81,30.107065066105854,0,36.84210526315789,0,36.84210526315789,0,36.84210526315789,76.31578947368422,55.45854939467378,23.684210526315788,32.474351263693855,21.94772945444209,82.1618595866538,35.16255527341682,Percentage MOE exceeds 50% of estimate,0,36.84210526315789,NA,Unavailable MOE or zero percentage,0,36.84210526315789,NA,Unavailable MOE or zero percentage,0,36.84210526315789,NA,Unavailable MOE or zero percentage,20.857240079010438,100,44.18011557625908,Percentage MOE exceeds 50% of estimate,0,56.15856179000964,83.35934900903119,Percentage MOE exceeds 50% of estimate,2024,2020-2024,ACS five-year,13,11.169900058788947,12.444390987140084,Denominator below story-scale threshold,5873,81.5453523940321,9,32038,Retained,NA,NA,NA,771,Percentage MOE exceeds 50% of estimate,NA,NA,NA,48,Unavailable MOE or zero percentage,NA,NA,NA,40,Unavailable MOE or zero percentage,NA,NA,NA,154,Unavailable MOE or zero percentage,NA,NA,NA,114,Percentage MOE exceeds 50% of estimate,NA,NA,NA,593,Percentage MOE exceeds 50% of estimate,NA,NA,NA,749,Denominator below story-scale threshold,181
1350680,"Meigs city, Georgia",924,38,38,4,0,3,2,29,0,266,31,31,6,14,5,3,29,14,38,0,Pass,38,0,Pass,100,0.8157894736842105,FALSE,TRUE,TRUE,49.59647839280224,7,69,115.37005377254197,10.526315789473683,13.250150407868585,0,36.84210526315789,7.894736842105263,11.473921959039183,5.263157894736842,6.625075203934292,76.31578947368422,44.13715846947655,0,100,70.1400123890451,Percentage MOE exceeds 50% of estimate,0,23.776466197342266,76.52743491106114,Percentage MOE exceeds 50% of estimate,0,36.84210526315789,NA,Unavailable MOE or zero percentage,0,19.368658801144445,88.35822375505771,Percentage MOE exceeds 50% of estimate,0,11.888233098671133,76.52743491106114,Percentage MOE exceeds 50% of estimate,32.178631004207666,100,35.16112093938779,Percentage MOE exceeds 50% of estimate,2024,2020-2024,ACS five-year,13,41.125541125541126,31.391432078286506,Denominator below story-scale threshold,5873,81.5453523940321,9,32038,Retained,NA,NA,NA,771,Percentage MOE exceeds 50% of estimate,NA,NA,NA,48,Percentage MOE exceeds 50% of estimate,NA,NA,NA,40,Unavailable MOE or zero percentage,NA,NA,NA,154,Percentage MOE exceeds 50% of estimate,NA,NA,NA,114,Percentage MOE exceeds 50% of estimate,NA,NA,NA,593,Percentage MOE exceeds 50% of estimate,NA,NA,NA,749,Denominator below story-scale threshold,181
1365044,"Richmond Hill city, Georgia",18181,155,38,11,0,0,0,27,117,34,102,38,18,23,23,23,32,89,38,0,Pass,155,0,Pass,24.516129032258064,1,FALSE,TRUE,TRUE,60.79568319117694,0,76,18.459702464578395,28.947368421052634,37.49422854940791,0,60.526315789473685,0,60.526315789473685,0,60.526315789473685,71.05263157894737,45.19885272978333,6.056426567679669,42.97583149683646,45.77681172110103,Percentage MOE exceeds 50% of estimate,0,66.44159697046054,78.74592284974602,Percentage MOE exceeds 50% of estimate,0,60.526315789473685,NA,Unavailable MOE or zero percentage,0,60.526315789473685,NA,Unavailable MOE or zero percentage,0,60.526315789473685,NA,Unavailable MOE or zero percentage,25.853778849164037,100,38.67407962379766,Percentage MOE exceeds 50% of estimate,2024,2020-2024,ACS five-year,13,2.0900940542324404,2.0900903994753754,Percentage MOE exceeds 50% of estimate,5873,81.5453523940321,9,32038,Retained,NA,NA,NA,771,Percentage MOE exceeds 50% of estimate,NA,NA,NA,48,Percentage MOE exceeds 50% of estimate,NA,NA,NA,40,Unavailable MOE or zero percentage,NA,NA,NA,154,Unavailable MOE or zero percentage,NA,NA,NA,114,Unavailable MOE or zero percentage,NA,NA,NA,593,Percentage MOE exceeds 50% of estimate,NA,NA,NA,749,Percentage MOE exceeds 50% of estimate,181
1366024,"Rochelle city, Georgia",1243,55,38,0,0,18,6,14,17,247,37,29,14,14,18,9,17,20,38,0,Pass,55,0,Pass,69.0909090909091,0.7631578947368421,FALSE,TRUE,TRUE,46.39670559326662,9,67,24.89651280754183,0,36.84210526315789,0,36.84210526315789,47.368421052631575,30.610044991766785,15.789473684210526,20.389768664352296,36.84210526315789,34.797360105135084,44.19439628336727,93.98742189845092,21.907375733337254,Caregiver count MOE exceeds 50% of estimate,0,36.84210526315789,NA,Unavailable MOE or zero percentage,0,36.84210526315789,NA,Unavailable MOE or zero percentage,16.75837606086479,77.97846604439836,39.28690373106154,Percentage MOE exceeds 50% of estimate,0,36.17924234856282,78.50862801709211,Percentage MOE exceeds 50% of estimate,2.044745158022806,71.63946536829297,57.421509051401074,Percentage MOE exceeds 50% of estimate,2024,2020-2024,ACS five-year,13,30.57119871279163,22.525874883165827,Denominator below story-scale threshold,5873,81.5453523940321,9,32038,Retained,NA,NA,NA,771,Caregiver count MOE exceeds 50% of estimate,NA,NA,NA,48,Unavailable MOE or zero percentage,NA,NA,NA,40,Unavailable MOE or zero percentage,NA,NA,NA,154,Percentage MOE exceeds 50% of estimate,NA,NA,NA,114,Percentage MOE exceeds 50% of estimate,NA,NA,NA,593,Percentage MOE exceeds 50% of estimate,NA,NA,NA,749,Denominator below story-scale threshold,181
1376364,"Thunderbolt town, Georgia",2533,59,38,0,0,0,34,4,21,41,38,33,14,14,14,33,6,23,38,0,Pass,59,0,Pass,64.40677966101694,0.868421052631579,FALSE,TRUE,TRUE,52.79625119233788,5,71,37.51836154305328,0,36.84210526315789,0,36.84210526315789,0,36.84210526315789,89.47368421052632,38.78314201521784,10.526315789473683,12.874182868279501,26.88841811796366,100,35.41481866083861,Percentage MOE exceeds 50% of estimate,0,36.84210526315789,NA,Unavailable MOE or zero percentage,0,36.84210526315789,NA,Unavailable MOE or zero percentage,0,36.84210526315789,NA,Unavailable MOE or zero percentage,50.690542195308474,100,26.35241452188032,Caregiver count MOE exceeds 50% of estimate,0,23.400498657753182,74.35600058549383,Percentage MOE exceeds 50% of estimate,2024,2020-2024,ACS five-year,13,15.001973943939992,13.025766802951008,Denominator below story-scale threshold,5873,81.5453523940321,9,32038,Retained,NA,NA,NA,771,Percentage MOE exceeds 50% of estimate,NA,NA,NA,48,Unavailable MOE or zero percentage,NA,NA,NA,40,Unavailable MOE or zero percentage,NA,NA,NA,154,Unavailable MOE or zero percentage,NA,NA,NA,114,Caregiver count MOE exceeds 50% of estimate,NA,NA,NA,593,Percentage MOE exceeds 50% of estimate,NA,NA,NA,749,Denominator below story-scale threshold,181
1316824,"Cleveland city, Georgia",3534,47,37,0,29,0,0,8,10,13,59,57,14,45,14,14,36,16,37,0,Pass,47,0,Pass,78.72340425531915,1.5405405405405406,TRUE,TRUE,TRUE,93.65821464586718,0,94,70.29955883737951,0,37.83783783783784,78.37837837837837,14.575563899181187,0,37.83783783783784,0,37.83783783783784,21.62162162162162,91.41813606859503,8.423845417939646,100,54.29020439328943,Percentage MOE exceeds 50% of estimate,0,37.83783783783784,NA,Unavailable MOE or zero percentage,63.80281447919718,92.95394227755956,11.305813969121685,Caregiver count MOE exceeds 50% of estimate,0,37.83783783783784,NA,Unavailable MOE or zero percentage,0,37.83783783783784,NA,Unavailable MOE or zero percentage,0,100,257.0495467738822,Percentage MOE exceeds 50% of estimate,2024,2020-2024,ACS five-year,13,10.469722693831352,16.128986276230968,Denominator below story-scale threshold,5954,81.28472438978713,9,32038,Retained,NA,NA,NA,771,Percentage MOE exceeds 50% of estimate,NA,NA,NA,48,Unavailable MOE or zero percentage,NA,NA,NA,40,Caregiver count MOE exceeds 50% of estimate,NA,NA,NA,154,Unavailable MOE or zero percentage,NA,NA,NA,114,Unavailable MOE or zero percentage,NA,NA,NA,593,Percentage MOE exceeds 50% of estimate,NA,NA,NA,749,Denominator below story-scale threshold,186
1320932,"Cumming city, Georgia",8469,94,37,0,0,37,0,0,57,21,72,51,20,20,51,20,20,61,37,0,Pass,94,0,Pass,39.361702127659576,1.3783783783783783,TRUE,TRUE,TRUE,83.7994552094601,0,88,45.107139203189945,0,54.054054054054056,0,54.054054054054056,100,194.93213967845364,0,54.054054054054056,0,54.054054054054056,0,84.46884133084953,69.66973470210827,Percentage MOE exceeds 50% of estimate,0,54.054054054054056,NA,Unavailable MOE or zero percentage,0,54.054054054054056,NA,Unavailable MOE or zero percentage,0,100,118.5103260766952,Percentage MOE exceeds 50% of estimate,0,54.054054054054056,NA,Unavailable MOE or zero percentage,0,54.054054054054056,NA,Unavailable MOE or zero percentage,2024,2020-2024,ACS five-year,13,4.368874719565474,6.021952707101268,Denominator below story-scale threshold,5954,81.28472438978713,9,32038,Retained,NA,NA,NA,771,Percentage MOE exceeds 50% of estimate,NA,NA,NA,48,Unavailable MOE or zero percentage,NA,NA,NA,40,Unavailable MOE or zero percentage,NA,NA,NA,154,Percentage MOE exceeds 50% of estimate,NA,NA,NA,114,Unavailable MOE or zero percentage,NA,NA,NA,593,Unavailable MOE or zero percentage,NA,NA,NA,749,Denominator below story-scale threshold,186
1352416,"Monticello city, Georgia",2747,138,36,0,0,32,0,4,102,29,78,34,14,14,32,14,8,71,36,0,Pass,138,0,Pass,26.08695652173913,0.9444444444444444,FALSE,TRUE,TRUE,57.41814523611155,2,70,19.738443739983722,0,38.88888888888889,0,38.88888888888889,88.88888888888889,29.215208805430205,0,38.88888888888889,11.11111111111111,19.588434139040036,6.348512781755407,45.82540026172285,46.000466604945274,Percentage MOE exceeds 50% of estimate,0,38.88888888888889,NA,Unavailable MOE or zero percentage,0,38.88888888888889,NA,Unavailable MOE or zero percentage,59.67368008345868,100,19.981784012613947,Caregiver count MOE exceeds 50% of estimate,0,38.88888888888889,NA,Unavailable MOE or zero percentage,0,30.699545250151147,107.18030125154814,Percentage MOE exceeds 50% of estimate,2024,2020-2024,ACS five-year,13,13.105205678922461,12.37636542941048,Percentage MOE exceeds 50% of estimate,6040,80.98351957051003,9,32038,Retained,NA,NA,NA,771,Percentage MOE exceeds 50% of estimate,NA,NA,NA,48,Unavailable MOE or zero percentage,NA,NA,NA,40,Unavailable MOE or zero percentage,NA,NA,NA,154,Caregiver count MOE exceeds 50% of estimate,NA,NA,NA,114,Unavailable MOE or zero percentage,NA,NA,NA,593,Percentage MOE exceeds 50% of estimate,NA,NA,NA,749,Percentage MOE exceeds 50% of estimate,188
1364512,"Reidsville city, Georgia",2553,36,36,0,0,36,0,0,0,19,59,59,14,14,59,14,14,14,36,0,Pass,36,0,Pass,100,1.6388888888888888,TRUE,TRUE,TRUE,99.63736967442887,0,95,231.77388938892395,0,38.88888888888889,0,38.88888888888889,100,231.77388938892395,0,38.88888888888889,0,38.88888888888889,0,100,140.90851951275906,Percentage MOE exceeds 50% of estimate,0,38.88888888888889,NA,Unavailable MOE or zero percentage,0,38.88888888888889,NA,Unavailable MOE or zero percentage,0,100,140.90851951275906,Percentage MOE exceeds 50% of estimate,0,38.88888888888889,NA,Unavailable MOE or zero percentage,0,38.88888888888889,NA,Unavailable MOE or zero percentage,2024,2020-2024,ACS five-year,13,14.10105757931845,23.109828312497676,Denominator below story-scale threshold,6040,80.98351957051003,9,32038,Retained,NA,NA,NA,771,Percentage MOE exceeds 50% of estimate,NA,NA,NA,48,Unavailable MOE or zero percentage,NA,NA,NA,40,Unavailable MOE or zero percentage,NA,NA,NA,154,Percentage MOE exceeds 50% of estimate,NA,NA,NA,114,Unavailable MOE or zero percentage,NA,NA,NA,593,Unavailable MOE or zero percentage,NA,NA,NA,749,Denominator below story-scale threshold,188
1382636,"Whitemarsh Island CDP, Georgia",6886,63,36,0,0,0,36,0,27,767,69,42,20,20,20,42,20,48,36,0,Pass,63,0,Pass,57.14285714285714,1.1666666666666667,TRUE,TRUE,TRUE,70.9282970563731,0,78,22.968629953923998,0,55.55555555555556,0,55.55555555555556,0,55.55555555555556,100,164.9915822768611,0,55.55555555555556,34.174227188933145,80.11148709678113,24.436887125247456,Caregiver count MOE exceeds 50% of estimate,0,55.55555555555556,NA,Unavailable MOE or zero percentage,0,55.55555555555556,NA,Unavailable MOE or zero percentage,0,55.55555555555556,NA,Unavailable MOE or zero percentage,0,100,100.30775965315051,Percentage MOE exceeds 50% of estimate,0,55.55555555555556,NA,Unavailable MOE or zero percentage,2024,2020-2024,ACS five-year,13,5.22799883822248,6.071470224043029,Denominator below story-scale threshold,6040,80.98351957051003,9,32038,Retained,NA,NA,NA,771,Caregiver count MOE exceeds 50% of estimate,NA,NA,NA,48,Unavailable MOE or zero percentage,NA,NA,NA,40,Unavailable MOE or zero percentage,NA,NA,NA,154,Unavailable MOE or zero percentage,NA,NA,NA,114,Percentage MOE exceeds 50% of estimate,NA,NA,NA,593,Unavailable MOE or zero percentage,NA,NA,NA,749,Denominator below story-scale threshold,188
1321072,"Cuthbert city, Georgia",2991,99,35,0,0,35,0,0,64,22,99,58,14,14,58,14,14,91,35,0,Pass,99,0,Pass,35.35353535353536,1.6571428571428573,TRUE,TRUE,TRUE,100.74713214537893,0,93,46.71648921150375,0,40,0,40,100,234.35539033611286,0,40,0,40,0,82.0700245650391,80.33597911793004,Percentage MOE exceeds 50% of estimate,0,40,NA,Unavailable MOE or zero percentage,0,40,NA,Unavailable MOE or zero percentage,0,100,142.47796065018926,Percentage MOE exceeds 50% of estimate,0,40,NA,Unavailable MOE or zero percentage,0,40,NA,Unavailable MOE or zero percentage,2024,2020-2024,ACS five-year,13,11.70177198261451,19.391316837994697,Denominator below story-scale threshold,6147,80.65890505025283,9,32038,Retained,NA,NA,NA,771,Percentage MOE exceeds 50% of estimate,NA,NA,NA,48,Unavailable MOE or zero percentage,NA,NA,NA,40,Unavailable MOE or zero percentage,NA,NA,NA,154,Percentage MOE exceeds 50% of estimate,NA,NA,NA,114,Unavailable MOE or zero percentage,NA,NA,NA,593,Unavailable MOE or zero percentage,NA,NA,NA,749,Denominator below story-scale threshold,191
1328520,"Fair Oaks CDP, Georgia",9014,101,35,0,11,10,0,14,66,1362,87,44,20,17,18,20,24,73,35,0,Pass,101,0,Pass,34.65346534653465,1.2571428571428571,TRUE,TRUE,TRUE,76.42885886890815,0,79,31.73058105040736,0,57.14285714285714,31.428571428571427,28.251149479218125,28.57142857142857,36.807184710515905,0,57.14285714285714,40,46.61960698141974,2.922884296127293,66.38404639694201,55.66780504407581,Percentage MOE exceeds 50% of estimate,0,57.14285714285714,NA,Unavailable MOE or zero percentage,3.1774219493533025,59.67972090778955,54.649252430344994,Percentage MOE exceeds 50% of estimate,0,65.37861328194447,78.32012792868798,Percentage MOE exceeds 50% of estimate,0,57.14285714285714,NA,Unavailable MOE or zero percentage,0,86.61960698141974,70.85677141348938,Percentage MOE exceeds 50% of estimate,2024,2020-2024,ACS five-year,13,3.8828489017084533,4.8459097193260545,Percentage MOE exceeds 50% of estimate,6147,80.65890505025283,9,32038,Retained,NA,NA,NA,771,Percentage MOE exceeds 50% of estimate,NA,NA,NA,48,Unavailable MOE or zero percentage,NA,NA,NA,40,Percentage MOE exceeds 50% of estimate,NA,NA,NA,154,Percentage MOE exceeds 50% of estimate,NA,NA,NA,114,Unavailable MOE or zero percentage,NA,NA,NA,593,Percentage MOE exceeds 50% of estimate,NA,NA,NA,749,Percentage MOE exceeds 50% of estimate,191
1368040,"St. Simons CDP, Georgia",16228,90,35,17,0,9,9,0,55,875,55,34,27,23,15,14,23,47,35,0,Pass,90,0,Pass,38.88888888888889,0.9714285714285714,FALSE,TRUE,TRUE,59.058663671429024,1,69,29.366047248244527,48.57142857142857,61.03049537810962,0,65.71428571428571,25.71428571428571,34.82462757227547,25.71428571428571,31.241318660871816,0,65.71428571428571,9.522841640644366,68.25493613713343,45.90845755923619,Percentage MOE exceeds 50% of estimate,0,100,76.39039598252056,Percentage MOE exceeds 50% of estimate,0,65.71428571428571,NA,Unavailable MOE or zero percentage,0,60.53891328656118,82.33505097746385,Percentage MOE exceeds 50% of estimate,0,56.95560437515753,73.86311768037095,Percentage MOE exceeds 50% of estimate,0,65.71428571428571,NA,Unavailable MOE or zero percentage,2024,2020-2024,ACS five-year,13,2.1567660833127924,2.091914339172383,Denominator below story-scale threshold,6147,80.65890505025283,9,32038,Retained,NA,NA,NA,771,Percentage MOE exceeds 50% of estimate,NA,NA,NA,48,Percentage MOE exceeds 50% of estimate,NA,NA,NA,40,Unavailable MOE or zero percentage,NA,NA,NA,154,Percentage MOE exceeds 50% of estimate,NA,NA,NA,114,Percentage MOE exceeds 50% of estimate,NA,NA,NA,593,Unavailable MOE or zero percentage,NA,NA,NA,749,Denominator below story-scale threshold,191
1379444,"Vienna city, Georgia",2881,242,35,0,0,10,25,0,207,11,154,42,14,14,19,37,14,132,35,0,Pass,242,0,Pass,14.46280991735537,1.2,TRUE,TRUE,TRUE,72.95481982941233,0,77,14.71402612092629,0,40,0,40,28.57142857142857,42.0883424647321,71.42857142857143,61.87545093630775,0,40,0,29.17683603828166,61.85169241843369,Percentage MOE exceeds 50% of estimate,0,40,NA,Unavailable MOE or zero percentage,0,40,NA,Unavailable MOE or zero percentage,0,70.65977103616066,89.55763370846643,Percentage MOE exceeds 50% of estimate,9.55312049226368,100,52.664644374089704,Percentage MOE exceeds 50% of estimate,0,40,NA,Unavailable MOE or zero percentage,2024,2020-2024,ACS five-year,13,12.148559527941687,14.57819764081367,Percentage MOE exceeds 50% of estimate,6147,80.65890505025283,9,32038,Retained,NA,NA,NA,771,Percentage MOE exceeds 50% of estimate,NA,NA,NA,48,Unavailable MOE or zero percentage,NA,NA,NA,40,Unavailable MOE or zero percentage,NA,NA,NA,154,Percentage MOE exceeds 50% of estimate,NA,NA,NA,114,Percentage MOE exceeds 50% of estimate,NA,NA,NA,593,Unavailable MOE or zero percentage,NA,NA,NA,749,Percentage MOE exceeds 50% of estimate,191
1302648,"Arcade city, Georgia",1704,50,34,15,0,0,0,19,16,389,34,32,25,14,14,14,19,14,34,0,Pass,50,0,Pass,68,0.9411764705882353,FALSE,TRUE,TRUE,57.21946653287241,2,66,44.247738925282945,44.11764705882353,60.683252274379186,0,41.17647058823529,0,41.17647058823529,0,41.17647058823529,55.88235294117647,18.883510429796285,23.752261074717055,100,39.55987525922661,Percentage MOE exceeds 50% of estimate,0,100,83.62367501975764,Percentage MOE exceeds 50% of estimate,0,41.17647058823529,NA,Unavailable MOE or zero percentage,0,41.17647058823529,NA,Unavailable MOE or zero percentage,0,41.17647058823529,NA,Unavailable MOE or zero percentage,36.99884251138019,74.76586337097275,20.54380063122323,Caregiver count MOE exceeds 50% of estimate,2024,2020-2024,ACS five-year,13,19.953051643192488,18.218550895856772,Denominator below story-scale threshold,6248,80.3264872963356,9,32038,Retained,NA,NA,NA,771,Percentage MOE exceeds 50% of estimate,NA,NA,NA,48,Percentage MOE exceeds 50% of estimate,NA,NA,NA,40,Unavailable MOE or zero percentage,NA,NA,NA,154,Unavailable MOE or zero percentage,NA,NA,NA,114,Unavailable MOE or zero percentage,NA,NA,NA,593,Caregiver count MOE exceeds 50% of estimate,NA,NA,NA,749,Denominator below story-scale threshold,195
1340056,"Hoschton city, Georgia",4534,102,34,4,30,0,0,0,68,28,54,32,9,31,14,14,14,49,34,0,Pass,102,0,Pass,33.33333333333333,0.9411764705882353,FALSE,TRUE,TRUE,57.21946653287241,2,66,25.938738343770495,11.76470588235294,24.043463675110168,88.23529411764706,37.63880494192727,0,41.17647058823529,0,41.17647058823529,0,41.17647058823529,7.394594989562833,59.272071677103824,47.30889956180115,Percentage MOE exceeds 50% of estimate,0,35.80816955746311,124.24779803489832,Percentage MOE exceeds 50% of estimate,50.59648917571979,100,25.93380442403104,Caregiver count MOE exceeds 50% of estimate,0,41.17647058823529,NA,Unavailable MOE or zero percentage,0,41.17647058823529,NA,Unavailable MOE or zero percentage,0,41.17647058823529,NA,Unavailable MOE or zero percentage,2024,2020-2024,ACS five-year,13,7.498897220996913,7.057633686084271,Percentage MOE exceeds 50% of estimate,6248,80.3264872963356,9,32038,Retained,NA,NA,NA,771,Percentage MOE exceeds 50% of estimate,NA,NA,NA,48,Percentage MOE exceeds 50% of estimate,NA,NA,NA,40,Caregiver count MOE exceeds 50% of estimate,NA,NA,NA,154,Unavailable MOE or zero percentage,NA,NA,NA,114,Unavailable MOE or zero percentage,NA,NA,NA,593,Unavailable MOE or zero percentage,NA,NA,NA,749,Percentage MOE exceeds 50% of estimate,195
1351072,"Metter city, Georgia",3989,34,34,5,20,0,9,0,0,29,36,36,8,27,14,16,14,14,34,0,Pass,34,0,Pass,100,1.0588235294117647,TRUE,TRUE,TRUE,64.37189984948147,0,70,149.74025954538652,14.705882352941178,17.64027279796662,58.82352941176471,49.264231202770716,0,41.17647058823529,26.47058823529412,37.80187736988188,0,41.17647058823529,0,100,91.03561380285927,Percentage MOE exceeds 50% of estimate,0,32.3461551509078,72.92676567731583,Percentage MOE exceeds 50% of estimate,9.559298208993994,100,50.91589407862921,Percentage MOE exceeds 50% of estimate,0,41.17647058823529,NA,Unavailable MOE or zero percentage,0,64.272465605176,86.82054740086224,Percentage MOE exceeds 50% of estimate,0,41.17647058823529,NA,Unavailable MOE or zero percentage,2024,2020-2024,ACS five-year,13,8.523439458510905,9.024605517443465,Denominator below story-scale threshold,6248,80.3264872963356,9,32038,Retained,NA,NA,NA,771,Percentage MOE exceeds 50% of estimate,NA,NA,NA,48,Percentage MOE exceeds 50% of estimate,NA,NA,NA,40,Percentage MOE exceeds 50% of estimate,NA,NA,NA,154,Unavailable MOE or zero percentage,NA,NA,NA,114,Percentage MOE exceeds 50% of estimate,NA,NA,NA,593,Unavailable MOE or zero percentage,NA,NA,NA,749,Denominator below story-scale threshold,195
1308284,"Blackshear city, Georgia",3578,62,33,33,0,0,0,0,29,17,75,39,39,14,14,14,14,36,33,0,Pass,62,0,Pass,53.2258064516129,1.1818181818181819,TRUE,TRUE,TRUE,71.84944377139092,0,72,90.01322152188652,100,167.1343300986385,0,42.42424242424242,0,42.42424242424242,0,42.42424242424242,0,42.42424242424242,0,100,102.81507530819222,Percentage MOE exceeds 50% of estimate,0,100,101.61045783046414,Percentage MOE exceeds 50% of estimate,0,42.42424242424242,NA,Unavailable MOE or zero percentage,0,42.42424242424242,NA,Unavailable MOE or zero percentage,0,42.42424242424242,NA,Unavailable MOE or zero percentage,0,42.42424242424242,NA,Unavailable MOE or zero percentage,2024,2020-2024,ACS five-year,13,9.2230296254891,10.899856015841298,Denominator below story-scale threshold,6360,79.9456894937262,8,32038,Retained,NA,NA,NA,771,Percentage MOE exceeds 50% of estimate,NA,NA,NA,48,Percentage MOE exceeds 50% of estimate,NA,NA,NA,40,Unavailable MOE or zero percentage,NA,NA,NA,154,Unavailable MOE or zero percentage,NA,NA,NA,114,Unavailable MOE or zero percentage,NA,NA,NA,593,Unavailable MOE or zero percentage,NA,NA,NA,749,Denominator below story-scale threshold,198
1323536,"Doraville city, Georgia",11134,268,33,0,0,0,0,33,235,27,251,57,23,23,23,23,57,249,33,0,Pass,268,0,Pass,12.313432835820896,1.7272727272727273,TRUE,TRUE,TRUE,105.01072551203289,0,90,17.870660409998376,0,69.6969696969697,0,69.6969696969697,0,69.6969696969697,0,69.6969696969697,100,244.2732516826255,0,30.18409324581927,88.23364070681909,Percentage MOE exceeds 50% of estimate,0,69.6969696969697,NA,Unavailable MOE or zero percentage,0,69.6969696969697,NA,Unavailable MOE or zero percentage,0,69.6969696969697,NA,Unavailable MOE or zero percentage,0,69.6969696969697,NA,Unavailable MOE or zero percentage,0,100,148.5075922137553,Percentage MOE exceeds 50% of estimate,2024,2020-2024,ACS five-year,13,2.963894377582181,5.119448879497053,Percentage MOE exceeds 50% of estimate,6360,79.9456894937262,8,32038,Retained,NA,NA,NA,771,Percentage MOE exceeds 50% of estimate,NA,NA,NA,48,Unavailable MOE or zero percentage,NA,NA,NA,40,Unavailable MOE or zero percentage,NA,NA,NA,154,Unavailable MOE or zero percentage,NA,NA,NA,114,Unavailable MOE or zero percentage,NA,NA,NA,593,Percentage MOE exceeds 50% of estimate,NA,NA,NA,749,Percentage MOE exceeds 50% of estimate,198
1347252,"Lone Oak town, Georgia",297,44,33,0,0,33,0,0,11,163,37,37,14,14,37,14,14,20,33,0,Pass,44,0,Pass,75,1.121212121212121,TRUE,TRUE,TRUE,68.16485691131959,0,70,55.6209082439715,0,42.42424242424242,0,42.42424242424242,100,158.56333881152884,0,42.42424242424242,0,42.42424242424242,19.3790917560285,100,45.08681488541351,Percentage MOE exceeds 50% of estimate,0,42.42424242424242,NA,Unavailable MOE or zero percentage,0,42.42424242424242,NA,Unavailable MOE or zero percentage,0,100,96.39966512120958,Percentage MOE exceeds 50% of estimate,0,42.42424242424242,NA,Unavailable MOE or zero percentage,0,42.42424242424242,NA,Unavailable MOE or zero percentage,2024,2020-2024,ACS five-year,13,111.1111111111111,108.63414238911506,Denominator below story-scale threshold,6360,79.9456894937262,8,32038,Retained,NA,NA,NA,771,Percentage MOE exceeds 50% of estimate,NA,NA,NA,48,Unavailable MOE or zero percentage,NA,NA,NA,40,Unavailable MOE or zero percentage,NA,NA,NA,154,Percentage MOE exceeds 50% of estimate,NA,NA,NA,114,Unavailable MOE or zero percentage,NA,NA,NA,593,Unavailable MOE or zero percentage,NA,NA,NA,749,Denominator below story-scale threshold,198
1349100,"McRae-Helena city, Georgia",6030,117,33,0,0,0,27,6,84,29,73,43,20,20,20,43,12,61,33,0,Pass,117,0,Pass,28.205128205128204,1.303030303030303,TRUE,TRUE,TRUE,79.21861749153359,0,76,32.26495679978053,0,60.60606060606061,0,60.60606060606061,0,60.60606060606061,81.81818181818183,74.91897486900292,18.181818181818183,27.586749899989083,0,60.47008500490873,69.54657598116565,Percentage MOE exceeds 50% of estimate,0,60.60606060606061,NA,Unavailable MOE or zero percentage,0,60.60606060606061,NA,Unavailable MOE or zero percentage,0,60.60606060606061,NA,Unavailable MOE or zero percentage,6.899206949178904,100,55.669169858422364,Percentage MOE exceeds 50% of estimate,0,45.76856808180727,92.24354189566824,Percentage MOE exceeds 50% of estimate,2024,2020-2024,ACS five-year,13,5.472636815920398,7.130963037855958,Percentage MOE exceeds 50% of estimate,6360,79.9456894937262,8,32038,Retained,NA,NA,NA,771,Percentage MOE exceeds 50% of estimate,NA,NA,NA,48,Unavailable MOE or zero percentage,NA,NA,NA,40,Unavailable MOE or zero percentage,NA,NA,NA,154,Unavailable MOE or zero percentage,NA,NA,NA,114,Percentage MOE exceeds 50% of estimate,NA,NA,NA,593,Percentage MOE exceeds 50% of estimate,NA,NA,NA,749,Percentage MOE exceeds 50% of estimate,198
1360004,"Pembroke city, Georgia",2693,57,33,0,0,0,0,33,24,29,39,34,14,14,14,14,34,21,33,0,Pass,57,0,Pass,57.89473684210527,1.0303030303030303,TRUE,TRUE,TRUE,62.6379766212126,0,67,44.596999725663686,0,42.42424242424242,0,42.42424242424242,0,42.42424242424242,0,42.42424242424242,100,145.70685188086435,13.297737116441581,100,46.83163296851875,Percentage MOE exceeds 50% of estimate,0,42.42424242424242,NA,Unavailable MOE or zero percentage,0,42.42424242424242,NA,Unavailable MOE or zero percentage,0,42.42424242424242,NA,Unavailable MOE or zero percentage,0,42.42424242424242,NA,Unavailable MOE or zero percentage,0,100,88.58347605732773,Percentage MOE exceeds 50% of estimate,2024,2020-2024,ACS five-year,13,12.253991830672113,12.624635283880348,Denominator below story-scale threshold,6360,79.9456894937262,8,32038,Retained,NA,NA,NA,771,Percentage MOE exceeds 50% of estimate,NA,NA,NA,48,Unavailable MOE or zero percentage,NA,NA,NA,40,Unavailable MOE or zero percentage,NA,NA,NA,154,Unavailable MOE or zero percentage,NA,NA,NA,114,Unavailable MOE or zero percentage,NA,NA,NA,593,Percentage MOE exceeds 50% of estimate,NA,NA,NA,749,Denominator below story-scale threshold,198
1363224,"Quitman city, Georgia",4062,85,33,0,0,16,0,17,52,14,57,35,14,14,26,14,24,41,33,0,Pass,85,0,Pass,38.82352941176471,1.0606060606060606,TRUE,TRUE,TRUE,64.48027005124827,0,68,31.90142982440844,0,42.42424242424242,0,42.42424242424242,48.484848484848484,59.69230752112134,0,42.42424242424242,51.515151515151516,48.00024608096599,6.922099587356271,70.72495923617315,49.95602538811375,Percentage MOE exceeds 50% of estimate,0,42.42424242424242,NA,Unavailable MOE or zero percentage,0,42.42424242424242,NA,Unavailable MOE or zero percentage,0,100,74.84883897571578,Percentage MOE exceeds 50% of estimate,0,42.42424242424242,NA,Unavailable MOE or zero percentage,3.514905434185529,99.51539759611751,56.64756228036414,Percentage MOE exceeds 50% of estimate,2024,2020-2024,ACS five-year,13,8.12407680945347,8.616399605555122,Denominator below story-scale threshold,6360,79.9456894937262,8,32038,Retained,NA,NA,NA,771,Percentage MOE exceeds 50% of estimate,NA,NA,NA,48,Unavailable MOE or zero percentage,NA,NA,NA,40,Unavailable MOE or zero percentage,NA,NA,NA,154,Percentage MOE exceeds 50% of estimate,NA,NA,NA,114,Unavailable MOE or zero percentage,NA,NA,NA,593,Percentage MOE exceeds 50% of estimate,NA,NA,NA,749,Denominator below story-scale threshold,198
1310132,"Bremen city, Georgia",7488,74,32,0,0,10,0,22,42,20,62,42,20,20,19,20,37,41,32,0,Pass,74,0,Pass,43.24324324324324,1.3125,TRUE,TRUE,TRUE,79.79433418841973,0,74,43.688176054054686,0,62.5,0,62.5,31.25,42.93144687591341,0,62.5,68.75,72.29729035973185,0,86.93141929729794,61.42121430722427,Percentage MOE exceeds 50% of estimate,0,62.5,NA,Unavailable MOE or zero percentage,0,62.5,NA,Unavailable MOE or zero percentage,0,74.18144687591341,83.52149258261998,Percentage MOE exceeds 50% of estimate,0,62.5,NA,Unavailable MOE or zero percentage,0,100,63.9325550587751,Percentage MOE exceeds 50% of estimate,2024,2020-2024,ACS five-year,13,4.273504273504274,5.608962744926687,Denominator below story-scale threshold,6492,79.5648916911168,8,32038,Retained,NA,NA,NA,771,Percentage MOE exceeds 50% of estimate,NA,NA,NA,48,Unavailable MOE or zero percentage,NA,NA,NA,40,Unavailable MOE or zero percentage,NA,NA,NA,154,Percentage MOE exceeds 50% of estimate,NA,NA,NA,114,Unavailable MOE or zero percentage,NA,NA,NA,593,Percentage MOE exceeds 50% of estimate,NA,NA,NA,749,Denominator below story-scale threshold,204
1327344,"Emerson city, Georgia",1573,48,32,0,6,0,0,26,16,379,49,46,14,10,14,14,46,18,32,0,Pass,48,0,Pass,66.66666666666666,1.4375,TRUE,TRUE,TRUE,87.39379458731685,0,78,67.47198778606177,0,43.75,18.75,15.814283187497782,0,43.75,0,43.75,81.25,83.80067118009482,0,100,61.53008390580558,Percentage MOE exceeds 50% of estimate,0,43.75,NA,Unavailable MOE or zero percentage,2.9357168125022177,34.56428318749778,51.27680803000912,Percentage MOE exceeds 50% of estimate,0,43.75,NA,Unavailable MOE or zero percentage,0,43.75,NA,Unavailable MOE or zero percentage,0,100,62.70423453874507,Percentage MOE exceeds 50% of estimate,2024,2020-2024,ACS five-year,13,20.3432930705658,28.82978215577415,Denominator below story-scale threshold,6492,79.5648916911168,8,32038,Retained,NA,NA,NA,771,Percentage MOE exceeds 50% of estimate,NA,NA,NA,48,Unavailable MOE or zero percentage,NA,NA,NA,40,Percentage MOE exceeds 50% of estimate,NA,NA,NA,154,Unavailable MOE or zero percentage,NA,NA,NA,114,Unavailable MOE or zero percentage,NA,NA,NA,593,Percentage MOE exceeds 50% of estimate,NA,NA,NA,749,Denominator below story-scale threshold,204
1348428,"McCaysville city, Georgia",1392,61,32,9,0,0,0,23,29,446,53,41,16,14,14,14,37,32,32,0,Pass,61,0,Pass,52.459016393442624,1.28125,TRUE,TRUE,TRUE,77.89446908869546,0,73,49.397816757135104,28.125,34.66219142001968,0,43.75,0,43.75,0,43.75,71.875,69.91853333058829,3.0611996363075207,100,57.24800471626826,Percentage MOE exceeds 50% of estimate,0,62.78719142001968,74.92663496118927,Percentage MOE exceeds 50% of estimate,0,43.75,NA,Unavailable MOE or zero percentage,0,43.75,NA,Unavailable MOE or zero percentage,0,43.75,NA,Unavailable MOE or zero percentage,1.9564666694117108,100,59.14080002167918,Percentage MOE exceeds 50% of estimate,2024,2020-2024,ACS five-year,13,22.988505747126435,28.518202037971115,Denominator below story-scale threshold,6492,79.5648916911168,8,32038,Retained,NA,NA,NA,771,Percentage MOE exceeds 50% of estimate,NA,NA,NA,48,Percentage MOE exceeds 50% of estimate,NA,NA,NA,40,Unavailable MOE or zero percentage,NA,NA,NA,154,Unavailable MOE or zero percentage,NA,NA,NA,114,Unavailable MOE or zero percentage,NA,NA,NA,593,Percentage MOE exceeds 50% of estimate,NA,NA,NA,749,Denominator below story-scale threshold,204
1363728,"Ray City city, Georgia",852,47,32,0,0,0,5,27,15,260,35,26,14,14,14,8,25,21,32,0,Pass,47,0,Pass,68.08510638297872,0.8125,FALSE,TRUE,TRUE,49.396492592831265,6,58,22.125740544881324,0,43.75,0,43.75,0,43.75,15.625,21.536690565807547,84.375,37.466924704028536,45.9593658380974,90.21084692786005,19.75688346538401,Caregiver count MOE exceeds 50% of estimate,0,43.75,NA,Unavailable MOE or zero percentage,0,43.75,NA,Unavailable MOE or zero percentage,0,43.75,NA,Unavailable MOE or zero percentage,0,37.16169056580755,83.79762026401566,Percentage MOE exceeds 50% of estimate,46.908075295971464,100,26.996471519452438,Caregiver count MOE exceeds 50% of estimate,2024,2020-2024,ACS five-year,13,37.55868544600939,28.28223850873144,Denominator below story-scale threshold,6492,79.5648916911168,8,32038,Retained,NA,NA,NA,771,Caregiver count MOE exceeds 50% of estimate,NA,NA,NA,48,Unavailable MOE or zero percentage,NA,NA,NA,40,Unavailable MOE or zero percentage,NA,NA,NA,154,Unavailable MOE or zero percentage,NA,NA,NA,114,Percentage MOE exceeds 50% of estimate,NA,NA,NA,593,Caregiver count MOE exceeds 50% of estimate,NA,NA,NA,749,Denominator below story-scale threshold,204
1334428,"Grantville city, Georgia",3251,64,31,0,0,0,31,0,33,39,54,33,14,14,14,33,14,33,31,0,Pass,64,0,Pass,48.4375,1.064516129032258,TRUE,TRUE,TRUE,64.71798533254318,0,64,31.43890505128915,0,45.16129032258064,0,45.16129032258064,0,45.16129032258064,100,150.54531470423268,0,45.16129032258064,16.99859494871085,79.87640505128915,39.46012307356217,Percentage MOE exceeds 50% of estimate,0,45.16129032258064,NA,Unavailable MOE or zero percentage,0,45.16129032258064,NA,Unavailable MOE or zero percentage,0,45.16129032258064,NA,Unavailable MOE or zero percentage,0,100,91.52505258674562,Percentage MOE exceeds 50% of estimate,0,45.16129032258064,NA,Unavailable MOE or zero percentage,2024,2020-2024,ACS five-year,13,9.535527529990771,10.15007828234184,Denominator below story-scale threshold,6604,79.20126100255946,8,32038,Retained,NA,NA,NA,771,Percentage MOE exceeds 50% of estimate,NA,NA,NA,48,Unavailable MOE or zero percentage,NA,NA,NA,40,Unavailable MOE or zero percentage,NA,NA,NA,154,Unavailable MOE or zero percentage,NA,NA,NA,114,Percentage MOE exceeds 50% of estimate,NA,NA,NA,593,Unavailable MOE or zero percentage,NA,NA,NA,749,Denominator below story-scale threshold,208
1335884,"Guyton city, Georgia",2740,76,31,0,0,0,16,15,45,29,57,26,14,14,14,19,16,47,31,0,Pass,76,0,Pass,40.78947368421053,0.8387096774193549,FALSE,TRUE,TRUE,50.98992783776131,5,57,15.312844489878142,0,45.16129032258064,0,45.16129032258064,0,45.16129032258064,51.61290322580645,43.38930510182843,48.38709677419355,31.88940424788686,25.476629194332386,56.102318174088666,22.82340903856184,Caregiver count MOE exceeds 50% of estimate,0,45.16129032258064,NA,Unavailable MOE or zero percentage,0,45.16129032258064,NA,Unavailable MOE or zero percentage,0,45.16129032258064,NA,Unavailable MOE or zero percentage,8.223598123978022,95.00220832763488,51.10897240783652,Percentage MOE exceeds 50% of estimate,16.497692526306693,80.27650102208041,40.06725443473796,Percentage MOE exceeds 50% of estimate,2024,2020-2024,ACS five-year,13,11.313868613138688,9.48829551282243,Denominator below story-scale threshold,6604,79.20126100255946,8,32038,Retained,NA,NA,NA,771,Caregiver count MOE exceeds 50% of estimate,NA,NA,NA,48,Unavailable MOE or zero percentage,NA,NA,NA,40,Unavailable MOE or zero percentage,NA,NA,NA,154,Unavailable MOE or zero percentage,NA,NA,NA,114,Percentage MOE exceeds 50% of estimate,NA,NA,NA,593,Percentage MOE exceeds 50% of estimate,NA,NA,NA,749,Denominator below story-scale threshold,208
1371660,"Social Circle city, Georgia",5217,141,31,0,0,0,0,31,110,24,109,60,20,20,20,20,60,88,31,0,Pass,141,0,Pass,21.98581560283688,1.935483870967742,TRUE,TRUE,TRUE,117.66906424098764,0,91,39.011610764575416,0,64.51612903225806,0,64.51612903225806,0,64.51612903225806,0,64.51612903225806,100,273.71875400769585,0,60.997426367412295,107.87580373022888,Percentage MOE exceeds 50% of estimate,0,64.51612903225806,NA,Unavailable MOE or zero percentage,0,64.51612903225806,NA,Unavailable MOE or zero percentage,0,64.51612903225806,NA,Unavailable MOE or zero percentage,0,64.51612903225806,NA,Unavailable MOE or zero percentage,0,100,166.4091865213557,Percentage MOE exceeds 50% of estimate,2024,2020-2024,ACS five-year,13,5.942112325091048,11.500830078207013,Percentage MOE exceeds 50% of estimate,6604,79.20126100255946,8,32038,Retained,NA,NA,NA,771,Percentage MOE exceeds 50% of estimate,NA,NA,NA,48,Unavailable MOE or zero percentage,NA,NA,NA,40,Unavailable MOE or zero percentage,NA,NA,NA,154,Unavailable MOE or zero percentage,NA,NA,NA,114,Unavailable MOE or zero percentage,NA,NA,NA,593,Percentage MOE exceeds 50% of estimate,NA,NA,NA,749,Percentage MOE exceeds 50% of estimate,208
1374964,"Swainsboro city, Georgia",7571,149,31,0,0,31,0,0,118,26,85,14,20,20,14,20,20,79,31,0,Pass,149,0,Pass,20.80536912751678,0.45161290322580644,FALSE,TRUE,FALSE,27.456114989563776,17,45,15.137818519715692,0,64.51612903225806,0,64.51612903225806,100,63.867709268462356,0,64.51612903225806,0,64.51612903225806,5.667550607801088,35.94318764723247,44.234448006643476,Percentage MOE exceeds 50% of estimate,0,64.51612903225806,NA,Unavailable MOE or zero percentage,0,64.51612903225806,NA,Unavailable MOE or zero percentage,36.132290731537644,100,38.828810188316325,Percentage MOE exceeds 50% of estimate,0,64.51612903225806,NA,Unavailable MOE or zero percentage,0,64.51612903225806,NA,Unavailable MOE or zero percentage,2024,2020-2024,ACS five-year,13,4.094571390833444,1.8491078096312212,Percentage MOE exceeds 50% of estimate,6604,79.20126100255946,8,32038,Retained,NA,NA,NA,771,Percentage MOE exceeds 50% of estimate,NA,NA,NA,48,Unavailable MOE or zero percentage,NA,NA,NA,40,Unavailable MOE or zero percentage,NA,NA,NA,154,Percentage MOE exceeds 50% of estimate,NA,NA,NA,114,Unavailable MOE or zero percentage,NA,NA,NA,593,Unavailable MOE or zero percentage,NA,NA,NA,749,Percentage MOE exceeds 50% of estimate,208
1382916,"Wildwood CDP, Georgia",368,31,31,0,0,0,0,31,0,241,37,37,14,14,14,14,37,14,31,0,Pass,31,0,Pass,100,1.1935483870967742,TRUE,TRUE,TRUE,72.5625896152757,0,68,168.79323163807908,0,45.16129032258064,0,45.16129032258064,0,45.16129032258064,0,45.16129032258064,100,168.79323163807908,0,100,102.618998354836,Percentage MOE exceeds 50% of estimate,0,45.16129032258064,NA,Unavailable MOE or zero percentage,0,45.16129032258064,NA,Unavailable MOE or zero percentage,0,45.16129032258064,NA,Unavailable MOE or zero percentage,0,45.16129032258064,NA,Unavailable MOE or zero percentage,0,100,102.618998354836,Percentage MOE exceeds 50% of estimate,2024,2020-2024,ACS five-year,13,84.23913043478261,84.05677148462807,Denominator below story-scale threshold,6604,79.20126100255946,8,32038,Retained,NA,NA,NA,771,Percentage MOE exceeds 50% of estimate,NA,NA,NA,48,Unavailable MOE or zero percentage,NA,NA,NA,40,Unavailable MOE or zero percentage,NA,NA,NA,154,Unavailable MOE or zero percentage,NA,NA,NA,114,Unavailable MOE or zero percentage,NA,NA,NA,593,Percentage MOE exceeds 50% of estimate,NA,NA,NA,749,Denominator below story-scale threshold,208
1356168,"North Druid Hills CDP, Georgia",17997,52,30,0,30,0,0,0,22,1380,57,44,23,44,23,23,23,35,30,0,Pass,52,0,Pass,57.692307692307686,1.4666666666666666,TRUE,TRUE,TRUE,89.16700201372618,0,74,56.218418846721704,0,76.66666666666667,100,207.41798914805392,0,76.66666666666667,0,76.66666666666667,0,76.66666666666667,1.4738888455859822,100,59.24251114971253,Percentage MOE exceeds 50% of estimate,0,76.66666666666667,NA,Unavailable MOE or zero percentage,0,100,126.10118356396062,Percentage MOE exceeds 50% of estimate,0,76.66666666666667,NA,Unavailable MOE or zero percentage,0,76.66666666666667,NA,Unavailable MOE or zero percentage,0,76.66666666666667,NA,Unavailable MOE or zero percentage,2024,2020-2024,ACS five-year,13,1.666944490748458,2.4415083165476568,Denominator below story-scale threshold,6725,78.82514514014608,8,32038,Retained,NA,NA,NA,771,Percentage MOE exceeds 50% of estimate,NA,NA,NA,48,Unavailable MOE or zero percentage,NA,NA,NA,40,Percentage MOE exceeds 50% of estimate,NA,NA,NA,154,Unavailable MOE or zero percentage,NA,NA,NA,114,Unavailable MOE or zero percentage,NA,NA,NA,593,Unavailable MOE or zero percentage,NA,NA,NA,749,Denominator below story-scale threshold,213
1338105,"Heron Bay CDP, Georgia",4595,182,29,0,29,0,0,0,153,1078,100,40,14,40,14,14,14,98,29,0,Pass,182,0,Pass,15.934065934065933,1.3793103448275863,TRUE,TRUE,TRUE,83.85611474645096,0,69,20.158962096553992,0,48.275862068965516,100,195.06393963766828,0,48.275862068965516,0,48.275862068965516,0,48.275862068965516,0,36.09302803061993,76.91557686257842,Percentage MOE exceeds 50% of estimate,0,48.275862068965516,NA,Unavailable MOE or zero percentage,0,100,118.59045476234543,Percentage MOE exceeds 50% of estimate,0,48.275862068965516,NA,Unavailable MOE or zero percentage,0,48.275862068965516,NA,Unavailable MOE or zero percentage,0,48.275862068965516,NA,Unavailable MOE or zero percentage,2024,2020-2024,ACS five-year,13,6.311207834602829,8.578272392558105,Percentage MOE exceeds 50% of estimate,6845,78.40689181596854,8,32038,Retained,NA,NA,NA,771,Percentage MOE exceeds 50% of estimate,NA,NA,NA,48,Unavailable MOE or zero percentage,NA,NA,NA,40,Percentage MOE exceeds 50% of estimate,NA,NA,NA,154,Unavailable MOE or zero percentage,NA,NA,NA,114,Unavailable MOE or zero percentage,NA,NA,NA,593,Unavailable MOE or zero percentage,NA,NA,NA,749,Percentage MOE exceeds 50% of estimate,214
1351520,"Millen city, Georgia",2956,51,29,0,0,0,0,29,22,11,50,47,14,14,14,14,47,27,29,0,Pass,51,0,Pass,56.86274509803921,1.6206896551724137,TRUE,TRUE,TRUE,98.53093482707986,0,76,73.38304530247873,0,48.275862068965516,0,48.275862068965516,0,48.275862068965516,0,48.275862068965516,100,229.20012907426025,0,100,78.45861760844049,Percentage MOE exceeds 50% of estimate,0,48.275862068965516,NA,Unavailable MOE or zero percentage,0,48.275862068965516,NA,Unavailable MOE or zero percentage,0,48.275862068965516,NA,Unavailable MOE or zero percentage,0,48.275862068965516,NA,Unavailable MOE or zero percentage,0,100,139.3437843457559,Percentage MOE exceeds 50% of estimate,2024,2020-2024,ACS five-year,13,9.810554803788904,15.899822769770095,Denominator below story-scale threshold,6845,78.40689181596854,8,32038,Retained,NA,NA,NA,771,Percentage MOE exceeds 50% of estimate,NA,NA,NA,48,Unavailable MOE or zero percentage,NA,NA,NA,40,Unavailable MOE or zero percentage,NA,NA,NA,154,Unavailable MOE or zero percentage,NA,NA,NA,114,Unavailable MOE or zero percentage,NA,NA,NA,593,Percentage MOE exceeds 50% of estimate,NA,NA,NA,749,Denominator below story-scale threshold,214
1353508,"Mount Vernon city, Georgia",1913,29,29,0,0,12,6,11,0,311,37,37,14,14,20,8,17,14,29,0,Pass,29,0,Pass,100,1.2758620689655173,TRUE,TRUE,TRUE,77.56690614046713,0,66,180.4341441648432,0,48.275862068965516,0,48.275862068965516,41.37931034482759,44.3734745862187,20.689655172413794,8.0118337826031,37.93103448275862,33.08068428833189,0,100,109.69617065516954,Percentage MOE exceeds 50% of estimate,0,48.275862068965516,NA,Unavailable MOE or zero percentage,0,48.275862068965516,NA,Unavailable MOE or zero percentage,0,85.75278493104628,65.19479615669108,Percentage MOE exceeds 50% of estimate,12.677821389810694,28.70148895501689,23.542437240662828,Caregiver count MOE exceeds 50% of estimate,4.850350194426731,71.0117187710905,53.02156477316576,Percentage MOE exceeds 50% of estimate,2024,2020-2024,ACS five-year,13,15.159435441714583,19.183691472586325,Denominator below story-scale threshold,6845,78.40689181596854,8,32038,Retained,NA,NA,NA,771,Percentage MOE exceeds 50% of estimate,NA,NA,NA,48,Unavailable MOE or zero percentage,NA,NA,NA,40,Unavailable MOE or zero percentage,NA,NA,NA,154,Percentage MOE exceeds 50% of estimate,NA,NA,NA,114,Caregiver count MOE exceeds 50% of estimate,NA,NA,NA,593,Percentage MOE exceeds 50% of estimate,NA,NA,NA,749,Denominator below story-scale threshold,214
1378100,"Ty Ty city, Georgia",689,29,29,0,0,15,0,14,0,206,36,36,14,14,24,14,23,14,29,0,Pass,29,0,Pass,100,1.2413793103448276,TRUE,TRUE,TRUE,75.47050327180585,0,65,175.55754567390144,0,48.275862068965516,0,48.275862068965516,51.724137931034484,52.21262629307583,0,48.275862068965516,48.275862068965516,51.94888779732382,0,100,106.73140928611087,Percentage MOE exceeds 50% of estimate,0,48.275862068965516,NA,Unavailable MOE or zero percentage,0,48.275862068965516,NA,Unavailable MOE or zero percentage,0,100,61.369844209400966,Percentage MOE exceeds 50% of estimate,0,48.275862068965516,NA,Unavailable MOE or zero percentage,0,100,65.42126829653057,Percentage MOE exceeds 50% of estimate,2024,2020-2024,ACS five-year,13,42.0899854862119,50.71155337177043,Denominator below story-scale threshold,6845,78.40689181596854,8,32038,Retained,NA,NA,NA,771,Percentage MOE exceeds 50% of estimate,NA,NA,NA,48,Unavailable MOE or zero percentage,NA,NA,NA,40,Unavailable MOE or zero percentage,NA,NA,NA,154,Percentage MOE exceeds 50% of estimate,NA,NA,NA,114,Unavailable MOE or zero percentage,NA,NA,NA,593,Percentage MOE exceeds 50% of estimate,NA,NA,NA,749,Denominator below story-scale threshold,214
1301024,"Alapaha town, Georgia",444,34,28,0,0,0,0,28,6,151,34,34,14,14,14,14,34,9,28,0,Pass,34,0,Pass,82.35294117647058,1.2142857142857142,TRUE,TRUE,TRUE,73.82332958928627,0,62,56.72735741760562,0,50,0,50,0,50,0,50,100,171.72593257387584,25.625583758864963,100,41.87802403369144,Percentage MOE exceeds 50% of estimate,0,50,NA,Unavailable MOE or zero percentage,0,50,NA,Unavailable MOE or zero percentage,0,50,NA,Unavailable MOE or zero percentage,0,50,NA,Unavailable MOE or zero percentage,0,100,104.40195392470767,Percentage MOE exceeds 50% of estimate,2024,2020-2024,ACS five-year,13,63.063063063063055,73.51185621282778,Denominator below story-scale threshold,6993,77.94494038329483,8,32038,Retained,NA,NA,NA,771,Percentage MOE exceeds 50% of estimate,NA,NA,NA,48,Unavailable MOE or zero percentage,NA,NA,NA,40,Unavailable MOE or zero percentage,NA,NA,NA,154,Unavailable MOE or zero percentage,NA,NA,NA,114,Unavailable MOE or zero percentage,NA,NA,NA,593,Percentage MOE exceeds 50% of estimate,NA,NA,NA,749,Denominator below story-scale threshold,218
1302844,"Argyle town, Georgia",573,28,28,0,0,0,0,28,0,145,50,50,14,14,14,14,50,14,28,0,Pass,28,0,Pass,100,1.7857142857142858,TRUE,TRUE,TRUE,108.56371998424454,0,78,252.53813613805272,0,50,0,50,0,50,0,50,100,252.53813613805272,0,100,153.53228518339364,Percentage MOE exceeds 50% of estimate,0,50,NA,Unavailable MOE or zero percentage,0,50,NA,Unavailable MOE or zero percentage,0,50,NA,Unavailable MOE or zero percentage,0,50,NA,Unavailable MOE or zero percentage,0,100,153.53228518339364,Percentage MOE exceeds 50% of estimate,2024,2020-2024,ACS five-year,13,48.865619546247814,86.37942176483769,Denominator below story-scale threshold,6993,77.94494038329483,8,32038,Retained,NA,NA,NA,771,Percentage MOE exceeds 50% of estimate,NA,NA,NA,48,Unavailable MOE or zero percentage,NA,NA,NA,40,Unavailable MOE or zero percentage,NA,NA,NA,154,Unavailable MOE or zero percentage,NA,NA,NA,114,Unavailable MOE or zero percentage,NA,NA,NA,593,Percentage MOE exceeds 50% of estimate,NA,NA,NA,749,Denominator below story-scale threshold,218
1311728,"Buena Vista city, Georgia",1717,62,28,5,3,0,0,20,34,323,44,28,9,4,14,14,27,34,28,0,Pass,62,0,Pass,45.16129032258064,1,FALSE,TRUE,TRUE,60.79568319117694,0,56,31.81733770549238,17.857142857142858,26.72612419124244,10.714285714285714,9.44911182523068,0,50,0,50,71.42857142857143,64.77984695434662,13.34395261708826,76.97862802807302,42.832185912159936,Percentage MOE exceeds 50% of estimate,0,44.583267048385295,90.99064683849421,Percentage MOE exceeds 50% of estimate,1.265173889055033,20.163397539516396,53.61675283670796,Percentage MOE exceeds 50% of estimate,0,50,NA,Unavailable MOE or zero percentage,0,50,NA,Unavailable MOE or zero percentage,6.648724474224807,100,55.1366907365314,Percentage MOE exceeds 50% of estimate,2024,2020-2024,ACS five-year,13,16.307513104251605,16.016363308964763,Denominator below story-scale threshold,6993,77.94494038329483,8,32038,Retained,NA,NA,NA,771,Percentage MOE exceeds 50% of estimate,NA,NA,NA,48,Percentage MOE exceeds 50% of estimate,NA,NA,NA,40,Percentage MOE exceeds 50% of estimate,NA,NA,NA,154,Unavailable MOE or zero percentage,NA,NA,NA,114,Unavailable MOE or zero percentage,NA,NA,NA,593,Percentage MOE exceeds 50% of estimate,NA,NA,NA,749,Denominator below story-scale threshold,218
1322752,"Dexter town, Georgia",1054,39,28,3,0,0,0,25,11,336,39,35,5,14,14,14,34,13,28,0,Pass,39,0,Pass,71.7948717948718,1.25,TRUE,TRUE,TRUE,75.99460398897118,0,63,53.84615384615385,10.714285714285714,11.811389781538352,0,50,0,50,0,50,89.28571428571429,47.84081544506719,17.94871794871795,100,45.596762393382704,Percentage MOE exceeds 50% of estimate,0,22.525675495824068,67.02094104588497,Percentage MOE exceeds 50% of estimate,0,50,NA,Unavailable MOE or zero percentage,0,50,NA,Unavailable MOE or zero percentage,0,50,NA,Unavailable MOE or zero percentage,41.4448988406471,100,32.575368665345735,Percentage MOE exceeds 50% of estimate,2024,2020-2024,ACS five-year,13,26.565464895635674,32.10879897753269,Denominator below story-scale threshold,6993,77.94494038329483,8,32038,Retained,NA,NA,NA,771,Percentage MOE exceeds 50% of estimate,NA,NA,NA,48,Percentage MOE exceeds 50% of estimate,NA,NA,NA,40,Unavailable MOE or zero percentage,NA,NA,NA,154,Unavailable MOE or zero percentage,NA,NA,NA,114,Unavailable MOE or zero percentage,NA,NA,NA,593,Percentage MOE exceeds 50% of estimate,NA,NA,NA,749,Denominator below story-scale threshold,218
1358744,"Oxford city, Georgia",1770,37,28,0,28,0,0,0,9,247,42,39,14,39,14,14,14,12,28,0,Pass,37,0,Pass,75.67567567567568,1.3928571428571428,TRUE,TRUE,TRUE,84.67970158771072,0,67,61.08293996129118,0,50,100,196.9797461876811,0,50,0,50,0,50,14.592735714384496,100,49.072294804313074,Percentage MOE exceeds 50% of estimate,0,50,NA,Unavailable MOE or zero percentage,0,100,119.75518244304703,Percentage MOE exceeds 50% of estimate,0,50,NA,Unavailable MOE or zero percentage,0,50,NA,Unavailable MOE or zero percentage,0,50,NA,Unavailable MOE or zero percentage,2024,2020-2024,ACS five-year,13,15.819209039548022,21.92303456592525,Denominator below story-scale threshold,6993,77.94494038329483,8,32038,Retained,NA,NA,NA,771,Percentage MOE exceeds 50% of estimate,NA,NA,NA,48,Unavailable MOE or zero percentage,NA,NA,NA,40,Percentage MOE exceeds 50% of estimate,NA,NA,NA,154,Unavailable MOE or zero percentage,NA,NA,NA,114,Unavailable MOE or zero percentage,NA,NA,NA,593,Unavailable MOE or zero percentage,NA,NA,NA,749,Denominator below story-scale threshold,218
1380788,"Watkinsville city, Georgia",3350,39,28,0,0,8,20,0,11,20,38,34,14,14,12,33,14,17,28,0,Pass,39,0,Pass,71.7948717948718,1.2142857142857142,TRUE,TRUE,TRUE,73.82332958928627,0,62,52.02599346808652,0,50,0,50,28.57142857142857,25.16087348150603,71.42857142857143,79.79598361080896,0,50,19.768878326785277,100,44.055456016817544,Percentage MOE exceeds 50% of estimate,0,50,NA,Unavailable MOE or zero percentage,0,50,NA,Unavailable MOE or zero percentage,3.410555089922539,53.7323020529346,53.5385372548224,Percentage MOE exceeds 50% of estimate,0,100,67.91751875343525,Percentage MOE exceeds 50% of estimate,0,50,NA,Unavailable MOE or zero percentage,2024,2020-2024,ACS five-year,13,8.35820895522388,10.149131062196453,Denominator below story-scale threshold,6993,77.94494038329483,8,32038,Retained,NA,NA,NA,771,Percentage MOE exceeds 50% of estimate,NA,NA,NA,48,Unavailable MOE or zero percentage,NA,NA,NA,40,Unavailable MOE or zero percentage,NA,NA,NA,154,Percentage MOE exceeds 50% of estimate,NA,NA,NA,114,Percentage MOE exceeds 50% of estimate,NA,NA,NA,593,Unavailable MOE or zero percentage,NA,NA,NA,749,Denominator below story-scale threshold,218
1308480,"Blairsville city, Georgia",902,27,27,23,0,0,0,4,0,268,42,42,42,14,14,14,7,14,27,0,Pass,27,0,Pass,100,1.5555555555555556,TRUE,TRUE,TRUE,94.5710627418308,0,69,219.9887763691481,85.18518518518519,81.47732458116597,0,51.85185185185185,0,51.85185185185185,0,51.85185185185185,14.814814814814813,11.877259003836887,0,100,133.743679537534,Percentage MOE exceeds 50% of estimate,3.707860604019217,100,58.14942588588435,Percentage MOE exceeds 50% of estimate,0,51.85185185185185,NA,Unavailable MOE or zero percentage,0,51.85185185185185,NA,Unavailable MOE or zero percentage,0,51.85185185185185,NA,Unavailable MOE or zero percentage,2.9375558109779263,26.6920738186517,48.740810101435436,Percentage MOE exceeds 50% of estimate,2024,2020-2024,ACS five-year,13,29.933481152993348,45.70592891910833,Denominator below story-scale threshold,7141,77.49391347774518,8,32038,Retained,NA,NA,NA,771,Percentage MOE exceeds 50% of estimate,NA,NA,NA,48,Percentage MOE exceeds 50% of estimate,NA,NA,NA,40,Unavailable MOE or zero percentage,NA,NA,NA,154,Unavailable MOE or zero percentage,NA,NA,NA,114,Unavailable MOE or zero percentage,NA,NA,NA,593,Percentage MOE exceeds 50% of estimate,NA,NA,NA,749,Denominator below story-scale threshold,224
1354264,"Nashville city, Georgia",4928,100,27,2,0,25,0,0,73,14,95,42,5,14,41,14,14,73,27,0,Pass,100,0,Pass,27,1.5555555555555556,TRUE,TRUE,TRUE,94.5710627418308,0,69,33.25774345923066,7.4074074074074066,14.497049344698384,0,51.85185185185185,92.5925925925926,48.09888091743571,0,51.85185185185185,0,51.85185185185185,0,60.25774345923066,74.88619388891941,Percentage MOE exceeds 50% of estimate,0,21.90445675210579,118.9833325875642,Percentage MOE exceeds 50% of estimate,0,51.85185185185185,NA,Unavailable MOE or zero percentage,44.49371167515689,100,31.581406721950923,Percentage MOE exceeds 50% of estimate,0,51.85185185185185,NA,Unavailable MOE or zero percentage,0,51.85185185185185,NA,Unavailable MOE or zero percentage,2024,2020-2024,ACS five-year,13,5.478896103896104,8.522713059504003,Percentage MOE exceeds 50% of estimate,7141,77.49391347774518,8,32038,Retained,NA,NA,NA,771,Percentage MOE exceeds 50% of estimate,NA,NA,NA,48,Percentage MOE exceeds 50% of estimate,NA,NA,NA,40,Unavailable MOE or zero percentage,NA,NA,NA,154,Percentage MOE exceeds 50% of estimate,NA,NA,NA,114,Unavailable MOE or zero percentage,NA,NA,NA,593,Unavailable MOE or zero percentage,NA,NA,NA,749,Percentage MOE exceeds 50% of estimate,224
1307304,"Berlin city, Georgia",535,34,26,0,11,6,0,9,8,239,35,29,14,17,12,14,19,16,26,0,Pass,34,0,Pass,76.47058823529412,1.1153846153846154,TRUE,TRUE,TRUE,67.81056971323582,0,55,32.83735201140014,0,53.84615384615385,42.30769230769231,45.25829492302664,23.076923076923077,38.309896783859,0,53.84615384615385,34.61538461538461,62.0447073422371,43.633236223893974,100,26.106367111752366,Caregiver count MOE exceeds 50% of estimate,0,53.84615384615385,NA,Unavailable MOE or zero percentage,0,87.56598723071895,65.0356663252206,Percentage MOE exceeds 50% of estimate,0,61.38681986078208,100.92664174485448,Percentage MOE exceeds 50% of estimate,0,53.84615384615385,NA,Unavailable MOE or zero percentage,0,96.66009195762172,108.97034405885152,Percentage MOE exceeds 50% of estimate,2024,2020-2024,ACS five-year,13,48.598130841121495,49.668052111120744,Denominator below story-scale threshold,7282,77.03040139833948,8,32038,Retained,NA,NA,NA,771,Caregiver count MOE exceeds 50% of estimate,NA,NA,NA,48,Unavailable MOE or zero percentage,NA,NA,NA,40,Percentage MOE exceeds 50% of estimate,NA,NA,NA,154,Percentage MOE exceeds 50% of estimate,NA,NA,NA,114,Unavailable MOE or zero percentage,NA,NA,NA,593,Percentage MOE exceeds 50% of estimate,NA,NA,NA,749,Denominator below story-scale threshold,226
1321940,"Dawsonville city, Georgia",4403,87,26,0,0,0,0,26,61,24,62,42,14,14,14,14,42,54,26,0,Pass,87,0,Pass,29.88505747126437,1.6153846153846154,TRUE,TRUE,TRUE,98.2084113088243,0,68,43.324124084267,0,53.84615384615385,0,53.84615384615385,0,53.84615384615385,0,53.84615384615385,100,228.4498831525769,0,73.20918155553137,88.13500609443197,Percentage MOE exceeds 50% of estimate,0,53.84615384615385,NA,Unavailable MOE or zero percentage,0,53.84615384615385,NA,Unavailable MOE or zero percentage,0,53.84615384615385,NA,Unavailable MOE or zero percentage,0,53.84615384615385,NA,Unavailable MOE or zero percentage,0,100,138.88766721205454,Percentage MOE exceeds 50% of estimate,2024,2020-2024,ACS five-year,13,5.905064728594141,9.53889640976419,Denominator below story-scale threshold,7282,77.03040139833948,8,32038,Retained,NA,NA,NA,771,Percentage MOE exceeds 50% of estimate,NA,NA,NA,48,Unavailable MOE or zero percentage,NA,NA,NA,40,Unavailable MOE or zero percentage,NA,NA,NA,154,Unavailable MOE or zero percentage,NA,NA,NA,114,Unavailable MOE or zero percentage,NA,NA,NA,593,Percentage MOE exceeds 50% of estimate,NA,NA,NA,749,Denominator below story-scale threshold,226
1329528,"Fitzgerald city, Georgia",8918,163,26,0,0,8,8,10,137,34,101,27,20,20,17,13,18,100,26,0,Pass,163,0,Pass,15.950920245398773,1.0384615384615385,TRUE,TRUE,TRUE,63.1339786985299,0,53,13.292569713085431,0,76.92307692307693,0,76.92307692307693,30.76923076923077,57.045379076442295,30.76923076923077,38.45812456401011,38.46153846153847,56.547587347443105,2.6583505323133423,29.243489958484204,50.66358834729239,Percentage MOE exceeds 50% of estimate,0,76.92307692307693,NA,Unavailable MOE or zero percentage,0,76.92307692307693,NA,Unavailable MOE or zero percentage,0,87.81460984567306,112.71366580018933,Percentage MOE exceeds 50% of estimate,0,69.22735533324088,75.9878586064123,Percentage MOE exceeds 50% of estimate,0,95.00912580898157,89.38407934561447,Percentage MOE exceeds 50% of estimate,2024,2020-2024,ACS five-year,13,2.9154518950437316,3.0275642564954293,Percentage MOE exceeds 50% of estimate,7282,77.03040139833948,8,32038,Retained,NA,NA,NA,771,Percentage MOE exceeds 50% of estimate,NA,NA,NA,48,Unavailable MOE or zero percentage,NA,NA,NA,40,Unavailable MOE or zero percentage,NA,NA,NA,154,Percentage MOE exceeds 50% of estimate,NA,NA,NA,114,Percentage MOE exceeds 50% of estimate,NA,NA,NA,593,Percentage MOE exceeds 50% of estimate,NA,NA,NA,749,Percentage MOE exceeds 50% of estimate,226
1303236,"Ashburn city, Georgia",4231,55,25,0,0,8,0,17,30,15,45,33,14,14,14,14,29,35,25,0,Pass,55,0,Pass,45.45454545454545,1.32,TRUE,TRUE,TRUE,80.25030181235356,0,58,47.083943684505996,0,56.00000000000001,0,56.00000000000001,32,36.76659353271663,0,56.00000000000001,68,73.47885682289838,0,92.53848913905145,62.97501151995775,Percentage MOE exceeds 50% of estimate,0,56.00000000000001,NA,Unavailable MOE or zero percentage,0,56.00000000000001,NA,Unavailable MOE or zero percentage,0,68.76659353271663,69.85156788855672,Percentage MOE exceeds 50% of estimate,0,56.00000000000001,NA,Unavailable MOE or zero percentage,0,100,65.69407795080558,Percentage MOE exceeds 50% of estimate,2024,2020-2024,ACS five-year,13,5.90876861262113,7.7995464373271854,Denominator below story-scale threshold,7438,76.54504026468568,8,32038,Retained,NA,NA,NA,771,Percentage MOE exceeds 50% of estimate,NA,NA,NA,48,Unavailable MOE or zero percentage,NA,NA,NA,40,Unavailable MOE or zero percentage,NA,NA,NA,154,Percentage MOE exceeds 50% of estimate,NA,NA,NA,114,Unavailable MOE or zero percentage,NA,NA,NA,593,Percentage MOE exceeds 50% of estimate,NA,NA,NA,749,Denominator below story-scale threshold,229
1304252,"Austell city, Georgia",8447,399,25,0,0,25,0,0,374,515,374,41,20,20,41,20,20,367,25,0,Pass,399,0,Pass,6.265664160401002,1.64,TRUE,TRUE,TRUE,99.70492043353018,0,66,8.431888029901199,0,80,0,80,100,231.93102422918756,0,80,0,80,0,14.6975521903022,81.81453398174833,Percentage MOE exceeds 50% of estimate,0,80,NA,Unavailable MOE or zero percentage,0,80,NA,Unavailable MOE or zero percentage,0,100,141.0040507124287,Percentage MOE exceeds 50% of estimate,0,80,NA,Unavailable MOE or zero percentage,0,80,NA,Unavailable MOE or zero percentage,2024,2020-2024,ACS five-year,13,2.9596306380963657,4.8504390089413825,Percentage MOE exceeds 50% of estimate,7438,76.54504026468568,8,32038,Retained,NA,NA,NA,771,Percentage MOE exceeds 50% of estimate,NA,NA,NA,48,Unavailable MOE or zero percentage,NA,NA,NA,40,Unavailable MOE or zero percentage,NA,NA,NA,154,Percentage MOE exceeds 50% of estimate,NA,NA,NA,114,Unavailable MOE or zero percentage,NA,NA,NA,593,Unavailable MOE or zero percentage,NA,NA,NA,749,Percentage MOE exceeds 50% of estimate,229
1309040,"Blythe city, Georgia",806,46,25,0,2,8,0,15,21,260,32,23,14,4,12,14,20,22,25,0,Pass,46,0,Pass,54.347826086956516,0.92,FALSE,TRUE,TRUE,55.932028535882786,2,48,32.720282486821795,0,56.00000000000001,8,14.206702643470791,32,37.911560242226905,0,56.00000000000001,60,57.90474937343223,21.62754360013472,87.06810857377832,36.60223547510125,Percentage MOE exceeds 50% of estimate,0,56.00000000000001,NA,Unavailable MOE or zero percentage,0,22.20670264347079,107.96327413796327,Percentage MOE exceeds 50% of estimate,0,69.9115602422269,72.02685018030144,Percentage MOE exceeds 50% of estimate,0,56.00000000000001,NA,Unavailable MOE or zero percentage,2.0952506265677684,100,58.67264663619479,Percentage MOE exceeds 50% of estimate,2024,2020-2024,ACS five-year,13,31.017369727047146,26.72433477015229,Denominator below story-scale threshold,7438,76.54504026468568,8,32038,Retained,NA,NA,NA,771,Percentage MOE exceeds 50% of estimate,NA,NA,NA,48,Unavailable MOE or zero percentage,NA,NA,NA,40,Percentage MOE exceeds 50% of estimate,NA,NA,NA,154,Percentage MOE exceeds 50% of estimate,NA,NA,NA,114,Unavailable MOE or zero percentage,NA,NA,NA,593,Percentage MOE exceeds 50% of estimate,NA,NA,NA,749,Denominator below story-scale threshold,229
1315026,"Centralhatchee town, Georgia",662,39,25,0,0,0,0,25,14,250,30,30,14,14,14,14,30,15,25,0,Pass,39,0,Pass,64.1025641025641,1.2,TRUE,TRUE,TRUE,72.95481982941233,0,55,59.039958765663755,0,56.00000000000001,0,56.00000000000001,0,56.00000000000001,0,56.00000000000001,100,169.7056274847714,5.062605336900347,100,55.99424420830412,Percentage MOE exceeds 50% of estimate,0,56.00000000000001,NA,Unavailable MOE or zero percentage,0,56.00000000000001,NA,Unavailable MOE or zero percentage,0,56.00000000000001,NA,Unavailable MOE or zero percentage,0,56.00000000000001,NA,Unavailable MOE or zero percentage,0,100,103.17369564324052,Percentage MOE exceeds 50% of estimate,2024,2020-2024,ACS five-year,13,37.764350453172206,43.0146624929082,Denominator below story-scale threshold,7438,76.54504026468568,8,32038,Retained,NA,NA,NA,771,Percentage MOE exceeds 50% of estimate,NA,NA,NA,48,Unavailable MOE or zero percentage,NA,NA,NA,40,Unavailable MOE or zero percentage,NA,NA,NA,154,Unavailable MOE or zero percentage,NA,NA,NA,114,Unavailable MOE or zero percentage,NA,NA,NA,593,Percentage MOE exceeds 50% of estimate,NA,NA,NA,749,Denominator below story-scale threshold,229
1367256,"Rossville city, Georgia",3978,25,25,0,0,25,0,0,0,20,39,39,14,14,39,14,14,14,25,0,Pass,25,0,Pass,100,1.56,TRUE,TRUE,TRUE,94.84126577823602,0,64,220.6173157302028,0,56.00000000000001,0,56.00000000000001,100,220.6173157302028,0,56.00000000000001,0,56.00000000000001,0,100,134.12580433621267,Percentage MOE exceeds 50% of estimate,0,56.00000000000001,NA,Unavailable MOE or zero percentage,0,56.00000000000001,NA,Unavailable MOE or zero percentage,0,100,134.12580433621267,Percentage MOE exceeds 50% of estimate,0,56.00000000000001,NA,Unavailable MOE or zero percentage,0,56.00000000000001,NA,Unavailable MOE or zero percentage,2024,2020-2024,ACS five-year,13,6.28456510809452,9.80387065287136,Denominator below story-scale threshold,7438,76.54504026468568,8,32038,Retained,NA,NA,NA,771,Percentage MOE exceeds 50% of estimate,NA,NA,NA,48,Unavailable MOE or zero percentage,NA,NA,NA,40,Unavailable MOE or zero percentage,NA,NA,NA,154,Percentage MOE exceeds 50% of estimate,NA,NA,NA,114,Unavailable MOE or zero percentage,NA,NA,NA,593,Unavailable MOE or zero percentage,NA,NA,NA,749,Denominator below story-scale threshold,229
1379808,"Waco city, Georgia",779,38,25,0,0,14,0,11,13,324,40,24,14,14,17,14,18,19,25,0,Pass,38,0,Pass,65.78947368421053,0.96,FALSE,TRUE,TRUE,58.363855863529864,1,49,93.72710341351942,0,56.00000000000001,0,56.00000000000001,56.00000000000001,41.63967338968931,0,56.00000000000001,44,58.30765301399122,0,100,86.61268994043607,Percentage MOE exceeds 50% of estimate,0,56.00000000000001,NA,Unavailable MOE or zero percentage,0,56.00000000000001,NA,Unavailable MOE or zero percentage,14.3603266103107,97.6396733896893,45.20557842113628,Percentage MOE exceeds 50% of estimate,0,56.00000000000001,NA,Unavailable MOE or zero percentage,0,100,80.56485455135645,Percentage MOE exceeds 50% of estimate,2024,2020-2024,ACS five-year,13,32.09242618741977,27.76713322683402,Denominator below story-scale threshold,7438,76.54504026468568,8,32038,Retained,NA,NA,NA,771,Percentage MOE exceeds 50% of estimate,NA,NA,NA,48,Unavailable MOE or zero percentage,NA,NA,NA,40,Unavailable MOE or zero percentage,NA,NA,NA,154,Percentage MOE exceeds 50% of estimate,NA,NA,NA,114,Unavailable MOE or zero percentage,NA,NA,NA,593,Percentage MOE exceeds 50% of estimate,NA,NA,NA,749,Denominator below story-scale threshold,229
1354124,"Nahunta city, Georgia",1386,29,24,0,0,0,6,18,5,504,26,22,14,14,14,13,19,9,24,0,Pass,29,0,Pass,82.75862068965517,0.9166666666666666,FALSE,TRUE,TRUE,55.72937625857885,2,46,15.805116431213575,0,58.333333333333336,0,58.333333333333336,0,58.333333333333336,25,49.080079122457285,75,39.25300766961828,66.9535042584416,98.56373712086875,11.610667787166683,Caregiver count MOE exceeds 50% of estimate,0,58.333333333333336,NA,Unavailable MOE or zero percentage,0,58.333333333333336,NA,Unavailable MOE or zero percentage,0,58.333333333333336,NA,Unavailable MOE or zero percentage,0,74.08007912245728,119.35427765307242,Percentage MOE exceeds 50% of estimate,35.74699233038172,100,31.818845581106014,Percentage MOE exceeds 50% of estimate,2024,2020-2024,ACS five-year,13,17.316017316017316,14.570647866867098,Denominator below story-scale threshold,7593,76.06748236469193,8,32038,Retained,NA,NA,NA,771,Caregiver count MOE exceeds 50% of estimate,NA,NA,NA,48,Unavailable MOE or zero percentage,NA,NA,NA,40,Unavailable MOE or zero percentage,NA,NA,NA,154,Unavailable MOE or zero percentage,NA,NA,NA,114,Percentage MOE exceeds 50% of estimate,NA,NA,NA,593,Percentage MOE exceeds 50% of estimate,NA,NA,NA,749,Denominator below story-scale threshold,235
1336052,"Hahira city, Georgia",3451,47,23,23,0,0,0,0,24,20,59,38,38,14,14,14,14,44,23,0,Pass,47,0,Pass,48.93617021276596,1.6521739130434783,TRUE,TRUE,TRUE,100.44504179411841,0,61,52.5660229986017,100,233.65267552251137,0,60.86956521739131,0,60.86956521739131,0,60.86956521739131,0,60.86956521739131,0,100,65.30521834766355,Percentage MOE exceeds 50% of estimate,0,100,142.05074037837463,Percentage MOE exceeds 50% of estimate,0,60.86956521739131,NA,Unavailable MOE or zero percentage,0,60.86956521739131,NA,Unavailable MOE or zero percentage,0,60.86956521739131,NA,Unavailable MOE or zero percentage,0,60.86956521739131,NA,Unavailable MOE or zero percentage,2024,2020-2024,ACS five-year,13,6.664734859461026,11.011233328512889,Denominator below story-scale threshold,7744,75.58992446469817,8,32038,Retained,NA,NA,NA,771,Percentage MOE exceeds 50% of estimate,NA,NA,NA,48,Percentage MOE exceeds 50% of estimate,NA,NA,NA,40,Unavailable MOE or zero percentage,NA,NA,NA,154,Unavailable MOE or zero percentage,NA,NA,NA,114,Unavailable MOE or zero percentage,NA,NA,NA,593,Unavailable MOE or zero percentage,NA,NA,NA,749,Denominator below story-scale threshold,236
1369448,"Screven city, Georgia",689,36,23,1,0,0,0,22,13,253,29,23,3,14,14,14,24,13,23,0,Pass,36,0,Pass,63.888888888888886,1,FALSE,TRUE,TRUE,60.79568319117694,0,46,37.85546043033453,4.3478260869565215,12.297509238026914,0,60.86956521739131,0,60.86956521739131,0,60.86956521739131,95.65217391304348,41.702882811414945,26.033428458554354,100,36.02267341636309,Percentage MOE exceeds 50% of estimate,0,16.645335324983435,171.95615940540088,Percentage MOE exceeds 50% of estimate,0,60.86956521739131,NA,Unavailable MOE or zero percentage,0,60.86956521739131,NA,Unavailable MOE or zero percentage,0,60.86956521739131,NA,Unavailable MOE or zero percentage,53.94929110162854,100,26.505986720870865,Caregiver count MOE exceeds 50% of estimate,2024,2020-2024,ACS five-year,13,33.38171262699564,31.04974860367367,Denominator below story-scale threshold,7744,75.58992446469817,8,32038,Retained,NA,NA,NA,771,Percentage MOE exceeds 50% of estimate,NA,NA,NA,48,Percentage MOE exceeds 50% of estimate,NA,NA,NA,40,Unavailable MOE or zero percentage,NA,NA,NA,154,Unavailable MOE or zero percentage,NA,NA,NA,114,Unavailable MOE or zero percentage,NA,NA,NA,593,Caregiver count MOE exceeds 50% of estimate,NA,NA,NA,749,Denominator below story-scale threshold,236
1375888,"Tennille city, Georgia",1650,23,23,5,0,0,0,18,0,333,28,28,8,14,14,14,28,14,23,0,Pass,23,0,Pass,100,1.2173913043478262,TRUE,TRUE,TRUE,74.01213605882411,0,51,172.1651293323768,21.73913043478261,22.570603488240906,0,60.86956521739131,0,60.86956521739131,0,60.86956521739131,78.26086956521739,75.78430808539468,0,100,104.66896659459185,Percentage MOE exceeds 50% of estimate,0,44.309733923023515,63.12098191881929,Percentage MOE exceeds 50% of estimate,0,60.86956521739131,NA,Unavailable MOE or zero percentage,0,60.86956521739131,NA,Unavailable MOE or zero percentage,0,60.86956521739131,NA,Unavailable MOE or zero percentage,2.4765614798227062,100,58.8718067000615,Percentage MOE exceeds 50% of estimate,2024,2020-2024,ACS five-year,13,13.93939393939394,16.734885443441822,Denominator below story-scale threshold,7744,75.58992446469817,8,32038,Retained,NA,NA,NA,771,Percentage MOE exceeds 50% of estimate,NA,NA,NA,48,Percentage MOE exceeds 50% of estimate,NA,NA,NA,40,Unavailable MOE or zero percentage,NA,NA,NA,154,Unavailable MOE or zero percentage,NA,NA,NA,114,Unavailable MOE or zero percentage,NA,NA,NA,593,Percentage MOE exceeds 50% of estimate,NA,NA,NA,749,Denominator below story-scale threshold,236
1377372,"Trenton city, Georgia",2123,63,23,0,0,18,5,0,40,440,57,32,14,14,30,10,14,50,23,0,Pass,63,0,Pass,36.507936507936506,1.391304347826087,TRUE,TRUE,TRUE,84.58529835294182,0,55,38.58689737569664,0,60.86956521739131,0,60.86956521739131,78.26086956521739,71.81474231354281,21.73913043478261,31.233859436405115,0,60.86956521739131,0,75.09483388363314,64.2577207198037,Percentage MOE exceeds 50% of estimate,0,60.86956521739131,NA,Unavailable MOE or zero percentage,0,60.86956521739131,NA,Unavailable MOE or zero percentage,6.446127251674582,100,55.788114116363126,Percentage MOE exceeds 50% of estimate,0,52.97298987118772,87.34865586413814,Percentage MOE exceeds 50% of estimate,0,60.86956521739131,NA,Unavailable MOE or zero percentage,2024,2020-2024,ACS five-year,13,10.833725859632596,14.904835201108957,Denominator below story-scale threshold,7744,75.58992446469817,8,32038,Retained,NA,NA,NA,771,Percentage MOE exceeds 50% of estimate,NA,NA,NA,48,Unavailable MOE or zero percentage,NA,NA,NA,40,Unavailable MOE or zero percentage,NA,NA,NA,154,Percentage MOE exceeds 50% of estimate,NA,NA,NA,114,Percentage MOE exceeds 50% of estimate,NA,NA,NA,593,Unavailable MOE or zero percentage,NA,NA,NA,749,Denominator below story-scale threshold,236
1378744,"Uvalda city, Georgia",540,58,23,0,0,13,0,10,35,200,53,24,14,14,17,14,16,43,23,0,Pass,58,0,Pass,39.6551724137931,1.0434782608695652,TRUE,TRUE,TRUE,63.43897376470637,0,47,19.978850649060025,0,60.86956521739131,0,60.86956521739131,56.52173913043478,44.54875138577139,0,60.86956521739131,43.47826086956522,52.73526132071893,19.67632176473308,59.63402306285313,30.629746402555387,Percentage MOE exceeds 50% of estimate,0,60.86956521739131,NA,Unavailable MOE or zero percentage,0,60.86956521739131,NA,Unavailable MOE or zero percentage,11.972987744663392,100,47.91734680282525,Percentage MOE exceeds 50% of estimate,0,60.86956521739131,NA,Unavailable MOE or zero percentage,0,96.21352219028415,73.73975352594216,Percentage MOE exceeds 50% of estimate,2024,2020-2024,ACS five-year,13,42.59259259259259,41.55065504913901,Denominator below story-scale threshold,7744,75.58992446469817,8,32038,Retained,NA,NA,NA,771,Percentage MOE exceeds 50% of estimate,NA,NA,NA,48,Unavailable MOE or zero percentage,NA,NA,NA,40,Unavailable MOE or zero percentage,NA,NA,NA,154,Percentage MOE exceeds 50% of estimate,NA,NA,NA,114,Unavailable MOE or zero percentage,NA,NA,NA,593,Percentage MOE exceeds 50% of estimate,NA,NA,NA,749,Denominator below story-scale threshold,236
1383896,"Woodbury city, Georgia",820,32,23,9,0,7,7,0,9,309,31,30,16,14,15,11,14,11,23,0,Pass,32,0,Pass,71.875,1.3043478260869565,TRUE,TRUE,TRUE,79.29871720588297,0,53,62.77641208629807,39.130434782608695,47.268052059146406,0,60.86956521739131,30.434782608695656,51.743726628245724,30.434782608695656,26.6728271918629,0,60.86956521739131,9.098587913701927,100,53.09961545846746,Percentage MOE exceeds 50% of estimate,0,86.3984868417551,73.43883435021583,Percentage MOE exceeds 50% of estimate,0,60.86956521739131,NA,Unavailable MOE or zero percentage,0,82.17850923694138,103.36184265442704,Percentage MOE exceeds 50% of estimate,3.7619554168327554,57.107609800558556,53.280904700998065,Percentage MOE exceeds 50% of estimate,0,60.86956521739131,NA,Unavailable MOE or zero percentage,2024,2020-2024,ACS five-year,13,28.04878048780488,35.02531256541688,Denominator below story-scale threshold,7744,75.58992446469817,8,32038,Retained,NA,NA,NA,771,Percentage MOE exceeds 50% of estimate,NA,NA,NA,48,Percentage MOE exceeds 50% of estimate,NA,NA,NA,40,Unavailable MOE or zero percentage,NA,NA,NA,154,Percentage MOE exceeds 50% of estimate,NA,NA,NA,114,Percentage MOE exceeds 50% of estimate,NA,NA,NA,593,Unavailable MOE or zero percentage,NA,NA,NA,749,Denominator below story-scale threshold,236
1326616,"Elberton city, Georgia",4720,73,22,0,0,0,22,0,51,19,71,31,14,14,14,31,14,58,22,0,Pass,73,0,Pass,30.136986301369863,1.4090909090909092,TRUE,TRUE,TRUE,85.6666444966584,0,53,30.727626020862353,0,63.63636363636363,0,63.63636363636363,0,63.63636363636363,100,199.27554742529975,0,63.63636363636363,0,60.86461232223222,61.98718737501628,Percentage MOE exceeds 50% of estimate,0,63.63636363636363,NA,Unavailable MOE or zero percentage,0,63.63636363636363,NA,Unavailable MOE or zero percentage,0,63.63636363636363,NA,Unavailable MOE or zero percentage,0,100,121.15093049016879,Percentage MOE exceeds 50% of estimate,0,63.63636363636363,NA,Unavailable MOE or zero percentage,2024,2020-2024,ACS five-year,13,4.661016949152542,6.567769810109621,Denominator below story-scale threshold,7899,75.08427492352831,8,32038,Retained,NA,NA,NA,771,Percentage MOE exceeds 50% of estimate,NA,NA,NA,48,Unavailable MOE or zero percentage,NA,NA,NA,40,Unavailable MOE or zero percentage,NA,NA,NA,154,Unavailable MOE or zero percentage,NA,NA,NA,114,Percentage MOE exceeds 50% of estimate,NA,NA,NA,593,Unavailable MOE or zero percentage,NA,NA,NA,749,Denominator below story-scale threshold,242
1330816,"Fort Gaines city, Georgia",1248,52,22,12,0,2,0,8,30,233,41,22,18,14,5,14,11,37,22,0,Pass,52,0,Pass,42.30769230769231,1,FALSE,TRUE,TRUE,60.79568319117694,0,44,26.022787205460684,54.54545454545454,60.983672113630625,0,63.63636363636363,9.090909090909092,20.829889522526546,0,63.63636363636363,36.36363636363637,34.31742925123068,16.284905102231622,68.330479513153,37.394455721872376,Percentage MOE exceeds 50% of estimate,0,100,67.97164017700649,Percentage MOE exceeds 50% of estimate,0,63.63636363636363,NA,Unavailable MOE or zero percentage,0,29.920798613435636,139.30041007506136,Percentage MOE exceeds 50% of estimate,0,63.63636363636363,NA,Unavailable MOE or zero percentage,2.046207112405689,70.68106561486704,57.37466780906983,Percentage MOE exceeds 50% of estimate,2024,2020-2024,ACS five-year,13,17.628205128205128,17.31825222686803,Denominator below story-scale threshold,7899,75.08427492352831,8,32038,Retained,NA,NA,NA,771,Percentage MOE exceeds 50% of estimate,NA,NA,NA,48,Percentage MOE exceeds 50% of estimate,NA,NA,NA,40,Unavailable MOE or zero percentage,NA,NA,NA,154,Percentage MOE exceeds 50% of estimate,NA,NA,NA,114,Unavailable MOE or zero percentage,NA,NA,NA,593,Percentage MOE exceeds 50% of estimate,NA,NA,NA,749,Denominator below story-scale threshold,242
1335814,"Gumlog CDP, Georgia",2382,46,22,0,0,0,6,16,24,403,49,30,14,14,14,11,27,39,22,0,Pass,46,0,Pass,47.82608695652174,1.3636363636363635,TRUE,TRUE,TRUE,82.9032043516049,0,52,40.71727895729387,0,63.63636363636363,0,63.63636363636363,0,63.63636363636363,27.27272727272727,33.42002024065414,72.72727272727273,72.29515691813222,7.108807999227871,88.54336591381562,51.75909110324683,Percentage MOE exceeds 50% of estimate,0,63.63636363636363,NA,Unavailable MOE or zero percentage,0,63.63636363636363,NA,Unavailable MOE or zero percentage,0,63.63636363636363,NA,Unavailable MOE or zero percentage,0,60.692747513381406,74.49907530242943,Percentage MOE exceeds 50% of estimate,0.4321158091405124,100,60.43446002345386,Percentage MOE exceeds 50% of estimate,2024,2020-2024,ACS five-year,13,9.235936188077247,12.497147880850354,Denominator below story-scale threshold,7899,75.08427492352831,8,32038,Retained,NA,NA,NA,771,Percentage MOE exceeds 50% of estimate,NA,NA,NA,48,Unavailable MOE or zero percentage,NA,NA,NA,40,Unavailable MOE or zero percentage,NA,NA,NA,154,Unavailable MOE or zero percentage,NA,NA,NA,114,Percentage MOE exceeds 50% of estimate,NA,NA,NA,593,Percentage MOE exceeds 50% of estimate,NA,NA,NA,749,Denominator below story-scale threshold,242
1342184,"Jersey city, Georgia",148,31,22,0,0,22,0,0,9,107,36,33,14,14,33,14,14,14,22,0,Pass,31,0,Pass,70.96774193548387,1.5,TRUE,TRUE,TRUE,91.19352478676541,0,55,67.37843462242489,0,63.63636363636363,0,63.63636363636363,100,212.13203435596424,0,63.63636363636363,0,63.63636363636363,3.589307313058981,100,57.72084405540613,Percentage MOE exceeds 50% of estimate,0,63.63636363636363,NA,Unavailable MOE or zero percentage,0,63.63636363636363,NA,Unavailable MOE or zero percentage,0,100,128.96711955405064,Percentage MOE exceeds 50% of estimate,0,63.63636363636363,NA,Unavailable MOE or zero percentage,0,63.63636363636363,NA,Unavailable MOE or zero percentage,2024,2020-2024,ACS five-year,13,148.64864864864865,195.36471097060223,Denominator below story-scale threshold,7899,75.08427492352831,8,32038,Retained,NA,NA,NA,771,Percentage MOE exceeds 50% of estimate,NA,NA,NA,48,Unavailable MOE or zero percentage,NA,NA,NA,40,Unavailable MOE or zero percentage,NA,NA,NA,154,Percentage MOE exceeds 50% of estimate,NA,NA,NA,114,Unavailable MOE or zero percentage,NA,NA,NA,593,Unavailable MOE or zero percentage,NA,NA,NA,749,Denominator below story-scale threshold,242
1350484,"Maysville town, Georgia",2086,69,22,0,0,11,0,11,47,408,37,22,14,14,16,14,12,32,22,0,Pass,69,0,Pass,31.88405797101449,1,FALSE,TRUE,TRUE,60.79568319117694,0,44,26.912399506687063,0,63.63636363636363,0,63.63636363636363,50,52.813409266464774,0,63.63636363636363,50,21.799234196875997,4.971658464327426,58.79645747770155,51.31585558558291,Percentage MOE exceeds 50% of estimate,0,63.63636363636363,NA,Unavailable MOE or zero percentage,0,63.63636363636363,NA,Unavailable MOE or zero percentage,0,100,64.21654596019921,Percentage MOE exceeds 50% of estimate,0,63.63636363636363,NA,Unavailable MOE or zero percentage,28.200765803124003,71.799234196876,26.505986720870872,Caregiver count MOE exceeds 50% of estimate,2024,2020-2024,ACS five-year,13,10.546500479386385,10.342803541306724,Denominator below story-scale threshold,7899,75.08427492352831,8,32038,Retained,NA,NA,NA,771,Percentage MOE exceeds 50% of estimate,NA,NA,NA,48,Unavailable MOE or zero percentage,NA,NA,NA,40,Unavailable MOE or zero percentage,NA,NA,NA,154,Percentage MOE exceeds 50% of estimate,NA,NA,NA,114,Unavailable MOE or zero percentage,NA,NA,NA,593,Caregiver count MOE exceeds 50% of estimate,NA,NA,NA,749,Denominator below story-scale threshold,242
1380228,"Walnut Grove city, Georgia",1685,31,22,0,0,0,0,22,9,473,23,21,14,14,14,14,21,8,22,0,Pass,31,0,Pass,70.96774193548387,0.9545454545454546,FALSE,TRUE,TRUE,58.03224304612344,1,43,42.621358966948115,0,63.63636363636363,0,63.63636363636363,0,63.63636363636363,0,63.63636363636363,100,134.99311277197725,28.346382968535757,100,36.51228806586008,Percentage MOE exceeds 50% of estimate,0,63.63636363636363,NA,Unavailable MOE or zero percentage,0,63.63636363636363,NA,Unavailable MOE or zero percentage,0,63.63636363636363,NA,Unavailable MOE or zero percentage,0,63.63636363636363,NA,Unavailable MOE or zero percentage,0,100,82.06998517075951,Percentage MOE exceeds 50% of estimate,2024,2020-2024,ACS five-year,13,13.056379821958458,11.911810547994605,Denominator below story-scale threshold,7899,75.08427492352831,8,32038,Retained,NA,NA,NA,771,Percentage MOE exceeds 50% of estimate,NA,NA,NA,48,Unavailable MOE or zero percentage,NA,NA,NA,40,Unavailable MOE or zero percentage,NA,NA,NA,154,Unavailable MOE or zero percentage,NA,NA,NA,114,Unavailable MOE or zero percentage,NA,NA,NA,593,Percentage MOE exceeds 50% of estimate,NA,NA,NA,749,Denominator below story-scale threshold,242
1331292,"Franklin city, Georgia",958,31,21,0,0,6,0,15,10,254,25,25,14,14,11,14,23,9,21,0,Pass,31,0,Pass,67.74193548387096,1.1904761904761905,TRUE,TRUE,TRUE,72.37581332282969,0,46,59.322342617020716,0,66.66666666666666,0,66.66666666666666,28.57142857142857,39.83514550192477,0,66.66666666666666,71.42857142857143,69.02667153178677,8.419592866850245,100,53.2394346595182,Percentage MOE exceeds 50% of estimate,0,66.66666666666666,NA,Unavailable MOE or zero percentage,0,66.66666666666666,NA,Unavailable MOE or zero percentage,0,68.40657407335334,84.76317100333095,Percentage MOE exceeds 50% of estimate,0,66.66666666666666,NA,Unavailable MOE or zero percentage,2.4018998967846557,100,58.75133115863117,Percentage MOE exceeds 50% of estimate,2024,2020-2024,ACS five-year,13,21.920668058455117,25.44060096204354,Denominator below story-scale threshold,8068,74.5396092140583,8,32038,Retained,NA,NA,NA,771,Percentage MOE exceeds 50% of estimate,NA,NA,NA,48,Unavailable MOE or zero percentage,NA,NA,NA,40,Unavailable MOE or zero percentage,NA,NA,NA,154,Percentage MOE exceeds 50% of estimate,NA,NA,NA,114,Unavailable MOE or zero percentage,NA,NA,NA,593,Percentage MOE exceeds 50% of estimate,NA,NA,NA,749,Denominator below story-scale threshold,248
1347784,"Ludowici city, Georgia",1897,73,21,0,0,0,12,9,52,416,81,24,14,14,14,20,15,79,21,0,Pass,73,0,Pass,28.767123287671232,1.1428571428571428,TRUE,TRUE,TRUE,69.4807807899165,0,45,7.874765990266511,0,66.66666666666666,0,66.66666666666666,0,66.66666666666666,57.14285714285714,69.32102967541223,42.857142857142854,51.99077225655918,20.892357297404722,36.64188927793774,16.642323723556913,Caregiver count MOE exceeds 50% of estimate,0,66.66666666666666,NA,Unavailable MOE or zero percentage,0,66.66666666666666,NA,Unavailable MOE or zero percentage,0,66.66666666666666,NA,Unavailable MOE or zero percentage,0,100,73.75233877606941,Percentage MOE exceeds 50% of estimate,0,94.84791511370204,73.75233877606942,Percentage MOE exceeds 50% of estimate,2024,2020-2024,ACS five-year,13,11.07011070110701,12.416464138547203,Denominator below story-scale threshold,8068,74.5396092140583,8,32038,Retained,NA,NA,NA,771,Caregiver count MOE exceeds 50% of estimate,NA,NA,NA,48,Unavailable MOE or zero percentage,NA,NA,NA,40,Unavailable MOE or zero percentage,NA,NA,NA,154,Unavailable MOE or zero percentage,NA,NA,NA,114,Percentage MOE exceeds 50% of estimate,NA,NA,NA,593,Percentage MOE exceeds 50% of estimate,NA,NA,NA,749,Denominator below story-scale threshold,248
1357456,"Oconee city, Georgia",315,23,21,0,0,8,13,0,2,189,35,35,14,14,13,22,14,4,21,0,Pass,23,0,Pass,91.30434782608695,1.6666666666666667,TRUE,TRUE,TRUE,101.32613865196157,0,56,62.06599304114182,0,66.66666666666666,0,66.66666666666666,38.095238095238095,88.67604903786298,61.904761904761905,18.1674970512057,0,66.66666666666666,29.23835478494513,100,41.32710587958389,Percentage MOE exceeds 50% of estimate,0,66.66666666666666,NA,Unavailable MOE or zero percentage,0,66.66666666666666,NA,Unavailable MOE or zero percentage,0,100,141.51692582871868,Percentage MOE exceeds 50% of estimate,43.737264853556205,80.07225895596761,17.842010228566615,Caregiver count MOE exceeds 50% of estimate,0,66.66666666666666,NA,Unavailable MOE or zero percentage,2024,2020-2024,ACS five-year,13,66.66666666666667,103.66136701947201,Denominator below story-scale threshold,8068,74.5396092140583,8,32038,Retained,NA,NA,NA,771,Percentage MOE exceeds 50% of estimate,NA,NA,NA,48,Unavailable MOE or zero percentage,NA,NA,NA,40,Unavailable MOE or zero percentage,NA,NA,NA,154,Percentage MOE exceeds 50% of estimate,NA,NA,NA,114,Caregiver count MOE exceeds 50% of estimate,NA,NA,NA,593,Unavailable MOE or zero percentage,NA,NA,NA,749,Denominator below story-scale threshold,248
1384512,"Wrightsville city, Georgia",3487,33,21,3,0,5,13,0,12,23,33,23,5,14,7,20,14,21,21,0,Pass,33,0,Pass,63.63636363636363,1.0952380952380953,TRUE,TRUE,TRUE,66.58574825700332,0,44,28.42676218074806,14.285714285714285,17.946810827582205,0,66.66666666666666,23.809523809523807,20.762853772806526,61.904761904761905,66.88343059215926,0,66.66666666666666,35.20960145561557,92.0631258171117,27.157812435155115,Caregiver count MOE exceeds 50% of estimate,0,32.23252511329649,76.37620377559702,Percentage MOE exceeds 50% of estimate,0,66.66666666666666,NA,Unavailable MOE or zero percentage,3.0466700367172805,44.57237758233033,53.016258964883704,Percentage MOE exceeds 50% of estimate,0,100,65.68515461339977,Percentage MOE exceeds 50% of estimate,0,66.66666666666666,NA,Unavailable MOE or zero percentage,2024,2020-2024,ACS five-year,13,6.0223687983940355,6.595808116882623,Denominator below story-scale threshold,8068,74.5396092140583,8,32038,Retained,NA,NA,NA,771,Caregiver count MOE exceeds 50% of estimate,NA,NA,NA,48,Percentage MOE exceeds 50% of estimate,NA,NA,NA,40,Unavailable MOE or zero percentage,NA,NA,NA,154,Percentage MOE exceeds 50% of estimate,NA,NA,NA,114,Percentage MOE exceeds 50% of estimate,NA,NA,NA,593,Unavailable MOE or zero percentage,NA,NA,NA,749,Denominator below story-scale threshold,248
1306016,"Baxley city, Georgia",4888,35,20,0,0,0,0,20,15,38,39,32,14,14,14,14,32,23,20,0,Pass,35,0,Pass,57.14285714285714,1.6,TRUE,TRUE,TRUE,97.2730931058831,0,52,65.61153076705345,0,70,0,70,0,70,0,70,100,226.27416997969522,0,100,69.80571216853396,Percentage MOE exceeds 50% of estimate,0,70,NA,Unavailable MOE or zero percentage,0,70,NA,Unavailable MOE or zero percentage,0,70,NA,Unavailable MOE or zero percentage,0,70,NA,Unavailable MOE or zero percentage,0,100,137.5649275243207,Percentage MOE exceeds 50% of estimate,2024,2020-2024,ACS five-year,13,4.091653027823241,6.546567566462312,Denominator below story-scale threshold,8248,73.94968474936013,8,32038,Retained,NA,NA,NA,771,Percentage MOE exceeds 50% of estimate,NA,NA,NA,48,Unavailable MOE or zero percentage,NA,NA,NA,40,Unavailable MOE or zero percentage,NA,NA,NA,154,Unavailable MOE or zero percentage,NA,NA,NA,114,Unavailable MOE or zero percentage,NA,NA,NA,593,Percentage MOE exceeds 50% of estimate,NA,NA,NA,749,Denominator below story-scale threshold,252
1309768,"Box Springs CDP, Georgia",228,23,20,0,0,0,0,20,3,96,29,28,14,14,14,14,28,7,20,0,Pass,23,0,Pass,86.95652173913044,1.4,TRUE,TRUE,TRUE,85.11395646764771,0,48,52.90844819519366,0,70,0,70,0,70,0,70,100,197.98989873223331,34.04807354393678,100,36.99096042803559,Percentage MOE exceeds 50% of estimate,0,70,NA,Unavailable MOE or zero percentage,0,70,NA,Unavailable MOE or zero percentage,0,70,NA,Unavailable MOE or zero percentage,0,70,NA,Unavailable MOE or zero percentage,0,100,120.36931158378061,Percentage MOE exceeds 50% of estimate,2024,2020-2024,ACS five-year,13,87.71929824561403,117.12134988530885,Denominator below story-scale threshold,8248,73.94968474936013,8,32038,Retained,NA,NA,NA,771,Percentage MOE exceeds 50% of estimate,NA,NA,NA,48,Unavailable MOE or zero percentage,NA,NA,NA,40,Unavailable MOE or zero percentage,NA,NA,NA,154,Unavailable MOE or zero percentage,NA,NA,NA,114,Unavailable MOE or zero percentage,NA,NA,NA,593,Percentage MOE exceeds 50% of estimate,NA,NA,NA,749,Denominator below story-scale threshold,252
1321716,"Darien city, Georgia",1452,20,20,0,0,0,0,20,0,315,25,25,14,14,14,14,25,14,20,0,Pass,20,0,Pass,100,1.25,TRUE,TRUE,TRUE,75.99460398897118,0,45,176.7766952966369,0,70,0,70,0,70,0,70,100,176.7766952966369,0,100,107.47259962837555,Percentage MOE exceeds 50% of estimate,0,70,NA,Unavailable MOE or zero percentage,0,70,NA,Unavailable MOE or zero percentage,0,70,NA,Unavailable MOE or zero percentage,0,70,NA,Unavailable MOE or zero percentage,0,100,107.47259962837555,Percentage MOE exceeds 50% of estimate,2024,2020-2024,ACS five-year,13,13.774104683195592,16.956343043241844,Denominator below story-scale threshold,8248,73.94968474936013,8,32038,Retained,NA,NA,NA,771,Percentage MOE exceeds 50% of estimate,NA,NA,NA,48,Unavailable MOE or zero percentage,NA,NA,NA,40,Unavailable MOE or zero percentage,NA,NA,NA,154,Unavailable MOE or zero percentage,NA,NA,NA,114,Unavailable MOE or zero percentage,NA,NA,NA,593,Percentage MOE exceeds 50% of estimate,NA,NA,NA,749,Denominator below story-scale threshold,252
1346356,"Lilburn city, Georgia",15390,331,20,0,15,0,5,0,311,47,219,29,23,27,23,8,23,215,20,0,Pass,331,0,Pass,6.042296072507553,1.45,TRUE,TRUE,TRUE,88.15374062720656,0,49,7.7960697015871965,0,114.99999999999999,75,79.99023377888078,0,114.99999999999999,25,16.909686573085853,0,114.99999999999999,0,13.83836577409475,78.44160200467172,Percentage MOE exceeds 50% of estimate,0,100,NA,Unavailable MOE or zero percentage,0,100,64.84081214945354,Percentage MOE exceeds 50% of estimate,0,100,NA,Unavailable MOE or zero percentage,8.090313426914147,41.90968657308585,41.12143791037704,Percentage MOE exceeds 50% of estimate,0,100,NA,Unavailable MOE or zero percentage,2024,2020-2024,ACS five-year,13,1.299545159194282,1.8843363014471315,Percentage MOE exceeds 50% of estimate,8248,73.94968474936013,8,32038,Retained,NA,NA,NA,771,Percentage MOE exceeds 50% of estimate,NA,NA,NA,48,Unavailable MOE or zero percentage,NA,NA,NA,40,Percentage MOE exceeds 50% of estimate,NA,NA,NA,154,Unavailable MOE or zero percentage,NA,NA,NA,114,Percentage MOE exceeds 50% of estimate,NA,NA,NA,593,Unavailable MOE or zero percentage,NA,NA,NA,749,Percentage MOE exceeds 50% of estimate,252
1373816,"Stone Mountain city, Georgia",6623,230,20,0,0,20,0,0,210,23,121,35,20,20,35,20,20,116,20,0,Pass,230,0,Pass,8.695652173913043,1.75,TRUE,TRUE,TRUE,106.39244558455964,0,55,14.513490274149143,0,100,0,100,100,247.48737341529164,0,100,0,100,0,23.209142448062188,101.4711190211209,Percentage MOE exceeds 50% of estimate,0,100,NA,Unavailable MOE or zero percentage,0,100,NA,Unavailable MOE or zero percentage,0,100,150.46163947972576,Percentage MOE exceeds 50% of estimate,0,100,NA,Unavailable MOE or zero percentage,0,100,NA,Unavailable MOE or zero percentage,2024,2020-2024,ACS five-year,13,3.0197795560924052,5.284603817881362,Percentage MOE exceeds 50% of estimate,8248,73.94968474936013,8,32038,Retained,NA,NA,NA,771,Percentage MOE exceeds 50% of estimate,NA,NA,NA,48,Unavailable MOE or zero percentage,NA,NA,NA,40,Unavailable MOE or zero percentage,NA,NA,NA,154,Percentage MOE exceeds 50% of estimate,NA,NA,NA,114,Unavailable MOE or zero percentage,NA,NA,NA,593,Unavailable MOE or zero percentage,NA,NA,NA,749,Percentage MOE exceeds 50% of estimate,252
1383868,"Woodbine city, Georgia",1399,63,20,0,0,20,0,0,43,393,48,23,14,14,23,14,14,45,20,0,Pass,63,0,Pass,31.746031746031743,1.15,TRUE,TRUE,TRUE,69.91503566985347,0,43,27.345869104938085,0,70,0,70,100,162.6345596729059,0,70,0,70,4.400162641093658,59.09190085096983,52.36909003277309,Percentage MOE exceeds 50% of estimate,0,70,NA,Unavailable MOE or zero percentage,0,70,NA,Unavailable MOE or zero percentage,0,100,98.87479165810548,Percentage MOE exceeds 50% of estimate,0,70,NA,Unavailable MOE or zero percentage,0,70,NA,Unavailable MOE or zero percentage,2024,2020-2024,ACS five-year,13,14.295925661186562,15.942276325448663,Denominator below story-scale threshold,8248,73.94968474936013,8,32038,Retained,NA,NA,NA,771,Percentage MOE exceeds 50% of estimate,NA,NA,NA,48,Unavailable MOE or zero percentage,NA,NA,NA,40,Unavailable MOE or zero percentage,NA,NA,NA,154,Percentage MOE exceeds 50% of estimate,NA,NA,NA,114,Unavailable MOE or zero percentage,NA,NA,NA,593,Unavailable MOE or zero percentage,NA,NA,NA,749,Denominator below story-scale threshold,252
1318000,"Colquitt city, Georgia",1898,97,19,9,10,0,0,0,78,342,59,23,13,17,14,14,14,46,19,0,Pass,97,0,Pass,19.587628865979383,1.2105263157894737,TRUE,TRUE,TRUE,73.59477438931945,0,42,20.500763040418764,47.368421052631575,37.32937513113135,52.63157894736842,62.819841749238314,0,73.68421052631578,0,73.68421052631578,0,73.68421052631578,0,40.088391906398144,63.62985042806356,Percentage MOE exceeds 50% of estimate,10.039045921500225,84.69779618376293,47.910924910822615,Percentage MOE exceeds 50% of estimate,0,100,72.56432874502471,Percentage MOE exceeds 50% of estimate,0,73.68421052631578,NA,Unavailable MOE or zero percentage,0,73.68421052631578,NA,Unavailable MOE or zero percentage,0,73.68421052631578,NA,Unavailable MOE or zero percentage,2024,2020-2024,ACS five-year,13,10.010537407797681,11.983017383422606,Denominator below story-scale threshold,8446,73.33010799675385,8,32038,Retained,NA,NA,NA,771,Percentage MOE exceeds 50% of estimate,NA,NA,NA,48,Percentage MOE exceeds 50% of estimate,NA,NA,NA,40,Percentage MOE exceeds 50% of estimate,NA,NA,NA,154,Unavailable MOE or zero percentage,NA,NA,NA,114,Unavailable MOE or zero percentage,NA,NA,NA,593,Unavailable MOE or zero percentage,NA,NA,NA,749,Denominator below story-scale threshold,258
1325440,"East Griffin CDP, Georgia",1174,39,19,0,0,0,0,19,20,276,34,22,14,14,14,14,22,19,19,0,Pass,39,0,Pass,48.717948717948715,1.1578947368421053,TRUE,TRUE,TRUE,70.39500158978383,0,41,37.12467278899943,0,73.68421052631578,0,73.68421052631578,0,73.68421052631578,0,73.68421052631578,100,163.7510440642531,11.593275928949282,85.84262150694815,46.32830209094134,Percentage MOE exceeds 50% of estimate,0,73.68421052631578,NA,Unavailable MOE or zero percentage,0,73.68421052631578,NA,Unavailable MOE or zero percentage,0,73.68421052631578,NA,Unavailable MOE or zero percentage,0,73.68421052631578,NA,Unavailable MOE or zero percentage,0,100,99.55356597154787,Percentage MOE exceeds 50% of estimate,2024,2020-2024,ACS five-year,13,16.183986371379895,18.349037865577735,Denominator below story-scale threshold,8446,73.33010799675385,8,32038,Retained,NA,NA,NA,771,Percentage MOE exceeds 50% of estimate,NA,NA,NA,48,Unavailable MOE or zero percentage,NA,NA,NA,40,Unavailable MOE or zero percentage,NA,NA,NA,154,Unavailable MOE or zero percentage,NA,NA,NA,114,Unavailable MOE or zero percentage,NA,NA,NA,593,Percentage MOE exceeds 50% of estimate,NA,NA,NA,749,Denominator below story-scale threshold,258
1372556,"Sparks town, Georgia",2056,25,19,0,4,0,0,15,6,484,25,21,14,8,14,14,20,7,19,0,Pass,25,0,Pass,76,1.105263157894737,TRUE,TRUE,TRUE,67.19522879024821,0,40,35.77708763999664,0,73.68421052631578,21.052631578947366,35.09160691881023,0,73.68421052631578,0,73.68421052631578,78.94736842105263,58.876485614493845,40.22291236000336,100,28.61963796926589,Caregiver count MOE exceeds 50% of estimate,0,73.68421052631578,NA,Unavailable MOE or zero percentage,0,56.1442384977576,101.33736530300173,Percentage MOE exceeds 50% of estimate,0,73.68421052631578,NA,Unavailable MOE or zero percentage,0,73.68421052631578,NA,Unavailable MOE or zero percentage,20.070882806558785,100,45.33952477982962,Percentage MOE exceeds 50% of estimate,2024,2020-2024,ACS five-year,13,9.241245136186771,9.979643932880503,Denominator below story-scale threshold,8446,73.33010799675385,8,32038,Retained,NA,NA,NA,771,Caregiver count MOE exceeds 50% of estimate,NA,NA,NA,48,Unavailable MOE or zero percentage,NA,NA,NA,40,Percentage MOE exceeds 50% of estimate,NA,NA,NA,154,Unavailable MOE or zero percentage,NA,NA,NA,114,Unavailable MOE or zero percentage,NA,NA,NA,593,Percentage MOE exceeds 50% of estimate,NA,NA,NA,749,Denominator below story-scale threshold,258
1378464,"Unionville CDP, Georgia",2000,114,19,0,0,0,0,19,95,560,111,21,14,14,14,14,21,106,19,0,Pass,114,0,Pass,16.666666666666664,1.105263157894737,TRUE,TRUE,TRUE,67.19522879024821,0,40,8.71693285717184,0,73.68421052631578,0,73.68421052631578,0,73.68421052631578,0,73.68421052631578,100,156.3078147886052,7.949733809494825,25.383599523838505,31.797113303002803,Percentage MOE exceeds 50% of estimate,0,73.68421052631578,NA,Unavailable MOE or zero percentage,0,73.68421052631578,NA,Unavailable MOE or zero percentage,0,73.68421052631578,NA,Unavailable MOE or zero percentage,0,73.68421052631578,NA,Unavailable MOE or zero percentage,0,100,95.02840388193204,Percentage MOE exceeds 50% of estimate,2024,2020-2024,ACS five-year,13,9.5,10.15748000244155,Percentage MOE exceeds 50% of estimate,8446,73.33010799675385,8,32038,Retained,NA,NA,NA,771,Percentage MOE exceeds 50% of estimate,NA,NA,NA,48,Unavailable MOE or zero percentage,NA,NA,NA,40,Unavailable MOE or zero percentage,NA,NA,NA,154,Unavailable MOE or zero percentage,NA,NA,NA,114,Unavailable MOE or zero percentage,NA,NA,NA,593,Percentage MOE exceeds 50% of estimate,NA,NA,NA,749,Percentage MOE exceeds 50% of estimate,258
1301472,"Allenhurst city, Georgia",804,25,18,0,0,2,0,16,7,186,25,24,14,14,3,14,24,8,18,0,Pass,25,0,Pass,72,1.3333333333333333,TRUE,TRUE,TRUE,81.06091092156925,0,42,63.49803146555018,0,77.77777777777779,0,77.77777777777779,11.11111111111111,7.6353807881808535,0,77.77777777777779,88.88888888888889,61.08304630544683,8.501968534449823,100,53.61675283670796,Percentage MOE exceeds 50% of estimate,0,77.77777777777779,NA,Unavailable MOE or zero percentage,0,77.77777777777779,NA,Unavailable MOE or zero percentage,3.475730322930257,18.746491899291964,41.77783722980178,Percentage MOE exceeds 50% of estimate,0,77.77777777777779,NA,Unavailable MOE or zero percentage,27.805842583442058,100,41.77783722980178,Percentage MOE exceeds 50% of estimate,2024,2020-2024,ACS five-year,13,22.388059701492537,29.39798670132695,Denominator below story-scale threshold,8645,72.67151507584744,8,32038,Retained,NA,NA,NA,771,Percentage MOE exceeds 50% of estimate,NA,NA,NA,48,Unavailable MOE or zero percentage,NA,NA,NA,40,Unavailable MOE or zero percentage,NA,NA,NA,154,Percentage MOE exceeds 50% of estimate,NA,NA,NA,114,Unavailable MOE or zero percentage,NA,NA,NA,593,Percentage MOE exceeds 50% of estimate,NA,NA,NA,749,Denominator below story-scale threshold,262
1301612,"Alma city, Georgia",3426,64,18,0,0,0,0,18,46,14,69,24,14,14,14,14,24,61,18,0,Pass,64,0,Pass,28.125,1.3333333333333333,TRUE,TRUE,TRUE,81.06091092156925,0,42,22.063775909099135,0,77.77777777777779,0,77.77777777777779,0,77.77777777777779,0,77.77777777777779,100,188.56180831641265,6.061224090900865,50.188775909099135,47.693593961625346,Percentage MOE exceeds 50% of estimate,0,77.77777777777779,NA,Unavailable MOE or zero percentage,0,77.77777777777779,NA,Unavailable MOE or zero percentage,0,77.77777777777779,NA,Unavailable MOE or zero percentage,0,77.77777777777779,NA,Unavailable MOE or zero percentage,0,100,114.63743960360057,Percentage MOE exceeds 50% of estimate,2024,2020-2024,ACS five-year,13,5.253940455341506,7.0052210402363935,Denominator below story-scale threshold,8645,72.67151507584744,8,32038,Retained,NA,NA,NA,771,Percentage MOE exceeds 50% of estimate,NA,NA,NA,48,Unavailable MOE or zero percentage,NA,NA,NA,40,Unavailable MOE or zero percentage,NA,NA,NA,154,Unavailable MOE or zero percentage,NA,NA,NA,114,Unavailable MOE or zero percentage,NA,NA,NA,593,Percentage MOE exceeds 50% of estimate,NA,NA,NA,749,Denominator below story-scale threshold,262
1311504,"Broxton city, Georgia",1031,18,18,0,18,0,0,0,0,335,26,26,14,26,14,14,14,14,18,0,Pass,18,0,Pass,100,1.4444444444444444,TRUE,TRUE,TRUE,87.81598683170002,0,44,204.27529234278038,0,77.77777777777779,100,204.27529234278038,0,77.77777777777779,0,77.77777777777779,0,77.77777777777779,0,100,124.19055957056727,Percentage MOE exceeds 50% of estimate,0,77.77777777777779,NA,Unavailable MOE or zero percentage,0,100,124.19055957056727,Percentage MOE exceeds 50% of estimate,0,77.77777777777779,NA,Unavailable MOE or zero percentage,0,77.77777777777779,NA,Unavailable MOE or zero percentage,0,77.77777777777779,NA,Unavailable MOE or zero percentage,2024,2020-2024,ACS five-year,13,17.458777885548013,24.571901246605897,Denominator below story-scale threshold,8645,72.67151507584744,8,32038,Retained,NA,NA,NA,771,Percentage MOE exceeds 50% of estimate,NA,NA,NA,48,Unavailable MOE or zero percentage,NA,NA,NA,40,Percentage MOE exceeds 50% of estimate,NA,NA,NA,154,Unavailable MOE or zero percentage,NA,NA,NA,114,Unavailable MOE or zero percentage,NA,NA,NA,593,Unavailable MOE or zero percentage,NA,NA,NA,749,Denominator below story-scale threshold,262
1315552,"Chattahoochee Hills city, Georgia",3782,84,18,0,0,0,12,6,66,256,69,34,14,14,14,21,23,63,18,0,Pass,84,0,Pass,21.428571428571427,1.8888888888888888,TRUE,TRUE,TRUE,114.8362904722231,0,52,36.448458877780105,0,77.77777777777779,0,77.77777777777779,0,77.77777777777779,66.66666666666666,171.6637700023301,33.33333333333333,111.18824483168946,0,57.87703030635153,103.40908474120747,Percentage MOE exceeds 50% of estimate,0,77.77777777777779,NA,Unavailable MOE or zero percentage,0,77.77777777777779,NA,Unavailable MOE or zero percentage,0,77.77777777777779,NA,Unavailable MOE or zero percentage,0,100,156.54624264697088,Percentage MOE exceeds 50% of estimate,0,100,202.79295922111228,Percentage MOE exceeds 50% of estimate,2024,2020-2024,ACS five-year,13,4.759386567953464,8.984178217742983,Denominator below story-scale threshold,8645,72.67151507584744,8,32038,Retained,NA,NA,NA,771,Percentage MOE exceeds 50% of estimate,NA,NA,NA,48,Unavailable MOE or zero percentage,NA,NA,NA,40,Unavailable MOE or zero percentage,NA,NA,NA,154,Unavailable MOE or zero percentage,NA,NA,NA,114,Percentage MOE exceeds 50% of estimate,NA,NA,NA,593,Percentage MOE exceeds 50% of estimate,NA,NA,NA,749,Denominator below story-scale threshold,262
1331320,"Franklin Springs city, Georgia",1108,29,18,0,0,6,12,0,11,208,34,31,14,14,11,20,14,18,18,0,Pass,29,0,Pass,62.06896551724138,1.7222222222222223,TRUE,TRUE,TRUE,104.70367660702695,0,49,78.30278064167936,0,77.77777777777779,0,77.77777777777779,33.33333333333333,20.95131203515697,66.66666666666666,159.77521933424435,0,77.77777777777779,0,100,76.69647794528504,Percentage MOE exceeds 50% of estimate,0,77.77777777777779,NA,Unavailable MOE or zero percentage,0,77.77777777777779,NA,Unavailable MOE or zero percentage,12.382021298176358,54.2846453684903,38.212479867866875,Percentage MOE exceeds 50% of estimate,0,100,145.70465424668294,Percentage MOE exceeds 50% of estimate,0,77.77777777777779,NA,Unavailable MOE or zero percentage,2024,2020-2024,ACS five-year,13,16.24548736462094,27.811631325563315,Denominator below story-scale threshold,8645,72.67151507584744,8,32038,Retained,NA,NA,NA,771,Percentage MOE exceeds 50% of estimate,NA,NA,NA,48,Unavailable MOE or zero percentage,NA,NA,NA,40,Unavailable MOE or zero percentage,NA,NA,NA,154,Percentage MOE exceeds 50% of estimate,NA,NA,NA,114,Percentage MOE exceeds 50% of estimate,NA,NA,NA,593,Unavailable MOE or zero percentage,NA,NA,NA,749,Denominator below story-scale threshold,262
1333392,"Glenwood city, Georgia",745,22,18,0,0,10,8,0,4,334,30,29,14,14,18,14,14,6,18,0,Pass,22,0,Pass,81.81818181818183,1.6111111111111112,TRUE,TRUE,TRUE,97.94860069689618,0,47,70.20051875750511,0,77.77777777777779,0,77.77777777777779,55.55555555555556,44.59422634853582,44.44444444444444,30.366355249997156,0,77.77777777777779,11.617663060676719,100,52.16308164512566,Percentage MOE exceeds 50% of estimate,0,77.77777777777779,NA,Unavailable MOE or zero percentage,0,77.77777777777779,NA,Unavailable MOE or zero percentage,10.961329207019737,100,48.80045623034194,Percentage MOE exceeds 50% of estimate,14.078089194447287,74.8107996944416,41.5382245526151,Percentage MOE exceeds 50% of estimate,0,77.77777777777779,NA,Unavailable MOE or zero percentage,2024,2020-2024,ACS five-year,13,24.161073825503355,37.38871539837098,Denominator below story-scale threshold,8645,72.67151507584744,8,32038,Retained,NA,NA,NA,771,Percentage MOE exceeds 50% of estimate,NA,NA,NA,48,Unavailable MOE or zero percentage,NA,NA,NA,40,Unavailable MOE or zero percentage,NA,NA,NA,154,Percentage MOE exceeds 50% of estimate,NA,NA,NA,114,Percentage MOE exceeds 50% of estimate,NA,NA,NA,593,Unavailable MOE or zero percentage,NA,NA,NA,749,Denominator below story-scale threshold,262
1334260,"Graham city, Georgia",629,38,18,0,0,0,0,18,20,328,43,34,14,14,14,14,34,32,18,0,Pass,38,0,Pass,47.368421052631575,1.8888888888888888,TRUE,TRUE,TRUE,114.8362904722231,0,52,71.64119892780839,0,77.77777777777779,0,77.77777777777779,0,77.77777777777779,0,77.77777777777779,100,267.1292284482513,0,100,91.948930039523745,Percentage MOE exceeds 50% of estimate,0,77.77777777777779,NA,Unavailable MOE or zero percentage,0,77.77777777777779,NA,Unavailable MOE or zero percentage,0,77.77777777777779,NA,Unavailable MOE or zero percentage,0,77.77777777777779,NA,Unavailable MOE or zero percentage,0,100,162.40303943843415,Percentage MOE exceeds 50% of estimate,2024,2020-2024,ACS five-year,13,28.616852146263913,51.953404071350235,Denominator below story-scale threshold,8645,72.67151507584744,8,32038,Retained,NA,NA,NA,771,Percentage MOE exceeds 50% of estimate,NA,NA,NA,48,Unavailable MOE or zero percentage,NA,NA,NA,40,Unavailable MOE or zero percentage,NA,NA,NA,154,Unavailable MOE or zero percentage,NA,NA,NA,114,Unavailable MOE or zero percentage,NA,NA,NA,593,Percentage MOE exceeds 50% of estimate,NA,NA,NA,749,Denominator below story-scale threshold,262
1335240,"Gresham Park CDP, Georgia",6935,107,18,0,0,0,0,18,89,1075,88,28,20,20,20,20,28,84,18,0,Pass,107,0,Pass,16.822429906542055,1.5555555555555556,TRUE,TRUE,TRUE,94.5710627418308,0,46,22.21173748382342,0,111.11111111111111,0,111.11111111111111,0,111.11111111111111,0,111.11111111111111,100,219.9887763691481,0,39.034167390365475,80.27245544753148,Percentage MOE exceeds 50% of estimate,0,100,NA,Unavailable MOE or zero percentage,0,100,NA,Unavailable MOE or zero percentage,0,100,NA,Unavailable MOE or zero percentage,0,100,NA,Unavailable MOE or zero percentage,0,100,133.743679537534,Percentage MOE exceeds 50% of estimate,2024,2020-2024,ACS five-year,13,2.5955299206921416,4.017394660327718,Percentage MOE exceeds 50% of estimate,8645,72.67151507584744,8,32038,Retained,NA,NA,NA,771,Percentage MOE exceeds 50% of estimate,NA,NA,NA,48,Unavailable MOE or zero percentage,NA,NA,NA,40,Unavailable MOE or zero percentage,NA,NA,NA,154,Unavailable MOE or zero percentage,NA,NA,NA,114,Unavailable MOE or zero percentage,NA,NA,NA,593,Percentage MOE exceeds 50% of estimate,NA,NA,NA,749,Percentage MOE exceeds 50% of estimate,262
1371772,"Soperton city, Georgia",2908,60,18,0,0,0,0,18,42,21,51,23,14,14,14,14,23,45,18,0,Pass,60,0,Pass,30,1.2777777777777777,TRUE,TRUE,TRUE,77.68337296650387,0,41,28.62157306027124,0,77.77777777777779,0,77.77777777777779,0,77.77777777777779,0,77.77777777777779,100,180.7050663032288,1.3784269397287616,58.62157306027124,58.00226960684582,Percentage MOE exceeds 50% of estimate,0,77.77777777777779,NA,Unavailable MOE or zero percentage,0,77.77777777777779,NA,Unavailable MOE or zero percentage,0,77.77777777777779,NA,Unavailable MOE or zero percentage,0,77.77777777777779,NA,Unavailable MOE or zero percentage,0,100,109.8608796201172,Percentage MOE exceeds 50% of estimate,2024,2020-2024,ACS five-year,13,6.189821182943604,7.909089643571186,Denominator below story-scale threshold,8645,72.67151507584744,8,32038,Retained,NA,NA,NA,771,Percentage MOE exceeds 50% of estimate,NA,NA,NA,48,Unavailable MOE or zero percentage,NA,NA,NA,40,Unavailable MOE or zero percentage,NA,NA,NA,154,Unavailable MOE or zero percentage,NA,NA,NA,114,Unavailable MOE or zero percentage,NA,NA,NA,593,Percentage MOE exceeds 50% of estimate,NA,NA,NA,749,Denominator below story-scale threshold,262
1383728,"Winterville city, Georgia",2223,51,18,0,0,0,0,18,33,607,39,26,14,14,14,14,26,32,18,0,Pass,51,0,Pass,35.294117647058826,1.4444444444444444,TRUE,TRUE,TRUE,87.81598683170002,0,44,43.24998069760725,0,77.77777777777779,0,77.77777777777779,0,77.77777777777779,0,77.77777777777779,100,204.27529234278038,0,78.54409834466608,74.50001019462702,Percentage MOE exceeds 50% of estimate,0,77.77777777777779,NA,Unavailable MOE or zero percentage,0,77.77777777777779,NA,Unavailable MOE or zero percentage,0,77.77777777777779,NA,Unavailable MOE or zero percentage,0,77.77777777777779,NA,Unavailable MOE or zero percentage,0,100,124.19055957056727,Percentage MOE exceeds 50% of estimate,2024,2020-2024,ACS five-year,13,8.097165991902834,11.485027295466317,Denominator below story-scale threshold,8645,72.67151507584744,8,32038,Retained,NA,NA,NA,771,Percentage MOE exceeds 50% of estimate,NA,NA,NA,48,Unavailable MOE or zero percentage,NA,NA,NA,40,Unavailable MOE or zero percentage,NA,NA,NA,154,Unavailable MOE or zero percentage,NA,NA,NA,114,Unavailable MOE or zero percentage,NA,NA,NA,593,Percentage MOE exceeds 50% of estimate,NA,NA,NA,749,Denominator below story-scale threshold,262
1304644,"Avondale Estates city, Georgia",3530,48,17,17,0,0,0,0,31,19,51,25,25,14,14,14,14,47,17,0,Pass,48,0,Pass,35.41666666666667,1.4705882352941178,TRUE,TRUE,TRUE,89.40541645761314,0,42,36.008902120184686,100,207.97258270192575,0,82.35294117647058,0,82.35294117647058,0,82.35294117647058,0,82.35294117647058,0,71.42556878685136,61.812305092541585,Percentage MOE exceeds 50% of estimate,0,100,126.43835250397123,Percentage MOE exceeds 50% of estimate,0,82.35294117647058,NA,Unavailable MOE or zero percentage,0,82.35294117647058,NA,Unavailable MOE or zero percentage,0,82.35294117647058,NA,Unavailable MOE or zero percentage,0,82.35294117647058,NA,Unavailable MOE or zero percentage,2024,2020-2024,ACS five-year,13,4.81586402266289,7.082105538032586,Denominator below story-scale threshold,8868,71.93332917160872,8,32038,Retained,NA,NA,NA,771,Percentage MOE exceeds 50% of estimate,NA,NA,NA,48,Percentage MOE exceeds 50% of estimate,NA,NA,NA,40,Unavailable MOE or zero percentage,NA,NA,NA,154,Unavailable MOE or zero percentage,NA,NA,NA,114,Unavailable MOE or zero percentage,NA,NA,NA,593,Unavailable MOE or zero percentage,NA,NA,NA,749,Denominator below story-scale threshold,272
1312120,"Butler city, Georgia",1935,30,17,0,0,0,3,14,13,334,26,22,14,14,14,8,23,18,17,0,Pass,30,0,Pass,56.666666666666664,1.2941176470588236,TRUE,TRUE,TRUE,78.67676648269956,0,39,54.45986176267689,0,82.35294117647058,0,82.35294117647058,0,82.35294117647058,17.647058823529413,41.145928017148094,82.35294117647058,83.34504613112121,2.2068049039897772,100,58.42807945339403,Percentage MOE exceeds 50% of estimate,0,82.35294117647058,NA,Unavailable MOE or zero percentage,0,82.35294117647058,NA,Unavailable MOE or zero percentage,0,82.35294117647058,NA,Unavailable MOE or zero percentage,0,58.79298684067751,141.75137224579203,Percentage MOE exceeds 50% of estimate,0,100,61.528088101720314,Percentage MOE exceeds 50% of estimate,2024,2020-2024,ACS five-year,13,8.785529715762275,11.267921662696367,Denominator below story-scale threshold,8868,71.93332917160872,8,32038,Retained,NA,NA,NA,771,Percentage MOE exceeds 50% of estimate,NA,NA,NA,48,Unavailable MOE or zero percentage,NA,NA,NA,40,Unavailable MOE or zero percentage,NA,NA,NA,154,Unavailable MOE or zero percentage,NA,NA,NA,114,Percentage MOE exceeds 50% of estimate,NA,NA,NA,593,Percentage MOE exceeds 50% of estimate,NA,NA,NA,749,Denominator below story-scale threshold,272
1321688,"Danville town, Georgia",111,18,17,2,0,10,0,5,1,76,19,19,5,14,17,14,7,2,17,0,Pass,18,0,Pass,94.44444444444444,1.1176470588235294,TRUE,TRUE,TRUE,67.948116507786,0,36,34.69306045644838,11.76470588235294,26.30895765435344,0,82.35294117647058,58.82352941176471,75.3507381756104,0,82.35294117647058,29.411764705882355,24.79788632134106,59.751383987996064,100,22.33258213174501,Caregiver count MOE exceeds 50% of estimate,0,38.07366353670638,135.9550396447537,Percentage MOE exceeds 50% of estimate,0,82.35294117647058,NA,Unavailable MOE or zero percentage,0,100,77.87699330787743,Percentage MOE exceeds 50% of estimate,0,82.35294117647058,NA,Unavailable MOE or zero percentage,4.6138783845412945,54.209651027223416,51.25855098050442,Percentage MOE exceeds 50% of estimate,2024,2020-2024,ACS five-year,13,153.15315315315314,135.29083794499383,Denominator below story-scale threshold,8868,71.93332917160872,8,32038,Retained,NA,NA,NA,771,Caregiver count MOE exceeds 50% of estimate,NA,NA,NA,48,Percentage MOE exceeds 50% of estimate,NA,NA,NA,40,Unavailable MOE or zero percentage,NA,NA,NA,154,Percentage MOE exceeds 50% of estimate,NA,NA,NA,114,Unavailable MOE or zero percentage,NA,NA,NA,593,Percentage MOE exceeds 50% of estimate,NA,NA,NA,749,Denominator below story-scale threshold,272
1342100,"Jeffersonville city, Georgia",1008,37,17,0,0,0,0,17,20,326,27,19,14,14,14,14,19,16,17,0,Pass,37,0,Pass,45.94594594594595,1.1176470588235294,TRUE,TRUE,TRUE,67.948116507786,0,36,38.89506745929113,0,82.35294117647058,0,82.35294117647058,0,82.35294117647058,0,82.35294117647058,100,158.05916285346356,7.050878486654824,84.84101340523708,51.46595962430422,Percentage MOE exceeds 50% of estimate,0,82.35294117647058,NA,Unavailable MOE or zero percentage,0,82.35294117647058,NA,Unavailable MOE or zero percentage,0,82.35294117647058,NA,Unavailable MOE or zero percentage,0,82.35294117647058,NA,Unavailable MOE or zero percentage,0,100,96.09314790301814,Percentage MOE exceeds 50% of estimate,2024,2020-2024,ACS five-year,13,16.865079365079364,18.042791075537906,Denominator below story-scale threshold,8868,71.93332917160872,8,32038,Retained,NA,NA,NA,771,Percentage MOE exceeds 50% of estimate,NA,NA,NA,48,Unavailable MOE or zero percentage,NA,NA,NA,40,Unavailable MOE or zero percentage,NA,NA,NA,154,Unavailable MOE or zero percentage,NA,NA,NA,114,Unavailable MOE or zero percentage,NA,NA,NA,593,Percentage MOE exceeds 50% of estimate,NA,NA,NA,749,Denominator below story-scale threshold,272
1349532,"Manchester city, Georgia",3631,147,17,0,0,0,0,17,130,82,68,18,14,14,14,14,18,72,17,0,Pass,147,0,Pass,11.564625850340136,1.0588235294117647,TRUE,TRUE,TRUE,64.37189984948147,0,35,11.014493246427476,0,82.35294117647058,0,82.35294117647058,0,82.35294117647058,0,82.35294117647058,100,149.74025954538652,0.55013260391266,22.579119096767613,57.90361491906525,Percentage MOE exceeds 50% of estimate,0,82.35294117647058,NA,Unavailable MOE or zero percentage,0,82.35294117647058,NA,Unavailable MOE or zero percentage,0,82.35294117647058,NA,Unavailable MOE or zero percentage,0,82.35294117647058,NA,Unavailable MOE or zero percentage,0,100,91.03561380285927,Percentage MOE exceeds 50% of estimate,2024,2020-2024,ACS five-year,13,4.68190581107133,4.956184334941626,Percentage MOE exceeds 50% of estimate,8868,71.93332917160872,8,32038,Retained,NA,NA,NA,771,Percentage MOE exceeds 50% of estimate,NA,NA,NA,48,Unavailable MOE or zero percentage,NA,NA,NA,40,Unavailable MOE or zero percentage,NA,NA,NA,154,Unavailable MOE or zero percentage,NA,NA,NA,114,Unavailable MOE or zero percentage,NA,NA,NA,593,Percentage MOE exceeds 50% of estimate,NA,NA,NA,749,Percentage MOE exceeds 50% of estimate,272
1364288,"Reed Creek CDP, Georgia",3151,30,17,17,0,0,0,0,13,496,39,37,37,14,14,14,14,14,17,0,Pass,30,0,Pass,56.666666666666664,2.176470588235294,TRUE,TRUE,TRUE,132.32001635726743,0,54,98.91578910029143,100,307.7994223988501,0,82.35294117647058,0,82.35294117647058,0,82.35294117647058,0,82.35294117647058,0,100,106.12328782493985,Percentage MOE exceeds 50% of estimate,0,100,187.1287617058774,Percentage MOE exceeds 50% of estimate,0,82.35294117647058,NA,Unavailable MOE or zero percentage,0,82.35294117647058,NA,Unavailable MOE or zero percentage,0,82.35294117647058,NA,Unavailable MOE or zero percentage,0,82.35294117647058,NA,Unavailable MOE or zero percentage,2024,2020-2024,ACS five-year,13,5.395112662646779,11.71155345120145,Denominator below story-scale threshold,8868,71.93332917160872,8,32038,Retained,NA,NA,NA,771,Percentage MOE exceeds 50% of estimate,NA,NA,NA,48,Percentage MOE exceeds 50% of estimate,NA,NA,NA,40,Unavailable MOE or zero percentage,NA,NA,NA,154,Unavailable MOE or zero percentage,NA,NA,NA,114,Unavailable MOE or zero percentage,NA,NA,NA,593,Unavailable MOE or zero percentage,NA,NA,NA,749,Denominator below story-scale threshold,272
1376532,"Tignall town, Georgia",763,19,17,0,0,0,0,17,2,338,27,27,14,14,14,14,27,4,17,0,Pass,19,0,Pass,89.47368421052632,1.588235294117647,TRUE,TRUE,TRUE,96.55784977422219,0,44,63.463323297629195,0,82.35294117647058,0,82.35294117647058,0,82.35294117647058,0,82.35294117647058,100,224.61038931807985,26.01036091289712,100,43.122132853985974,Percentage MOE exceeds 50% of estimate,0,82.35294117647058,NA,Unavailable MOE or zero percentage,0,82.35294117647058,NA,Unavailable MOE or zero percentage,0,82.35294117647058,NA,Unavailable MOE or zero percentage,0,82.35294117647058,NA,Unavailable MOE or zero percentage,0,100,136.55342070428895,Percentage MOE exceeds 50% of estimate,2024,2020-2024,ACS five-year,13,22.280471821756226,33.98230534478911,Denominator below story-scale threshold,8868,71.93332917160872,8,32038,Retained,NA,NA,NA,771,Percentage MOE exceeds 50% of estimate,NA,NA,NA,48,Unavailable MOE or zero percentage,NA,NA,NA,40,Unavailable MOE or zero percentage,NA,NA,NA,154,Unavailable MOE or zero percentage,NA,NA,NA,114,Unavailable MOE or zero percentage,NA,NA,NA,593,Percentage MOE exceeds 50% of estimate,NA,NA,NA,749,Denominator below story-scale threshold,272
1304392,"Avalon town, Georgia",314,16,16,14,0,0,0,2,0,146,22,22,22,14,14,14,3,14,16,0,Pass,16,0,Pass,100,1.375,TRUE,TRUE,TRUE,83.59406438786829,0,38,194.45436482630058,87.5,66.56690126293998,0,87.5,0,87.5,0,87.5,12.5,7.493486755176123,0,100,118.2198595912131,Percentage MOE exceeds 50% of estimate,20.93309873706002,100,46.25120274514348,Percentage MOE exceeds 50% of estimate,0,87.5,NA,Unavailable MOE or zero percentage,0,87.5,NA,Unavailable MOE or zero percentage,0,87.5,NA,Unavailable MOE or zero percentage,5.006513244823877,19.99348675517612,36.44573174119744,Percentage MOE exceeds 50% of estimate,2024,2020-2024,ACS five-year,13,50.955414012738856,65.93618005324076,Denominator below story-scale threshold,9118,71.09838316998564,8,32038,Retained,NA,NA,NA,771,Percentage MOE exceeds 50% of estimate,NA,NA,NA,48,Percentage MOE exceeds 50% of estimate,NA,NA,NA,40,Unavailable MOE or zero percentage,NA,NA,NA,154,Unavailable MOE or zero percentage,NA,NA,NA,114,Unavailable MOE or zero percentage,NA,NA,NA,593,Percentage MOE exceeds 50% of estimate,NA,NA,NA,749,Denominator below story-scale threshold,279
1310860,"Bronwood town, Georgia",338,16,16,8,0,0,0,8,0,150,16,16,10,14,14,14,12,14,16,0,Pass,16,0,Pass,100,1,FALSE,TRUE,TRUE,60.79568319117694,0,32,141.4213562373095,50,37.5,0,87.5,0,87.5,0,87.5,50,55.90169943749474,0,100,85.97807970270044,Percentage MOE exceeds 50% of estimate,12.5,87.5,45.596762393382704,Percentage MOE exceeds 50% of estimate,0,87.5,NA,Unavailable MOE or zero percentage,0,87.5,NA,Unavailable MOE or zero percentage,0,87.5,NA,Unavailable MOE or zero percentage,0,100,67.97164017700649,Percentage MOE exceeds 50% of estimate,2024,2020-2024,ACS five-year,13,47.337278106508876,42.420464308992095,Denominator below story-scale threshold,9118,71.09838316998564,8,32038,Retained,NA,NA,NA,771,Percentage MOE exceeds 50% of estimate,NA,NA,NA,48,Percentage MOE exceeds 50% of estimate,NA,NA,NA,40,Unavailable MOE or zero percentage,NA,NA,NA,154,Unavailable MOE or zero percentage,NA,NA,NA,114,Unavailable MOE or zero percentage,NA,NA,NA,593,Percentage MOE exceeds 50% of estimate,NA,NA,NA,749,Denominator below story-scale threshold,279
1316600,"Claxton city, Georgia",2529,56,16,10,0,0,0,6,40,37,51,20,16,14,14,14,11,49,16,0,Pass,56,0,Pass,28.57142857142857,1.25,TRUE,TRUE,TRUE,75.99460398897118,0,36,24.463208356605822,62.5,62.421826110744306,0,87.5,0,87.5,0,87.5,37.5,50.29211543572213,4.108220214822747,53.03463692803439,52.05401127807859,Percentage MOE exceeds 50% of estimate,0.07817388925569446,100,60.71964103109675,Percentage MOE exceeds 50% of estimate,0,87.5,NA,Unavailable MOE or zero percentage,0,87.5,NA,Unavailable MOE or zero percentage,0,87.5,NA,Unavailable MOE or zero percentage,0,87.79211543572214,81.534493787847,Percentage MOE exceeds 50% of estimate,2024,2020-2024,ACS five-year,13,6.326611308817714,7.9077224447873515,Denominator below story-scale threshold,9118,71.09838316998564,8,32038,Retained,NA,NA,NA,771,Percentage MOE exceeds 50% of estimate,NA,NA,NA,48,Percentage MOE exceeds 50% of estimate,NA,NA,NA,40,Unavailable MOE or zero percentage,NA,NA,NA,154,Unavailable MOE or zero percentage,NA,NA,NA,114,Unavailable MOE or zero percentage,NA,NA,NA,593,Percentage MOE exceeds 50% of estimate,NA,NA,NA,749,Denominator below story-scale threshold,279
1322024,"Dearing town, Georgia",760,20,16,0,0,0,0,16,4,400,37,32,14,14,14,14,32,10,16,0,Pass,20,0,Pass,80,2,TRUE,TRUE,TRUE,121.59136638235388,0,48,60.79473661428262,0,87.5,0,87.5,0,87.5,0,87.5,100,282.842712474619,19.20526338571738,100,46.20071933616213,Percentage MOE exceeds 50% of estimate,0,87.5,NA,Unavailable MOE or zero percentage,0,87.5,NA,Unavailable MOE or zero percentage,0,87.5,NA,Unavailable MOE or zero percentage,0,87.5,NA,Unavailable MOE or zero percentage,0,100,171.95615940540088,Percentage MOE exceeds 50% of estimate,2024,2020-2024,ACS five-year,13,21.052631578947366,40.62116959517642,Denominator below story-scale threshold,9118,71.09838316998564,8,32038,Retained,NA,NA,NA,771,Percentage MOE exceeds 50% of estimate,NA,NA,NA,48,Unavailable MOE or zero percentage,NA,NA,NA,40,Unavailable MOE or zero percentage,NA,NA,NA,154,Unavailable MOE or zero percentage,NA,NA,NA,114,Unavailable MOE or zero percentage,NA,NA,NA,593,Percentage MOE exceeds 50% of estimate,NA,NA,NA,749,Denominator below story-scale threshold,279
1323284,"Doerun city, Georgia",961,16,16,6,0,0,0,10,0,275,13,13,7,14,14,14,11,14,16,0,Pass,16,0,Pass,100,0.8125,FALSE,TRUE,TRUE,49.396492592831265,3,29,114.90485194281396,37.5,31.396142652203313,0,87.5,0,87.5,0,87.5,62.5,46.34465609363716,0,100,69.8571897584441,Percentage MOE exceeds 50% of estimate,6.103857347796687,68.89614265220331,50.899998456222676,Percentage MOE exceeds 50% of estimate,0,87.5,NA,Unavailable MOE or zero percentage,0,87.5,NA,Unavailable MOE or zero percentage,0,87.5,NA,Unavailable MOE or zero percentage,16.155343906362837,100,45.080880471565,Percentage MOE exceeds 50% of estimate,2024,2020-2024,ACS five-year,13,16.64932362122789,12.66080692391456,Denominator below story-scale threshold,9118,71.09838316998564,8,32038,Retained,NA,NA,NA,771,Percentage MOE exceeds 50% of estimate,NA,NA,NA,48,Percentage MOE exceeds 50% of estimate,NA,NA,NA,40,Unavailable MOE or zero percentage,NA,NA,NA,154,Unavailable MOE or zero percentage,NA,NA,NA,114,Unavailable MOE or zero percentage,NA,NA,NA,593,Percentage MOE exceeds 50% of estimate,NA,NA,NA,749,Denominator below story-scale threshold,279
1341540,"Ivey city, Georgia",964,27,16,0,0,0,0,16,11,192,22,18,14,14,14,14,18,11,16,0,Pass,27,0,Pass,59.25925925925925,1.125,TRUE,TRUE,TRUE,68.39514359007406,0,34,45.967076142535056,0,87.5,0,87.5,0,87.5,0,87.5,100,159.0990257669732,13.292183116724196,100,47.15887159776829,Percentage MOE exceeds 50% of estimate,0,87.5,NA,Unavailable MOE or zero percentage,0,87.5,NA,Unavailable MOE or zero percentage,0,87.5,NA,Unavailable MOE or zero percentage,0,87.5,NA,Unavailable MOE or zero percentage,0,100,96.72533966553799,Percentage MOE exceeds 50% of estimate,2024,2020-2024,ACS five-year,13,16.597510373443985,18.377246335324312,Denominator below story-scale threshold,9118,71.09838316998564,8,32038,Retained,NA,NA,NA,771,Percentage MOE exceeds 50% of estimate,NA,NA,NA,48,Unavailable MOE or zero percentage,NA,NA,NA,40,Unavailable MOE or zero percentage,NA,NA,NA,154,Unavailable MOE or zero percentage,NA,NA,NA,114,Unavailable MOE or zero percentage,NA,NA,NA,593,Percentage MOE exceeds 50% of estimate,NA,NA,NA,749,Denominator below story-scale threshold,279
1368740,"Sardis city, Georgia",912,16,16,0,0,16,0,0,0,359,24,24,14,14,24,14,14,14,16,0,Pass,16,0,Pass,100,1.5,TRUE,TRUE,TRUE,91.19352478676541,0,40,212.13203435596424,0,87.5,0,87.5,100,212.13203435596424,0,87.5,0,87.5,0,100,128.96711955405064,Percentage MOE exceeds 50% of estimate,0,87.5,NA,Unavailable MOE or zero percentage,0,87.5,NA,Unavailable MOE or zero percentage,0,100,128.96711955405064,Percentage MOE exceeds 50% of estimate,0,87.5,NA,Unavailable MOE or zero percentage,0,87.5,NA,Unavailable MOE or zero percentage,2024,2020-2024,ACS five-year,13,17.543859649122805,25.393470405419706,Denominator below story-scale threshold,9118,71.09838316998564,8,32038,Retained,NA,NA,NA,771,Percentage MOE exceeds 50% of estimate,NA,NA,NA,48,Unavailable MOE or zero percentage,NA,NA,NA,40,Unavailable MOE or zero percentage,NA,NA,NA,154,Percentage MOE exceeds 50% of estimate,NA,NA,NA,114,Unavailable MOE or zero percentage,NA,NA,NA,593,Unavailable MOE or zero percentage,NA,NA,NA,749,Denominator below story-scale threshold,279
1378036,"Tybee Island city, Georgia",3123,19,16,0,0,0,16,0,3,15,34,30,14,14,14,30,14,9,16,0,Pass,19,0,Pass,84.21052631578947,1.875,TRUE,TRUE,TRUE,113.99190598345676,0,46,47.1435266471021,0,87.5,0,87.5,0,87.5,100,265.1650429449553,0,87.5,37.066999668687366,100,34.03520956280533,Percentage MOE exceeds 50% of estimate,0,87.5,NA,Unavailable MOE or zero percentage,0,87.5,NA,Unavailable MOE or zero percentage,0,87.5,NA,Unavailable MOE or zero percentage,0,100,161.2088994425633,Percentage MOE exceeds 50% of estimate,0,87.5,NA,Unavailable MOE or zero percentage,2024,2020-2024,ACS five-year,13,5.123278898495037,9.60611641687112,Denominator below story-scale threshold,9118,71.09838316998564,8,32038,Retained,NA,NA,NA,771,Percentage MOE exceeds 50% of estimate,NA,NA,NA,48,Unavailable MOE or zero percentage,NA,NA,NA,40,Unavailable MOE or zero percentage,NA,NA,NA,154,Unavailable MOE or zero percentage,NA,NA,NA,114,Percentage MOE exceeds 50% of estimate,NA,NA,NA,593,Unavailable MOE or zero percentage,NA,NA,NA,749,Denominator below story-scale threshold,279
1382692,"White Plains city, Georgia",175,18,16,0,3,0,0,13,2,65,24,23,14,6,14,14,22,4,16,0,Pass,18,0,Pass,88.88888888888889,1.4375,TRUE,TRUE,TRUE,87.39379458731685,0,39,47.75480354899122,0,87.5,18.75,26.072572806195687,0,87.5,0,87.5,81.25,72.55852803243997,41.134085339897666,100,32.661966458490326,Percentage MOE exceeds 50% of estimate,0,87.5,NA,Unavailable MOE or zero percentage,0,44.82257280619569,84.53866006956629,Percentage MOE exceeds 50% of estimate,0,87.5,NA,Unavailable MOE or zero percentage,0,87.5,NA,Unavailable MOE or zero percentage,8.691471967560034,100,54.292249637887394,Percentage MOE exceeds 50% of estimate,2024,2020-2024,ACS five-year,13,91.42857142857143,126.96551985474905,Denominator below story-scale threshold,9118,71.09838316998564,8,32038,Retained,NA,NA,NA,771,Percentage MOE exceeds 50% of estimate,NA,NA,NA,48,Unavailable MOE or zero percentage,NA,NA,NA,40,Percentage MOE exceeds 50% of estimate,NA,NA,NA,154,Unavailable MOE or zero percentage,NA,NA,NA,114,Unavailable MOE or zero percentage,NA,NA,NA,593,Percentage MOE exceeds 50% of estimate,NA,NA,NA,749,Denominator below story-scale threshold,279
1305036,"Ball Ground city, Georgia",2856,41,15,0,10,0,0,5,26,26,37,19,14,17,14,14,9,28,15,0,Pass,41,0,Pass,36.58536585365854,1.2666666666666666,TRUE,TRUE,TRUE,77.00786537549078,0,34,32.51877750073815,0,93.33333333333333,66.66666666666666,75.58822822975534,0,93.33333333333333,0,93.33333333333333,33.33333333333333,42.62961354055751,4.066588352920384,69.10414335439668,54.03803538844615,Percentage MOE exceeds 50% of estimate,0,93.33333333333333,NA,Unavailable MOE or zero percentage,0,100,68.93156964657875,Percentage MOE exceeds 50% of estimate,0,93.33333333333333,NA,Unavailable MOE or zero percentage,0,93.33333333333333,NA,Unavailable MOE or zero percentage,0,75.96294687389084,77.75089438122124,Percentage MOE exceeds 50% of estimate,2024,2020-2024,ACS five-year,13,5.2521008403361344,6.652489243277721,Denominator below story-scale threshold,9403,70.20881453274237,8,32038,Retained,NA,NA,NA,771,Percentage MOE exceeds 50% of estimate,NA,NA,NA,48,Unavailable MOE or zero percentage,NA,NA,NA,40,Percentage MOE exceeds 50% of estimate,NA,NA,NA,154,Unavailable MOE or zero percentage,NA,NA,NA,114,Unavailable MOE or zero percentage,NA,NA,NA,593,Percentage MOE exceeds 50% of estimate,NA,NA,NA,749,Denominator below story-scale threshold,288
1308844,"Bloomingdale city, Georgia",3007,23,15,0,0,0,0,15,8,17,26,23,14,14,14,14,23,14,15,0,Pass,23,0,Pass,65.21739130434783,1.5333333333333334,TRUE,TRUE,TRUE,93.22004755980464,0,38,67.56308688241847,0,93.33333333333333,0,93.33333333333333,0,93.33333333333333,0,93.33333333333333,100,216.84607956387455,0,100,62.98234172466263,Percentage MOE exceeds 50% of estimate,0,93.33333333333333,NA,Unavailable MOE or zero percentage,0,93.33333333333333,NA,Unavailable MOE or zero percentage,0,93.33333333333333,NA,Unavailable MOE or zero percentage,0,93.33333333333333,NA,Unavailable MOE or zero percentage,0,100,131.83305554414065,Percentage MOE exceeds 50% of estimate,2024,2020-2024,ACS five-year,13,4.988360492184902,7.648767430882895,Denominator below story-scale threshold,9403,70.20881453274237,8,32038,Retained,NA,NA,NA,771,Percentage MOE exceeds 50% of estimate,NA,NA,NA,48,Unavailable MOE or zero percentage,NA,NA,NA,40,Unavailable MOE or zero percentage,NA,NA,NA,154,Unavailable MOE or zero percentage,NA,NA,NA,114,Unavailable MOE or zero percentage,NA,NA,NA,593,Percentage MOE exceeds 50% of estimate,NA,NA,NA,749,Denominator below story-scale threshold,288
1309460,"Boston city, Georgia",1520,30,15,0,0,0,0,15,15,293,27,19,14,14,14,14,19,17,15,0,Pass,30,0,Pass,50,1.2666666666666666,TRUE,TRUE,TRUE,77.00786537549078,0,34,44.56580652373646,0,93.33333333333333,0,93.33333333333333,0,93.33333333333333,0,93.33333333333333,100,179.13371790059205,5.4341934762635375,94.56580652373646,54.18817309152737,Percentage MOE exceeds 50% of estimate,0,93.33333333333333,NA,Unavailable MOE or zero percentage,0,93.33333333333333,NA,Unavailable MOE or zero percentage,0,93.33333333333333,NA,Unavailable MOE or zero percentage,0,93.33333333333333,NA,Unavailable MOE or zero percentage,0,100,108.90556762342055,Percentage MOE exceeds 50% of estimate,2024,2020-2024,ACS five-year,13,9.868421052631579,12.354407166477,Denominator below story-scale threshold,9403,70.20881453274237,8,32038,Retained,NA,NA,NA,771,Percentage MOE exceeds 50% of estimate,NA,NA,NA,48,Unavailable MOE or zero percentage,NA,NA,NA,40,Unavailable MOE or zero percentage,NA,NA,NA,154,Unavailable MOE or zero percentage,NA,NA,NA,114,Unavailable MOE or zero percentage,NA,NA,NA,593,Percentage MOE exceeds 50% of estimate,NA,NA,NA,749,Denominator below story-scale threshold,288
1309544,"Bowdon city, Georgia",2006,47,15,0,0,0,5,10,32,531,45,17,14,14,14,8,13,45,15,0,Pass,47,0,Pass,31.914893617021278,1.1333333333333333,TRUE,TRUE,TRUE,68.90177428333386,0,32,19.353693924452905,0,93.33333333333333,0,93.33333333333333,0,93.33333333333333,33.33333333333333,37.64683188021649,66.66666666666666,42.45549594342845,12.561199692568373,51.26858754147418,36.867459391514736,Percentage MOE exceeds 50% of estimate,0,93.33333333333333,NA,Unavailable MOE or zero percentage,0,93.33333333333333,NA,Unavailable MOE or zero percentage,0,93.33333333333333,NA,Unavailable MOE or zero percentage,0,70.98016521354981,68.66294592423425,Percentage MOE exceeds 50% of estimate,24.211170723238205,100,38.71666321651461,Percentage MOE exceeds 50% of estimate,2024,2020-2024,ACS five-year,13,7.477567298105683,8.240181588136862,Denominator below story-scale threshold,9403,70.20881453274237,8,32038,Retained,NA,NA,NA,771,Percentage MOE exceeds 50% of estimate,NA,NA,NA,48,Unavailable MOE or zero percentage,NA,NA,NA,40,Unavailable MOE or zero percentage,NA,NA,NA,154,Unavailable MOE or zero percentage,NA,NA,NA,114,Percentage MOE exceeds 50% of estimate,NA,NA,NA,593,Percentage MOE exceeds 50% of estimate,NA,NA,NA,749,Denominator below story-scale threshold,288
1322304,"Demorest city, Georgia",2512,31,15,0,0,15,0,0,16,535,34,27,14,14,27,14,14,22,15,0,Pass,31,0,Pass,48.38709677419355,1.8,TRUE,TRUE,TRUE,109.43222974411849,0,42,69.06122642738598,0,93.33333333333333,0,93.33333333333333,100,254.55844122715715,0,93.33333333333333,0,93.33333333333333,0,100,86.77157181525222,Percentage MOE exceeds 50% of estimate,0,93.33333333333333,NA,Unavailable MOE or zero percentage,0,93.33333333333333,NA,Unavailable MOE or zero percentage,0,100,154.7605434648608,Percentage MOE exceeds 50% of estimate,0,93.33333333333333,NA,Unavailable MOE or zero percentage,0,93.33333333333333,NA,Unavailable MOE or zero percentage,2024,2020-2024,ACS five-year,13,5.971337579617835,10.672904423250184,Denominator below story-scale threshold,9403,70.20881453274237,8,32038,Retained,NA,NA,NA,771,Percentage MOE exceeds 50% of estimate,NA,NA,NA,48,Unavailable MOE or zero percentage,NA,NA,NA,40,Unavailable MOE or zero percentage,NA,NA,NA,154,Percentage MOE exceeds 50% of estimate,NA,NA,NA,114,Unavailable MOE or zero percentage,NA,NA,NA,593,Unavailable MOE or zero percentage,NA,NA,NA,749,Denominator below story-scale threshold,288
1330956,"Fort Oglethorpe city, Georgia",10416,127,15,0,0,0,0,15,112,146,96,24,23,23,23,23,24,97,15,0,Pass,127,0,Pass,11.811023622047244,1.6,TRUE,TRUE,TRUE,97.2730931058831,0,39,16.655666045035122,0,153.33333333333334,0,153.33333333333334,0,153.33333333333334,0,153.33333333333334,100,226.27416997969522,0,28.466689667082367,85.73283981261586,Percentage MOE exceeds 50% of estimate,0,100,NA,Unavailable MOE or zero percentage,0,100,NA,Unavailable MOE or zero percentage,0,100,NA,Unavailable MOE or zero percentage,0,100,NA,Unavailable MOE or zero percentage,0,100,137.5649275243207,Percentage MOE exceeds 50% of estimate,2024,2020-2024,ACS five-year,13,1.4400921658986177,2.304059045050744,Percentage MOE exceeds 50% of estimate,9403,70.20881453274237,8,32038,Retained,NA,NA,NA,771,Percentage MOE exceeds 50% of estimate,NA,NA,NA,48,Unavailable MOE or zero percentage,NA,NA,NA,40,Unavailable MOE or zero percentage,NA,NA,NA,154,Unavailable MOE or zero percentage,NA,NA,NA,114,Unavailable MOE or zero percentage,NA,NA,NA,593,Percentage MOE exceeds 50% of estimate,NA,NA,NA,749,Percentage MOE exceeds 50% of estimate,288
1342268,"Jesup city, Georgia",9942,156,15,0,0,0,5,10,141,20,123,26,20,20,20,8,25,121,15,0,Pass,156,0,Pass,9.615384615384617,1.7333333333333334,TRUE,TRUE,TRUE,105.37918419804004,0,41,14.842531589083416,0,133.33333333333331,0,133.33333333333331,0,133.33333333333331,33.33333333333333,78.6302489464628,66.66666666666666,120.10283659441477,0,24.457916204468034,93.84563221747493,Percentage MOE exceeds 50% of estimate,0,100,NA,Unavailable MOE or zero percentage,0,100,NA,Unavailable MOE or zero percentage,0,100,NA,Unavailable MOE or zero percentage,0,100,143.41139112577582,Percentage MOE exceeds 50% of estimate,0,100,109.526010059336,Percentage MOE exceeds 50% of estimate,2024,2020-2024,ACS five-year,13,1.508750754375377,2.6151662130127002,Percentage MOE exceeds 50% of estimate,9403,70.20881453274237,8,32038,Retained,NA,NA,NA,771,Percentage MOE exceeds 50% of estimate,NA,NA,NA,48,Unavailable MOE or zero percentage,NA,NA,NA,40,Unavailable MOE or zero percentage,NA,NA,NA,154,Unavailable MOE or zero percentage,NA,NA,NA,114,Percentage MOE exceeds 50% of estimate,NA,NA,NA,593,Percentage MOE exceeds 50% of estimate,NA,NA,NA,749,Percentage MOE exceeds 50% of estimate,288
1343668,"Kingston city, Georgia",993,39,15,0,0,15,0,0,24,310,36,19,14,14,19,14,14,31,15,0,Pass,39,0,Pass,38.46153846153847,1.2666666666666666,TRUE,TRUE,TRUE,77.00786537549078,0,34,33.361331798354335,0,93.33333333333333,0,93.33333333333333,100,179.13371790059205,0,93.33333333333333,0,93.33333333333333,5.100206663184132,71.8228702598928,52.73384893006066,Percentage MOE exceeds 50% of estimate,0,93.33333333333333,NA,Unavailable MOE or zero percentage,0,93.33333333333333,NA,Unavailable MOE or zero percentage,0,100,108.90556762342055,Percentage MOE exceeds 50% of estimate,0,93.33333333333333,NA,Unavailable MOE or zero percentage,0,93.33333333333333,NA,Unavailable MOE or zero percentage,2024,2020-2024,ACS five-year,13,15.105740181268883,18.543702205049158,Denominator below story-scale threshold,9403,70.20881453274237,8,32038,Retained,NA,NA,NA,771,Percentage MOE exceeds 50% of estimate,NA,NA,NA,48,Unavailable MOE or zero percentage,NA,NA,NA,40,Unavailable MOE or zero percentage,NA,NA,NA,154,Percentage MOE exceeds 50% of estimate,NA,NA,NA,114,Unavailable MOE or zero percentage,NA,NA,NA,593,Unavailable MOE or zero percentage,NA,NA,NA,749,Denominator below story-scale threshold,288
1354656,"Newborn town, Georgia",653,20,15,0,10,0,0,5,5,204,23,23,14,21,14,14,9,6,15,0,Pass,20,0,Pass,75,1.5333333333333334,TRUE,TRUE,TRUE,93.22004755980464,0,38,76.06535019310698,0,93.33333333333333,66.66666666666666,95.65885888902615,0,93.33333333333333,0,93.33333333333333,33.33333333333333,31.426968052735454,0,100,61.659265762214154,Percentage MOE exceeds 50% of estimate,0,93.33333333333333,NA,Unavailable MOE or zero percentage,0,100,87.234685191701,Percentage MOE exceeds 50% of estimate,0,93.33333333333333,NA,Unavailable MOE or zero percentage,0,93.33333333333333,NA,Unavailable MOE or zero percentage,1.9063652805978748,64.76030138606879,57.31871980180032,Percentage MOE exceeds 50% of estimate,2024,2020-2024,ACS five-year,13,22.97090352220521,34.48325651252628,Denominator below story-scale threshold,9403,70.20881453274237,8,32038,Retained,NA,NA,NA,771,Percentage MOE exceeds 50% of estimate,NA,NA,NA,48,Unavailable MOE or zero percentage,NA,NA,NA,40,Percentage MOE exceeds 50% of estimate,NA,NA,NA,154,Unavailable MOE or zero percentage,NA,NA,NA,114,Unavailable MOE or zero percentage,NA,NA,NA,593,Percentage MOE exceeds 50% of estimate,NA,NA,NA,749,Denominator below story-scale threshold,288
1359808,"Pearson city, Georgia",1919,29,15,0,0,15,0,0,14,395,48,28,14,14,28,14,14,22,15,0,Pass,29,0,Pass,51.724137931034484,1.8666666666666667,TRUE,TRUE,TRUE,113.48527529019695,0,43,44.64032014212532,0,93.33333333333333,0,93.33333333333333,100,263.98653164297775,0,93.33333333333333,0,93.33333333333333,7.083817788909165,96.3644580731598,52.469482710991734,Percentage MOE exceeds 50% of estimate,0,93.33333333333333,NA,Unavailable MOE or zero percentage,0,93.33333333333333,NA,Unavailable MOE or zero percentage,0,100,160.49241544504082,Percentage MOE exceeds 50% of estimate,0,93.33333333333333,NA,Unavailable MOE or zero percentage,0,93.33333333333333,NA,Unavailable MOE or zero percentage,2024,2020-2024,ACS five-year,13,7.816571130797291,14.501953268565323,Denominator below story-scale threshold,9403,70.20881453274237,8,32038,Retained,NA,NA,NA,771,Percentage MOE exceeds 50% of estimate,NA,NA,NA,48,Unavailable MOE or zero percentage,NA,NA,NA,40,Unavailable MOE or zero percentage,NA,NA,NA,154,Percentage MOE exceeds 50% of estimate,NA,NA,NA,114,Unavailable MOE or zero percentage,NA,NA,NA,593,Unavailable MOE or zero percentage,NA,NA,NA,749,Denominator below story-scale threshold,288
1362244,"Porterdale city, Georgia",1466,33,15,0,0,0,0,15,18,500,36,32,14,14,14,14,32,14,15,0,Pass,33,0,Pass,45.45454545454545,2.1333333333333333,TRUE,TRUE,TRUE,129.6974574745108,0,47,83.33230880685237,0,93.33333333333333,0,93.33333333333333,0,93.33333333333333,0,93.33333333333333,100,301.69889330626035,0,100,111.45738220783586,Percentage MOE exceeds 50% of estimate,0,93.33333333333333,NA,Unavailable MOE or zero percentage,0,93.33333333333333,NA,Unavailable MOE or zero percentage,0,93.33333333333333,NA,Unavailable MOE or zero percentage,0,93.33333333333333,NA,Unavailable MOE or zero percentage,0,100,183.41990336576097,Percentage MOE exceeds 50% of estimate,2024,2020-2024,ACS five-year,13,10.231923601637108,21.547338839251875,Denominator below story-scale threshold,9403,70.20881453274237,8,32038,Retained,NA,NA,NA,771,Percentage MOE exceeds 50% of estimate,NA,NA,NA,48,Unavailable MOE or zero percentage,NA,NA,NA,40,Unavailable MOE or zero percentage,NA,NA,NA,154,Unavailable MOE or zero percentage,NA,NA,NA,114,Unavailable MOE or zero percentage,NA,NA,NA,593,Percentage MOE exceeds 50% of estimate,NA,NA,NA,749,Denominator below story-scale threshold,288
1300436,"Adairsville city, Georgia",4999,825,14,14,0,0,0,0,811,15,524,23,23,14,14,14,14,526,14,0,Pass,825,0,Pass,1.6969696969696972,1.6428571428571428,TRUE,TRUE,TRUE,99.87862238550497,0,37,2.571097903854653,100,232.33508524700846,0,100,0,100,0,100,0,100,0,4.2680676008243505,92.11222445243101,Percentage MOE exceeds 50% of estimate,0,100,141.24970236872213,Percentage MOE exceeds 50% of estimate,0,100,NA,Unavailable MOE or zero percentage,0,100,NA,Unavailable MOE or zero percentage,0,100,NA,Unavailable MOE or zero percentage,0,100,NA,Unavailable MOE or zero percentage,2024,2020-2024,ACS five-year,13,2.8005601120224046,4.60091250986161,Percentage MOE exceeds 50% of estimate,9688,69.29271490105499,7,32038,Retained,NA,NA,NA,771,Percentage MOE exceeds 50% of estimate,NA,NA,NA,48,Percentage MOE exceeds 50% of estimate,NA,NA,NA,40,Unavailable MOE or zero percentage,NA,NA,NA,154,Unavailable MOE or zero percentage,NA,NA,NA,114,Unavailable MOE or zero percentage,NA,NA,NA,593,Unavailable MOE or zero percentage,NA,NA,NA,749,Percentage MOE exceeds 50% of estimate,299
1307248,"Berkeley Lake city, Georgia",2597,20,14,0,0,0,2,12,6,556,22,19,14,14,14,4,19,7,14,0,Pass,20,0,Pass,70,1.3571428571428572,TRUE,TRUE,TRUE,82.50842718802585,0,33,55.641710972974224,0,100,0,100,0,100,14.285714285714285,20.98669775632973,85.71428571428571,69.90354513654674,14.358289027025776,100,48.32536903611392,Percentage MOE exceeds 50% of estimate,0,100,NA,Unavailable MOE or zero percentage,0,100,NA,Unavailable MOE or zero percentage,0,100,NA,Unavailable MOE or zero percentage,0,35.27241204204401,89.31304396159643,Percentage MOE exceeds 50% of estimate,15.810740577738969,100,49.58139414738572,Percentage MOE exceeds 50% of estimate,2024,2020-2024,ACS five-year,13,5.3908355795148255,7.224525929718989,Denominator below story-scale threshold,9688,69.29271490105499,7,32038,Retained,NA,NA,NA,771,Percentage MOE exceeds 50% of estimate,NA,NA,NA,48,Unavailable MOE or zero percentage,NA,NA,NA,40,Unavailable MOE or zero percentage,NA,NA,NA,154,Unavailable MOE or zero percentage,NA,NA,NA,114,Percentage MOE exceeds 50% of estimate,NA,NA,NA,593,Percentage MOE exceeds 50% of estimate,NA,NA,NA,749,Denominator below story-scale threshold,299
1321800,"Davisboro city, Georgia",2231,24,14,0,0,11,0,3,10,323,20,18,14,14,17,14,6,10,14,0,Pass,24,0,Pass,58.333333333333336,1.2857142857142858,TRUE,TRUE,TRUE,78.16587838865607,0,32,57.11356998597802,0,100,0,100,78.57142857142857,67.37785313967012,0,100,21.428571428571427,32.827975392133496,1.2197633473553182,100,59.52443154487939,Percentage MOE exceeds 50% of estimate,0,100,NA,Unavailable MOE or zero percentage,0,100,NA,Unavailable MOE or zero percentage,11.193575431758447,100,52.13450599103131,Percentage MOE exceeds 50% of estimate,0,100,NA,Unavailable MOE or zero percentage,0,54.256546820704926,93.13729561490204,Percentage MOE exceeds 50% of estimate,2024,2020-2024,ACS five-year,13,6.275212909009412,8.01681601651557,Denominator below story-scale threshold,9688,69.29271490105499,7,32038,Retained,NA,NA,NA,771,Percentage MOE exceeds 50% of estimate,NA,NA,NA,48,Unavailable MOE or zero percentage,NA,NA,NA,40,Unavailable MOE or zero percentage,NA,NA,NA,154,Percentage MOE exceeds 50% of estimate,NA,NA,NA,114,Unavailable MOE or zero percentage,NA,NA,NA,593,Percentage MOE exceeds 50% of estimate,NA,NA,NA,749,Denominator below story-scale threshold,299
1322080,"Deenwood CDP, Georgia",2360,19,14,0,8,0,0,6,5,552,21,17,14,14,14,14,9,10,14,0,Pass,19,0,Pass,73.68421052631578,1.2142857142857142,TRUE,TRUE,TRUE,73.82332958928627,0,31,37.05393873027308,0,100,57.14285714285714,72.00930107909123,0,100,0,100,42.857142857142854,37.741310222259045,36.6302717960427,100,30.572622057563077,Percentage MOE exceeds 50% of estimate,0,100,NA,Unavailable MOE or zero percentage,0,100,76.61245646639387,Percentage MOE exceeds 50% of estimate,0,100,NA,Unavailable MOE or zero percentage,0,100,NA,Unavailable MOE or zero percentage,5.115832634883809,80.5984530794019,53.5385372548224,Percentage MOE exceeds 50% of estimate,2024,2020-2024,ACS five-year,13,5.932203389830509,7.068491997303794,Denominator below story-scale threshold,9688,69.29271490105499,7,32038,Retained,NA,NA,NA,771,Percentage MOE exceeds 50% of estimate,NA,NA,NA,48,Unavailable MOE or zero percentage,NA,NA,NA,40,Percentage MOE exceeds 50% of estimate,NA,NA,NA,154,Unavailable MOE or zero percentage,NA,NA,NA,114,Unavailable MOE or zero percentage,NA,NA,NA,593,Percentage MOE exceeds 50% of estimate,NA,NA,NA,749,Denominator below story-scale threshold,299
1328492,"Fairmount city, Georgia",1279,77,14,0,0,0,9,5,63,491,93,14,14,14,14,14,6,92,14,0,Pass,77,0,Pass,18.181818181818183,1,FALSE,TRUE,TRUE,60.79568319117694,0,28,28.509891090368143,0,100,0,100,0,100,64.28571428571429,76.59860924831149,35.714285714285715,23.690177073967142,0,46.69170927218633,95.33030685997387,Percentage MOE exceeds 50% of estimate,0,100,NA,Unavailable MOE or zero percentage,0,100,NA,Unavailable MOE or zero percentage,0,100,NA,Unavailable MOE or zero percentage,0,100,72.44011881159045,Percentage MOE exceeds 50% of estimate,12.024108640318573,59.40446278825286,40.3272940036901,Percentage MOE exceeds 50% of estimate,2024,2020-2024,ACS five-year,13,10.946051602814698,10.107335659650651,Denominator below story-scale threshold,9688,69.29271490105499,7,32038,Retained,NA,NA,NA,771,Percentage MOE exceeds 50% of estimate,NA,NA,NA,48,Unavailable MOE or zero percentage,NA,NA,NA,40,Unavailable MOE or zero percentage,NA,NA,NA,154,Unavailable MOE or zero percentage,NA,NA,NA,114,Percentage MOE exceeds 50% of estimate,NA,NA,NA,593,Percentage MOE exceeds 50% of estimate,NA,NA,NA,749,Denominator below story-scale threshold,299
1339748,"Homerville city, Georgia",2432,128,14,0,0,0,0,14,114,570,124,18,14,14,14,14,18,121,14,0,Pass,128,0,Pass,10.9375,1.2857142857142858,TRUE,TRUE,TRUE,78.16587838865607,0,32,9.245808863310188,0,100,0,100,0,100,0,100,100,181.82745801939794,1.691691136689812,20.183308863310188,51.39248150856977,Percentage MOE exceeds 50% of estimate,0,100,NA,Unavailable MOE or zero percentage,0,100,NA,Unavailable MOE or zero percentage,0,100,NA,Unavailable MOE or zero percentage,0,100,NA,Unavailable MOE or zero percentage,0,100,110.54324533204341,Percentage MOE exceeds 50% of estimate,2024,2020-2024,ACS five-year,13,5.75657894736842,7.277303048347161,Percentage MOE exceeds 50% of estimate,9688,69.29271490105499,7,32038,Retained,NA,NA,NA,771,Percentage MOE exceeds 50% of estimate,NA,NA,NA,48,Unavailable MOE or zero percentage,NA,NA,NA,40,Unavailable MOE or zero percentage,NA,NA,NA,154,Unavailable MOE or zero percentage,NA,NA,NA,114,Unavailable MOE or zero percentage,NA,NA,NA,593,Percentage MOE exceeds 50% of estimate,NA,NA,NA,749,Percentage MOE exceeds 50% of estimate,299
1354572,"Nelson city, Georgia",1166,24,14,0,0,0,14,0,10,327,26,23,14,14,14,23,14,13,14,0,Pass,24,0,Pass,58.333333333333336,1.6428571428571428,TRUE,TRUE,TRUE,99.87862238550497,0,37,72.04505513313042,0,100,0,100,0,100,100,232.33508524700846,0,100,0,100,75.08620024053725,Percentage MOE exceeds 50% of estimate,0,100,NA,Unavailable MOE or zero percentage,0,100,NA,Unavailable MOE or zero percentage,0,100,NA,Unavailable MOE or zero percentage,0,100,141.24970236872213,Percentage MOE exceeds 50% of estimate,0,100,NA,Unavailable MOE or zero percentage,2024,2020-2024,ACS five-year,13,12.006861063464836,19.436025080681823,Denominator below story-scale threshold,9688,69.29271490105499,7,32038,Retained,NA,NA,NA,771,Percentage MOE exceeds 50% of estimate,NA,NA,NA,48,Unavailable MOE or zero percentage,NA,NA,NA,40,Unavailable MOE or zero percentage,NA,NA,NA,154,Unavailable MOE or zero percentage,NA,NA,NA,114,Percentage MOE exceeds 50% of estimate,NA,NA,NA,593,Unavailable MOE or zero percentage,NA,NA,NA,749,Denominator below story-scale threshold,299
1360984,"Pinehurst city, Georgia",557,17,14,0,0,14,0,0,3,215,31,31,14,14,31,14,14,5,14,0,Pass,17,0,Pass,82.35294117647058,2.2142857142857144,TRUE,TRUE,TRUE,134.61901278046324,0,45,103.44400470269261,0,100,0,100,100,313.1472888111853,0,100,0,100,0,100,76.36580853202558,Percentage MOE exceeds 50% of estimate,0,100,NA,Unavailable MOE or zero percentage,0,100,NA,Unavailable MOE or zero percentage,0,100,190.3800336274081,Percentage MOE exceeds 50% of estimate,0,100,NA,Unavailable MOE or zero percentage,0,100,NA,Unavailable MOE or zero percentage,2024,2020-2024,ACS five-year,13,25.134649910233396,54.80315167341417,Denominator below story-scale threshold,9688,69.29271490105499,7,32038,Retained,NA,NA,NA,771,Percentage MOE exceeds 50% of estimate,NA,NA,NA,48,Unavailable MOE or zero percentage,NA,NA,NA,40,Unavailable MOE or zero percentage,NA,NA,NA,154,Percentage MOE exceeds 50% of estimate,NA,NA,NA,114,Unavailable MOE or zero percentage,NA,NA,NA,593,Unavailable MOE or zero percentage,NA,NA,NA,749,Denominator below story-scale threshold,299
1364960,"Riceboro city, Georgia",742,17,14,0,0,0,0,14,3,211,20,19,14,14,14,14,19,4,14,0,Pass,17,0,Pass,82.35294117647058,1.3571428571428572,TRUE,TRUE,TRUE,82.50842718802585,0,33,55.71793868644834,0,100,0,100,0,100,0,100,100,191.92898346492004,26.635002490022238,100,41.13283751685321,Percentage MOE exceeds 50% of estimate,0,100,NA,Unavailable MOE or zero percentage,0,100,NA,Unavailable MOE or zero percentage,0,100,NA,Unavailable MOE or zero percentage,0,100,NA,Unavailable MOE or zero percentage,0,100,116.68453673937915,Percentage MOE exceeds 50% of estimate,2024,2020-2024,ACS five-year,13,18.867924528301884,25.038044279298397,Denominator below story-scale threshold,9688,69.29271490105499,7,32038,Retained,NA,NA,NA,771,Percentage MOE exceeds 50% of estimate,NA,NA,NA,48,Unavailable MOE or zero percentage,NA,NA,NA,40,Unavailable MOE or zero percentage,NA,NA,NA,154,Unavailable MOE or zero percentage,NA,NA,NA,114,Unavailable MOE or zero percentage,NA,NA,NA,593,Percentage MOE exceeds 50% of estimate,NA,NA,NA,749,Denominator below story-scale threshold,299
1378380,"Union Point city, Georgia",1704,111,14,5,0,5,4,0,97,291,92,16,10,14,9,7,14,90,14,0,Pass,111,0,Pass,12.612612612612612,1.1428571428571428,TRUE,TRUE,TRUE,69.4807807899165,0,30,9.924493095028971,35.714285714285715,58.61798618916356,0,100,35.714285714285715,49.6656878515835,28.57142857142857,37.86525574546831,0,100,2.6881195175836403,22.537105707641583,47.838331087330644,Percentage MOE exceeds 50% of estimate,0,94.33227190344928,99.78417449451284,Percentage MOE exceeds 50% of estimate,0,100,NA,Unavailable MOE or zero percentage,0,85.37997356586922,84.54486387470916,Percentage MOE exceeds 50% of estimate,0,66.43668431689687,80.57154322890344,Percentage MOE exceeds 50% of estimate,0,100,NA,Unavailable MOE or zero percentage,2024,2020-2024,ACS five-year,13,8.215962441314554,9.284250111993014,Percentage MOE exceeds 50% of estimate,9688,69.29271490105499,7,32038,Retained,NA,NA,NA,771,Percentage MOE exceeds 50% of estimate,NA,NA,NA,48,Percentage MOE exceeds 50% of estimate,NA,NA,NA,40,Unavailable MOE or zero percentage,NA,NA,NA,154,Percentage MOE exceeds 50% of estimate,NA,NA,NA,114,Percentage MOE exceeds 50% of estimate,NA,NA,NA,593,Unavailable MOE or zero percentage,NA,NA,NA,749,Percentage MOE exceeds 50% of estimate,299
1304084,"Attapulgus city, Georgia",673,13,13,0,0,0,0,13,0,296,19,19,14,14,14,14,19,14,13,0,Pass,13,0,Pass,100,1.4615384615384615,TRUE,TRUE,TRUE,88.85522927941244,0,32,206.69275142376006,0,107.6923076923077,0,107.6923076923077,0,107.6923076923077,0,107.6923076923077,100,206.69275142376006,0,100,125.66027033471603,Percentage MOE exceeds 50% of estimate,0,100,NA,Unavailable MOE or zero percentage,0,100,NA,Unavailable MOE or zero percentage,0,100,NA,Unavailable MOE or zero percentage,0,100,NA,Unavailable MOE or zero percentage,0,100,125.66027033471603,Percentage MOE exceeds 50% of estimate,2024,2020-2024,ACS five-year,13,19.316493313521548,26.923142061951168,Denominator below story-scale threshold,9990,68.34852362819153,7,32038,Retained,NA,NA,NA,771,Percentage MOE exceeds 50% of estimate,NA,NA,NA,48,Unavailable MOE or zero percentage,NA,NA,NA,40,Unavailable MOE or zero percentage,NA,NA,NA,154,Unavailable MOE or zero percentage,NA,NA,NA,114,Unavailable MOE or zero percentage,NA,NA,NA,593,Percentage MOE exceeds 50% of estimate,NA,NA,NA,749,Denominator below story-scale threshold,309
1317496,"Cohutta city, Georgia",930,20,13,0,0,0,10,3,7,279,19,16,14,14,14,16,5,11,13,0,Pass,20,0,Pass,65,1.2307692307692308,TRUE,TRUE,TRUE,74.8254562352947,0,29,50.86194549955791,0,107.6923076923077,0,107.6923076923077,0,107.6923076923077,76.92307692307693,78.6425927850232,23.076923076923077,25.93444615480606,14.138054500442088,100,47.57210346273893,Percentage MOE exceeds 50% of estimate,0,100,NA,Unavailable MOE or zero percentage,0,100,NA,Unavailable MOE or zero percentage,0,100,NA,Unavailable MOE or zero percentage,0,100,62.15469203178309,Percentage MOE exceeds 50% of estimate,0,49.011369231729134,68.32376946053647,Percentage MOE exceeds 50% of estimate,2024,2020-2024,ACS five-year,13,13.978494623655914,16.685386642615562,Denominator below story-scale threshold,9990,68.34852362819153,7,32038,Retained,NA,NA,NA,771,Percentage MOE exceeds 50% of estimate,NA,NA,NA,48,Unavailable MOE or zero percentage,NA,NA,NA,40,Unavailable MOE or zero percentage,NA,NA,NA,154,Unavailable MOE or zero percentage,NA,NA,NA,114,Percentage MOE exceeds 50% of estimate,NA,NA,NA,593,Percentage MOE exceeds 50% of estimate,NA,NA,NA,749,Denominator below story-scale threshold,309
1319728,"Cornelia city, Georgia",4992,113,13,0,0,0,13,0,100,26,111,22,14,14,14,22,14,109,13,0,Pass,113,0,Pass,11.504424778761061,1.6923076923076923,TRUE,TRUE,TRUE,102.8850023235302,0,35,15.853541055983417,0,107.6923076923077,0,107.6923076923077,0,107.6923076923077,100,239.3284490169853,0,107.6923076923077,0,27.357965834744476,83.77879624866227,Percentage MOE exceeds 50% of estimate,0,100,NA,Unavailable MOE or zero percentage,0,100,NA,Unavailable MOE or zero percentage,0,100,NA,Unavailable MOE or zero percentage,0,100,145.5013656507238,Percentage MOE exceeds 50% of estimate,0,100,NA,Unavailable MOE or zero percentage,2024,2020-2024,ACS five-year,13,2.6041666666666665,4.407030410341735,Percentage MOE exceeds 50% of estimate,9990,68.34852362819153,7,32038,Retained,NA,NA,NA,771,Percentage MOE exceeds 50% of estimate,NA,NA,NA,48,Unavailable MOE or zero percentage,NA,NA,NA,40,Unavailable MOE or zero percentage,NA,NA,NA,154,Unavailable MOE or zero percentage,NA,NA,NA,114,Percentage MOE exceeds 50% of estimate,NA,NA,NA,593,Unavailable MOE or zero percentage,NA,NA,NA,749,Percentage MOE exceeds 50% of estimate,309
1339076,"Hiram city, Georgia",5231,145,13,0,0,13,0,0,132,21,161,27,20,20,27,20,20,158,13,0,Pass,145,0,Pass,8.96551724137931,2.076923076923077,TRUE,TRUE,TRUE,126.2679573970598,0,40,15.736318746799435,0,153.84615384615387,0,153.84615384615387,100,293.72127833902744,0,153.84615384615387,0,153.84615384615387,0,24.701835988178743,106.70887394095429,Percentage MOE exceeds 50% of estimate,0,100,NA,Unavailable MOE or zero percentage,0,100,NA,Unavailable MOE or zero percentage,0,100,178.56985784407013,Percentage MOE exceeds 50% of estimate,0,100,NA,Unavailable MOE or zero percentage,0,100,NA,Unavailable MOE or zero percentage,2024,2020-2024,ACS five-year,13,2.4851844771554195,5.161527348778594,Percentage MOE exceeds 50% of estimate,9990,68.34852362819153,7,32038,Retained,NA,NA,NA,771,Percentage MOE exceeds 50% of estimate,NA,NA,NA,48,Unavailable MOE or zero percentage,NA,NA,NA,40,Unavailable MOE or zero percentage,NA,NA,NA,154,Percentage MOE exceeds 50% of estimate,NA,NA,NA,114,Unavailable MOE or zero percentage,NA,NA,NA,593,Unavailable MOE or zero percentage,NA,NA,NA,749,Percentage MOE exceeds 50% of estimate,309
1350596,"Meansville city, Georgia",323,13,13,0,0,0,0,13,0,118,23,23,14,14,14,14,23,14,13,0,Pass,13,0,Pass,100,1.7692307692307692,TRUE,TRUE,TRUE,107.56159333823611,0,36,250.20701488139375,0,107.6923076923077,0,107.6923076923077,0,107.6923076923077,0,107.6923076923077,100,250.20701488139375,0,100,152.1150640893931,Percentage MOE exceeds 50% of estimate,0,100,NA,Unavailable MOE or zero percentage,0,100,NA,Unavailable MOE or zero percentage,0,100,NA,Unavailable MOE or zero percentage,0,100,NA,Unavailable MOE or zero percentage,0,100,152.1150640893931,Percentage MOE exceeds 50% of estimate,2024,2020-2024,ACS five-year,13,40.247678018575854,69.67284716865267,Denominator below story-scale threshold,9990,68.34852362819153,7,32038,Retained,NA,NA,NA,771,Percentage MOE exceeds 50% of estimate,NA,NA,NA,48,Unavailable MOE or zero percentage,NA,NA,NA,40,Unavailable MOE or zero percentage,NA,NA,NA,154,Unavailable MOE or zero percentage,NA,NA,NA,114,Unavailable MOE or zero percentage,NA,NA,NA,593,Percentage MOE exceeds 50% of estimate,NA,NA,NA,749,Denominator below story-scale threshold,309
1352668,"Moreland town, Georgia",685,36,13,11,0,0,0,2,23,293,37,19,19,14,14,14,4,23,13,0,Pass,36,0,Pass,36.11111111111111,1.4615384615384615,TRUE,TRUE,TRUE,88.85522927941244,0,32,37.5237280770513,84.61538461538461,77.89104223386667,0,107.6923076923077,0,107.6923076923077,0,107.6923076923077,15.384615384615385,21.003833549466087,0,73.6348391881624,63.17392664282629,Percentage MOE exceeds 50% of estimate,6.724342381517943,100,55.96428059277239,Percentage MOE exceeds 50% of estimate,0,100,NA,Unavailable MOE or zero percentage,0,100,NA,Unavailable MOE or zero percentage,0,100,NA,Unavailable MOE or zero percentage,0,36.388448934081474,83.00125666778098,Percentage MOE exceeds 50% of estimate,2024,2020-2024,ACS five-year,13,18.97810218978102,26.522775675933218,Denominator below story-scale threshold,9990,68.34852362819153,7,32038,Retained,NA,NA,NA,771,Percentage MOE exceeds 50% of estimate,NA,NA,NA,48,Percentage MOE exceeds 50% of estimate,NA,NA,NA,40,Unavailable MOE or zero percentage,NA,NA,NA,154,Unavailable MOE or zero percentage,NA,NA,NA,114,Unavailable MOE or zero percentage,NA,NA,NA,593,Percentage MOE exceeds 50% of estimate,NA,NA,NA,749,Denominator below story-scale threshold,309
1357372,"Ochlocknee town, Georgia",628,25,13,0,0,0,0,13,12,228,22,17,14,14,14,14,17,16,13,0,Pass,25,0,Pass,52,1.3076923076923077,TRUE,TRUE,TRUE,79.502047250000615,0,30,50.2993280273206,0,107.6923076923077,0,107.6923076923077,0,107.6923076923077,0,107.6923076923077,100,184.9356196949432,1.7006719726794017,100,58.807346374578266,Percentage MOE exceeds 50% of estimate,0,100,NA,Unavailable MOE or zero percentage,0,100,NA,Unavailable MOE or zero percentage,0,100,NA,Unavailable MOE or zero percentage,0,100,NA,Unavailable MOE or zero percentage,0,100,112.4328734573775,Percentage MOE exceeds 50% of estimate,2024,2020-2024,ACS five-year,13,20.700636942675157,26.005871251388015,Denominator below story-scale threshold,9990,68.34852362819153,7,32038,Retained,NA,NA,NA,771,Percentage MOE exceeds 50% of estimate,NA,NA,NA,48,Unavailable MOE or zero percentage,NA,NA,NA,40,Unavailable MOE or zero percentage,NA,NA,NA,154,Unavailable MOE or zero percentage,NA,NA,NA,114,Unavailable MOE or zero percentage,NA,NA,NA,593,Percentage MOE exceeds 50% of estimate,NA,NA,NA,749,Denominator below story-scale threshold,309
1362496,"Poulan city, Georgia",681,28,13,0,0,0,0,13,15,214,38,21,14,14,14,14,21,24,13,0,Pass,28,0,Pass,46.42857142857143,1.6153846153846154,TRUE,TRUE,TRUE,98.2084113088243,0,34,40.67817819901727,0,107.6923076923077,0,107.6923076923077,0,107.6923076923077,0,107.6923076923077,100,228.4498831525769,5.750393229554163,87.1067496275887,53.26585674483649,Percentage MOE exceeds 50% of estimate,0,100,NA,Unavailable MOE or zero percentage,0,100,NA,Unavailable MOE or zero percentage,0,100,NA,Unavailable MOE or zero percentage,0,100,NA,Unavailable MOE or zero percentage,0,100,138.88766721205454,Percentage MOE exceeds 50% of estimate,2024,2020-2024,ACS five-year,13,19.08957415565345,30.247900500313282,Denominator below story-scale threshold,9990,68.34852362819153,7,32038,Retained,NA,NA,NA,771,Percentage MOE exceeds 50% of estimate,NA,NA,NA,48,Unavailable MOE or zero percentage,NA,NA,NA,40,Unavailable MOE or zero percentage,NA,NA,NA,154,Unavailable MOE or zero percentage,NA,NA,NA,114,Unavailable MOE or zero percentage,NA,NA,NA,593,Percentage MOE exceeds 50% of estimate,NA,NA,NA,749,Denominator below story-scale threshold,309
1308928,"Blue Ridge city, Georgia",1323,35,12,0,0,8,0,4,23,395,41,15,14,14,13,14,7,36,12,0,Pass,35,0,Pass,34.285714285714285,1.25,TRUE,TRUE,TRUE,75.99460398897118,0,27,14.954825770552185,0,116.66666666666667,0,116.66666666666667,66.66666666666666,69.2218655243173,0,116.66666666666667,33.33333333333333,40.8248290463863,19.3308885151621,49.24054005626647,26.518008117000726,Caregiver count MOE exceeds 50% of estimate,0,100,NA,Unavailable MOE or zero percentage,0,100,NA,Unavailable MOE or zero percentage,0,100,63.12585909477972,Percentage MOE exceeds 50% of estimate,0,100,NA,Unavailable MOE or zero percentage,0,74.15816237971963,74.4592011911418,Percentage MOE exceeds 50% of estimate,2024,2020-2024,ACS five-year,13,9.070294784580499,11.009707543614283,Denominator below story-scale threshold,10293,67.34658842624384,7,32038,Retained,NA,NA,NA,771,Caregiver count MOE exceeds 50% of estimate,NA,NA,NA,48,Unavailable MOE or zero percentage,NA,NA,NA,40,Unavailable MOE or zero percentage,NA,NA,NA,154,Percentage MOE exceeds 50% of estimate,NA,NA,NA,114,Unavailable MOE or zero percentage,NA,NA,NA,593,Percentage MOE exceeds 50% of estimate,NA,NA,NA,749,Denominator below story-scale threshold,317
1317272,"Cobbtown city, Georgia",568,12,12,0,0,12,0,0,0,212,21,21,14,14,21,14,14,14,12,0,Pass,12,0,Pass,100,1.75,TRUE,TRUE,TRUE,106.39244558455964,0,33,247.48737341529164,0,116.66666666666667,0,116.66666666666667,100,247.48737341529164,0,116.66666666666667,0,116.66666666666667,0,100,150.46163947972576,Percentage MOE exceeds 50% of estimate,0,100,NA,Unavailable MOE or zero percentage,0,100,NA,Unavailable MOE or zero percentage,0,100,150.46163947972576,Percentage MOE exceeds 50% of estimate,0,100,NA,Unavailable MOE or zero percentage,0,100,NA,Unavailable MOE or zero percentage,2024,2020-2024,ACS five-year,13,21.12676056338028,36.121153030036425,Denominator below story-scale threshold,10293,67.34658842624384,7,32038,Retained,NA,NA,NA,771,Percentage MOE exceeds 50% of estimate,NA,NA,NA,48,Unavailable MOE or zero percentage,NA,NA,NA,40,Unavailable MOE or zero percentage,NA,NA,NA,154,Percentage MOE exceeds 50% of estimate,NA,NA,NA,114,Unavailable MOE or zero percentage,NA,NA,NA,593,Unavailable MOE or zero percentage,NA,NA,NA,749,Denominator below story-scale threshold,317
1333896,"Good Hope city, Georgia",582,52,12,0,0,0,12,0,40,237,67,20,14,14,14,20,14,64,12,0,Pass,52,0,Pass,23.076923076923077,1.6666666666666667,TRUE,TRUE,TRUE,101.32613865196157,0,32,24.3966262280367,0,116.66666666666667,0,116.66666666666667,0,116.66666666666667,100,235.70226039551585,0,116.66666666666667,0,47.473549304959775,64.27241422737535,Percentage MOE exceeds 50% of estimate,0,100,NA,Unavailable MOE or zero percentage,0,100,NA,Unavailable MOE or zero percentage,0,100,NA,Unavailable MOE or zero percentage,0,100,143.29679950450074,Percentage MOE exceeds 50% of estimate,0,100,NA,Unavailable MOE or zero percentage,2024,2020-2024,ACS five-year,13,20.61855670103093,33.32275492820742,Denominator below story-scale threshold,10293,67.34658842624384,7,32038,Retained,NA,NA,NA,771,Percentage MOE exceeds 50% of estimate,NA,NA,NA,48,Unavailable MOE or zero percentage,NA,NA,NA,40,Unavailable MOE or zero percentage,NA,NA,NA,154,Unavailable MOE or zero percentage,NA,NA,NA,114,Percentage MOE exceeds 50% of estimate,NA,NA,NA,593,Unavailable MOE or zero percentage,NA,NA,NA,749,Denominator below story-scale threshold,317
1347560,"Louisville city, Georgia",2132,20,12,0,0,0,0,12,8,538,23,18,14,14,14,14,18,15,12,0,Pass,20,0,Pass,60,1.5,TRUE,TRUE,TRUE,91.19352478676541,0,30,57.784080852774665,0,116.66666666666667,0,116.66666666666667,0,116.66666666666667,0,116.66666666666667,100,212.13203435596424,2.2159191472253355,100,58.55037788364403,Percentage MOE exceeds 50% of estimate,0,100,NA,Unavailable MOE or zero percentage,0,100,NA,Unavailable MOE or zero percentage,0,100,NA,Unavailable MOE or zero percentage,0,100,NA,Unavailable MOE or zero percentage,0,100,128.96711955405064,Percentage MOE exceeds 50% of estimate,2024,2020-2024,ACS five-year,13,5.628517823639775,8.322448136787274,Denominator below story-scale threshold,10293,67.34658842624384,7,32038,Retained,NA,NA,NA,771,Percentage MOE exceeds 50% of estimate,NA,NA,NA,48,Unavailable MOE or zero percentage,NA,NA,NA,40,Unavailable MOE or zero percentage,NA,NA,NA,154,Unavailable MOE or zero percentage,NA,NA,NA,114,Unavailable MOE or zero percentage,NA,NA,NA,593,Percentage MOE exceeds 50% of estimate,NA,NA,NA,749,Denominator below story-scale threshold,317
1300660,"Adrian city, Georgia",590,55,11,4,0,0,0,7,44,199,59,14,7,14,14,14,12,56,11,0,Pass,55,0,Pass,20,1.2727272727272727,TRUE,TRUE,TRUE,77.37632406149791,0,25,13.698042328608986,36.36363636363637,43.67672813792996,0,127.27272727272727,0,127.27272727272727,0,127.27272727272727,63.63636363636363,73.0832759320137,6.301957671391014,33.698042328608985,41.63909208747218,Percentage MOE exceeds 50% of estimate,0,80.04036450156633,73.0223044842707,Percentage MOE exceeds 50% of estimate,0,100,NA,Unavailable MOE or zero percentage,0,100,NA,Unavailable MOE or zero percentage,0,100,NA,Unavailable MOE or zero percentage,0,100,69.82089227356684,Percentage MOE exceeds 50% of estimate,2024,2020-2024,ACS five-year,13,18.64406779661017,22.880391840590363,Denominator below story-scale threshold,10632,66.1963917847556,7,32038,Retained,NA,NA,NA,771,Percentage MOE exceeds 50% of estimate,NA,NA,NA,48,Percentage MOE exceeds 50% of estimate,NA,NA,NA,40,Unavailable MOE or zero percentage,NA,NA,NA,154,Unavailable MOE or zero percentage,NA,NA,NA,114,Unavailable MOE or zero percentage,NA,NA,NA,593,Percentage MOE exceeds 50% of estimate,NA,NA,NA,749,Denominator below story-scale threshold,321
1301948,"Alto town, Georgia",1055,45,11,0,0,0,0,11,34,378,48,16,14,14,14,14,16,46,11,0,Pass,45,0,Pass,24.444444444444443,1.4545454545454546,TRUE,TRUE,TRUE,88.43008464171191,0,27,24.17312954592135,0,127.27272727272727,0,127.27272727272727,0,127.27272727272727,0,127.27272727272727,100,205.70379089063204,0.27131489852309443,48.61757399036579,60.12089695690009,Percentage MOE exceeds 50% of estimate,0,100,NA,Unavailable MOE or zero percentage,0,100,NA,Unavailable MOE or zero percentage,0,100,NA,Unavailable MOE or zero percentage,0,100,NA,Unavailable MOE or zero percentage,0,100,125.05902502210974,Percentage MOE exceeds 50% of estimate,2024,2020-2024,ACS five-year,13,10.42654028436019,14.698567182130978,Denominator below story-scale threshold,10632,66.1963917847556,7,32038,Retained,NA,NA,NA,771,Percentage MOE exceeds 50% of estimate,NA,NA,NA,48,Unavailable MOE or zero percentage,NA,NA,NA,40,Unavailable MOE or zero percentage,NA,NA,NA,154,Unavailable MOE or zero percentage,NA,NA,NA,114,Unavailable MOE or zero percentage,NA,NA,NA,593,Percentage MOE exceeds 50% of estimate,NA,NA,NA,749,Denominator below story-scale threshold,321
1308200,"Bishop town, Georgia",427,35,11,0,0,0,0,11,24,136,40,20,14,14,14,14,20,23,11,0,Pass,35,0,Pass,31.428571428571427,1.8181818181818181,TRUE,TRUE,TRUE,110.53760580213988,0,31,44.4429635553182,0,127.27272727272727,0,127.27272727272727,0,127.27272727272727,0,127.27272727272727,100,257.12973861329004,0,75.87153498388963,85.97082875774107,Percentage MOE exceeds 50% of estimate,0,100,NA,Unavailable MOE or zero percentage,0,100,NA,Unavailable MOE or zero percentage,0,100,NA,Unavailable MOE or zero percentage,0,100,NA,Unavailable MOE or zero percentage,0,100,156.32378127763718,Percentage MOE exceeds 50% of estimate,2024,2020-2024,ACS five-year,13,25.76112412177986,46.11415446102331,Denominator below story-scale threshold,10632,66.1963917847556,7,32038,Retained,NA,NA,NA,771,Percentage MOE exceeds 50% of estimate,NA,NA,NA,48,Unavailable MOE or zero percentage,NA,NA,NA,40,Unavailable MOE or zero percentage,NA,NA,NA,154,Unavailable MOE or zero percentage,NA,NA,NA,114,Unavailable MOE or zero percentage,NA,NA,NA,593,Percentage MOE exceeds 50% of estimate,NA,NA,NA,749,Denominator below story-scale threshold,321
1310104,"Braswell town, Georgia",400,40,11,11,0,0,0,0,29,151,42,17,17,14,14,14,14,38,11,0,Pass,40,0,Pass,27.500000000000004,1.5454545454545454,TRUE,TRUE,TRUE,93.9569649318189,0,28,31.184681736391024,100,218.5602778212965,0,127.27272727272727,0,127.27272727272727,0,127.27272727272727,0,127.27272727272727,0,58.68468173639103,68.94160113684764,Percentage MOE exceeds 50% of estimate,0,100,132.87521408599156,Percentage MOE exceeds 50% of estimate,0,100,NA,Unavailable MOE or zero percentage,0,100,NA,Unavailable MOE or zero percentage,0,100,NA,Unavailable MOE or zero percentage,0,100,NA,Unavailable MOE or zero percentage,2024,2020-2024,ACS five-year,13,27.5,41.21261516134957,Denominator below story-scale threshold,10632,66.1963917847556,7,32038,Retained,NA,NA,NA,771,Percentage MOE exceeds 50% of estimate,NA,NA,NA,48,Percentage MOE exceeds 50% of estimate,NA,NA,NA,40,Unavailable MOE or zero percentage,NA,NA,NA,154,Unavailable MOE or zero percentage,NA,NA,NA,114,Unavailable MOE or zero percentage,NA,NA,NA,593,Unavailable MOE or zero percentage,NA,NA,NA,749,Denominator below story-scale threshold,321
1312344,"Cadwell town, Georgia",470,24,11,0,0,6,0,5,13,258,17,15,14,14,11,14,9,11,11,0,Pass,24,0,Pass,45.83333333333333,1.3636363636363635,TRUE,TRUE,TRUE,82.9032043516049,0,26,53.40651401104296,0,127.27272727272727,0,127.27272727272727,54.54545454545454,66.84004048130828,0,127.27272727272727,45.45454545454545,53.40659312860665,0,99.23984734437629,70.84113831622953,Percentage MOE exceeds 50% of estimate,0,100,NA,Unavailable MOE or zero percentage,0,100,NA,Unavailable MOE or zero percentage,0,100,74.49907530242943,Percentage MOE exceeds 50% of estimate,0,100,NA,Unavailable MOE or zero percentage,0,98.8611385831521,71.43158695567087,Percentage MOE exceeds 50% of estimate,2024,2020-2024,ACS five-year,13,23.404255319148934,29.214784979653277,Denominator below story-scale threshold,10632,66.1963917847556,7,32038,Retained,NA,NA,NA,771,Percentage MOE exceeds 50% of estimate,NA,NA,NA,48,Unavailable MOE or zero percentage,NA,NA,NA,40,Unavailable MOE or zero percentage,NA,NA,NA,154,Percentage MOE exceeds 50% of estimate,NA,NA,NA,114,Unavailable MOE or zero percentage,NA,NA,NA,593,Percentage MOE exceeds 50% of estimate,NA,NA,NA,749,Denominator below story-scale threshold,321
1325552,"Eastman city, Georgia",5584,399,11,0,0,11,0,0,388,24,205,17,20,20,17,20,20,203,11,0,Pass,399,0,Pass,2.756892230576441,1.5454545454545454,TRUE,TRUE,TRUE,93.9569649318189,0,28,4.0183113698683295,0,181.8181818181818,0,181.8181818181818,100,218.5602778212965,0,181.8181818181818,0,181.8181818181818,0,6.775203600444771,88.61281637945605,Percentage MOE exceeds 50% of estimate,0,100,NA,Unavailable MOE or zero percentage,0,100,NA,Unavailable MOE or zero percentage,0,100,132.87521408599156,Percentage MOE exceeds 50% of estimate,0,100,NA,Unavailable MOE or zero percentage,0,100,NA,Unavailable MOE or zero percentage,2024,2020-2024,ACS five-year,13,1.9699140401146131,3.0444008342762645,Percentage MOE exceeds 50% of estimate,10632,66.1963917847556,7,32038,Retained,NA,NA,NA,771,Percentage MOE exceeds 50% of estimate,NA,NA,NA,48,Unavailable MOE or zero percentage,NA,NA,NA,40,Unavailable MOE or zero percentage,NA,NA,NA,154,Percentage MOE exceeds 50% of estimate,NA,NA,NA,114,Unavailable MOE or zero percentage,NA,NA,NA,593,Unavailable MOE or zero percentage,NA,NA,NA,749,Percentage MOE exceeds 50% of estimate,321
1339244,"Hogansville city, Georgia",3246,22,11,11,0,0,0,0,11,27,18,18,18,14,14,14,14,18,11,0,Pass,22,0,Pass,50,1.6363636363636365,TRUE,TRUE,TRUE,99.4838452219259,0,29,70.85662394599953,100,231.416764751961,0,127.27272727272727,0,127.27272727272727,0,127.27272727272727,0,127.27272727272727,0,100,86.15553722834699,Percentage MOE exceeds 50% of estimate,0,100,140.69140314987345,Percentage MOE exceeds 50% of estimate,0,100,NA,Unavailable MOE or zero percentage,0,100,NA,Unavailable MOE or zero percentage,0,100,NA,Unavailable MOE or zero percentage,0,100,NA,Unavailable MOE or zero percentage,2024,2020-2024,ACS five-year,13,3.3887861983980283,5.545214864476849,Denominator below story-scale threshold,10632,66.1963917847556,7,32038,Retained,NA,NA,NA,771,Percentage MOE exceeds 50% of estimate,NA,NA,NA,48,Percentage MOE exceeds 50% of estimate,NA,NA,NA,40,Unavailable MOE or zero percentage,NA,NA,NA,154,Unavailable MOE or zero percentage,NA,NA,NA,114,Unavailable MOE or zero percentage,NA,NA,NA,593,Unavailable MOE or zero percentage,NA,NA,NA,749,Denominator below story-scale threshold,321
1344508,"Lake City city, Georgia",2909,203,11,5,0,6,0,0,192,25,119,14,10,14,8,14,14,116,11,0,Pass,203,0,Pass,5.41871921182266,1.2727272727272727,TRUE,TRUE,TRUE,77.37632406149791,0,25,6.121464965746379,45.45454545454545,70.1262923490791,0,127.27272727272727,54.54545454545454,21.677482724965305,0,127.27272727272727,0,127.27272727272727,0,11.540184177569039,68.68018625350123,Percentage MOE exceeds 50% of estimate,0,100,93.7942687665823,Percentage MOE exceeds 50% of estimate,0,100,NA,Unavailable MOE or zero percentage,32.86797182048923,76.22293727041985,24.161451822368697,Caregiver count MOE exceeds 50% of estimate,0,100,NA,Unavailable MOE or zero percentage,0,100,NA,Unavailable MOE or zero percentage,2024,2020-2024,ACS five-year,13,3.781368167755242,4.812540676501088,Percentage MOE exceeds 50% of estimate,10632,66.1963917847556,7,32038,Retained,NA,NA,NA,771,Percentage MOE exceeds 50% of estimate,NA,NA,NA,48,Percentage MOE exceeds 50% of estimate,NA,NA,NA,40,Unavailable MOE or zero percentage,NA,NA,NA,154,Caregiver count MOE exceeds 50% of estimate,NA,NA,NA,114,Unavailable MOE or zero percentage,NA,NA,NA,593,Unavailable MOE or zero percentage,NA,NA,NA,749,Percentage MOE exceeds 50% of estimate,321
1349924,"Marshallville city, Georgia",1046,49,11,0,0,0,11,0,38,233,39,17,14,14,14,17,14,35,11,0,Pass,49,0,Pass,22.448979591836736,1.5454545454545454,TRUE,TRUE,TRUE,93.9569649318189,0,28,29.739125932415156,0,127.27272727272727,0,127.27272727272727,0,127.27272727272727,100,218.5602778212965,0,127.27272727272727,0,52.188105524251895,80.53864859082881,Percentage MOE exceeds 50% of estimate,0,100,NA,Unavailable MOE or zero percentage,0,100,NA,Unavailable MOE or zero percentage,0,100,NA,Unavailable MOE or zero percentage,0,100,132.87521408599156,Percentage MOE exceeds 50% of estimate,0,100,NA,Unavailable MOE or zero percentage,2024,2020-2024,ACS five-year,13,10.516252390057362,16.08268428663877,Denominator below story-scale threshold,10632,66.1963917847556,7,32038,Retained,NA,NA,NA,771,Percentage MOE exceeds 50% of estimate,NA,NA,NA,48,Unavailable MOE or zero percentage,NA,NA,NA,40,Unavailable MOE or zero percentage,NA,NA,NA,154,Unavailable MOE or zero percentage,NA,NA,NA,114,Percentage MOE exceeds 50% of estimate,NA,NA,NA,593,Unavailable MOE or zero percentage,NA,NA,NA,749,Denominator below story-scale threshold,321
1353004,"Morrow city, Georgia",6364,115,11,0,0,0,0,11,104,25,122,21,20,20,20,20,21,121,11,0,Pass,115,0,Pass,9.565217391304348,1.9090909090909092,TRUE,TRUE,TRUE,116.06448609224688,0,32,15.181852853267339,0,181.8181818181818,0,181.8181818181818,0,181.8181818181818,0,181.8181818181818,100,269.9862255439545,0,24.747070244571688,96.49452579733207,Percentage MOE exceeds 50% of estimate,0,100,NA,Unavailable MOE or zero percentage,0,100,NA,Unavailable MOE or zero percentage,0,100,NA,Unavailable MOE or zero percentage,0,100,NA,Unavailable MOE or zero percentage,0,100,164.13997034151902,Percentage MOE exceeds 50% of estimate,2024,2020-2024,ACS five-year,13,1.7284726587052168,3.2998044533871367,Percentage MOE exceeds 50% of estimate,10632,66.1963917847556,7,32038,Retained,NA,NA,NA,771,Percentage MOE exceeds 50% of estimate,NA,NA,NA,48,Unavailable MOE or zero percentage,NA,NA,NA,40,Unavailable MOE or zero percentage,NA,NA,NA,154,Unavailable MOE or zero percentage,NA,NA,NA,114,Unavailable MOE or zero percentage,NA,NA,NA,593,Percentage MOE exceeds 50% of estimate,NA,NA,NA,749,Percentage MOE exceeds 50% of estimate,321
1357568,"Offerman city, Georgia",873,21,11,0,0,10,1,0,10,253,18,16,14,14,16,3,14,11,11,0,Pass,21,0,Pass,52.38095238095239,1.4545454545454546,TRUE,TRUE,TRUE,88.43008464171191,0,27,61.55616884823738,0,127.27272727272727,0,127.27272727272727,90.9090909090909,60.59604224734997,9.090909090909092,23.85267717299473,0,127.27272727272727,0,100,71.44485103178248,Percentage MOE exceeds 50% of estimate,0,100,NA,Unavailable MOE or zero percentage,0,100,NA,Unavailable MOE or zero percentage,30.313048661740936,100,40.52375565819968,Percentage MOE exceeds 50% of estimate,0,32.943586263903825,159.51537851378862,Percentage MOE exceeds 50% of estimate,0,100,NA,Unavailable MOE or zero percentage,2024,2020-2024,ACS five-year,13,12.600229095074456,17.96014655191408,Denominator below story-scale threshold,10632,66.1963917847556,7,32038,Retained,NA,NA,NA,771,Percentage MOE exceeds 50% of estimate,NA,NA,NA,48,Unavailable MOE or zero percentage,NA,NA,NA,40,Unavailable MOE or zero percentage,NA,NA,NA,154,Percentage MOE exceeds 50% of estimate,NA,NA,NA,114,Percentage MOE exceeds 50% of estimate,NA,NA,NA,593,Unavailable MOE or zero percentage,NA,NA,NA,749,Denominator below story-scale threshold,321
1361124,"Pine Mountain town, Georgia",1314,37,11,0,0,0,0,11,26,367,35,16,14,14,14,14,16,32,11,0,Pass,37,0,Pass,29.72972972972973,1.4545454545454546,TRUE,TRUE,TRUE,88.43008464171191,0,27,32.84951837072953,0,127.27272727272727,0,127.27272727272727,0,127.27272727272727,0,127.27272727272727,100,205.70379089063204,0,62.57924810045925,67.17548158039628,Percentage MOE exceeds 50% of estimate,0,100,NA,Unavailable MOE or zero percentage,0,100,NA,Unavailable MOE or zero percentage,0,100,NA,Unavailable MOE or zero percentage,0,100,NA,Unavailable MOE or zero percentage,0,100,125.05902502210974,Percentage MOE exceeds 50% of estimate,2024,2020-2024,ACS five-year,13,8.37138508371385,11.949969895204033,Denominator below story-scale threshold,10632,66.1963917847556,7,32038,Retained,NA,NA,NA,771,Percentage MOE exceeds 50% of estimate,NA,NA,NA,48,Unavailable MOE or zero percentage,NA,NA,NA,40,Unavailable MOE or zero percentage,NA,NA,NA,154,Unavailable MOE or zero percentage,NA,NA,NA,114,Unavailable MOE or zero percentage,NA,NA,NA,593,Percentage MOE exceeds 50% of estimate,NA,NA,NA,749,Denominator below story-scale threshold,321
1364736,"Resaca town, Georgia",1126,25,11,0,0,11,0,0,14,468,40,21,14,14,21,14,14,29,11,0,Pass,25,0,Pass,44,1.9090909090909092,TRUE,TRUE,TRUE,116.06448609224688,0,32,45.824011173182996,0,127.27272727272727,0,127.27272727272727,100,269.9862255439545,0,127.27272727272727,0,127.27272727272727,0,89.824011173183,63.31595604167694,Percentage MOE exceeds 50% of estimate,0,100,NA,Unavailable MOE or zero percentage,0,100,NA,Unavailable MOE or zero percentage,0,100,164.13997034151902,Percentage MOE exceeds 50% of estimate,0,100,NA,Unavailable MOE or zero percentage,0,100,NA,Unavailable MOE or zero percentage,2024,2020-2024,ACS five-year,13,9.769094138543517,18.202733328355727,Denominator below story-scale threshold,10632,66.1963917847556,7,32038,Retained,NA,NA,NA,771,Percentage MOE exceeds 50% of estimate,NA,NA,NA,48,Unavailable MOE or zero percentage,NA,NA,NA,40,Unavailable MOE or zero percentage,NA,NA,NA,154,Percentage MOE exceeds 50% of estimate,NA,NA,NA,114,Unavailable MOE or zero percentage,NA,NA,NA,593,Unavailable MOE or zero percentage,NA,NA,NA,749,Denominator below story-scale threshold,321
1364876,"Reynolds city, Georgia",995,11,11,0,0,0,11,0,0,236,20,20,14,14,14,20,14,14,11,0,Pass,11,0,Pass,100,1.8181818181818181,TRUE,TRUE,TRUE,110.53760580213988,0,31,257.12973861329004,0,127.27272727272727,0,127.27272727272727,0,127.27272727272727,100,257.12973861329004,0,127.27272727272727,0,100,156.32378127763718,Percentage MOE exceeds 50% of estimate,0,100,NA,Unavailable MOE or zero percentage,0,100,NA,Unavailable MOE or zero percentage,0,100,NA,Unavailable MOE or zero percentage,0,100,156.32378127763718,Percentage MOE exceeds 50% of estimate,0,100,NA,Unavailable MOE or zero percentage,2024,2020-2024,ACS five-year,13,11.055276381909549,19.92873551274379,Denominator below story-scale threshold,10632,66.1963917847556,7,32038,Retained,NA,NA,NA,771,Percentage MOE exceeds 50% of estimate,NA,NA,NA,48,Unavailable MOE or zero percentage,NA,NA,NA,40,Unavailable MOE or zero percentage,NA,NA,NA,154,Unavailable MOE or zero percentage,NA,NA,NA,114,Percentage MOE exceeds 50% of estimate,NA,NA,NA,593,Unavailable MOE or zero percentage,NA,NA,NA,749,Denominator below story-scale threshold,321
1371464,"Smithville city, Georgia",285,15,11,0,0,0,11,0,4,148,25,23,14,14,14,23,14,7,11,0,Pass,15,0,Pass,73.33333333333333,2.090909090909091,TRUE,TRUE,TRUE,127.11824667246087,0,34,92.58962958222072,0,127.27272727272727,0,127.27272727272727,0,127.27272727272727,100,295.6991994052835,0,127.27272727272727,0,100,76.75976982094248,Percentage MOE exceeds 50% of estimate,0,100,NA,Unavailable MOE or zero percentage,0,100,NA,Unavailable MOE or zero percentage,0,100,NA,Unavailable MOE or zero percentage,0,100,179.77234846928272,Percentage MOE exceeds 50% of estimate,0,100,NA,Unavailable MOE or zero percentage,2024,2020-2024,ACS five-year,13,38.59649122807018,78.17319039763622,Denominator below story-scale threshold,10632,66.1963917847556,7,32038,Retained,NA,NA,NA,771,Percentage MOE exceeds 50% of estimate,NA,NA,NA,48,Unavailable MOE or zero percentage,NA,NA,NA,40,Unavailable MOE or zero percentage,NA,NA,NA,154,Unavailable MOE or zero percentage,NA,NA,NA,114,Percentage MOE exceeds 50% of estimate,NA,NA,NA,593,Unavailable MOE or zero percentage,NA,NA,NA,749,Denominator below story-scale threshold,321
1375104,"Sycamore city, Georgia",1096,90,11,0,0,0,11,0,79,352,81,17,14,14,14,17,14,80,11,0,Pass,90,0,Pass,12.222222222222221,1.5454545454545454,TRUE,TRUE,TRUE,93.9569649318189,0,28,15.355459076718942,0,127.27272727272727,0,127.27272727272727,0,127.27272727272727,100,218.5602778212965,0,127.27272727272727,0,27.577681298941165,76.38100570499623,Percentage MOE exceeds 50% of estimate,0,100,NA,Unavailable MOE or zero percentage,0,100,NA,Unavailable MOE or zero percentage,0,100,NA,Unavailable MOE or zero percentage,0,100,132.87521408599156,Percentage MOE exceeds 50% of estimate,0,100,NA,Unavailable MOE or zero percentage,2024,2020-2024,ACS five-year,13,10.036496350364963,15.172317770272223,Denominator below story-scale threshold,10632,66.1963917847556,7,32038,Retained,NA,NA,NA,771,Percentage MOE exceeds 50% of estimate,NA,NA,NA,48,Unavailable MOE or zero percentage,NA,NA,NA,40,Unavailable MOE or zero percentage,NA,NA,NA,154,Unavailable MOE or zero percentage,NA,NA,NA,114,Percentage MOE exceeds 50% of estimate,NA,NA,NA,593,Unavailable MOE or zero percentage,NA,NA,NA,749,Denominator below story-scale threshold,321
1382972,"Willacoochee city, Georgia",1301,84,11,0,0,6,5,0,73,362,74,12,14,14,9,8,14,75,11,0,Pass,84,0,Pass,13.095238095238097,1.0909090909090908,TRUE,TRUE,TRUE,66.32256348128392,0,23,8.425903465440376,0,127.27272727272727,0,127.27272727272727,54.54545454545454,56.15579332019567,45.45454545454545,53.201576659276306,0,127.27272727272727,4.669334629797721,21.521141560678473,39.117926223168766,Percentage MOE exceeds 50% of estimate,0,100,NA,Unavailable MOE or zero percentage,0,100,NA,Unavailable MOE or zero percentage,0,100,62.590546700803486,Percentage MOE exceeds 50% of estimate,0,98.65612211382177,71.15737639666646,Percentage MOE exceeds 50% of estimate,0,100,NA,Unavailable MOE or zero percentage,2024,2020-2024,ACS five-year,13,8.455034588777863,8.918602667237483,Denominator below story-scale threshold,10632,66.1963917847556,7,32038,Retained,NA,NA,NA,771,Percentage MOE exceeds 50% of estimate,NA,NA,NA,48,Unavailable MOE or zero percentage,NA,NA,NA,40,Unavailable MOE or zero percentage,NA,NA,NA,154,Percentage MOE exceeds 50% of estimate,NA,NA,NA,114,Percentage MOE exceeds 50% of estimate,NA,NA,NA,593,Unavailable MOE or zero percentage,NA,NA,NA,749,Denominator below story-scale threshold,321
1315984,"Chickamauga city, Georgia",3014,153,10,8,0,0,0,2,143,18,116,17,14,14,14,14,8,116,10,0,Pass,153,0,Pass,6.535947712418301,1.7,TRUE,TRUE,TRUE,103.35266142500079,0,27,9.944908587294996,80,33.22649545167224,0,140,0,140,0,140,20,72.41546796092668,0,16.4808562997133,92.50494931127544,Percentage MOE exceeds 50% of estimate,46.77350454832776,100,25.250343637911843,Caregiver count MOE exceeds 50% of estimate,0,100,NA,Unavailable MOE or zero percentage,0,100,NA,Unavailable MOE or zero percentage,0,100,NA,Unavailable MOE or zero percentage,0,92.41546796092668,220.1273924146661,Percentage MOE exceeds 50% of estimate,2024,2020-2024,ACS five-year,13,3.3178500331785004,5.640310251719923,Percentage MOE exceeds 50% of estimate,11030,64.99313315437918,7,32038,Retained,NA,NA,NA,771,Percentage MOE exceeds 50% of estimate,NA,NA,NA,48,Caregiver count MOE exceeds 50% of estimate,NA,NA,NA,40,Unavailable MOE or zero percentage,NA,NA,NA,154,Unavailable MOE or zero percentage,NA,NA,NA,114,Unavailable MOE or zero percentage,NA,NA,NA,593,Percentage MOE exceeds 50% of estimate,NA,NA,NA,749,Percentage MOE exceeds 50% of estimate,338
1330088,"Flemington city, Georgia",1571,127,10,0,0,0,0,10,117,333,77,10,14,14,14,14,10,76,10,0,Pass,127,0,Pass,7.874015748031496,1,FALSE,TRUE,TRUE,60.79568319117694,0,20,6.261705585195659,0,140,0,140,0,140,0,140,100,141.4213562373095,1.6123101628358372,14.135721333227156,48.346952962235264,Percentage MOE exceeds 50% of estimate,0,100,NA,Unavailable MOE or zero percentage,0,100,NA,Unavailable MOE or zero percentage,0,100,NA,Unavailable MOE or zero percentage,0,100,NA,Unavailable MOE or zero percentage,0,100,85.97807970270044,Percentage MOE exceeds 50% of estimate,2024,2020-2024,ACS five-year,13,6.365372374283896,6.220731036089202,Percentage MOE exceeds 50% of estimate,11030,64.99313315437918,7,32038,Retained,NA,NA,NA,771,Percentage MOE exceeds 50% of estimate,NA,NA,NA,48,Unavailable MOE or zero percentage,NA,NA,NA,40,Unavailable MOE or zero percentage,NA,NA,NA,154,Unavailable MOE or zero percentage,NA,NA,NA,114,Unavailable MOE or zero percentage,NA,NA,NA,593,Percentage MOE exceeds 50% of estimate,NA,NA,NA,749,Percentage MOE exceeds 50% of estimate,338
1351408,"Milan city, Georgia",842,38,10,0,0,2,0,8,28,203,27,13,14,14,6,14,12,25,10,0,Pass,38,0,Pass,26.31578947368421,1.3,TRUE,TRUE,TRUE,79.03438814853001,0,23,28.648606036228024,0,140,0,140,20,54.07402333838309,0,140,80,59.86651818838305,0,54.96439550991224,66.18503990499963,Percentage MOE exceeds 50% of estimate,0,100,NA,Unavailable MOE or zero percentage,0,100,NA,Unavailable MOE or zero percentage,0,74.07402333838309,164.37335958763234,Percentage MOE exceeds 50% of estimate,0,100,NA,Unavailable MOE or zero percentage,20.133481811616953,100,45.4953234192471,Percentage MOE exceeds 50% of estimate,2024,2020-2024,ACS five-year,13,11.876484560570072,15.171595855183853,Denominator below story-scale threshold,11030,64.99313315437918,7,32038,Retained,NA,NA,NA,771,Percentage MOE exceeds 50% of estimate,NA,NA,NA,48,Unavailable MOE or zero percentage,NA,NA,NA,40,Unavailable MOE or zero percentage,NA,NA,NA,154,Percentage MOE exceeds 50% of estimate,NA,NA,NA,114,Unavailable MOE or zero percentage,NA,NA,NA,593,Percentage MOE exceeds 50% of estimate,NA,NA,NA,749,Denominator below story-scale threshold,338
1355244,"Newton city, Georgia",479,10,10,0,0,10,0,0,0,158,15,15,14,14,15,14,14,14,10,0,Pass,10,0,Pass,100,1.5,TRUE,TRUE,TRUE,91.19352478676541,0,25,212.1320343559643,0,140,0,140,100,212.1320343559643,0,140,0,140,0,100,128.96711955405067,Percentage MOE exceeds 50% of estimate,0,100,NA,Unavailable MOE or zero percentage,0,100,NA,Unavailable MOE or zero percentage,0,100,128.96711955405067,Percentage MOE exceeds 50% of estimate,0,100,NA,Unavailable MOE or zero percentage,0,100,NA,Unavailable MOE or zero percentage,2024,2020-2024,ACS five-year,13,20.876826722338205,30.548700582575993,Denominator below story-scale threshold,11030,64.99313315437918,7,32038,Retained,NA,NA,NA,771,Percentage MOE exceeds 50% of estimate,NA,NA,NA,48,Unavailable MOE or zero percentage,NA,NA,NA,40,Unavailable MOE or zero percentage,NA,NA,NA,154,Percentage MOE exceeds 50% of estimate,NA,NA,NA,114,Unavailable MOE or zero percentage,NA,NA,NA,593,Unavailable MOE or zero percentage,NA,NA,NA,749,Denominator below story-scale threshold,338
1365016,"Richland city, Georgia",1595,21,10,0,0,10,0,0,11,375,18,13,14,14,13,14,14,13,10,0,Pass,21,0,Pass,47.61904761904761,1.3,TRUE,TRUE,TRUE,79.03438814853001,0,23,46.54274417169339,0,140,0,140,100,183.84776310850236,0,140,0,140,1.0763034473542206,94.161791790741,59.421556519715644,Percentage MOE exceeds 50% of estimate,0,100,NA,Unavailable MOE or zero percentage,0,100,NA,Unavailable MOE or zero percentage,0,100,111.77150361351057,Percentage MOE exceeds 50% of estimate,0,100,NA,Unavailable MOE or zero percentage,0,100,NA,Unavailable MOE or zero percentage,2024,2020-2024,ACS five-year,13,6.269592476489028,8.016069150861657,Denominator below story-scale threshold,11030,64.99313315437918,7,32038,Retained,NA,NA,NA,771,Percentage MOE exceeds 50% of estimate,NA,NA,NA,48,Unavailable MOE or zero percentage,NA,NA,NA,40,Unavailable MOE or zero percentage,NA,NA,NA,154,Percentage MOE exceeds 50% of estimate,NA,NA,NA,114,Unavailable MOE or zero percentage,NA,NA,NA,593,Unavailable MOE or zero percentage,NA,NA,NA,749,Denominator below story-scale threshold,338
1365296,"Rincon city, Georgia",11332,181,10,0,0,0,0,10,171,32,120,19,23,23,23,23,19,114,10,0,Pass,181,0,Pass,5.524861878453039,1.9,TRUE,TRUE,TRUE,115.51179806323618,0,29,9.837439700128407,0,229.99999999999997,0,229.99999999999997,0,229.99999999999997,0,229.99999999999997,100,268.70057685088807,0,15.362301578581445,108.2513700032577,Percentage MOE exceeds 50% of estimate,0,100,NA,Unavailable MOE or zero percentage,0,100,NA,Unavailable MOE or zero percentage,0,100,NA,Unavailable MOE or zero percentage,0,100,NA,Unavailable MOE or zero percentage,0,100,163.35835143513083,Percentage MOE exceeds 50% of estimate,2024,2020-2024,ACS five-year,13,0.8824567596187787,1.6766659914636444,Percentage MOE exceeds 50% of estimate,11030,64.99313315437918,7,32038,Retained,NA,NA,NA,771,Percentage MOE exceeds 50% of estimate,NA,NA,NA,48,Unavailable MOE or zero percentage,NA,NA,NA,40,Unavailable MOE or zero percentage,NA,NA,NA,154,Unavailable MOE or zero percentage,NA,NA,NA,114,Unavailable MOE or zero percentage,NA,NA,NA,593,Percentage MOE exceeds 50% of estimate,NA,NA,NA,749,Percentage MOE exceeds 50% of estimate,338
1300184,"Abbeville city, Georgia",2771,46,9,0,0,5,0,4,37,20,31,10,14,14,7,14,8,27,9,0,Pass,46,0,Pass,19.565217391304348,1.1111111111111112,TRUE,TRUE,TRUE,67.5507591013077,0,19,17.284063104815495,0,155.55555555555557,0,155.55555555555557,55.55555555555556,47.31794542404148,0,155.55555555555557,44.44444444444444,73.90928171405317,2.281154286488853,36.849280496119846,53.70737282191884,Percentage MOE exceeds 50% of estimate,0,100,NA,Unavailable MOE or zero percentage,0,100,NA,Unavailable MOE or zero percentage,8.237610131514074,100,51.78108274663368,Percentage MOE exceeds 50% of estimate,0,100,NA,Unavailable MOE or zero percentage,0,100,101.10071870943801,Percentage MOE exceeds 50% of estimate,2024,2020-2024,ACS five-year,13,3.2479249368459038,3.608729345884666,Denominator below story-scale threshold,11403,63.79923840439478,7,32038,Retained,NA,NA,NA,771,Percentage MOE exceeds 50% of estimate,NA,NA,NA,48,Unavailable MOE or zero percentage,NA,NA,NA,40,Unavailable MOE or zero percentage,NA,NA,NA,154,Percentage MOE exceeds 50% of estimate,NA,NA,NA,114,Unavailable MOE or zero percentage,NA,NA,NA,593,Percentage MOE exceeds 50% of estimate,NA,NA,NA,749,Denominator below story-scale threshold,344
1301808,"Alston town, Georgia",140,9,9,0,0,9,0,0,0,62,15,15,14,14,15,14,14,14,9,0,Pass,9,0,Pass,100,1.6666666666666667,TRUE,TRUE,TRUE,101.32613865196157,0,24,235.70226039551585,0,155.55555555555557,0,155.55555555555557,100,235.70226039551585,0,155.55555555555557,0,155.55555555555557,0,100,143.29679950450074,Percentage MOE exceeds 50% of estimate,0,100,NA,Unavailable MOE or zero percentage,0,100,NA,Unavailable MOE or zero percentage,0,100,143.29679950450074,Percentage MOE exceeds 50% of estimate,0,100,NA,Unavailable MOE or zero percentage,0,100,NA,Unavailable MOE or zero percentage,2024,2020-2024,ACS five-year,13,64.28571428571428,103.2912668021084,Denominator below story-scale threshold,11403,63.79923840439478,7,32038,Retained,NA,NA,NA,771,Percentage MOE exceeds 50% of estimate,NA,NA,NA,48,Unavailable MOE or zero percentage,NA,NA,NA,40,Unavailable MOE or zero percentage,NA,NA,NA,154,Percentage MOE exceeds 50% of estimate,NA,NA,NA,114,Unavailable MOE or zero percentage,NA,NA,NA,593,Unavailable MOE or zero percentage,NA,NA,NA,749,Denominator below story-scale threshold,344
1308956,"Bluffton town, Georgia",350,38,9,9,0,0,0,0,29,159,36,15,15,14,14,14,14,34,9,0,Pass,38,0,Pass,23.684210526315788,1.6666666666666667,TRUE,TRUE,TRUE,101.32613865196157,0,24,32.4764925700872,100,235.70226039551585,0,155.55555555555557,0,155.55555555555557,0,155.55555555555557,0,155.55555555555557,0,56.16070309640299,83.36484559018008,Percentage MOE exceeds 50% of estimate,0,100,143.29679950450074,Percentage MOE exceeds 50% of estimate,0,100,NA,Unavailable MOE or zero percentage,0,100,NA,Unavailable MOE or zero percentage,0,100,NA,Unavailable MOE or zero percentage,0,100,NA,Unavailable MOE or zero percentage,2024,2020-2024,ACS five-year,13,25.714285714285715,41.2343807087785,Denominator below story-scale threshold,11403,63.79923840439478,7,32038,Retained,NA,NA,NA,771,Percentage MOE exceeds 50% of estimate,NA,NA,NA,48,Percentage MOE exceeds 50% of estimate,NA,NA,NA,40,Unavailable MOE or zero percentage,NA,NA,NA,154,Unavailable MOE or zero percentage,NA,NA,NA,114,Unavailable MOE or zero percentage,NA,NA,NA,593,Unavailable MOE or zero percentage,NA,NA,NA,749,Denominator below story-scale threshold,344
1311000,"Brooklet city, Georgia",2288,55,9,0,0,0,5,4,46,507,40,14,14,14,14,12,7,38,9,0,Pass,55,0,Pass,16.363636363636363,1.5555555555555556,TRUE,TRUE,TRUE,94.5710627418308,0,23,22.501204727592246,0,155.55555555555557,0,155.55555555555557,0,155.55555555555557,55.55555555555556,101.5352355306276,44.44444444444444,35.63177701151064,0,38.86484109122861,83.59854030235346,Percentage MOE exceeds 50% of estimate,0,100,NA,Unavailable MOE or zero percentage,0,100,NA,Unavailable MOE or zero percentage,0,100,NA,Unavailable MOE or zero percentage,0,100,111.11227221710821,Percentage MOE exceeds 50% of estimate,8.8126674329338,80.07622145595508,48.7408101014354,Percentage MOE exceeds 50% of estimate,2024,2020-2024,ACS five-year,13,3.9335664335664338,6.0564796203024365,Denominator below story-scale threshold,11403,63.79923840439478,7,32038,Retained,NA,NA,NA,771,Percentage MOE exceeds 50% of estimate,NA,NA,NA,48,Unavailable MOE or zero percentage,NA,NA,NA,40,Unavailable MOE or zero percentage,NA,NA,NA,154,Unavailable MOE or zero percentage,NA,NA,NA,114,Percentage MOE exceeds 50% of estimate,NA,NA,NA,593,Percentage MOE exceeds 50% of estimate,NA,NA,NA,749,Denominator below story-scale threshold,344
1316908,"Climax city, Georgia",170,13,9,0,0,9,0,0,4,59,16,14,14,14,14,14,14,5,9,0,Pass,13,0,Pass,69.23076923076923,1.5555555555555556,TRUE,TRUE,TRUE,94.5710627418308,0,23,65.85881220343919,0,155.55555555555557,0,155.55555555555557,100,219.9887763691481,0,155.55555555555557,0,155.55555555555557,3.3719570273300405,100,57.83456585208621,Percentage MOE exceeds 50% of estimate,0,100,NA,Unavailable MOE or zero percentage,0,100,NA,Unavailable MOE or zero percentage,0,100,133.743679537534,Percentage MOE exceeds 50% of estimate,0,100,NA,Unavailable MOE or zero percentage,0,100,NA,Unavailable MOE or zero percentage,2024,2020-2024,ACS five-year,13,52.94117647058823,80.27710744488542,Denominator below story-scale threshold,11403,63.79923840439478,7,32038,Retained,NA,NA,NA,771,Percentage MOE exceeds 50% of estimate,NA,NA,NA,48,Unavailable MOE or zero percentage,NA,NA,NA,40,Unavailable MOE or zero percentage,NA,NA,NA,154,Percentage MOE exceeds 50% of estimate,NA,NA,NA,114,Unavailable MOE or zero percentage,NA,NA,NA,593,Unavailable MOE or zero percentage,NA,NA,NA,749,Denominator below story-scale threshold,344
1341596,"Jackson city, Georgia",5741,119,9,0,0,0,0,9,110,19,110,25,20,20,20,20,25,105,9,0,Pass,119,0,Pass,7.563025210084033,2.7777777777777777,TRUE,TRUE,TRUE,168.87689775326928,0,34,19.811069821376744,0,222.22222222222223,0,222.22222222222223,0,222.22222222222223,0,222.22222222222223,100,392.8371006591931,0,27.374095031460776,159.25208380011793,Percentage MOE exceeds 50% of estimate,0,100,NA,Unavailable MOE or zero percentage,0,100,NA,Unavailable MOE or zero percentage,0,100,NA,Unavailable MOE or zero percentage,0,100,NA,Unavailable MOE or zero percentage,0,100,238.82799917416787,Percentage MOE exceeds 50% of estimate,2024,2020-2024,ACS five-year,13,1.567671137432503,4.3546389577031395,Percentage MOE exceeds 50% of estimate,11403,63.79923840439478,7,32038,Retained,NA,NA,NA,771,Percentage MOE exceeds 50% of estimate,NA,NA,NA,48,Unavailable MOE or zero percentage,NA,NA,NA,40,Unavailable MOE or zero percentage,NA,NA,NA,154,Unavailable MOE or zero percentage,NA,NA,NA,114,Unavailable MOE or zero percentage,NA,NA,NA,593,Percentage MOE exceeds 50% of estimate,NA,NA,NA,749,Percentage MOE exceeds 50% of estimate,344
1364680,"Rentz city, Georgia",395,9,9,0,0,0,0,9,0,155,16,16,14,14,14,14,16,14,9,0,Pass,9,0,Pass,100,1.7777777777777777,TRUE,TRUE,TRUE,108.08121456209233,0,25,251.4157444218836,0,155.55555555555557,0,155.55555555555557,0,155.55555555555557,0,155.55555555555557,100,251.4157444218836,0,100,152.84991947146747,Percentage MOE exceeds 50% of estimate,0,100,NA,Unavailable MOE or zero percentage,0,100,NA,Unavailable MOE or zero percentage,0,100,NA,Unavailable MOE or zero percentage,0,100,NA,Unavailable MOE or zero percentage,0,100,152.84991947146747,Percentage MOE exceeds 50% of estimate,2024,2020-2024,ACS five-year,13,22.78481012658228,39.50725825752733,Denominator below story-scale threshold,11403,63.79923840439478,7,32038,Retained,NA,NA,NA,771,Percentage MOE exceeds 50% of estimate,NA,NA,NA,48,Unavailable MOE or zero percentage,NA,NA,NA,40,Unavailable MOE or zero percentage,NA,NA,NA,154,Unavailable MOE or zero percentage,NA,NA,NA,114,Unavailable MOE or zero percentage,NA,NA,NA,593,Percentage MOE exceeds 50% of estimate,NA,NA,NA,749,Denominator below story-scale threshold,344
1366696,"Roopville town, Georgia",467,12,9,0,9,0,0,0,3,330,16,17,14,17,14,14,14,4,9,0,Pass,12,0,Pass,75,1.8888888888888888,TRUE,TRUE,TRUE,114.8362904722231,0,26,100.3466214899358,0,155.55555555555557,100,267.1292284482513,0,155.55555555555557,0,155.55555555555557,0,155.55555555555557,0,100,81.34188545876111,Percentage MOE exceeds 50% of estimate,0,100,NA,Unavailable MOE or zero percentage,0,100,162.40303943843415,Percentage MOE exceeds 50% of estimate,0,100,NA,Unavailable MOE or zero percentage,0,100,NA,Unavailable MOE or zero percentage,0,100,NA,Unavailable MOE or zero percentage,2024,2020-2024,ACS five-year,13,19.271948608137045,33.75928252378536,Denominator below story-scale threshold,11403,63.79923840439478,7,32038,Retained,NA,NA,NA,771,Percentage MOE exceeds 50% of estimate,NA,NA,NA,48,Unavailable MOE or zero percentage,NA,NA,NA,40,Percentage MOE exceeds 50% of estimate,NA,NA,NA,154,Unavailable MOE or zero percentage,NA,NA,NA,114,Unavailable MOE or zero percentage,NA,NA,NA,593,Unavailable MOE or zero percentage,NA,NA,NA,749,Denominator below story-scale threshold,344
1370428,"Shiloh city, Georgia",758,22,9,0,0,0,0,9,13,256,24,17,14,14,14,14,17,15,9,0,Pass,22,0,Pass,40.909090909090914,1.8888888888888888,TRUE,TRUE,TRUE,114.8362904722231,0,26,63.08254231022037,0,155.55555555555557,0,155.55555555555557,0,155.55555555555557,0,155.55555555555557,100,267.1292284482513,0,100,93.74801962010642,Percentage MOE exceeds 50% of estimate,0,100,NA,Unavailable MOE or zero percentage,0,100,NA,Unavailable MOE or zero percentage,0,100,NA,Unavailable MOE or zero percentage,0,100,NA,Unavailable MOE or zero percentage,0,100,162.40303943843415,Percentage MOE exceeds 50% of estimate,2024,2020-2024,ACS five-year,13,11.87335092348285,22.06603762005156,Denominator below story-scale threshold,11403,63.79923840439478,7,32038,Retained,NA,NA,NA,771,Percentage MOE exceeds 50% of estimate,NA,NA,NA,48,Unavailable MOE or zero percentage,NA,NA,NA,40,Unavailable MOE or zero percentage,NA,NA,NA,154,Unavailable MOE or zero percentage,NA,NA,NA,114,Unavailable MOE or zero percentage,NA,NA,NA,593,Percentage MOE exceeds 50% of estimate,NA,NA,NA,749,Denominator below story-scale threshold,344
1376952,"Toomsboro city, Georgia",467,16,9,0,0,0,3,6,7,188,14,12,14,14,14,5,11,7,9,0,Pass,16,0,Pass,56.25,1.3333333333333333,TRUE,TRUE,TRUE,81.06091092156925,0,21,56.59076469210766,0,155.55555555555557,0,155.55555555555557,0,155.55555555555557,33.33333333333333,33.33333333333333,66.66666666666666,83.8870492807861,0,100,61.16398580920568,Percentage MOE exceeds 50% of estimate,0,100,NA,Unavailable MOE or zero percentage,0,100,NA,Unavailable MOE or zero percentage,0,100,NA,Unavailable MOE or zero percentage,0,66.66666666666666,60.79568319117694,Percentage MOE exceeds 50% of estimate,0,100,76.4995570787598,Percentage MOE exceeds 50% of estimate,2024,2020-2024,ACS five-year,13,19.271948608137045,24.49672769347829,Denominator below story-scale threshold,11403,63.79923840439478,7,32038,Retained,NA,NA,NA,771,Percentage MOE exceeds 50% of estimate,NA,NA,NA,48,Unavailable MOE or zero percentage,NA,NA,NA,40,Unavailable MOE or zero percentage,NA,NA,NA,154,Unavailable MOE or zero percentage,NA,NA,NA,114,Percentage MOE exceeds 50% of estimate,NA,NA,NA,593,Percentage MOE exceeds 50% of estimate,NA,NA,NA,749,Denominator below story-scale threshold,344
1377988,"Twin City city, Georgia",2075,37,9,0,0,9,0,0,28,366,29,15,14,14,15,14,14,29,9,0,Pass,37,0,Pass,24.324324324324326,1.6666666666666667,TRUE,TRUE,TRUE,101.32613865196157,0,24,35.77793711957672,0,155.55555555555557,0,155.55555555555557,100,235.70226039551585,0,155.55555555555557,0,155.55555555555557,0,60.10226144390104,89.42259202573169,Percentage MOE exceeds 50% of estimate,0,100,NA,Unavailable MOE or zero percentage,0,100,NA,Unavailable MOE or zero percentage,0,100,143.29679950450074,Percentage MOE exceeds 50% of estimate,0,100,NA,Unavailable MOE or zero percentage,0,100,NA,Unavailable MOE or zero percentage,2024,2020-2024,ACS five-year,13,4.337349397590361,7.188318767018399,Denominator below story-scale threshold,11403,63.79923840439478,7,32038,Retained,NA,NA,NA,771,Percentage MOE exceeds 50% of estimate,NA,NA,NA,48,Unavailable MOE or zero percentage,NA,NA,NA,40,Unavailable MOE or zero percentage,NA,NA,NA,154,Percentage MOE exceeds 50% of estimate,NA,NA,NA,114,Unavailable MOE or zero percentage,NA,NA,NA,593,Unavailable MOE or zero percentage,NA,NA,NA,749,Denominator below story-scale threshold,344
1302116,"Americus city, Georgia",15813,264,8,0,0,0,0,8,256,26,184,25,23,23,23,23,25,175,8,0,Pass,264,0,Pass,3.0303030303030303,3.125,TRUE,TRUE,TRUE,189.98650997242794,0,33,9.23116962122419,0,287.5,0,287.5,0,287.5,0,287.5,100,441.94173824159225,0,12.261472651527221,185.20103704606768,Percentage MOE exceeds 50% of estimate,0,100,NA,Unavailable MOE or zero percentage,0,100,NA,Unavailable MOE or zero percentage,0,100,NA,Unavailable MOE or zero percentage,0,100,NA,Unavailable MOE or zero percentage,0,100,268.68149907093886,Percentage MOE exceeds 50% of estimate,2024,2020-2024,ACS five-year,13,0.505912856510466,1.5809774577616678,Percentage MOE exceeds 50% of estimate,11795,62.48829514950996,7,32038,Retained,NA,NA,NA,771,Percentage MOE exceeds 50% of estimate,NA,NA,NA,48,Unavailable MOE or zero percentage,NA,NA,NA,40,Unavailable MOE or zero percentage,NA,NA,NA,154,Unavailable MOE or zero percentage,NA,NA,NA,114,Unavailable MOE or zero percentage,NA,NA,NA,593,Percentage MOE exceeds 50% of estimate,NA,NA,NA,749,Percentage MOE exceeds 50% of estimate,355
1316796,"Clermont town, Georgia",1243,35,8,0,8,0,0,0,27,310,25,12,14,12,14,14,14,22,8,0,Pass,35,0,Pass,22.857142857142858,1.5,TRUE,TRUE,TRUE,91.19352478676541,0,20,30.148873979786757,0,175,100,212.13203435596424,0,175,0,175,0,175,0,53.00601683692962,80.19031085825522,Percentage MOE exceeds 50% of estimate,0,100,NA,Unavailable MOE or zero percentage,0,100,128.96711955405064,Percentage MOE exceeds 50% of estimate,0,100,NA,Unavailable MOE or zero percentage,0,100,NA,Unavailable MOE or zero percentage,0,100,NA,Unavailable MOE or zero percentage,2024,2020-2024,ACS five-year,13,6.436041834271922,9.519689839697223,Denominator below story-scale threshold,11795,62.48829514950996,7,32038,Retained,NA,NA,NA,771,Percentage MOE exceeds 50% of estimate,NA,NA,NA,48,Unavailable MOE or zero percentage,NA,NA,NA,40,Percentage MOE exceeds 50% of estimate,NA,NA,NA,154,Unavailable MOE or zero percentage,NA,NA,NA,114,Unavailable MOE or zero percentage,NA,NA,NA,593,Unavailable MOE or zero percentage,NA,NA,NA,749,Denominator below story-scale threshold,355
1325356,"East Ellijay city, Georgia",488,8,8,0,0,8,0,0,0,152,19,19,14,14,19,14,14,14,8,0,Pass,8,0,Pass,100,2.375,TRUE,TRUE,TRUE,144.38974757904523,0,27,335.87572106361006,0,175,0,175,100,335.87572106361006,0,175,0,175,0,100,204.19793929391352,Percentage MOE exceeds 50% of estimate,0,100,NA,Unavailable MOE or zero percentage,0,100,NA,Unavailable MOE or zero percentage,0,100,204.19793929391352,Percentage MOE exceeds 50% of estimate,0,100,NA,Unavailable MOE or zero percentage,0,100,NA,Unavailable MOE or zero percentage,2024,2020-2024,ACS five-year,13,16.393442622950822,38.59814418463804,Denominator below story-scale threshold,11795,62.48829514950996,7,32038,Retained,NA,NA,NA,771,Percentage MOE exceeds 50% of estimate,NA,NA,NA,48,Unavailable MOE or zero percentage,NA,NA,NA,40,Unavailable MOE or zero percentage,NA,NA,NA,154,Percentage MOE exceeds 50% of estimate,NA,NA,NA,114,Unavailable MOE or zero percentage,NA,NA,NA,593,Unavailable MOE or zero percentage,NA,NA,NA,749,Denominator below story-scale threshold,355
1330732,"Forsyth city, Georgia",4642,73,8,8,0,0,0,0,65,17,65,13,13,14,14,14,14,61,8,0,Pass,73,0,Pass,10.95890410958904,1.625,TRUE,TRUE,TRUE,98.79298518566253,0,21,14.896828698069905,100,229.80970388562793,0,175,0,175,0,175,0,175,0,25.855732807658946,82.64173762489955,Percentage MOE exceeds 50% of estimate,0,100,139.7143795168882,Percentage MOE exceeds 50% of estimate,0,100,NA,Unavailable MOE or zero percentage,0,100,NA,Unavailable MOE or zero percentage,0,100,NA,Unavailable MOE or zero percentage,0,100,NA,Unavailable MOE or zero percentage,2024,2020-2024,ACS five-year,13,1.7233950883239983,2.8005099065614782,Denominator below story-scale threshold,11795,62.48829514950996,7,32038,Retained,NA,NA,NA,771,Percentage MOE exceeds 50% of estimate,NA,NA,NA,48,Percentage MOE exceeds 50% of estimate,NA,NA,NA,40,Unavailable MOE or zero percentage,NA,NA,NA,154,Unavailable MOE or zero percentage,NA,NA,NA,114,Unavailable MOE or zero percentage,NA,NA,NA,593,Unavailable MOE or zero percentage,NA,NA,NA,749,Denominator below story-scale threshold,355
1373620,"Stillmore city, Georgia",715,13,8,0,0,8,0,0,5,297,16,13,14,14,13,14,14,6,8,0,Pass,13,0,Pass,61.53846153846154,1.625,TRUE,TRUE,TRUE,98.79298518566253,0,21,65.2955295541403,0,175,0,175,100,229.80970388562793,0,175,0,175,0,100,64.50740283932173,Percentage MOE exceeds 50% of estimate,0,100,NA,Unavailable MOE or zero percentage,0,100,NA,Unavailable MOE or zero percentage,0,100,139.7143795168882,Percentage MOE exceeds 50% of estimate,0,100,NA,Unavailable MOE or zero percentage,0,100,NA,Unavailable MOE or zero percentage,2024,2020-2024,ACS five-year,13,11.188811188811188,17.577763470393037,Denominator below story-scale threshold,11795,62.48829514950996,7,32038,Retained,NA,NA,NA,771,Percentage MOE exceeds 50% of estimate,NA,NA,NA,48,Unavailable MOE or zero percentage,NA,NA,NA,40,Unavailable MOE or zero percentage,NA,NA,NA,154,Percentage MOE exceeds 50% of estimate,NA,NA,NA,114,Unavailable MOE or zero percentage,NA,NA,NA,593,Unavailable MOE or zero percentage,NA,NA,NA,749,Denominator below story-scale threshold,355
1374348,"Summertown city, Georgia",210,18,8,0,0,0,0,8,10,154,23,17,14,14,14,14,17,17,8,0,Pass,18,0,Pass,44.44444444444444,2.125,TRUE,TRUE,TRUE,129.190826781251,0,25,75.46280517037708,0,175,0,175,0,175,0,175,100,300.5203820042827,0,100,103.22578790675448,Percentage MOE exceeds 50% of estimate,0,100,NA,Unavailable MOE or zero percentage,0,100,NA,Unavailable MOE or zero percentage,0,100,NA,Unavailable MOE or zero percentage,0,100,NA,Unavailable MOE or zero percentage,0,100,182.7034193682384,Percentage MOE exceeds 50% of estimate,2024,2020-2024,ACS five-year,13,38.0952380952381,75.97920443235003,Denominator below story-scale threshold,11795,62.48829514950996,7,32038,Retained,NA,NA,NA,771,Percentage MOE exceeds 50% of estimate,NA,NA,NA,48,Unavailable MOE or zero percentage,NA,NA,NA,40,Unavailable MOE or zero percentage,NA,NA,NA,154,Unavailable MOE or zero percentage,NA,NA,NA,114,Unavailable MOE or zero percentage,NA,NA,NA,593,Percentage MOE exceeds 50% of estimate,NA,NA,NA,749,Denominator below story-scale threshold,355
1375160,"Sylvania city, Georgia",2618,22,8,0,8,0,0,0,14,55,23,14,14,14,14,14,14,19,8,0,Pass,22,0,Pass,36.36363636363637,1.75,TRUE,TRUE,TRUE,106.39244558455964,0,22,51.03263960748077,0,175,100,247.48737341529164,0,175,0,175,0,175,0,87.39627597111713,85.32051522461248,Percentage MOE exceeds 50% of estimate,0,100,NA,Unavailable MOE or zero percentage,0,100,150.46163947972576,Percentage MOE exceeds 50% of estimate,0,100,NA,Unavailable MOE or zero percentage,0,100,NA,Unavailable MOE or zero percentage,0,100,NA,Unavailable MOE or zero percentage,2024,2020-2024,ACS five-year,13,3.0557677616501144,5.347208234059267,Denominator below story-scale threshold,11795,62.48829514950996,7,32038,Retained,NA,NA,NA,771,Percentage MOE exceeds 50% of estimate,NA,NA,NA,48,Unavailable MOE or zero percentage,NA,NA,NA,40,Percentage MOE exceeds 50% of estimate,NA,NA,NA,154,Unavailable MOE or zero percentage,NA,NA,NA,114,Unavailable MOE or zero percentage,NA,NA,NA,593,Unavailable MOE or zero percentage,NA,NA,NA,749,Denominator below story-scale threshold,355
1375300,"Tallapoosa city, Georgia",3227,62,8,0,0,1,7,0,54,29,47,41,14,14,39,11,14,44,8,0,Pass,62,0,Pass,12.903225806451612,5.125,TRUE,TRUE,TRUE,311.57787635478184,0,49,65.40161773848881,0,175,0,175,12.5,483.2724346512534,87.5,469.04417852292977,0,175,0,78.30484354494043,308.15054249702087,Percentage MOE exceeds 50% of estimate,0,100,NA,Unavailable MOE or zero percentage,0,100,NA,Unavailable MOE or zero percentage,0,100,2350.470226566909,Percentage MOE exceeds 50% of estimate,0,100,325.8955574873815,Percentage MOE exceeds 50% of estimate,0,100,NA,Unavailable MOE or zero percentage,2024,2020-2024,ACS five-year,13,2.479082739386427,12.705279506508136,Denominator below story-scale threshold,11795,62.48829514950996,7,32038,Retained,NA,NA,NA,771,Percentage MOE exceeds 50% of estimate,NA,NA,NA,48,Unavailable MOE or zero percentage,NA,NA,NA,40,Unavailable MOE or zero percentage,NA,NA,NA,154,Percentage MOE exceeds 50% of estimate,NA,NA,NA,114,Percentage MOE exceeds 50% of estimate,NA,NA,NA,593,Unavailable MOE or zero percentage,NA,NA,NA,749,Denominator below story-scale threshold,355
1377540,"Trion town, Georgia",2033,50,8,0,0,8,0,0,42,430,38,12,14,14,12,14,14,33,8,0,Pass,50,0,Pass,16,1.5,TRUE,TRUE,TRUE,91.19352478676541,0,20,20.69140884521883,0,175,0,175,100,212.13203435596424,0,175,0,175,0,36.69140884521883,78.62177105831502,Percentage MOE exceeds 50% of estimate,0,100,NA,Unavailable MOE or zero percentage,0,100,NA,Unavailable MOE or zero percentage,0,100,128.96711955405064,Percentage MOE exceeds 50% of estimate,0,100,NA,Unavailable MOE or zero percentage,0,100,NA,Unavailable MOE or zero percentage,2024,2020-2024,ACS five-year,13,3.9350713231677323,5.843631904364579,Denominator below story-scale threshold,11795,62.48829514950996,7,32038,Retained,NA,NA,NA,771,Percentage MOE exceeds 50% of estimate,NA,NA,NA,48,Unavailable MOE or zero percentage,NA,NA,NA,40,Unavailable MOE or zero percentage,NA,NA,NA,154,Percentage MOE exceeds 50% of estimate,NA,NA,NA,114,Unavailable MOE or zero percentage,NA,NA,NA,593,Unavailable MOE or zero percentage,NA,NA,NA,749,Denominator below story-scale threshold,355
1380480,"Warm Springs city, Georgia",463,13,8,8,0,0,0,0,5,197,20,17,17,14,14,14,14,10,8,0,Pass,13,0,Pass,61.53846153846154,2.125,TRUE,TRUE,TRUE,129.190826781251,0,25,90.20709573999416,100,300.5203820042827,0,175,0,175,0,175,0,175,0,100,89.11828273082885,Percentage MOE exceeds 50% of estimate,0,100,182.7034193682384,Percentage MOE exceeds 50% of estimate,0,100,NA,Unavailable MOE or zero percentage,0,100,NA,Unavailable MOE or zero percentage,0,100,NA,Unavailable MOE or zero percentage,0,100,NA,Unavailable MOE or zero percentage,2024,2020-2024,ACS five-year,13,17.278617710583156,35.97351232636774,Denominator below story-scale threshold,11795,62.48829514950996,7,32038,Retained,NA,NA,NA,771,Percentage MOE exceeds 50% of estimate,NA,NA,NA,48,Percentage MOE exceeds 50% of estimate,NA,NA,NA,40,Unavailable MOE or zero percentage,NA,NA,NA,154,Unavailable MOE or zero percentage,NA,NA,NA,114,Unavailable MOE or zero percentage,NA,NA,NA,593,Unavailable MOE or zero percentage,NA,NA,NA,749,Denominator below story-scale threshold,355
1305708,"Barwick city, Georgia",369,7,7,3,0,0,0,4,0,128,9,9,5,14,14,14,7,14,7,0,Pass,7,0,Pass,100,1.2857142857142858,TRUE,TRUE,TRUE,78.16587838865607,0,16,181.82745801939794,42.857142857142854,45.45113765575528,0,200,0,200,0,200,57.14285714285714,67.83987811671291,0,100,110.54324533204341,Percentage MOE exceeds 50% of estimate,0,88.30828051289814,64.47543586395032,Percentage MOE exceeds 50% of estimate,0,100,NA,Unavailable MOE or zero percentage,0,100,NA,Unavailable MOE or zero percentage,0,100,NA,Unavailable MOE or zero percentage,0,100,72.17650540995538,Percentage MOE exceeds 50% of estimate,2024,2020-2024,ACS five-year,13,18.970189701897016,23.485777365923717,Denominator below story-scale threshold,12243,61.09619826456083,7,32038,Retained,NA,NA,NA,771,Percentage MOE exceeds 50% of estimate,NA,NA,NA,48,Percentage MOE exceeds 50% of estimate,NA,NA,NA,40,Unavailable MOE or zero percentage,NA,NA,NA,154,Unavailable MOE or zero percentage,NA,NA,NA,114,Unavailable MOE or zero percentage,NA,NA,NA,593,Percentage MOE exceeds 50% of estimate,NA,NA,NA,749,Denominator below story-scale threshold,365
1316656,"Clayton city, Georgia",2018,42,7,5,0,0,0,2,35,373,37,9,8,14,14,14,5,35,7,0,Pass,42,0,Pass,16.666666666666664,1.2857142857142858,TRUE,TRUE,TRUE,78.16587838865607,0,16,15.607905110553283,71.42857142857143,68.02380943877125,0,200,0,200,0,200,28.57142857142857,61.258493958382175,1.0587615561133816,32.27457177721995,56.93359526274894,Percentage MOE exceeds 50% of estimate,3.4047619898001784,100,57.8977555533514,Percentage MOE exceeds 50% of estimate,0,100,NA,Unavailable MOE or zero percentage,0,100,NA,Unavailable MOE or zero percentage,0,100,NA,Unavailable MOE or zero percentage,0,89.82992252981074,130.34881970118505,Percentage MOE exceeds 50% of estimate,2024,2020-2024,ACS five-year,13,3.468780971258672,4.413533704063695,Denominator below story-scale threshold,12243,61.09619826456083,7,32038,Retained,NA,NA,NA,771,Percentage MOE exceeds 50% of estimate,NA,NA,NA,48,Percentage MOE exceeds 50% of estimate,NA,NA,NA,40,Unavailable MOE or zero percentage,NA,NA,NA,154,Unavailable MOE or zero percentage,NA,NA,NA,114,Unavailable MOE or zero percentage,NA,NA,NA,593,Percentage MOE exceeds 50% of estimate,NA,NA,NA,749,Denominator below story-scale threshold,365
1321240,"Dahlonega city, Georgia",7299,34,7,0,0,0,0,7,27,18,43,9,20,20,20,20,9,35,7,0,Pass,34,0,Pass,20.588235294117645,1.2857142857142858,TRUE,TRUE,TRUE,78.16587838865607,0,16,4.76564308679562,0,285.7142857142857,0,285.7142857142857,0,285.7142857142857,0,285.7142857142857,100,181.82745801939794,15.822592207322025,25.353878380913265,14.07262561205667,Caregiver count MOE exceeds 50% of estimate,0,100,NA,Unavailable MOE or zero percentage,0,100,NA,Unavailable MOE or zero percentage,0,100,NA,Unavailable MOE or zero percentage,0,100,NA,Unavailable MOE or zero percentage,0,100,110.54324533204341,Percentage MOE exceeds 50% of estimate,2024,2020-2024,ACS five-year,13,0.9590354843129195,1.2330433545008481,Denominator below story-scale threshold,12243,61.09619826456083,7,32038,Retained,NA,NA,NA,771,Caregiver count MOE exceeds 50% of estimate,NA,NA,NA,48,Unavailable MOE or zero percentage,NA,NA,NA,40,Unavailable MOE or zero percentage,NA,NA,NA,154,Unavailable MOE or zero percentage,NA,NA,NA,114,Unavailable MOE or zero percentage,NA,NA,NA,593,Percentage MOE exceeds 50% of estimate,NA,NA,NA,749,Denominator below story-scale threshold,365
1327708,"Ephesus city, Georgia",642,17,7,0,0,2,0,5,10,240,15,8,14,14,3,14,8,13,7,0,Pass,17,0,Pass,41.17647058823529,1.1428571428571428,TRUE,TRUE,TRUE,69.4807807899165,0,15,29.908286033281712,0,200,0,200,28.57142857142857,27.758103079051928,0,200,71.42857142857143,79.98333853985888,11.268184554953578,71.084756621517,44.158585145712074,Percentage MOE exceeds 50% of estimate,0,100,NA,Unavailable MOE or zero percentage,0,100,NA,Unavailable MOE or zero percentage,0.8133254923766415,56.3295316504805,59.0650494273726,Percentage MOE exceeds 50% of estimate,0,100,NA,Unavailable MOE or zero percentage,0,100,68.07698394618679,Percentage MOE exceeds 50% of estimate,2024,2020-2024,ACS five-year,13,10.903426791277258,11.77556086739643,Denominator below story-scale threshold,12243,61.09619826456083,7,32038,Retained,NA,NA,NA,771,Percentage MOE exceeds 50% of estimate,NA,NA,NA,48,Unavailable MOE or zero percentage,NA,NA,NA,40,Unavailable MOE or zero percentage,NA,NA,NA,154,Percentage MOE exceeds 50% of estimate,NA,NA,NA,114,Unavailable MOE or zero percentage,NA,NA,NA,593,Percentage MOE exceeds 50% of estimate,NA,NA,NA,749,Denominator below story-scale threshold,365
1339720,"Homer town, Georgia",1892,67,7,0,0,0,7,0,60,442,78,12,14,14,14,12,14,75,7,0,Pass,67,0,Pass,10.44776119402985,1.7142857142857142,TRUE,TRUE,TRUE,104.22117118487475,0,19,13.147014194412568,0,200,0,200,0,200,100,242.43661069253056,0,200,0,23.594775388442418,76.50267794502666,Percentage MOE exceeds 50% of estimate,0,100,NA,Unavailable MOE or zero percentage,0,100,NA,Unavailable MOE or zero percentage,0,100,NA,Unavailable MOE or zero percentage,0,100,147.39099377605788,Percentage MOE exceeds 50% of estimate,0,100,NA,Unavailable MOE or zero percentage,2024,2020-2024,ACS five-year,13,3.6997885835095135,6.283325406224155,Denominator below story-scale threshold,12243,61.09619826456083,7,32038,Retained,NA,NA,NA,771,Percentage MOE exceeds 50% of estimate,NA,NA,NA,48,Unavailable MOE or zero percentage,NA,NA,NA,40,Unavailable MOE or zero percentage,NA,NA,NA,154,Unavailable MOE or zero percentage,NA,NA,NA,114,Percentage MOE exceeds 50% of estimate,NA,NA,NA,593,Unavailable MOE or zero percentage,NA,NA,NA,749,Denominator below story-scale threshold,365
1348008,"Luthersville city, Georgia",1000,23,7,0,0,0,0,7,16,320,31,13,14,14,14,14,13,29,7,0,Pass,23,0,Pass,30.434782608695656,1.8571428571428572,TRUE,TRUE,TRUE,112.90626878361432,0,20,38.88446293792388,0,200,0,200,0,200,0,200,100,262.63966158357476,0,69.31924554661953,77.67453180880123,Percentage MOE exceeds 50% of estimate,0,100,NA,Unavailable MOE or zero percentage,0,100,NA,Unavailable MOE or zero percentage,0,100,NA,Unavailable MOE or zero percentage,0,100,NA,Unavailable MOE or zero percentage,0,100,159.67357659072937,Percentage MOE exceeds 50% of estimate,2024,2020-2024,ACS five-year,13,7,12.805561291876277,Denominator below story-scale threshold,12243,61.09619826456083,7,32038,Retained,NA,NA,NA,771,Percentage MOE exceeds 50% of estimate,NA,NA,NA,48,Unavailable MOE or zero percentage,NA,NA,NA,40,Unavailable MOE or zero percentage,NA,NA,NA,154,Unavailable MOE or zero percentage,NA,NA,NA,114,Unavailable MOE or zero percentage,NA,NA,NA,593,Percentage MOE exceeds 50% of estimate,NA,NA,NA,749,Denominator below story-scale threshold,365
1352108,"Molena city, Georgia",635,16,7,0,0,0,0,7,9,208,14,10,14,14,14,14,10,11,7,0,Pass,16,0,Pass,43.75,1.4285714285714286,TRUE,TRUE,TRUE,86.85097598739563,0,17,49.404411730507434,0,200,0,200,0,200,0,200,100,202.03050891044217,0,93.15441173050743,68.65314203004333,Percentage MOE exceeds 50% of estimate,0,100,NA,Unavailable MOE or zero percentage,0,100,NA,Unavailable MOE or zero percentage,0,100,NA,Unavailable MOE or zero percentage,0,100,NA,Unavailable MOE or zero percentage,0,100,122.82582814671491,Percentage MOE exceeds 50% of estimate,2024,2020-2024,ACS five-year,13,11.023622047244094,15.328469899915582,Denominator below story-scale threshold,12243,61.09619826456083,7,32038,Retained,NA,NA,NA,771,Percentage MOE exceeds 50% of estimate,NA,NA,NA,48,Unavailable MOE or zero percentage,NA,NA,NA,40,Unavailable MOE or zero percentage,NA,NA,NA,154,Unavailable MOE or zero percentage,NA,NA,NA,114,Unavailable MOE or zero percentage,NA,NA,NA,593,Percentage MOE exceeds 50% of estimate,NA,NA,NA,749,Denominator below story-scale threshold,365
1365856,"Roberta city, Georgia",1257,15,7,0,0,0,0,7,8,331,17,10,14,14,14,14,10,13,7,0,Pass,15,0,Pass,46.666666666666664,1.4285714285714286,TRUE,TRUE,TRUE,86.85097598739563,0,17,40.58583344645284,0,200,0,200,0,200,0,200,100,202.03050891044217,6.080833220213826,87.25250011311951,52.873788691294706,Percentage MOE exceeds 50% of estimate,0,100,NA,Unavailable MOE or zero percentage,0,100,NA,Unavailable MOE or zero percentage,0,100,NA,Unavailable MOE or zero percentage,0,100,NA,Unavailable MOE or zero percentage,0,100,122.82582814671491,Percentage MOE exceeds 50% of estimate,2024,2020-2024,ACS five-year,13,5.568814638027049,7.819131508341783,Denominator below story-scale threshold,12243,61.09619826456083,7,32038,Retained,NA,NA,NA,771,Percentage MOE exceeds 50% of estimate,NA,NA,NA,48,Unavailable MOE or zero percentage,NA,NA,NA,40,Unavailable MOE or zero percentage,NA,NA,NA,154,Unavailable MOE or zero percentage,NA,NA,NA,114,Unavailable MOE or zero percentage,NA,NA,NA,593,Percentage MOE exceeds 50% of estimate,NA,NA,NA,749,Denominator below story-scale threshold,365
1372780,"Springfield city, Georgia",2974,21,7,0,0,0,0,7,14,18,24,11,14,14,14,14,11,21,7,0,Pass,21,0,Pass,33.33333333333333,1.5714285714285714,TRUE,TRUE,TRUE,95.53607358613519,0,18,35.95159254890834,0,200,0,200,0,200,0,200,100,222.23355980148636,0,69.28492588224167,65.57104892465127,Percentage MOE exceeds 50% of estimate,0,100,NA,Unavailable MOE or zero percentage,0,100,NA,Unavailable MOE or zero percentage,0,100,NA,Unavailable MOE or zero percentage,0,100,NA,Unavailable MOE or zero percentage,0,100,135.1084109613864,Percentage MOE exceeds 50% of estimate,2024,2020-2024,ACS five-year,13,2.3537323470073974,3.6986948250781246,Denominator below story-scale threshold,12243,61.09619826456083,7,32038,Retained,NA,NA,NA,771,Percentage MOE exceeds 50% of estimate,NA,NA,NA,48,Unavailable MOE or zero percentage,NA,NA,NA,40,Unavailable MOE or zero percentage,NA,NA,NA,154,Unavailable MOE or zero percentage,NA,NA,NA,114,Unavailable MOE or zero percentage,NA,NA,NA,593,Percentage MOE exceeds 50% of estimate,NA,NA,NA,749,Denominator below story-scale threshold,365
1377736,"Tunnel Hill city, Georgia",939,15,7,0,0,3,4,0,8,251,12,9,14,14,5,8,14,9,7,0,Pass,15,0,Pass,46.666666666666664,1.2857142857142858,TRUE,TRUE,TRUE,78.16587838865607,0,16,46.970439876822766,0,200,0,200,42.857142857142854,45.45113765575528,57.14285714285714,87.54126771235599,0,200,0,93.63710654348944,61.19142818789016,Percentage MOE exceeds 50% of estimate,0,100,NA,Unavailable MOE or zero percentage,0,100,NA,Unavailable MOE or zero percentage,0,88.30828051289814,64.47543586395032,Percentage MOE exceeds 50% of estimate,0,100,93.13729561490204,Percentage MOE exceeds 50% of estimate,0,100,NA,Unavailable MOE or zero percentage,2024,2020-2024,ACS five-year,13,7.454739084132056,9.375231493986728,Denominator below story-scale threshold,12243,61.09619826456083,7,32038,Retained,NA,NA,NA,771,Percentage MOE exceeds 50% of estimate,NA,NA,NA,48,Unavailable MOE or zero percentage,NA,NA,NA,40,Unavailable MOE or zero percentage,NA,NA,NA,154,Percentage MOE exceeds 50% of estimate,NA,NA,NA,114,Percentage MOE exceeds 50% of estimate,NA,NA,NA,593,Unavailable MOE or zero percentage,NA,NA,NA,749,Denominator below story-scale threshold,365
1310608,"Brinson town, Georgia",207,11,6,0,0,0,0,6,5,100,11,9,14,14,14,14,9,8,6,0,Pass,11,0,Pass,54.54545454545454,1.5,TRUE,TRUE,TRUE,91.19352478676541,0,15,60.983672113630625,0,233.33333333333334,0,233.33333333333334,0,233.33333333333334,0,233.33333333333334,100,212.13203435596424,0,100,67.97164017700649,Percentage MOE exceeds 50% of estimate,0,100,NA,Unavailable MOE or zero percentage,0,100,NA,Unavailable MOE or zero percentage,0,100,NA,Unavailable MOE or zero percentage,0,100,NA,Unavailable MOE or zero percentage,0,100,128.96711955405064,Percentage MOE exceeds 50% of estimate,2024,2020-2024,ACS five-year,13,28.985507246376812,41.16168931190491,Denominator below story-scale threshold,12687,59.49029277732692,6,32038,Retained,NA,NA,NA,771,Percentage MOE exceeds 50% of estimate,NA,NA,NA,48,Unavailable MOE or zero percentage,NA,NA,NA,40,Unavailable MOE or zero percentage,NA,NA,NA,154,Unavailable MOE or zero percentage,NA,NA,NA,114,Unavailable MOE or zero percentage,NA,NA,NA,593,Percentage MOE exceeds 50% of estimate,NA,NA,NA,749,Denominator below story-scale threshold,375
1317552,"Colbert city, Georgia",806,41,6,0,0,0,0,6,35,334,47,7,14,14,14,14,7,46,6,0,Pass,41,0,Pass,14.634146341463413,1.1666666666666667,TRUE,TRUE,TRUE,70.9282970563731,0,13,3.17302447426404,0,233.33333333333334,0,233.33333333333334,0,233.33333333333334,0,233.33333333333334,100,164.9915822768611,11.461121867199374,17.807170815727453,13.181923030839169,Caregiver count MOE exceeds 50% of estimate,0,100,NA,Unavailable MOE or zero percentage,0,100,NA,Unavailable MOE or zero percentage,0,100,NA,Unavailable MOE or zero percentage,0,100,NA,Unavailable MOE or zero percentage,0,100,100.30775965315051,Percentage MOE exceeds 50% of estimate,2024,2020-2024,ACS five-year,13,7.444168734491315,8.118548894552767,Denominator below story-scale threshold,12687,59.49029277732692,6,32038,Retained,NA,NA,NA,771,Caregiver count MOE exceeds 50% of estimate,NA,NA,NA,48,Unavailable MOE or zero percentage,NA,NA,NA,40,Unavailable MOE or zero percentage,NA,NA,NA,154,Unavailable MOE or zero percentage,NA,NA,NA,114,Unavailable MOE or zero percentage,NA,NA,NA,593,Percentage MOE exceeds 50% of estimate,NA,NA,NA,749,Denominator below story-scale threshold,375
1320316,"Crawfordville city, Georgia",548,61,6,0,0,0,0,6,55,165,47,10,14,14,14,14,10,47,6,0,Pass,61,0,Pass,9.836065573770492,1.6666666666666667,TRUE,TRUE,TRUE,101.32613865196157,0,16,14.536494189223795,0,233.33333333333334,0,233.33333333333334,0,233.33333333333334,0,233.33333333333334,100,235.70226039551585,0,24.372559762994285,89.84853636957415,Percentage MOE exceeds 50% of estimate,0,100,NA,Unavailable MOE or zero percentage,0,100,NA,Unavailable MOE or zero percentage,0,100,NA,Unavailable MOE or zero percentage,0,100,NA,Unavailable MOE or zero percentage,0,100,143.29679950450074,Percentage MOE exceeds 50% of estimate,2024,2020-2024,ACS five-year,13,10.948905109489052,17.947922843293128,Denominator below story-scale threshold,12687,59.49029277732692,6,32038,Retained,NA,NA,NA,771,Percentage MOE exceeds 50% of estimate,NA,NA,NA,48,Unavailable MOE or zero percentage,NA,NA,NA,40,Unavailable MOE or zero percentage,NA,NA,NA,154,Unavailable MOE or zero percentage,NA,NA,NA,114,Unavailable MOE or zero percentage,NA,NA,NA,593,Percentage MOE exceeds 50% of estimate,NA,NA,NA,749,Denominator below story-scale threshold,375
1328548,"Fairplay CDP, Georgia",1881,48,6,0,0,0,0,6,42,511,39,10,14,14,14,14,10,38,6,0,Pass,48,0,Pass,12.5,1.6666666666666667,TRUE,TRUE,TRUE,101.32613865196157,0,16,18.190062224062835,0,233.33333333333334,0,233.33333333333334,0,233.33333333333334,0,233.33333333333334,100,235.70226039551585,0,30.690062224062835,88.47018081615356,Percentage MOE exceeds 50% of estimate,0,100,NA,Unavailable MOE or zero percentage,0,100,NA,Unavailable MOE or zero percentage,0,100,NA,Unavailable MOE or zero percentage,0,100,NA,Unavailable MOE or zero percentage,0,100,143.29679950450074,Percentage MOE exceeds 50% of estimate,2024,2020-2024,ACS five-year,13,3.189792663476874,5.245222394871343,Denominator below story-scale threshold,12687,59.49029277732692,6,32038,Retained,NA,NA,NA,771,Percentage MOE exceeds 50% of estimate,NA,NA,NA,48,Unavailable MOE or zero percentage,NA,NA,NA,40,Unavailable MOE or zero percentage,NA,NA,NA,154,Unavailable MOE or zero percentage,NA,NA,NA,114,Unavailable MOE or zero percentage,NA,NA,NA,593,Percentage MOE exceeds 50% of estimate,NA,NA,NA,749,Denominator below story-scale threshold,375
1341344,"Iron City town, Georgia",371,8,6,0,0,0,0,6,2,188,11,9,14,14,14,14,9,4,6,0,Pass,8,0,Pass,75,1.5,TRUE,TRUE,TRUE,91.19352478676541,0,15,44.96092053105675,0,233.33333333333334,0,233.33333333333334,0,233.33333333333334,0,233.33333333333334,100,212.13203435596424,30.03907946894325,100,36.445731741197456,Percentage MOE exceeds 50% of estimate,0,100,NA,Unavailable MOE or zero percentage,0,100,NA,Unavailable MOE or zero percentage,0,100,NA,Unavailable MOE or zero percentage,0,100,NA,Unavailable MOE or zero percentage,0,100,128.96711955405064,Percentage MOE exceeds 50% of estimate,2024,2020-2024,ACS five-year,13,16.172506738544474,22.83255583211457,Denominator below story-scale threshold,12687,59.49029277732692,6,32038,Retained,NA,NA,NA,771,Percentage MOE exceeds 50% of estimate,NA,NA,NA,48,Unavailable MOE or zero percentage,NA,NA,NA,40,Unavailable MOE or zero percentage,NA,NA,NA,154,Unavailable MOE or zero percentage,NA,NA,NA,114,Unavailable MOE or zero percentage,NA,NA,NA,593,Percentage MOE exceeds 50% of estimate,NA,NA,NA,749,Denominator below story-scale threshold,375
1359500,"Patterson city, Georgia",906,15,6,0,1,0,1,4,9,259,17,9,14,2,14,4,7,12,6,0,Pass,15,0,Pass,40,1.5,TRUE,TRUE,TRUE,91.19352478676541,0,15,39.30507459462313,0,233.33333333333334,16.666666666666664,22.04792759220492,0,233.33333333333334,16.666666666666664,61.80165405913053,66.66666666666666,60.092521257733154,0.6949254053768712,79.30507459462314,59.73947157150713,Percentage MOE exceeds 50% of estimate,0,100,NA,Unavailable MOE or zero percentage,0,38.714594258871585,80.42512925506195,Percentage MOE exceeds 50% of estimate,0,100,NA,Unavailable MOE or zero percentage,0,78.46832072579718,225.43642685217685,Percentage MOE exceeds 50% of estimate,6.574145408933504,100,54.800488268163164,Percentage MOE exceeds 50% of estimate,2024,2020-2024,ACS five-year,13,6.622516556291391,9.75170278451376,Denominator below story-scale threshold,12687,59.49029277732692,6,32038,Retained,NA,NA,NA,771,Percentage MOE exceeds 50% of estimate,NA,NA,NA,48,Unavailable MOE or zero percentage,NA,NA,NA,40,Percentage MOE exceeds 50% of estimate,NA,NA,NA,154,Unavailable MOE or zero percentage,NA,NA,NA,114,Percentage MOE exceeds 50% of estimate,NA,NA,NA,593,Percentage MOE exceeds 50% of estimate,NA,NA,NA,749,Denominator below story-scale threshold,375
1359556,"Pavo city, Georgia",901,12,6,0,0,6,0,0,6,235,15,12,14,14,12,14,14,9,6,0,Pass,12,0,Pass,50,2,TRUE,TRUE,TRUE,121.59136638235388,0,18,78.06247497997997,0,233.33333333333334,0,233.33333333333334,100,282.84271247461896,0,233.33333333333334,0,233.33333333333334,0,100,94.91722996004077,Percentage MOE exceeds 50% of estimate,0,100,NA,Unavailable MOE or zero percentage,0,100,NA,Unavailable MOE or zero percentage,0,100,171.95615940540083,Percentage MOE exceeds 50% of estimate,0,100,NA,Unavailable MOE or zero percentage,0,100,NA,Unavailable MOE or zero percentage,2024,2020-2024,ACS five-year,13,6.659267480577136,13.204795542438548,Denominator below story-scale threshold,12687,59.49029277732692,6,32038,Retained,NA,NA,NA,771,Percentage MOE exceeds 50% of estimate,NA,NA,NA,48,Unavailable MOE or zero percentage,NA,NA,NA,40,Unavailable MOE or zero percentage,NA,NA,NA,154,Percentage MOE exceeds 50% of estimate,NA,NA,NA,114,Unavailable MOE or zero percentage,NA,NA,NA,593,Unavailable MOE or zero percentage,NA,NA,NA,749,Denominator below story-scale threshold,375
1373004,"Stapleton city, Georgia",460,9,6,0,0,0,0,6,3,181,9,8,14,14,14,14,8,4,6,0,Pass,9,0,Pass,66.66666666666666,1.3333333333333333,TRUE,TRUE,TRUE,81.06091092156925,0,14,58.794473579213125,0,233.33333333333334,0,233.33333333333334,0,233.33333333333334,0,233.33333333333334,100,188.56180831641268,7.872193087453532,100,53.61675283670797,Percentage MOE exceeds 50% of estimate,0,100,NA,Unavailable MOE or zero percentage,0,100,NA,Unavailable MOE or zero percentage,0,100,NA,Unavailable MOE or zero percentage,0,100,NA,Unavailable MOE or zero percentage,0,100,114.63743960360058,Percentage MOE exceeds 50% of estimate,2024,2020-2024,ACS five-year,13,13.043478260869565,16.616759779144637,Denominator below story-scale threshold,12687,59.49029277732692,6,32038,Retained,NA,NA,NA,771,Percentage MOE exceeds 50% of estimate,NA,NA,NA,48,Unavailable MOE or zero percentage,NA,NA,NA,40,Unavailable MOE or zero percentage,NA,NA,NA,154,Unavailable MOE or zero percentage,NA,NA,NA,114,Unavailable MOE or zero percentage,NA,NA,NA,593,Percentage MOE exceeds 50% of estimate,NA,NA,NA,749,Denominator below story-scale threshold,375
1375244,"Talbotton city, Georgia",665,6,6,0,0,0,0,6,0,224,10,10,14,14,14,14,10,14,6,0,Pass,6,0,Pass,100,1.6666666666666667,TRUE,TRUE,TRUE,101.32613865196157,0,16,235.70226039551585,0,233.33333333333334,0,233.33333333333334,0,233.33333333333334,0,233.33333333333334,100,235.70226039551585,0,100,143.29679950450074,Percentage MOE exceeds 50% of estimate,0,100,NA,Unavailable MOE or zero percentage,0,100,NA,Unavailable MOE or zero percentage,0,100,NA,Unavailable MOE or zero percentage,0,100,NA,Unavailable MOE or zero percentage,0,100,143.29679950450074,Percentage MOE exceeds 50% of estimate,2024,2020-2024,ACS five-year,13,9.022556390977444,14.727275263616995,Denominator below story-scale threshold,12687,59.49029277732692,6,32038,Retained,NA,NA,NA,771,Percentage MOE exceeds 50% of estimate,NA,NA,NA,48,Unavailable MOE or zero percentage,NA,NA,NA,40,Unavailable MOE or zero percentage,NA,NA,NA,154,Unavailable MOE or zero percentage,NA,NA,NA,114,Unavailable MOE or zero percentage,NA,NA,NA,593,Percentage MOE exceeds 50% of estimate,NA,NA,NA,749,Denominator below story-scale threshold,375
1381128,"Webster County unified government, Georgia",2381,24,6,0,0,0,6,0,18,222,22,9,14,14,14,9,14,21,6,0,Pass,24,0,Pass,25,1.5,TRUE,TRUE,TRUE,91.19352478676541,0,15,29.682930934947933,0,233.33333333333334,0,233.33333333333334,0,233.33333333333334,100,212.13203435596424,0,233.33333333333334,0,54.68293093494793,72.1837626122672,Percentage MOE exceeds 50% of estimate,0,100,NA,Unavailable MOE or zero percentage,0,100,NA,Unavailable MOE or zero percentage,0,100,NA,Unavailable MOE or zero percentage,0,100,128.96711955405064,Percentage MOE exceeds 50% of estimate,0,100,NA,Unavailable MOE or zero percentage,2024,2020-2024,ACS five-year,13,2.51994960100798,3.7726150665503018,Denominator below story-scale threshold,12687,59.49029277732692,6,32038,Retained,NA,NA,NA,771,Percentage MOE exceeds 50% of estimate,NA,NA,NA,48,Unavailable MOE or zero percentage,NA,NA,NA,40,Unavailable MOE or zero percentage,NA,NA,NA,154,Unavailable MOE or zero percentage,NA,NA,NA,114,Percentage MOE exceeds 50% of estimate,NA,NA,NA,593,Unavailable MOE or zero percentage,NA,NA,NA,749,Denominator below story-scale threshold,375
1302928,"Arlington city, Georgia",1014,5,5,0,5,0,0,0,0,260,9,9,14,9,14,14,14,14,5,0,Pass,5,0,Pass,100,1.8,TRUE,TRUE,TRUE,109.43222974411849,0,14,254.5584412271571,0,280,100,254.5584412271571,0,280,0,280,0,280,0,100,154.76054346486077,Percentage MOE exceeds 50% of estimate,0,100,NA,Unavailable MOE or zero percentage,0,100,154.76054346486077,Percentage MOE exceeds 50% of estimate,0,100,NA,Unavailable MOE or zero percentage,0,100,NA,Unavailable MOE or zero percentage,0,100,NA,Unavailable MOE or zero percentage,2024,2020-2024,ACS five-year,13,4.930966469428008,8.785224662468508,Denominator below story-scale threshold,13272,57.76889943192459,6,32038,Retained,NA,NA,NA,771,Percentage MOE exceeds 50% of estimate,NA,NA,NA,48,Unavailable MOE or zero percentage,NA,NA,NA,40,Percentage MOE exceeds 50% of estimate,NA,NA,NA,154,Unavailable MOE or zero percentage,NA,NA,NA,114,Unavailable MOE or zero percentage,NA,NA,NA,593,Unavailable MOE or zero percentage,NA,NA,NA,749,Denominator below story-scale threshold,385
1312232,"Byromville town, Georgia",575,5,5,0,0,0,1,4,0,190,7,7,14,14,14,2,6,14,5,0,Pass,5,0,Pass,100,1.4,TRUE,TRUE,TRUE,85.11395646764771,0,12,197.98989873223331,0,280,0,280,0,280,20,28.565713714171398,80,43.081318457076,0,100,120.36931158378061,Percentage MOE exceeds 50% of estimate,0,100,NA,Unavailable MOE or zero percentage,0,100,NA,Unavailable MOE or zero percentage,0,100,NA,Unavailable MOE or zero percentage,0,48.565713714171395,86.83360405483113,Percentage MOE exceeds 50% of estimate,36.918681542924,100,32.73947735468246,Percentage MOE exceeds 50% of estimate,2024,2020-2024,ACS five-year,13,8.695652173913043,11.829963732987803,Denominator below story-scale threshold,13272,57.76889943192459,6,32038,Retained,NA,NA,NA,771,Percentage MOE exceeds 50% of estimate,NA,NA,NA,48,Unavailable MOE or zero percentage,NA,NA,NA,40,Unavailable MOE or zero percentage,NA,NA,NA,154,Unavailable MOE or zero percentage,NA,NA,NA,114,Percentage MOE exceeds 50% of estimate,NA,NA,NA,593,Percentage MOE exceeds 50% of estimate,NA,NA,NA,749,Denominator below story-scale threshold,385
1315648,"Chauncey city, Georgia",264,8,5,0,0,0,0,5,3,111,8,7,14,14,14,14,7,4,5,0,Pass,8,0,Pass,62.5,1.4,TRUE,TRUE,TRUE,85.11395646764771,0,12,61.23724356957945,0,280,0,280,0,280,0,280,100,197.98989873223331,1.262756430420552,100,59.56736095291343,Percentage MOE exceeds 50% of estimate,0,100,NA,Unavailable MOE or zero percentage,0,100,NA,Unavailable MOE or zero percentage,0,100,NA,Unavailable MOE or zero percentage,0,100,NA,Unavailable MOE or zero percentage,0,100,120.36931158378061,Percentage MOE exceeds 50% of estimate,2024,2020-2024,ACS five-year,13,18.93939393939394,25.291133504532,Denominator below story-scale threshold,13272,57.76889943192459,6,32038,Retained,NA,NA,NA,771,Percentage MOE exceeds 50% of estimate,NA,NA,NA,48,Unavailable MOE or zero percentage,NA,NA,NA,40,Unavailable MOE or zero percentage,NA,NA,NA,154,Unavailable MOE or zero percentage,NA,NA,NA,114,Unavailable MOE or zero percentage,NA,NA,NA,593,Percentage MOE exceeds 50% of estimate,NA,NA,NA,749,Denominator below story-scale threshold,385
1321632,"Danielsville city, Georgia",952,20,5,1,0,0,4,0,15,313,22,7,4,14,14,6,14,19,5,0,Pass,20,0,Pass,25,1.4,TRUE,TRUE,TRUE,85.11395646764771,0,12,21.65063509461097,20,74.93997598078079,0,280,0,280,80,43.081318457076,0,280,3.349364905389031,46.65063509461097,52.65060608398983,Percentage MOE exceeds 50% of estimate,0,94.93997598078079,227.8013519040979,Percentage MOE exceeds 50% of estimate,0,100,NA,Unavailable MOE or zero percentage,0,100,NA,Unavailable MOE or zero percentage,36.918681542924,100,32.73947735468246,Percentage MOE exceeds 50% of estimate,0,100,NA,Unavailable MOE or zero percentage,2024,2020-2024,ACS five-year,13,5.2521008403361344,7.14730212073882,Denominator below story-scale threshold,13272,57.76889943192459,6,32038,Retained,NA,NA,NA,771,Percentage MOE exceeds 50% of estimate,NA,NA,NA,48,Percentage MOE exceeds 50% of estimate,NA,NA,NA,40,Unavailable MOE or zero percentage,NA,NA,NA,154,Unavailable MOE or zero percentage,NA,NA,NA,114,Percentage MOE exceeds 50% of estimate,NA,NA,NA,593,Unavailable MOE or zero percentage,NA,NA,NA,749,Denominator below story-scale threshold,385
1325300,"East Dublin city, Georgia",2489,73,5,0,0,0,0,5,68,23,58,7,14,14,14,14,7,59,5,0,Pass,73,0,Pass,6.8493150684931505,1.4,TRUE,TRUE,TRUE,85.11395646764771,0,12,7.895264331209935,0,280,0,280,0,280,0,280,100,197.98989873223331,0,14.744579399703085,70.07970639266244,Percentage MOE exceeds 50% of estimate,0,100,NA,Unavailable MOE or zero percentage,0,100,NA,Unavailable MOE or zero percentage,0,100,NA,Unavailable MOE or zero percentage,0,100,NA,Unavailable MOE or zero percentage,0,100,120.36931158378061,Percentage MOE exceeds 50% of estimate,2024,2020-2024,ACS five-year,13,2.008838891120932,2.812313184650363,Denominator below story-scale threshold,13272,57.76889943192459,6,32038,Retained,NA,NA,NA,771,Percentage MOE exceeds 50% of estimate,NA,NA,NA,48,Unavailable MOE or zero percentage,NA,NA,NA,40,Unavailable MOE or zero percentage,NA,NA,NA,154,Unavailable MOE or zero percentage,NA,NA,NA,114,Unavailable MOE or zero percentage,NA,NA,NA,593,Percentage MOE exceeds 50% of estimate,NA,NA,NA,749,Denominator below story-scale threshold,385
1327596,"Enigma town, Georgia",1140,5,5,0,0,5,0,0,0,345,8,8,14,14,8,14,14,14,5,0,Pass,5,0,Pass,100,1.6,TRUE,TRUE,TRUE,97.2730931058831,0,13,226.27416997969522,0,280,0,280,100,226.27416997969522,0,280,0,280,0,100,137.5649275243207,Percentage MOE exceeds 50% of estimate,0,100,NA,Unavailable MOE or zero percentage,0,100,NA,Unavailable MOE or zero percentage,0,100,137.5649275243207,Percentage MOE exceeds 50% of estimate,0,100,NA,Unavailable MOE or zero percentage,0,100,NA,Unavailable MOE or zero percentage,2024,2020-2024,ACS five-year,13,4.385964912280701,6.890871711674035,Denominator below story-scale threshold,13272,57.76889943192459,6,32038,Retained,NA,NA,NA,771,Percentage MOE exceeds 50% of estimate,NA,NA,NA,48,Unavailable MOE or zero percentage,NA,NA,NA,40,Unavailable MOE or zero percentage,NA,NA,NA,154,Percentage MOE exceeds 50% of estimate,NA,NA,NA,114,Unavailable MOE or zero percentage,NA,NA,NA,593,Unavailable MOE or zero percentage,NA,NA,NA,749,Denominator below story-scale threshold,385
1332132,"Gardi CDP, Georgia",14,5,5,0,0,0,5,0,0,19,11,11,14,14,14,11,14,14,5,0,Pass,5,0,Pass,100,2.2,TRUE,TRUE,TRUE,133.7505030205893,0,16,311.1269837220809,0,280,0,280,0,280,100,311.1269837220809,0,280,0,100,189.15177534594096,Percentage MOE exceeds 50% of estimate,0,100,NA,Unavailable MOE or zero percentage,0,100,NA,Unavailable MOE or zero percentage,0,100,NA,Unavailable MOE or zero percentage,0,100,189.15177534594096,Percentage MOE exceeds 50% of estimate,0,100,NA,Unavailable MOE or zero percentage,2024,2020-2024,ACS five-year,13,357.14285714285717,618.4001809832098,Denominator below story-scale threshold,13272,57.76889943192459,6,32038,Retained,NA,NA,NA,771,Percentage MOE exceeds 50% of estimate,NA,NA,NA,48,Unavailable MOE or zero percentage,NA,NA,NA,40,Unavailable MOE or zero percentage,NA,NA,NA,154,Unavailable MOE or zero percentage,NA,NA,NA,114,Percentage MOE exceeds 50% of estimate,NA,NA,NA,593,Unavailable MOE or zero percentage,NA,NA,NA,749,Denominator below story-scale threshold,385
1336220,"Hamilton city, Georgia",2043,25,5,0,0,5,0,0,20,428,32,9,14,14,9,14,14,30,5,0,Pass,25,0,Pass,20,1.8,TRUE,TRUE,TRUE,109.43222974411849,0,14,25.310867231290196,0,280,0,280,100,254.5584412271571,0,280,0,280,0,45.310867231290196,76.93957327437302,Percentage MOE exceeds 50% of estimate,0,100,NA,Unavailable MOE or zero percentage,0,100,NA,Unavailable MOE or zero percentage,0,100,154.76054346486077,Percentage MOE exceeds 50% of estimate,0,100,NA,Unavailable MOE or zero percentage,0,100,NA,Unavailable MOE or zero percentage,2024,2020-2024,ACS five-year,13,2.4473813020068524,4.375347970978326,Denominator below story-scale threshold,13272,57.76889943192459,6,32038,Retained,NA,NA,NA,771,Percentage MOE exceeds 50% of estimate,NA,NA,NA,48,Unavailable MOE or zero percentage,NA,NA,NA,40,Unavailable MOE or zero percentage,NA,NA,NA,154,Percentage MOE exceeds 50% of estimate,NA,NA,NA,114,Unavailable MOE or zero percentage,NA,NA,NA,593,Unavailable MOE or zero percentage,NA,NA,NA,749,Denominator below story-scale threshold,385
1338920,"Hiltonia town, Georgia",492,15,5,0,0,0,0,5,10,302,19,8,14,14,14,14,8,16,5,0,Pass,15,0,Pass,33.33333333333333,1.6,TRUE,TRUE,TRUE,97.2730931058831,0,13,32.58417399692262,0,280,0,280,0,280,0,280,100,226.27416997969522,0.7491593364107061,65.91750733025594,59.42931358089282,Percentage MOE exceeds 50% of estimate,0,100,NA,Unavailable MOE or zero percentage,0,100,NA,Unavailable MOE or zero percentage,0,100,NA,Unavailable MOE or zero percentage,0,100,NA,Unavailable MOE or zero percentage,0,100,137.5649275243207,Percentage MOE exceeds 50% of estimate,2024,2020-2024,ACS five-year,13,10.16260162601626,15.015991412084217,Denominator below story-scale threshold,13272,57.76889943192459,6,32038,Retained,NA,NA,NA,771,Percentage MOE exceeds 50% of estimate,NA,NA,NA,48,Unavailable MOE or zero percentage,NA,NA,NA,40,Unavailable MOE or zero percentage,NA,NA,NA,154,Unavailable MOE or zero percentage,NA,NA,NA,114,Unavailable MOE or zero percentage,NA,NA,NA,593,Percentage MOE exceeds 50% of estimate,NA,NA,NA,749,Denominator below story-scale threshold,385
1341400,"Irwinton city, Georgia",534,14,5,3,0,0,0,2,9,140,11,5,4,14,14,14,4,11,5,0,Pass,14,0,Pass,35.714285714285715,1,FALSE,TRUE,TRUE,60.79568319117694,0,10,22.092484790419352,60,52.91502622129182,0,280,0,280,0,280,40,69.2820323027551,13.621800923866363,57.80677050470507,37.60757577427844,Percentage MOE exceeds 50% of estimate,7.084973778708182,100,53.61675283670797,Percentage MOE exceeds 50% of estimate,0,100,NA,Unavailable MOE or zero percentage,0,100,NA,Unavailable MOE or zero percentage,0,100,NA,Unavailable MOE or zero percentage,0,100,105.30121216797966,Percentage MOE exceeds 50% of estimate,2024,2020-2024,ACS five-year,13,9.363295880149813,9.035777942985268,Denominator below story-scale threshold,13272,57.76889943192459,6,32038,Retained,NA,NA,NA,771,Percentage MOE exceeds 50% of estimate,NA,NA,NA,48,Percentage MOE exceeds 50% of estimate,NA,NA,NA,40,Unavailable MOE or zero percentage,NA,NA,NA,154,Unavailable MOE or zero percentage,NA,NA,NA,114,Unavailable MOE or zero percentage,NA,NA,NA,593,Percentage MOE exceeds 50% of estimate,NA,NA,NA,749,Denominator below story-scale threshold,385
1348092,"Lyerly town, Georgia",525,15,5,0,0,0,5,0,10,192,14,6,14,14,14,6,14,9,5,0,Pass,15,0,Pass,33.33333333333333,1.2,TRUE,TRUE,TRUE,72.95481982941233,0,11,25.141574442188357,0,280,0,280,0,280,100,169.70562748477138,0,280,8.191758891144971,58.474907775521686,45.85497584144024,Percentage MOE exceeds 50% of estimate,0,100,NA,Unavailable MOE or zero percentage,0,100,NA,Unavailable MOE or zero percentage,0,100,NA,Unavailable MOE or zero percentage,0,100,103.1736956432405,Percentage MOE exceeds 50% of estimate,0,100,NA,Unavailable MOE or zero percentage,2024,2020-2024,ACS five-year,13,9.5238095238095255,10.88489794557891,Denominator below story-scale threshold,13272,57.76889943192459,6,32038,Retained,NA,NA,NA,771,Percentage MOE exceeds 50% of estimate,NA,NA,NA,48,Unavailable MOE or zero percentage,NA,NA,NA,40,Unavailable MOE or zero percentage,NA,NA,NA,154,Unavailable MOE or zero percentage,NA,NA,NA,114,Percentage MOE exceeds 50% of estimate,NA,NA,NA,593,Unavailable MOE or zero percentage,NA,NA,NA,749,Denominator below story-scale threshold,385
1351352,"Midway city, Georgia",2185,33,5,0,0,0,0,5,28,428,27,8,14,14,14,14,8,24,5,0,Pass,33,0,Pass,15.151515151515152,1.6,TRUE,TRUE,TRUE,97.2730931058831,0,13,20.83307720171309,0,280,0,280,0,280,0,280,100,226.27416997969522,0,35.98459235322824,83.59303665587687,Percentage MOE exceeds 50% of estimate,0,100,NA,Unavailable MOE or zero percentage,0,100,NA,Unavailable MOE or zero percentage,0,100,NA,Unavailable MOE or zero percentage,0,100,NA,Unavailable MOE or zero percentage,0,100,137.5649275243207,Percentage MOE exceeds 50% of estimate,2024,2020-2024,ACS five-year,13,2.288329519450801,3.633785592944915,Denominator below story-scale threshold,13272,57.76889943192459,6,32038,Retained,NA,NA,NA,771,Percentage MOE exceeds 50% of estimate,NA,NA,NA,48,Unavailable MOE or zero percentage,NA,NA,NA,40,Unavailable MOE or zero percentage,NA,NA,NA,154,Unavailable MOE or zero percentage,NA,NA,NA,114,Unavailable MOE or zero percentage,NA,NA,NA,593,Percentage MOE exceeds 50% of estimate,NA,NA,NA,749,Denominator below story-scale threshold,385
1361628,"Plains city, Georgia",750,6,5,0,0,0,0,5,1,434,10,9,14,14,14,14,9,3,5,0,Pass,6,0,Pass,83.33333333333334,1.8,TRUE,TRUE,TRUE,109.43222974411849,0,14,56.655772373253136,0,280,0,280,0,280,0,280,100,254.5584412271571,26.677560960080207,100,41.33311665786878,Percentage MOE exceeds 50% of estimate,0,100,NA,Unavailable MOE or zero percentage,0,100,NA,Unavailable MOE or zero percentage,0,100,NA,Unavailable MOE or zero percentage,0,100,NA,Unavailable MOE or zero percentage,0,100,154.76054346486077,Percentage MOE exceeds 50% of estimate,2024,2020-2024,ACS five-year,13,6.666666666666667,11.362990390618304,Denominator below story-scale threshold,13272,57.76889943192459,6,32038,Retained,NA,NA,NA,771,Percentage MOE exceeds 50% of estimate,NA,NA,NA,48,Unavailable MOE or zero percentage,NA,NA,NA,40,Unavailable MOE or zero percentage,NA,NA,NA,154,Unavailable MOE or zero percentage,NA,NA,NA,114,Unavailable MOE or zero percentage,NA,NA,NA,593,Percentage MOE exceeds 50% of estimate,NA,NA,NA,749,Denominator below story-scale threshold,385
1362216,"Portal town, Georgia",646,14,5,0,0,5,0,0,9,229,19,8,14,14,8,14,14,15,5,0,Pass,14,0,Pass,35.714285714285715,1.6,TRUE,TRUE,TRUE,97.2730931058831,0,13,30.265897857069163,0,280,0,280,100,226.27416997969522,0,280,0,280,5.448387857216552,65.98018357135487,51.52100625321714,Percentage MOE exceeds 50% of estimate,0,100,NA,Unavailable MOE or zero percentage,0,100,NA,Unavailable MOE or zero percentage,0,100,137.5649275243207,Percentage MOE exceeds 50% of estimate,0,100,NA,Unavailable MOE or zero percentage,0,100,NA,Unavailable MOE or zero percentage,2024,2020-2024,ACS five-year,13,7.739938080495356,12.076132652340707,Denominator below story-scale threshold,13272,57.76889943192459,6,32038,Retained,NA,NA,NA,771,Percentage MOE exceeds 50% of estimate,NA,NA,NA,48,Unavailable MOE or zero percentage,NA,NA,NA,40,Unavailable MOE or zero percentage,NA,NA,NA,154,Percentage MOE exceeds 50% of estimate,NA,NA,NA,114,Unavailable MOE or zero percentage,NA,NA,NA,593,Unavailable MOE or zero percentage,NA,NA,NA,749,Denominator below story-scale threshold,385
1366444,"Rocky Ford town, Georgia",276,5,5,0,0,0,5,0,0,125,7,7,14,14,14,7,14,14,5,0,Pass,5,0,Pass,100,1.4,TRUE,TRUE,TRUE,85.11395646764771,0,12,197.98989873223331,0,280,0,280,0,280,100,197.98989873223331,0,280,0,100,120.36931158378061,Percentage MOE exceeds 50% of estimate,0,100,NA,Unavailable MOE or zero percentage,0,100,NA,Unavailable MOE or zero percentage,0,100,NA,Unavailable MOE or zero percentage,0,100,120.36931158378061,Percentage MOE exceeds 50% of estimate,0,100,NA,Unavailable MOE or zero percentage,2024,2020-2024,ACS five-year,13,18.115942028985508,23.998549523614933,Denominator below story-scale threshold,13272,57.76889943192459,6,32038,Retained,NA,NA,NA,771,Percentage MOE exceeds 50% of estimate,NA,NA,NA,48,Unavailable MOE or zero percentage,NA,NA,NA,40,Unavailable MOE or zero percentage,NA,NA,NA,154,Unavailable MOE or zero percentage,NA,NA,NA,114,Percentage MOE exceeds 50% of estimate,NA,NA,NA,593,Unavailable MOE or zero percentage,NA,NA,NA,749,Denominator below story-scale threshold,385
1367760,"Rutledge city, Georgia",1271,49,5,0,0,3,0,2,44,480,57,8,14,14,7,14,3,57,5,0,Pass,49,0,Pass,10.204081632653061,1.6,TRUE,TRUE,TRUE,97.2730931058831,0,13,11.20970188937007,0,280,0,280,60,101.90191362285597,0,280,40,87.72684879784525,0,21.41378352202313,66.78714550390069,Percentage MOE exceeds 50% of estimate,0,100,NA,Unavailable MOE or zero percentage,0,100,NA,Unavailable MOE or zero percentage,0,100,103.25327428649715,Percentage MOE exceeds 50% of estimate,0,100,NA,Unavailable MOE or zero percentage,0,100,133.33534267185203,Percentage MOE exceeds 50% of estimate,2024,2020-2024,ACS five-year,13,3.933910306845004,6.116410051728636,Denominator below story-scale threshold,13272,57.76889943192459,6,32038,Retained,NA,NA,NA,771,Percentage MOE exceeds 50% of estimate,NA,NA,NA,48,Unavailable MOE or zero percentage,NA,NA,NA,40,Unavailable MOE or zero percentage,NA,NA,NA,154,Percentage MOE exceeds 50% of estimate,NA,NA,NA,114,Unavailable MOE or zero percentage,NA,NA,NA,593,Percentage MOE exceeds 50% of estimate,NA,NA,NA,749,Denominator below story-scale threshold,385
1369784,"Shady Dale town, Georgia",345,18,5,0,0,5,0,0,13,138,21,8,14,14,8,14,14,19,5,0,Pass,18,0,Pass,27.77777777777778,1.6,TRUE,TRUE,TRUE,97.2730931058831,0,13,30.414940195660815,0,280,0,280,100,226.27416997969522,0,280,0,280,0,58.19271797343859,66.56749446290357,Percentage MOE exceeds 50% of estimate,0,100,NA,Unavailable MOE or zero percentage,0,100,NA,Unavailable MOE or zero percentage,0,100,137.5649275243207,Percentage MOE exceeds 50% of estimate,0,100,NA,Unavailable MOE or zero percentage,0,100,NA,Unavailable MOE or zero percentage,2024,2020-2024,ACS five-year,13,14.492753623188406,22.452077369318356,Denominator below story-scale threshold,13272,57.76889943192459,6,32038,Retained,NA,NA,NA,771,Percentage MOE exceeds 50% of estimate,NA,NA,NA,48,Unavailable MOE or zero percentage,NA,NA,NA,40,Unavailable MOE or zero percentage,NA,NA,NA,154,Percentage MOE exceeds 50% of estimate,NA,NA,NA,114,Unavailable MOE or zero percentage,NA,NA,NA,593,Unavailable MOE or zero percentage,NA,NA,NA,749,Denominator below story-scale threshold,385
1371184,"Skidaway Island CDP, Georgia",9315,5,5,0,0,5,0,0,0,621,9,9,20,20,9,20,20,20,5,0,Pass,5,0,Pass,100,1.8,TRUE,TRUE,TRUE,109.43222974411849,0,14,254.5584412271571,0,400,0,400,100,254.5584412271571,0,400,0,400,0,100,154.76054346486077,Percentage MOE exceeds 50% of estimate,0,100,NA,Unavailable MOE or zero percentage,0,100,NA,Unavailable MOE or zero percentage,0,100,154.76054346486077,Percentage MOE exceeds 50% of estimate,0,100,NA,Unavailable MOE or zero percentage,0,100,NA,Unavailable MOE or zero percentage,2024,2020-2024,ACS five-year,13,0.5367686527106817,0.965520670118593,Denominator below story-scale threshold,13272,57.76889943192459,6,32038,Retained,NA,NA,NA,771,Percentage MOE exceeds 50% of estimate,NA,NA,NA,48,Unavailable MOE or zero percentage,NA,NA,NA,40,Unavailable MOE or zero percentage,NA,NA,NA,154,Percentage MOE exceeds 50% of estimate,NA,NA,NA,114,Unavailable MOE or zero percentage,NA,NA,NA,593,Unavailable MOE or zero percentage,NA,NA,NA,749,Denominator below story-scale threshold,385
1372584,"Sparta city, Georgia",1830,80,5,0,0,0,0,5,75,625,99,13,14,14,14,14,13,99,5,0,Pass,80,0,Pass,6.25,2.6,TRUE,TRUE,TRUE,158.06877629706003,0,18,14.291324059000795,0,280,0,280,0,280,0,280,100,367.6955262170047,0,20.541324059000793,139.01612957975314,Percentage MOE exceeds 50% of estimate,0,100,NA,Unavailable MOE or zero percentage,0,100,NA,Unavailable MOE or zero percentage,0,100,NA,Unavailable MOE or zero percentage,0,100,NA,Unavailable MOE or zero percentage,0,100,223.54300722702115,Percentage MOE exceeds 50% of estimate,2024,2020-2024,ACS five-year,13,2.73224043715847,7.042270738758884,Denominator below story-scale threshold,13272,57.76889943192459,6,32038,Retained,NA,NA,NA,771,Percentage MOE exceeds 50% of estimate,NA,NA,NA,48,Unavailable MOE or zero percentage,NA,NA,NA,40,Unavailable MOE or zero percentage,NA,NA,NA,154,Unavailable MOE or zero percentage,NA,NA,NA,114,Unavailable MOE or zero percentage,NA,NA,NA,593,Percentage MOE exceeds 50% of estimate,NA,NA,NA,749,Denominator below story-scale threshold,385
1374572,"Sunny Side CDP, Georgia",994,5,5,0,0,0,0,5,0,329,7,7,14,14,14,14,7,14,5,0,Pass,5,0,Pass,100,1.4,TRUE,TRUE,TRUE,85.11395646764771,0,12,197.98989873223331,0,280,0,280,0,280,0,280,100,197.98989873223331,0,100,120.36931158378061,Percentage MOE exceeds 50% of estimate,0,100,NA,Unavailable MOE or zero percentage,0,100,NA,Unavailable MOE or zero percentage,0,100,NA,Unavailable MOE or zero percentage,0,100,NA,Unavailable MOE or zero percentage,0,100,120.36931158378061,Percentage MOE exceeds 50% of estimate,2024,2020-2024,ACS five-year,13,5.030181086519114,6.842614929459345,Denominator below story-scale threshold,13272,57.76889943192459,6,32038,Retained,NA,NA,NA,771,Percentage MOE exceeds 50% of estimate,NA,NA,NA,48,Unavailable MOE or zero percentage,NA,NA,NA,40,Unavailable MOE or zero percentage,NA,NA,NA,154,Unavailable MOE or zero percentage,NA,NA,NA,114,Unavailable MOE or zero percentage,NA,NA,NA,593,Percentage MOE exceeds 50% of estimate,NA,NA,NA,749,Denominator below story-scale threshold,385
1382720,"Whitesburg city, Georgia",525,10,5,0,0,0,3,2,5,137,22,15,14,14,14,13,4,11,5,0,Pass,10,0,Pass,50,3,TRUE,TRUE,TRUE,182.38704957353082,0,20,101.98039027185568,0,280,0,280,0,280,60,187.6166303929372,40,144.22205101855957,0,100,123.99934997360641,Percentage MOE exceeds 50% of estimate,0,100,NA,Unavailable MOE or zero percentage,0,100,NA,Unavailable MOE or zero percentage,0,100,NA,Unavailable MOE or zero percentage,0,100,190.1046870460858,Percentage MOE exceeds 50% of estimate,0,100,219.20195307265263,Percentage MOE exceeds 50% of estimate,2024,2020-2024,ACS five-year,13,9.5238095238095255,28.4631342180108,Denominator below story-scale threshold,13272,57.76889943192459,6,32038,Retained,NA,NA,NA,771,Percentage MOE exceeds 50% of estimate,NA,NA,NA,48,Unavailable MOE or zero percentage,NA,NA,NA,40,Unavailable MOE or zero percentage,NA,NA,NA,154,Unavailable MOE or zero percentage,NA,NA,NA,114,Percentage MOE exceeds 50% of estimate,NA,NA,NA,593,Percentage MOE exceeds 50% of estimate,NA,NA,NA,749,Denominator below story-scale threshold,385
1304448,"Avera city, Georgia",259,8,4,0,0,0,0,4,4,111,9,5,14,14,14,14,5,6,4,0,Pass,8,0,Pass,50,1.25,TRUE,TRUE,TRUE,75.99460398897118,0,9,27.243118397129212,0,350,0,350,0,350,0,350,100,176.7766952966369,22.756881602870788,77.24311839712921,33.12527990423183,Percentage MOE exceeds 50% of estimate,0,100,NA,Unavailable MOE or zero percentage,0,100,NA,Unavailable MOE or zero percentage,0,100,NA,Unavailable MOE or zero percentage,0,100,NA,Unavailable MOE or zero percentage,0,100,107.47259962837555,Percentage MOE exceeds 50% of estimate,2024,2020-2024,ACS five-year,13,15.444015444015445,18.13489489550314,Denominator below story-scale threshold,13790,55.908608527373744,6,32038,Retained,NA,NA,NA,771,Percentage MOE exceeds 50% of estimate,NA,NA,NA,48,Unavailable MOE or zero percentage,NA,NA,NA,40,Unavailable MOE or zero percentage,NA,NA,NA,154,Unavailable MOE or zero percentage,NA,NA,NA,114,Unavailable MOE or zero percentage,NA,NA,NA,593,Percentage MOE exceeds 50% of estimate,NA,NA,NA,749,Denominator below story-scale threshold,406
1309712,"Bowman city, Georgia",804,20,4,0,0,0,0,4,16,258,21,7,14,14,14,14,7,23,4,0,Pass,20,0,Pass,20,1.75,TRUE,TRUE,TRUE,106.39244558455964,0,11,27.999999999999996,0,350,0,350,0,350,0,350,100,247.48737341529164,0,48,85.11395646764771,Percentage MOE exceeds 50% of estimate,0,100,NA,Unavailable MOE or zero percentage,0,100,NA,Unavailable MOE or zero percentage,0,100,NA,Unavailable MOE or zero percentage,0,100,NA,Unavailable MOE or zero percentage,0,100,150.46163947972576,Percentage MOE exceeds 50% of estimate,2024,2020-2024,ACS five-year,13,4.975124378109452,8.55884235302777,Denominator below story-scale threshold,13790,55.908608527373744,6,32038,Retained,NA,NA,NA,771,Percentage MOE exceeds 50% of estimate,NA,NA,NA,48,Unavailable MOE or zero percentage,NA,NA,NA,40,Unavailable MOE or zero percentage,NA,NA,NA,154,Unavailable MOE or zero percentage,NA,NA,NA,114,Unavailable MOE or zero percentage,NA,NA,NA,593,Percentage MOE exceeds 50% of estimate,NA,NA,NA,749,Denominator below story-scale threshold,406
1311672,"Buckhead town, Georgia",331,7,4,0,0,0,4,0,3,185,13,7,14,14,14,7,14,6,4,0,Pass,7,0,Pass,57.14285714285714,1.75,TRUE,TRUE,TRUE,106.39244558455964,0,11,145.81486267670408,0,350,0,350,0,350,100,247.48737341529164,0,350,0,100,155.13599842751276,Percentage MOE exceeds 50% of estimate,0,100,NA,Unavailable MOE or zero percentage,0,100,NA,Unavailable MOE or zero percentage,0,100,NA,Unavailable MOE or zero percentage,0,100,150.46163947972576,Percentage MOE exceeds 50% of estimate,0,100,NA,Unavailable MOE or zero percentage,2024,2020-2024,ACS five-year,13,12.084592145015106,20.04045504218938,Denominator below story-scale threshold,13790,55.908608527373744,6,32038,Retained,NA,NA,NA,771,Percentage MOE exceeds 50% of estimate,NA,NA,NA,48,Unavailable MOE or zero percentage,NA,NA,NA,40,Unavailable MOE or zero percentage,NA,NA,NA,154,Unavailable MOE or zero percentage,NA,NA,NA,114,Percentage MOE exceeds 50% of estimate,NA,NA,NA,593,Unavailable MOE or zero percentage,NA,NA,NA,749,Denominator below story-scale threshold,406
1312932,"Canon city, Georgia",879,6,4,3,0,1,0,0,2,278,9,7,6,14,4,14,14,4,4,0,Pass,6,0,Pass,66.66666666666666,1.75,TRUE,TRUE,TRUE,106.39244558455964,0,11,60.092521257733154,75,72.61843774138906,0,350,25,89.9218410621135,0,350,0,350,6.574145408933504,100,54.800488268163164,Percentage MOE exceeds 50% of estimate,2.3815622586109413,100,58.86516713018262,Percentage MOE exceeds 50% of estimate,0,100,NA,Unavailable MOE or zero percentage,0,100,218.67439044718472,Percentage MOE exceeds 50% of estimate,0,100,NA,Unavailable MOE or zero percentage,0,100,NA,Unavailable MOE or zero percentage,2024,2020-2024,ACS five-year,13,4.550625711035267,7.832464008265481,Denominator below story-scale threshold,13790,55.908608527373744,6,32038,Retained,NA,NA,NA,771,Percentage MOE exceeds 50% of estimate,NA,NA,NA,48,Percentage MOE exceeds 50% of estimate,NA,NA,NA,40,Unavailable MOE or zero percentage,NA,NA,NA,154,Percentage MOE exceeds 50% of estimate,NA,NA,NA,114,Unavailable MOE or zero percentage,NA,NA,NA,593,Unavailable MOE or zero percentage,NA,NA,NA,749,Denominator below story-scale threshold,406
1314108,"Cave Spring city, Georgia",1080,31,4,0,0,0,0,4,27,255,34,8,14,14,14,14,8,33,4,0,Pass,31,0,Pass,12.903225806451612,2,TRUE,TRUE,TRUE,121.59136638235388,0,12,21.579989838610985,0,350,0,350,0,350,0,350,100,282.842712474619,0,34.4832156450626,101.67769247601836,Percentage MOE exceeds 50% of estimate,0,100,NA,Unavailable MOE or zero percentage,0,100,NA,Unavailable MOE or zero percentage,0,100,NA,Unavailable MOE or zero percentage,0,100,NA,Unavailable MOE or zero percentage,0,100,171.95615940540088,Percentage MOE exceeds 50% of estimate,2024,2020-2024,ACS five-year,13,3.7037037037037037,7.355607346811322,Denominator below story-scale threshold,13790,55.908608527373744,6,32038,Retained,NA,NA,NA,771,Percentage MOE exceeds 50% of estimate,NA,NA,NA,48,Unavailable MOE or zero percentage,NA,NA,NA,40,Unavailable MOE or zero percentage,NA,NA,NA,154,Unavailable MOE or zero percentage,NA,NA,NA,114,Unavailable MOE or zero percentage,NA,NA,NA,593,Percentage MOE exceeds 50% of estimate,NA,NA,NA,749,Denominator below story-scale threshold,406
1326980,"Ellaville city, Georgia",1668,29,4,0,0,0,4,0,25,348,35,6,14,14,14,6,14,34,4,0,Pass,29,0,Pass,13.793103448275861,1.5,TRUE,TRUE,TRUE,91.19352478676541,0,10,12.285937077849693,0,350,0,350,0,350,100,212.13203435596424,0,350,1.5071663704261677,26.079040526125553,54.1525655261471,Percentage MOE exceeds 50% of estimate,0,100,NA,Unavailable MOE or zero percentage,0,100,NA,Unavailable MOE or zero percentage,0,100,NA,Unavailable MOE or zero percentage,0,100,128.96711955405064,Percentage MOE exceeds 50% of estimate,0,100,NA,Unavailable MOE or zero percentage,2024,2020-2024,ACS five-year,13,2.398081534772182,3.5621579956102978,Denominator below story-scale threshold,13790,55.908608527373744,6,32038,Retained,NA,NA,NA,771,Percentage MOE exceeds 50% of estimate,NA,NA,NA,48,Unavailable MOE or zero percentage,NA,NA,NA,40,Unavailable MOE or zero percentage,NA,NA,NA,154,Unavailable MOE or zero percentage,NA,NA,NA,114,Percentage MOE exceeds 50% of estimate,NA,NA,NA,593,Unavailable MOE or zero percentage,NA,NA,NA,749,Denominator below story-scale threshold,406
1350848,"Menlo city, Georgia",620,9,4,0,4,0,0,0,5,255,12,7,14,7,14,14,14,9,4,0,Pass,9,0,Pass,44.44444444444444,1.75,TRUE,TRUE,TRUE,106.39244558455964,0,11,50.37581669902016,0,350,100,247.48737341529164,0,350,0,350,0,350,0,94.8202611434646,68.9092243319347,Percentage MOE exceeds 50% of estimate,0,100,NA,Unavailable MOE or zero percentage,0,100,150.46163947972576,Percentage MOE exceeds 50% of estimate,0,100,NA,Unavailable MOE or zero percentage,0,100,NA,Unavailable MOE or zero percentage,0,100,NA,Unavailable MOE or zero percentage,2024,2020-2024,ACS five-year,13,6.451612903225806,10.974078379383748,Denominator below story-scale threshold,13790,55.908608527373744,6,32038,Retained,NA,NA,NA,771,Percentage MOE exceeds 50% of estimate,NA,NA,NA,48,Unavailable MOE or zero percentage,NA,NA,NA,40,Percentage MOE exceeds 50% of estimate,NA,NA,NA,154,Unavailable MOE or zero percentage,NA,NA,NA,114,Unavailable MOE or zero percentage,NA,NA,NA,593,Unavailable MOE or zero percentage,NA,NA,NA,749,Denominator below story-scale threshold,406
1354992,"Newington town, Georgia",418,4,4,0,0,0,0,4,0,204,6,6,14,14,14,14,6,14,4,0,Pass,4,0,Pass,100,1.5,TRUE,TRUE,TRUE,91.19352478676541,0,10,212.13203435596424,0,350,0,350,0,350,0,350,100,212.13203435596424,0,100,128.96711955405064,Percentage MOE exceeds 50% of estimate,0,100,NA,Unavailable MOE or zero percentage,0,100,NA,Unavailable MOE or zero percentage,0,100,NA,Unavailable MOE or zero percentage,0,100,NA,Unavailable MOE or zero percentage,0,100,128.96711955405064,Percentage MOE exceeds 50% of estimate,2024,2020-2024,ACS five-year,13,9.569377990430622,13.573071077746224,Denominator below story-scale threshold,13790,55.908608527373744,6,32038,Retained,NA,NA,NA,771,Percentage MOE exceeds 50% of estimate,NA,NA,NA,48,Unavailable MOE or zero percentage,NA,NA,NA,40,Unavailable MOE or zero percentage,NA,NA,NA,154,Unavailable MOE or zero percentage,NA,NA,NA,114,Unavailable MOE or zero percentage,NA,NA,NA,593,Percentage MOE exceeds 50% of estimate,NA,NA,NA,749,Denominator below story-scale threshold,406
1355440,"Nicholls city, Georgia",3434,8,4,2,0,0,0,2,4,221,11,5,3,14,14,14,5,7,4,0,Pass,8,0,Pass,50,1.25,TRUE,TRUE,TRUE,75.99460398897118,0,9,92.91292967074067,50,41.4578098794425,0,350,0,350,0,350,50,108.25317547305484,0,100,112.97410073252907,Percentage MOE exceeds 50% of estimate,8.5421901205575,91.4578098794425,50.40911750461263,Percentage MOE exceeds 50% of estimate,0,100,NA,Unavailable MOE or zero percentage,0,100,NA,Unavailable MOE or zero percentage,0,100,NA,Unavailable MOE or zero percentage,0,100,131.62651520997454,Percentage MOE exceeds 50% of estimate,2024,2020-2024,ACS five-year,13,1.1648223645894002,1.4540969136361555,Denominator below story-scale threshold,13790,55.908608527373744,6,32038,Retained,NA,NA,NA,771,Percentage MOE exceeds 50% of estimate,NA,NA,NA,48,Percentage MOE exceeds 50% of estimate,NA,NA,NA,40,Unavailable MOE or zero percentage,NA,NA,NA,154,Unavailable MOE or zero percentage,NA,NA,NA,114,Unavailable MOE or zero percentage,NA,NA,NA,593,Percentage MOE exceeds 50% of estimate,NA,NA,NA,749,Denominator below story-scale threshold,406
1365156,"Riddleville town, Georgia",110,7,4,0,4,0,0,0,3,68,12,8,14,8,14,14,14,5,4,0,Pass,7,0,Pass,57.14285714285714,2,TRUE,TRUE,TRUE,121.59136638235388,0,12,58.866143272881466,0,350,100,282.842712474619,0,350,0,350,0,350,0,100,62.629129449329334,Percentage MOE exceeds 50% of estimate,0,100,NA,Unavailable MOE or zero percentage,0,100,171.95615940540088,Percentage MOE exceeds 50% of estimate,0,100,NA,Unavailable MOE or zero percentage,0,100,NA,Unavailable MOE or zero percentage,0,100,NA,Unavailable MOE or zero percentage,2024,2020-2024,ACS five-year,13,36.36363636363636,69.1659997652735,Denominator below story-scale threshold,13790,55.908608527373744,6,32038,Retained,NA,NA,NA,771,Percentage MOE exceeds 50% of estimate,NA,NA,NA,48,Unavailable MOE or zero percentage,NA,NA,NA,40,Percentage MOE exceeds 50% of estimate,NA,NA,NA,154,Unavailable MOE or zero percentage,NA,NA,NA,114,Unavailable MOE or zero percentage,NA,NA,NA,593,Unavailable MOE or zero percentage,NA,NA,NA,749,Denominator below story-scale threshold,406
1370932,"Siloam town, Georgia",344,4,4,4,0,0,0,0,0,232,6,6,6,14,14,14,14,14,4,0,Pass,4,0,Pass,100,1.5,TRUE,TRUE,TRUE,91.19352478676541,0,10,212.13203435596424,100,212.13203435596424,0,350,0,350,0,350,0,350,0,100,128.96711955405064,Percentage MOE exceeds 50% of estimate,0,100,128.96711955405064,Percentage MOE exceeds 50% of estimate,0,100,NA,Unavailable MOE or zero percentage,0,100,NA,Unavailable MOE or zero percentage,0,100,NA,Unavailable MOE or zero percentage,0,100,NA,Unavailable MOE or zero percentage,2024,2020-2024,ACS five-year,13,11.627906976744185,15.579484201174056,Denominator below story-scale threshold,13790,55.908608527373744,6,32038,Retained,NA,NA,NA,771,Percentage MOE exceeds 50% of estimate,NA,NA,NA,48,Percentage MOE exceeds 50% of estimate,NA,NA,NA,40,Unavailable MOE or zero percentage,NA,NA,NA,154,Unavailable MOE or zero percentage,NA,NA,NA,114,Unavailable MOE or zero percentage,NA,NA,NA,593,Unavailable MOE or zero percentage,NA,NA,NA,749,Denominator below story-scale threshold,406
1375664,"Taylorsville town, Georgia",335,11,4,0,0,4,0,0,7,110,11,6,14,14,6,14,14,9,4,0,Pass,11,0,Pass,36.36363636363637,1.5,TRUE,TRUE,TRUE,91.19352478676541,0,10,40.65578140908709,0,350,0,350,100,212.13203435596424,0,350,0,350,0,77.01941777272346,67.97164017700649,Percentage MOE exceeds 50% of estimate,0,100,NA,Unavailable MOE or zero percentage,0,100,NA,Unavailable MOE or zero percentage,0,100,128.96711955405064,Percentage MOE exceeds 50% of estimate,0,100,NA,Unavailable MOE or zero percentage,0,100,NA,Unavailable MOE or zero percentage,2024,2020-2024,ACS five-year,13,11.940298507462687,17.476049023453474,Denominator below story-scale threshold,13790,55.908608527373744,6,32038,Retained,NA,NA,NA,771,Percentage MOE exceeds 50% of estimate,NA,NA,NA,48,Unavailable MOE or zero percentage,NA,NA,NA,40,Unavailable MOE or zero percentage,NA,NA,NA,154,Percentage MOE exceeds 50% of estimate,NA,NA,NA,114,Unavailable MOE or zero percentage,NA,NA,NA,593,Unavailable MOE or zero percentage,NA,NA,NA,749,Denominator below story-scale threshold,406
1300996,"Alamo town, Georgia",3037,6,3,0,3,0,0,0,3,11,9,7,14,7,14,14,14,6,3,0,Pass,6,0,Pass,50,2.3333333333333335,TRUE,TRUE,TRUE,141.8565941127462,0,10,89.36504412303007,0,466.6666666666667,100,329.9831645537222,0,466.6666666666667,0,466.6666666666667,0,466.6666666666667,0,100,108.66017821738569,Percentage MOE exceeds 50% of estimate,0,100,NA,Unavailable MOE or zero percentage,0,100,200.61551930630102,Percentage MOE exceeds 50% of estimate,0,100,NA,Unavailable MOE or zero percentage,0,100,NA,Unavailable MOE or zero percentage,0,100,NA,Unavailable MOE or zero percentage,2024,2020-2024,ACS five-year,13,0.9878169245966415,2.3049033804570636,Denominator below story-scale threshold,14464,53.778325738185906,6,32038,Retained,NA,NA,NA,771,Percentage MOE exceeds 50% of estimate,NA,NA,NA,48,Unavailable MOE or zero percentage,NA,NA,NA,40,Percentage MOE exceeds 50% of estimate,NA,NA,NA,154,Unavailable MOE or zero percentage,NA,NA,NA,114,Unavailable MOE or zero percentage,NA,NA,NA,593,Unavailable MOE or zero percentage,NA,NA,NA,749,Denominator below story-scale threshold,418
1305680,"Bartow town, Georgia",199,3,3,0,0,3,0,0,0,88,5,5,14,14,5,14,14,14,3,0,Pass,3,0,Pass,100,1.6666666666666667,TRUE,TRUE,TRUE,101.32613865196157,0,8,235.70226039551585,0,466.6666666666667,0,466.6666666666667,100,235.70226039551585,0,466.6666666666667,0,466.6666666666667,0,100,143.29679950450074,Percentage MOE exceeds 50% of estimate,0,100,NA,Unavailable MOE or zero percentage,0,100,NA,Unavailable MOE or zero percentage,0,100,143.29679950450074,Percentage MOE exceeds 50% of estimate,0,100,NA,Unavailable MOE or zero percentage,0,100,NA,Unavailable MOE or zero percentage,2024,2020-2024,ACS five-year,13,15.07537688442211,24.22509008454575,Denominator below story-scale threshold,14464,53.778325738185906,6,32038,Retained,NA,NA,NA,771,Percentage MOE exceeds 50% of estimate,NA,NA,NA,48,Unavailable MOE or zero percentage,NA,NA,NA,40,Unavailable MOE or zero percentage,NA,NA,NA,154,Percentage MOE exceeds 50% of estimate,NA,NA,NA,114,Unavailable MOE or zero percentage,NA,NA,NA,593,Unavailable MOE or zero percentage,NA,NA,NA,749,Denominator below story-scale threshold,418
1311056,"Brooks town, Georgia",603,6,3,0,0,3,0,0,3,202,9,5,14,14,5,14,14,5,3,0,Pass,6,0,Pass,50,1.6666666666666667,TRUE,TRUE,TRUE,101.32613865196157,0,8,36.32415786283895,0,466.6666666666667,0,466.6666666666667,100,235.70226039551585,0,466.6666666666667,0,466.6666666666667,13.675842137161048,86.32415786283894,44.16703987230911,Percentage MOE exceeds 50% of estimate,0,100,NA,Unavailable MOE or zero percentage,0,100,NA,Unavailable MOE or zero percentage,0,100,143.29679950450074,Percentage MOE exceeds 50% of estimate,0,100,NA,Unavailable MOE or zero percentage,0,100,NA,Unavailable MOE or zero percentage,2024,2020-2024,ACS five-year,13,4.975124378109452,8.122655573006805,Denominator below story-scale threshold,14464,53.778325738185906,6,32038,Retained,NA,NA,NA,771,Percentage MOE exceeds 50% of estimate,NA,NA,NA,48,Unavailable MOE or zero percentage,NA,NA,NA,40,Unavailable MOE or zero percentage,NA,NA,NA,154,Percentage MOE exceeds 50% of estimate,NA,NA,NA,114,Unavailable MOE or zero percentage,NA,NA,NA,593,Unavailable MOE or zero percentage,NA,NA,NA,749,Denominator below story-scale threshold,418
1313212,"Carlton city, Georgia",245,5,3,0,0,0,0,3,2,127,6,5,14,14,14,14,5,3,3,0,Pass,5,0,Pass,60,1.6666666666666667,TRUE,TRUE,TRUE,101.32613865196157,0,8,69.39740629158989,0,466.6666666666667,0,466.6666666666667,0,466.6666666666667,0,466.6666666666667,100,235.70226039551585,0,100,70.31771211988146,Percentage MOE exceeds 50% of estimate,0,100,NA,Unavailable MOE or zero percentage,0,100,NA,Unavailable MOE or zero percentage,0,100,NA,Unavailable MOE or zero percentage,0,100,NA,Unavailable MOE or zero percentage,0,100,143.29679950450074,Percentage MOE exceeds 50% of estimate,2024,2020-2024,ACS five-year,13,12.244897959183673,19.39598435133115,Denominator below story-scale threshold,14464,53.778325738185906,6,32038,Retained,NA,NA,NA,771,Percentage MOE exceeds 50% of estimate,NA,NA,NA,48,Unavailable MOE or zero percentage,NA,NA,NA,40,Unavailable MOE or zero percentage,NA,NA,NA,154,Unavailable MOE or zero percentage,NA,NA,NA,114,Unavailable MOE or zero percentage,NA,NA,NA,593,Percentage MOE exceeds 50% of estimate,NA,NA,NA,749,Denominator below story-scale threshold,418
1319392,"Coolidge city, Georgia",923,3,3,0,0,0,0,3,0,363,4,4,14,14,14,14,4,14,3,0,Pass,3,0,Pass,100,1.3333333333333333,TRUE,TRUE,TRUE,81.06091092156925,0,7,188.56180831641268,0,466.6666666666667,0,466.6666666666667,0,466.6666666666667,0,466.6666666666667,100,188.56180831641268,0,100,114.63743960360058,Percentage MOE exceeds 50% of estimate,0,100,NA,Unavailable MOE or zero percentage,0,100,NA,Unavailable MOE or zero percentage,0,100,NA,Unavailable MOE or zero percentage,0,100,NA,Unavailable MOE or zero percentage,0,100,114.63743960360058,Percentage MOE exceeds 50% of estimate,2024,2020-2024,ACS five-year,13,3.2502708559046587,4.140883897194478,Denominator below story-scale threshold,14464,53.778325738185906,6,32038,Retained,NA,NA,NA,771,Percentage MOE exceeds 50% of estimate,NA,NA,NA,48,Unavailable MOE or zero percentage,NA,NA,NA,40,Unavailable MOE or zero percentage,NA,NA,NA,154,Unavailable MOE or zero percentage,NA,NA,NA,114,Unavailable MOE or zero percentage,NA,NA,NA,593,Percentage MOE exceeds 50% of estimate,NA,NA,NA,749,Denominator below story-scale threshold,418
1320288,"Crawford city, Georgia",1016,33,3,0,0,3,0,0,30,332,50,6,14,14,6,14,14,50,3,0,Pass,33,0,Pass,9.090909090909092,2,TRUE,TRUE,TRUE,121.59136638235388,0,9,11.868131806357034,0,466.6666666666667,0,466.6666666666667,100,282.84271247461896,0,466.6666666666667,0,466.6666666666667,0,20.959040897266128,79.3684299507454,Percentage MOE exceeds 50% of estimate,0,100,NA,Unavailable MOE or zero percentage,0,100,NA,Unavailable MOE or zero percentage,0,100,171.95615940540083,Percentage MOE exceeds 50% of estimate,0,100,NA,Unavailable MOE or zero percentage,0,100,NA,Unavailable MOE or zero percentage,2024,2020-2024,ACS five-year,13,2.952755905511811,5.826155015150924,Denominator below story-scale threshold,14464,53.778325738185906,6,32038,Retained,NA,NA,NA,771,Percentage MOE exceeds 50% of estimate,NA,NA,NA,48,Unavailable MOE or zero percentage,NA,NA,NA,40,Unavailable MOE or zero percentage,NA,NA,NA,154,Percentage MOE exceeds 50% of estimate,NA,NA,NA,114,Unavailable MOE or zero percentage,NA,NA,NA,593,Unavailable MOE or zero percentage,NA,NA,NA,749,Denominator below story-scale threshold,418
1331684,"Funston city, Georgia",732,9,3,3,0,0,0,0,6,320,9,4,4,14,14,14,14,8,3,0,Pass,9,0,Pass,33.33333333333333,1.3333333333333333,TRUE,TRUE,TRUE,81.06091092156925,0,7,29.397236789606563,100,188.56180831641268,0,466.6666666666667,0,466.6666666666667,0,466.6666666666667,0,466.6666666666667,3.936096543726766,62.730570122939895,53.61675283670797,Percentage MOE exceeds 50% of estimate,0,100,114.63743960360058,Percentage MOE exceeds 50% of estimate,0,100,NA,Unavailable MOE or zero percentage,0,100,NA,Unavailable MOE or zero percentage,0,100,NA,Unavailable MOE or zero percentage,0,100,NA,Unavailable MOE or zero percentage,2024,2020-2024,ACS five-year,13,4.0983606557377055,5.1624221210154655,Denominator below story-scale threshold,14464,53.778325738185906,6,32038,Retained,NA,NA,NA,771,Percentage MOE exceeds 50% of estimate,NA,NA,NA,48,Percentage MOE exceeds 50% of estimate,NA,NA,NA,40,Unavailable MOE or zero percentage,NA,NA,NA,154,Unavailable MOE or zero percentage,NA,NA,NA,114,Unavailable MOE or zero percentage,NA,NA,NA,593,Unavailable MOE or zero percentage,NA,NA,NA,749,Denominator below story-scale threshold,418
1339216,"Hoboken city, Georgia",1016,6,3,0,0,0,0,3,3,395,11,5,14,14,14,14,5,6,3,0,Pass,6,0,Pass,50,1.6666666666666667,TRUE,TRUE,TRUE,101.32613865196157,0,8,123.88390622765422,0,466.6666666666667,0,466.6666666666667,0,466.6666666666667,0,466.6666666666667,100,235.70226039551585,0,100,150.63213431003877,Percentage MOE exceeds 50% of estimate,0,100,NA,Unavailable MOE or zero percentage,0,100,NA,Unavailable MOE or zero percentage,0,100,NA,Unavailable MOE or zero percentage,0,100,NA,Unavailable MOE or zero percentage,0,100,143.29679950450074,Percentage MOE exceeds 50% of estimate,2024,2020-2024,ACS five-year,13,2.952755905511811,4.785494845392219,Denominator below story-scale threshold,14464,53.778325738185906,6,32038,Retained,NA,NA,NA,771,Percentage MOE exceeds 50% of estimate,NA,NA,NA,48,Unavailable MOE or zero percentage,NA,NA,NA,40,Unavailable MOE or zero percentage,NA,NA,NA,154,Unavailable MOE or zero percentage,NA,NA,NA,114,Unavailable MOE or zero percentage,NA,NA,NA,593,Percentage MOE exceeds 50% of estimate,NA,NA,NA,749,Denominator below story-scale threshold,418
1343360,"Keysville city, Georgia",297,5,3,0,0,0,0,3,2,134,9,7,14,14,14,14,7,5,3,0,Pass,5,0,Pass,60,2.3333333333333335,TRUE,TRUE,TRUE,141.8565941127462,0,10,89.08422980528036,0,466.6666666666667,0,466.6666666666667,0,466.6666666666667,0,466.6666666666667,100,329.9831645537222,0,100,90.26561020953045,Percentage MOE exceeds 50% of estimate,0,100,NA,Unavailable MOE or zero percentage,0,100,NA,Unavailable MOE or zero percentage,0,100,NA,Unavailable MOE or zero percentage,0,100,NA,Unavailable MOE or zero percentage,0,100,200.61551930630102,Percentage MOE exceeds 50% of estimate,2024,2020-2024,ACS five-year,13,10.101010101010102,23.124215861559165,Denominator below story-scale threshold,14464,53.778325738185906,6,32038,Retained,NA,NA,NA,771,Percentage MOE exceeds 50% of estimate,NA,NA,NA,48,Unavailable MOE or zero percentage,NA,NA,NA,40,Unavailable MOE or zero percentage,NA,NA,NA,154,Unavailable MOE or zero percentage,NA,NA,NA,114,Unavailable MOE or zero percentage,NA,NA,NA,593,Percentage MOE exceeds 50% of estimate,NA,NA,NA,749,Denominator below story-scale threshold,418
1345600,"Leary city, Georgia",264,10,3,0,0,0,0,3,7,85,14,6,14,14,14,14,6,9,3,0,Pass,10,0,Pass,30,2,TRUE,TRUE,TRUE,121.59136638235388,0,9,42.8485705712571,0,466.6666666666667,0,466.6666666666667,0,466.6666666666667,0,466.6666666666667,100,282.84271247461896,0,72.8485705712571,86.83360405483113,Percentage MOE exceeds 50% of estimate,0,100,NA,Unavailable MOE or zero percentage,0,100,NA,Unavailable MOE or zero percentage,0,100,NA,Unavailable MOE or zero percentage,0,100,NA,Unavailable MOE or zero percentage,0,100,171.95615940540083,Percentage MOE exceeds 50% of estimate,2024,2020-2024,ACS five-year,13,11.363636363636363,22.43083813091534,Denominator below story-scale threshold,14464,53.778325738185906,6,32038,Retained,NA,NA,NA,771,Percentage MOE exceeds 50% of estimate,NA,NA,NA,48,Unavailable MOE or zero percentage,NA,NA,NA,40,Unavailable MOE or zero percentage,NA,NA,NA,154,Unavailable MOE or zero percentage,NA,NA,NA,114,Unavailable MOE or zero percentage,NA,NA,NA,593,Percentage MOE exceeds 50% of estimate,NA,NA,NA,749,Denominator below story-scale threshold,418
1346384,"Lilly city, Georgia",150,3,3,0,0,0,0,3,0,104,5,5,14,14,14,14,5,14,3,0,Pass,3,0,Pass,100,1.6666666666666667,TRUE,TRUE,TRUE,101.32613865196157,0,8,235.70226039551585,0,466.6666666666667,0,466.6666666666667,0,466.6666666666667,0,466.6666666666667,100,235.70226039551585,0,100,143.29679950450074,Percentage MOE exceeds 50% of estimate,0,100,NA,Unavailable MOE or zero percentage,0,100,NA,Unavailable MOE or zero percentage,0,100,NA,Unavailable MOE or zero percentage,0,100,NA,Unavailable MOE or zero percentage,0,100,143.29679950450074,Percentage MOE exceeds 50% of estimate,2024,2020-2024,ACS five-year,13,20,30.3121537780915,Denominator below story-scale threshold,14464,53.778325738185906,6,32038,Retained,NA,NA,NA,771,Percentage MOE exceeds 50% of estimate,NA,NA,NA,48,Unavailable MOE or zero percentage,NA,NA,NA,40,Unavailable MOE or zero percentage,NA,NA,NA,154,Unavailable MOE or zero percentage,NA,NA,NA,114,Unavailable MOE or zero percentage,NA,NA,NA,593,Percentage MOE exceeds 50% of estimate,NA,NA,NA,749,Denominator below story-scale threshold,418
1346552,"Lincolnton city, Georgia",1768,18,3,0,0,0,0,3,15,346,18,6,14,14,14,14,6,17,3,0,Pass,18,0,Pass,16.666666666666664,2,TRUE,TRUE,TRUE,121.59136638235388,0,9,28.867513459481287,0,466.6666666666667,0,466.6666666666667,0,466.6666666666667,0,466.6666666666667,100,282.84271247461896,0,45.53418012614795,105.30121216797966,Percentage MOE exceeds 50% of estimate,0,100,NA,Unavailable MOE or zero percentage,0,100,NA,Unavailable MOE or zero percentage,0,100,NA,Unavailable MOE or zero percentage,0,100,NA,Unavailable MOE or zero percentage,0,100,171.95615940540083,Percentage MOE exceeds 50% of estimate,2024,2020-2024,ACS five-year,13,1.6968325791855203,3.377379324610378,Denominator below story-scale threshold,14464,53.778325738185906,6,32038,Retained,NA,NA,NA,771,Percentage MOE exceeds 50% of estimate,NA,NA,NA,48,Unavailable MOE or zero percentage,NA,NA,NA,40,Unavailable MOE or zero percentage,NA,NA,NA,154,Unavailable MOE or zero percentage,NA,NA,NA,114,Unavailable MOE or zero percentage,NA,NA,NA,593,Percentage MOE exceeds 50% of estimate,NA,NA,NA,749,Denominator below story-scale threshold,418
1352724,"Morganton city, Georgia",241,19,3,0,2,1,0,0,16,140,21,5,14,3,2,14,14,21,3,0,Pass,19,0,Pass,15.789473684210526,1.6666666666666667,TRUE,TRUE,TRUE,101.32613865196157,0,8,19.696829733663353,0,466.6666666666667,66.66666666666666,149.48471163415235,33.33333333333333,36.85138655950445,0,466.6666666666667,0,466.6666666666667,0,35.48630341787388,75.84054062269558,Percentage MOE exceeds 50% of estimate,0,100,NA,Unavailable MOE or zero percentage,0,100,136.32037755651552,Percentage MOE exceeds 50% of estimate,0,70.18471989283778,67.21215667281686,Percentage MOE exceeds 50% of estimate,0,100,NA,Unavailable MOE or zero percentage,0,100,NA,Unavailable MOE or zero percentage,2024,2020-2024,ACS five-year,13,12.448132780082986,19.445872140762926,Denominator below story-scale threshold,14464,53.778325738185906,6,32038,Retained,NA,NA,NA,771,Percentage MOE exceeds 50% of estimate,NA,NA,NA,48,Unavailable MOE or zero percentage,NA,NA,NA,40,Percentage MOE exceeds 50% of estimate,NA,NA,NA,154,Percentage MOE exceeds 50% of estimate,NA,NA,NA,114,Unavailable MOE or zero percentage,NA,NA,NA,593,Unavailable MOE or zero percentage,NA,NA,NA,749,Denominator below story-scale threshold,418
1353172,"Mountain Park city, Georgia",703,3,3,0,0,3,0,0,0,257,5,5,14,14,5,14,14,14,3,0,Pass,3,0,Pass,100,1.6666666666666667,TRUE,TRUE,TRUE,101.32613865196157,0,8,235.70226039551585,0,466.6666666666667,0,466.6666666666667,100,235.70226039551585,0,466.6666666666667,0,466.6666666666667,0,100,143.29679950450074,Percentage MOE exceeds 50% of estimate,0,100,NA,Unavailable MOE or zero percentage,0,100,NA,Unavailable MOE or zero percentage,0,100,143.29679950450074,Percentage MOE exceeds 50% of estimate,0,100,NA,Unavailable MOE or zero percentage,0,100,NA,Unavailable MOE or zero percentage,2024,2020-2024,ACS five-year,13,4.2674253200568995,6.93916935448906,Denominator below story-scale threshold,14464,53.778325738185906,6,32038,Retained,NA,NA,NA,771,Percentage MOE exceeds 50% of estimate,NA,NA,NA,48,Unavailable MOE or zero percentage,NA,NA,NA,40,Unavailable MOE or zero percentage,NA,NA,NA,154,Percentage MOE exceeds 50% of estimate,NA,NA,NA,114,Unavailable MOE or zero percentage,NA,NA,NA,593,Unavailable MOE or zero percentage,NA,NA,NA,749,Denominator below story-scale threshold,418
1355860,"Norman Park city, Georgia",1116,47,3,0,0,0,0,3,44,372,41,5,14,14,14,14,5,41,3,0,Pass,47,0,Pass,6.382978723404255,1.6666666666666667,TRUE,TRUE,TRUE,101.32613865196157,0,8,9.064728663311056,0,466.6666666666667,0,466.6666666666667,0,466.6666666666667,0,466.6666666666667,100,235.70226039551585,0,15.447707386715312,86.33843161782023,Percentage MOE exceeds 50% of estimate,0,100,NA,Unavailable MOE or zero percentage,0,100,NA,Unavailable MOE or zero percentage,0,100,NA,Unavailable MOE or zero percentage,0,100,NA,Unavailable MOE or zero percentage,0,100,143.29679950450074,Percentage MOE exceeds 50% of estimate,2024,2020-2024,ACS five-year,13,2.688172043010753,4.389766564127559,Denominator below story-scale threshold,14464,53.778325738185906,6,32038,Retained,NA,NA,NA,771,Percentage MOE exceeds 50% of estimate,NA,NA,NA,48,Unavailable MOE or zero percentage,NA,NA,NA,40,Unavailable MOE or zero percentage,NA,NA,NA,154,Unavailable MOE or zero percentage,NA,NA,NA,114,Unavailable MOE or zero percentage,NA,NA,NA,593,Percentage MOE exceeds 50% of estimate,NA,NA,NA,749,Denominator below story-scale threshold,418
1357232,"Oak Park town, Georgia",428,5,3,0,0,0,3,0,2,164,6,5,14,14,14,5,14,4,3,0,Pass,5,0,Pass,60,1.6666666666666667,TRUE,TRUE,TRUE,101.32613865196157,0,8,69.39740629158989,0,466.6666666666667,0,466.6666666666667,0,466.6666666666667,100,235.70226039551585,0,466.6666666666667,0,100,70.31771211988146,Percentage MOE exceeds 50% of estimate,0,100,NA,Unavailable MOE or zero percentage,0,100,NA,Unavailable MOE or zero percentage,0,100,NA,Unavailable MOE or zero percentage,0,100,143.29679950450074,Percentage MOE exceeds 50% of estimate,0,100,NA,Unavailable MOE or zero percentage,2024,2020-2024,ACS five-year,13,7.009345794392523,11.369307377904445,Denominator below story-scale threshold,14464,53.778325738185906,6,32038,Retained,NA,NA,NA,771,Percentage MOE exceeds 50% of estimate,NA,NA,NA,48,Unavailable MOE or zero percentage,NA,NA,NA,40,Unavailable MOE or zero percentage,NA,NA,NA,154,Unavailable MOE or zero percentage,NA,NA,NA,114,Percentage MOE exceeds 50% of estimate,NA,NA,NA,593,Unavailable MOE or zero percentage,NA,NA,NA,749,Denominator below story-scale threshold,418
1376504,"Tiger town, Georgia",362,7,3,0,0,2,1,0,4,101,7,3,14,14,3,2,14,6,3,0,Pass,7,0,Pass,42.857142857142854,1,FALSE,TRUE,TRUE,60.79568319117694,0,6,60.60915267313264,0,466.6666666666667,0,466.6666666666667,66.66666666666666,74.53559924999298,33.33333333333333,57.735026918962575,0,466.6666666666667,0,100,85.97807970270044,Percentage MOE exceeds 50% of estimate,0,100,NA,Unavailable MOE or zero percentage,0,100,NA,Unavailable MOE or zero percentage,0,100,67.97164017700649,Percentage MOE exceeds 50% of estimate,0,91.0683602522959,105.30121216797966,Percentage MOE exceeds 50% of estimate,0,100,NA,Unavailable MOE or zero percentage,2024,2020-2024,ACS five-year,13,8.287292817679557,7.9582002472734885,Denominator below story-scale threshold,14464,53.778325738185906,6,32038,Retained,NA,NA,NA,771,Percentage MOE exceeds 50% of estimate,NA,NA,NA,48,Unavailable MOE or zero percentage,NA,NA,NA,40,Unavailable MOE or zero percentage,NA,NA,NA,154,Percentage MOE exceeds 50% of estimate,NA,NA,NA,114,Percentage MOE exceeds 50% of estimate,NA,NA,NA,593,Unavailable MOE or zero percentage,NA,NA,NA,749,Denominator below story-scale threshold,418
1302564,"Arabi town, Georgia",550,89,2,0,0,2,0,0,87,297,93,4,14,14,4,14,14,93,2,0,Pass,89,0,Pass,2.247191011235955,2,TRUE,TRUE,TRUE,121.59136638235388,0,6,3.8321640348004853,0,700,0,700,100,282.842712474619,0,700,0,700,0,6.07935504603644,103.67566861537692,Percentage MOE exceeds 50% of estimate,0,100,NA,Unavailable MOE or zero percentage,0,100,NA,Unavailable MOE or zero percentage,0,100,171.95615940540088,Percentage MOE exceeds 50% of estimate,0,100,NA,Unavailable MOE or zero percentage,0,100,NA,Unavailable MOE or zero percentage,2024,2020-2024,ACS five-year,13,3.6363636363636362,7.002620524837544,Denominator below story-scale threshold,15155,51.41862787939322,6,32038,Retained,NA,NA,NA,771,Percentage MOE exceeds 50% of estimate,NA,NA,NA,48,Unavailable MOE or zero percentage,NA,NA,NA,40,Unavailable MOE or zero percentage,NA,NA,NA,154,Percentage MOE exceeds 50% of estimate,NA,NA,NA,114,Unavailable MOE or zero percentage,NA,NA,NA,593,Unavailable MOE or zero percentage,NA,NA,NA,749,Denominator below story-scale threshold,435
1304840,"Baconton city, Georgia",790,17,2,0,0,0,0,2,15,272,21,4,14,14,14,14,4,21,2,0,Pass,17,0,Pass,11.76470588235294,2,TRUE,TRUE,TRUE,121.59136638235388,0,6,18.504833158644896,0,700,0,700,0,700,0,700,100,282.842712474619,0,30.269539040997834,95.6261878085777,Percentage MOE exceeds 50% of estimate,0,100,NA,Unavailable MOE or zero percentage,0,100,NA,Unavailable MOE or zero percentage,0,100,NA,Unavailable MOE or zero percentage,0,100,NA,Unavailable MOE or zero percentage,0,100,171.95615940540088,Percentage MOE exceeds 50% of estimate,2024,2020-2024,ACS five-year,13,2.5316455696202533,4.987698307020127,Denominator below story-scale threshold,15155,51.41862787939322,6,32038,Retained,NA,NA,NA,771,Percentage MOE exceeds 50% of estimate,NA,NA,NA,48,Unavailable MOE or zero percentage,NA,NA,NA,40,Unavailable MOE or zero percentage,NA,NA,NA,154,Unavailable MOE or zero percentage,NA,NA,NA,114,Unavailable MOE or zero percentage,NA,NA,NA,593,Percentage MOE exceeds 50% of estimate,NA,NA,NA,749,Denominator below story-scale threshold,435
1309656,"Bowersville town, Georgia",522,10,2,0,0,2,0,0,8,251,10,5,14,14,5,14,14,9,2,0,Pass,10,0,Pass,20,2.5,TRUE,TRUE,TRUE,151.98920797794236,0,7,45.8257569495584,0,700,0,700,100,353.5533905932738,0,700,0,700,0,65.8257569495584,139.30041007506136,Percentage MOE exceeds 50% of estimate,0,100,NA,Unavailable MOE or zero percentage,0,100,NA,Unavailable MOE or zero percentage,0,100,214.9451992567511,Percentage MOE exceeds 50% of estimate,0,100,NA,Unavailable MOE or zero percentage,0,100,NA,Unavailable MOE or zero percentage,2024,2020-2024,ACS five-year,13,3.8314176245210727,9.39970213207382,Denominator below story-scale threshold,15155,51.41862787939322,6,32038,Retained,NA,NA,NA,771,Percentage MOE exceeds 50% of estimate,NA,NA,NA,48,Unavailable MOE or zero percentage,NA,NA,NA,40,Unavailable MOE or zero percentage,NA,NA,NA,154,Percentage MOE exceeds 50% of estimate,NA,NA,NA,114,Unavailable MOE or zero percentage,NA,NA,NA,593,Unavailable MOE or zero percentage,NA,NA,NA,749,Denominator below story-scale threshold,435
1327932,"Eton city, Georgia",735,18,2,2,0,0,0,0,16,248,35,4,4,14,14,14,14,35,2,0,Pass,18,0,Pass,11.11111111111111,2,TRUE,TRUE,TRUE,121.59136638235388,0,6,5.201327020479238,100,282.842712474619,0,700,0,700,0,700,0,700,5.909784090631873,16.312438131590348,28.459640673968764,Caregiver count MOE exceeds 50% of estimate,0,100,171.95615940540088,Percentage MOE exceeds 50% of estimate,0,100,NA,Unavailable MOE or zero percentage,0,100,NA,Unavailable MOE or zero percentage,0,100,NA,Unavailable MOE or zero percentage,0,100,NA,Unavailable MOE or zero percentage,2024,2020-2024,ACS five-year,13,2.7210884353741496,5.364169595383144,Denominator below story-scale threshold,15155,51.41862787939322,6,32038,Retained,NA,NA,NA,771,Caregiver count MOE exceeds 50% of estimate,NA,NA,NA,48,Percentage MOE exceeds 50% of estimate,NA,NA,NA,40,Unavailable MOE or zero percentage,NA,NA,NA,154,Unavailable MOE or zero percentage,NA,NA,NA,114,Unavailable MOE or zero percentage,NA,NA,NA,593,Unavailable MOE or zero percentage,NA,NA,NA,749,Denominator below story-scale threshold,435
1332916,"Girard town, Georgia",137,8,2,0,0,0,0,2,6,113,8,4,14,14,14,14,4,7,2,0,Pass,8,0,Pass,25,2,TRUE,TRUE,TRUE,121.59136638235388,0,6,43.30127018922193,0,700,0,700,0,700,0,700,100,282.842712474619,0,68.30127018922192,105.30121216797963,Percentage MOE exceeds 50% of estimate,0,100,NA,Unavailable MOE or zero percentage,0,100,NA,Unavailable MOE or zero percentage,0,100,NA,Unavailable MOE or zero percentage,0,100,NA,Unavailable MOE or zero percentage,0,100,171.95615940540088,Percentage MOE exceeds 50% of estimate,2024,2020-2024,ACS five-year,13,14.598540145985401,26.598508343226644,Denominator below story-scale threshold,15155,51.41862787939322,6,32038,Retained,NA,NA,NA,771,Percentage MOE exceeds 50% of estimate,NA,NA,NA,48,Unavailable MOE or zero percentage,NA,NA,NA,40,Unavailable MOE or zero percentage,NA,NA,NA,154,Unavailable MOE or zero percentage,NA,NA,NA,114,Unavailable MOE or zero percentage,NA,NA,NA,593,Percentage MOE exceeds 50% of estimate,NA,NA,NA,749,Denominator below story-scale threshold,435
1336920,"Harrison town, Georgia",458,3,2,0,0,2,0,0,1,146,4,4,14,14,4,14,14,3,2,0,Pass,3,0,Pass,66.66666666666666,2,TRUE,TRUE,TRUE,121.59136638235388,0,6,99.38079899999065,0,700,0,700,100,282.842712474619,0,700,0,700,0,100,90.62885356934198,Percentage MOE exceeds 50% of estimate,0,100,NA,Unavailable MOE or zero percentage,0,100,NA,Unavailable MOE or zero percentage,0,100,171.95615940540088,Percentage MOE exceeds 50% of estimate,0,100,NA,Unavailable MOE or zero percentage,0,100,NA,Unavailable MOE or zero percentage,2024,2020-2024,ACS five-year,13,4.366812227074235,8.6219730417518,Denominator below story-scale threshold,15155,51.41862787939322,6,32038,Retained,NA,NA,NA,771,Percentage MOE exceeds 50% of estimate,NA,NA,NA,48,Unavailable MOE or zero percentage,NA,NA,NA,40,Unavailable MOE or zero percentage,NA,NA,NA,154,Percentage MOE exceeds 50% of estimate,NA,NA,NA,114,Unavailable MOE or zero percentage,NA,NA,NA,593,Unavailable MOE or zero percentage,NA,NA,NA,749,Denominator below story-scale threshold,435
1338348,"Higgston town, Georgia",292,6,2,0,0,0,2,0,4,104,9,6,14,14,14,6,14,7,2,0,Pass,6,0,Pass,33.33333333333333,3,TRUE,TRUE,TRUE,182.38704957353082,0,8,86.60254037844388,0,700,0,700,0,700,100,424.2640687119285,0,700,0,100,157.95181825196948,Percentage MOE exceeds 50% of estimate,0,100,NA,Unavailable MOE or zero percentage,0,100,NA,Unavailable MOE or zero percentage,0,100,NA,Unavailable MOE or zero percentage,0,100,257.9342391081013,Percentage MOE exceeds 50% of estimate,0,100,NA,Unavailable MOE or zero percentage,2024,2020-2024,ACS five-year,13,6.8493150684931505,20.402621874472405,Denominator below story-scale threshold,15155,51.41862787939322,6,32038,Retained,NA,NA,NA,771,Percentage MOE exceeds 50% of estimate,NA,NA,NA,48,Unavailable MOE or zero percentage,NA,NA,NA,40,Unavailable MOE or zero percentage,NA,NA,NA,154,Unavailable MOE or zero percentage,NA,NA,NA,114,Percentage MOE exceeds 50% of estimate,NA,NA,NA,593,Unavailable MOE or zero percentage,NA,NA,NA,749,Denominator below story-scale threshold,435
1339692,"Homeland city, Georgia",755,21,2,0,2,0,0,0,19,275,21,3,14,3,14,14,14,20,2,0,Pass,21,0,Pass,9.523809523809524,1.5,TRUE,TRUE,TRUE,91.19352478676541,0,5,10.647942749999,0,700,100,212.13203435596424,0,700,0,700,0,700,0,20.171752273808522,67.9716401770065,Percentage MOE exceeds 50% of estimate,0,100,NA,Unavailable MOE or zero percentage,0,100,128.96711955405064,Percentage MOE exceeds 50% of estimate,0,100,NA,Unavailable MOE or zero percentage,0,100,NA,Unavailable MOE or zero percentage,0,100,NA,Unavailable MOE or zero percentage,2024,2020-2024,ACS five-year,13,2.6490066225165565,3.85458261690405,Denominator below story-scale threshold,15155,51.41862787939322,6,32038,Retained,NA,NA,NA,771,Percentage MOE exceeds 50% of estimate,NA,NA,NA,48,Unavailable MOE or zero percentage,NA,NA,NA,40,Percentage MOE exceeds 50% of estimate,NA,NA,NA,154,Unavailable MOE or zero percentage,NA,NA,NA,114,Unavailable MOE or zero percentage,NA,NA,NA,593,Unavailable MOE or zero percentage,NA,NA,NA,749,Denominator below story-scale threshold,435
1341792,"Jakin city, Georgia",155,2,2,0,0,0,0,2,0,95,3,3,14,14,14,14,3,14,2,0,Pass,2,0,Pass,100,1.5,TRUE,TRUE,TRUE,91.19352478676541,0,5,212.13203435596424,0,700,0,700,0,700,0,700,100,212.13203435596424,0,100,128.96711955405064,Percentage MOE exceeds 50% of estimate,0,100,NA,Unavailable MOE or zero percentage,0,100,NA,Unavailable MOE or zero percentage,0,100,NA,Unavailable MOE or zero percentage,0,100,NA,Unavailable MOE or zero percentage,0,100,128.96711955405064,Percentage MOE exceeds 50% of estimate,2024,2020-2024,ACS five-year,13,12.903225806451612,17.665405080467018,Denominator below story-scale threshold,15155,51.41862787939322,6,32038,Retained,NA,NA,NA,771,Percentage MOE exceeds 50% of estimate,NA,NA,NA,48,Unavailable MOE or zero percentage,NA,NA,NA,40,Unavailable MOE or zero percentage,NA,NA,NA,154,Unavailable MOE or zero percentage,NA,NA,NA,114,Unavailable MOE or zero percentage,NA,NA,NA,593,Percentage MOE exceeds 50% of estimate,NA,NA,NA,749,Denominator below story-scale threshold,435
1342800,"Junction City town, Georgia",353,67,2,0,0,1,0,1,65,200,78,4,14,14,3,14,3,78,2,0,Pass,67,0,Pass,2.9850746268656714,2,TRUE,TRUE,TRUE,121.59136638235388,0,6,4.854475730675424,0,700,0,700,50,111.80339887498948,0,700,50,111.80339887498948,0,7.839550357541095,98.8689414747691,Percentage MOE exceeds 50% of estimate,0,100,NA,Unavailable MOE or zero percentage,0,100,NA,Unavailable MOE or zero percentage,0,100,135.94328035401298,Percentage MOE exceeds 50% of estimate,0,100,NA,Unavailable MOE or zero percentage,0,100,135.94328035401298,Percentage MOE exceeds 50% of estimate,2024,2020-2024,ACS five-year,13,5.6657223796034,10.867257108219867,Denominator below story-scale threshold,15155,51.41862787939322,6,32038,Retained,NA,NA,NA,771,Percentage MOE exceeds 50% of estimate,NA,NA,NA,48,Unavailable MOE or zero percentage,NA,NA,NA,40,Unavailable MOE or zero percentage,NA,NA,NA,154,Percentage MOE exceeds 50% of estimate,NA,NA,NA,114,Unavailable MOE or zero percentage,NA,NA,NA,593,Percentage MOE exceeds 50% of estimate,NA,NA,NA,749,Denominator below story-scale threshold,435
1347952,"Lumber City city, Georgia",1004,49,2,0,0,0,0,2,47,446,47,3,14,14,14,14,3,47,2,0,Pass,49,0,Pass,4.081632653061225,1.5,TRUE,TRUE,TRUE,91.19352478676541,0,5,4.707109443113744,0,700,0,700,0,700,0,700,100,212.13203435596424,0,8.788742096174968,70.11212394018642,Percentage MOE exceeds 50% of estimate,0,100,NA,Unavailable MOE or zero percentage,0,100,NA,Unavailable MOE or zero percentage,0,100,NA,Unavailable MOE or zero percentage,0,100,NA,Unavailable MOE or zero percentage,0,100,128.96711955405064,Percentage MOE exceeds 50% of estimate,2024,2020-2024,ACS five-year,13,1.9920318725099602,2.8540094668012377,Denominator below story-scale threshold,15155,51.41862787939322,6,32038,Retained,NA,NA,NA,771,Percentage MOE exceeds 50% of estimate,NA,NA,NA,48,Unavailable MOE or zero percentage,NA,NA,NA,40,Unavailable MOE or zero percentage,NA,NA,NA,154,Unavailable MOE or zero percentage,NA,NA,NA,114,Unavailable MOE or zero percentage,NA,NA,NA,593,Percentage MOE exceeds 50% of estimate,NA,NA,NA,749,Denominator below story-scale threshold,435
1351240,"Midville city, Georgia",378,5,2,2,0,0,0,0,3,161,8,4,4,14,14,14,14,4,2,0,Pass,5,0,Pass,40,2,TRUE,TRUE,TRUE,121.59136638235388,0,6,47.999999999999986,100,282.842712474619,0,700,0,700,0,700,0,700,0,87.99999999999999,72.95481982941232,Percentage MOE exceeds 50% of estimate,0,100,171.95615940540088,Percentage MOE exceeds 50% of estimate,0,100,NA,Unavailable MOE or zero percentage,0,100,NA,Unavailable MOE or zero percentage,0,100,NA,Unavailable MOE or zero percentage,0,100,NA,Unavailable MOE or zero percentage,2024,2020-2024,ACS five-year,13,5.291005291005291,10.33926214452645,Denominator below story-scale threshold,15155,51.41862787939322,6,32038,Retained,NA,NA,NA,771,Percentage MOE exceeds 50% of estimate,NA,NA,NA,48,Percentage MOE exceeds 50% of estimate,NA,NA,NA,40,Unavailable MOE or zero percentage,NA,NA,NA,154,Unavailable MOE or zero percentage,NA,NA,NA,114,Unavailable MOE or zero percentage,NA,NA,NA,593,Unavailable MOE or zero percentage,NA,NA,NA,749,Denominator below story-scale threshold,435
1353032,"Morven city, Georgia",553,2,2,0,0,2,0,0,0,268,6,6,14,14,6,14,14,14,2,0,Pass,2,0,Pass,100,3,TRUE,TRUE,TRUE,182.38704957353082,0,8,424.2640687119285,0,700,0,700,100,424.2640687119285,0,700,0,700,0,100,257.9342391081013,Percentage MOE exceeds 50% of estimate,0,100,NA,Unavailable MOE or zero percentage,0,100,NA,Unavailable MOE or zero percentage,0,100,257.9342391081013,Percentage MOE exceeds 50% of estimate,0,100,NA,Unavailable MOE or zero percentage,0,100,NA,Unavailable MOE or zero percentage,2024,2020-2024,ACS five-year,13,3.6166365280289328,10.707403163509612,Denominator below story-scale threshold,15155,51.41862787939322,6,32038,Retained,NA,NA,NA,771,Percentage MOE exceeds 50% of estimate,NA,NA,NA,48,Unavailable MOE or zero percentage,NA,NA,NA,40,Unavailable MOE or zero percentage,NA,NA,NA,154,Percentage MOE exceeds 50% of estimate,NA,NA,NA,114,Unavailable MOE or zero percentage,NA,NA,NA,593,Unavailable MOE or zero percentage,NA,NA,NA,749,Denominator below story-scale threshold,435
1356308,"North High Shoals town, Georgia",698,4,2,0,0,0,0,2,2,210,7,3,14,14,14,14,3,6,2,0,Pass,4,0,Pass,50,1.5,TRUE,TRUE,TRUE,91.19352478676541,0,5,115.2443057161611,0,700,0,700,0,700,0,700,100,212.13203435596424,0,100,140.12712599813742,Percentage MOE exceeds 50% of estimate,0,100,NA,Unavailable MOE or zero percentage,0,100,NA,Unavailable MOE or zero percentage,0,100,NA,Unavailable MOE or zero percentage,0,100,NA,Unavailable MOE or zero percentage,0,100,128.96711955405064,Percentage MOE exceeds 50% of estimate,2024,2020-2024,ACS five-year,13,2.865329512893983,4.2106536358186615,Denominator below story-scale threshold,15155,51.41862787939322,6,32038,Retained,NA,NA,NA,771,Percentage MOE exceeds 50% of estimate,NA,NA,NA,48,Unavailable MOE or zero percentage,NA,NA,NA,40,Unavailable MOE or zero percentage,NA,NA,NA,154,Unavailable MOE or zero percentage,NA,NA,NA,114,Unavailable MOE or zero percentage,NA,NA,NA,593,Percentage MOE exceeds 50% of estimate,NA,NA,NA,749,Denominator below story-scale threshold,435
1367452,"Royston city, Georgia",2258,23,2,0,0,2,0,0,21,404,22,6,14,14,6,14,14,21,2,0,Pass,23,0,Pass,8.695652173913043,3,TRUE,TRUE,TRUE,182.38704957353082,0,8,24.725435443088774,0,700,0,700,100,424.2640687119285,0,700,0,700,0,33.42108761700182,172.8679700956211,Percentage MOE exceeds 50% of estimate,0,100,NA,Unavailable MOE or zero percentage,0,100,NA,Unavailable MOE or zero percentage,0,100,257.9342391081013,Percentage MOE exceeds 50% of estimate,0,100,NA,Unavailable MOE or zero percentage,0,100,NA,Unavailable MOE or zero percentage,2024,2020-2024,ACS five-year,13,0.8857395925597874,2.6524888296928357,Denominator below story-scale threshold,15155,51.41862787939322,6,32038,Retained,NA,NA,NA,771,Percentage MOE exceeds 50% of estimate,NA,NA,NA,48,Unavailable MOE or zero percentage,NA,NA,NA,40,Unavailable MOE or zero percentage,NA,NA,NA,154,Percentage MOE exceeds 50% of estimate,NA,NA,NA,114,Unavailable MOE or zero percentage,NA,NA,NA,593,Unavailable MOE or zero percentage,NA,NA,NA,749,Denominator below story-scale threshold,435
1368796,"Sasser town, Georgia",327,3,2,0,0,0,2,0,1,115,4,4,14,14,14,4,14,2,2,0,Pass,3,0,Pass,66.66666666666666,2,TRUE,TRUE,TRUE,121.59136638235388,0,6,99.38079899999065,0,700,0,700,0,700,100,282.842712474619,0,700,0,100,90.62885356934198,Percentage MOE exceeds 50% of estimate,0,100,NA,Unavailable MOE or zero percentage,0,100,NA,Unavailable MOE or zero percentage,0,100,NA,Unavailable MOE or zero percentage,0,100,171.95615940540088,Percentage MOE exceeds 50% of estimate,0,100,NA,Unavailable MOE or zero percentage,2024,2020-2024,ACS five-year,13,6.116207951070336,12.041817551988158,Denominator below story-scale threshold,15155,51.41862787939322,6,32038,Retained,NA,NA,NA,771,Percentage MOE exceeds 50% of estimate,NA,NA,NA,48,Unavailable MOE or zero percentage,NA,NA,NA,40,Unavailable MOE or zero percentage,NA,NA,NA,154,Unavailable MOE or zero percentage,NA,NA,NA,114,Percentage MOE exceeds 50% of estimate,NA,NA,NA,593,Unavailable MOE or zero percentage,NA,NA,NA,749,Denominator below story-scale threshold,435
1369980,"Sharpsburg town, Georgia",309,8,2,0,0,0,0,2,6,114,9,3,14,14,14,14,3,8,2,0,Pass,8,0,Pass,25,1.5,TRUE,TRUE,TRUE,91.19352478676541,0,5,24.803918541230537,0,700,0,700,0,700,0,700,100,212.13203435596424,0.1960814587694628,49.80391854123054,60.31884694129646,Percentage MOE exceeds 50% of estimate,0,100,NA,Unavailable MOE or zero percentage,0,100,NA,Unavailable MOE or zero percentage,0,100,NA,Unavailable MOE or zero percentage,0,100,NA,Unavailable MOE or zero percentage,0,100,128.96711955405064,Percentage MOE exceeds 50% of estimate,2024,2020-2024,ACS five-year,13,6.472491909385114,9.410498312067153,Denominator below story-scale threshold,15155,51.41862787939322,6,32038,Retained,NA,NA,NA,771,Percentage MOE exceeds 50% of estimate,NA,NA,NA,48,Unavailable MOE or zero percentage,NA,NA,NA,40,Unavailable MOE or zero percentage,NA,NA,NA,154,Unavailable MOE or zero percentage,NA,NA,NA,114,Unavailable MOE or zero percentage,NA,NA,NA,593,Percentage MOE exceeds 50% of estimate,NA,NA,NA,749,Denominator below story-scale threshold,435
1378996,"Varnell city, Georgia",2920,36,2,2,0,0,0,0,34,694,39,4,4,14,14,14,14,39,2,0,Pass,36,0,Pass,5.555555555555555,2,TRUE,TRUE,TRUE,121.59136638235388,0,6,9.339926389737045,100,282.842712474619,0,700,0,700,0,700,0,700,0,14.8954819452926,102.20889704748595,Percentage MOE exceeds 50% of estimate,0,100,171.95615940540088,Percentage MOE exceeds 50% of estimate,0,100,NA,Unavailable MOE or zero percentage,0,100,NA,Unavailable MOE or zero percentage,0,100,NA,Unavailable MOE or zero percentage,0,100,NA,Unavailable MOE or zero percentage,2024,2020-2024,ACS five-year,13,0.684931506849315,1.3601560849644365,Denominator below story-scale threshold,15155,51.41862787939322,6,32038,Retained,NA,NA,NA,771,Percentage MOE exceeds 50% of estimate,NA,NA,NA,48,Percentage MOE exceeds 50% of estimate,NA,NA,NA,40,Unavailable MOE or zero percentage,NA,NA,NA,154,Unavailable MOE or zero percentage,NA,NA,NA,114,Unavailable MOE or zero percentage,NA,NA,NA,593,Unavailable MOE or zero percentage,NA,NA,NA,749,Denominator below story-scale threshold,435
1379948,"Waleska city, Georgia",808,3,2,0,0,0,0,2,1,144,5,4,14,14,14,14,4,2,2,0,Pass,3,0,Pass,66.66666666666666,2,TRUE,TRUE,TRUE,121.59136638235388,0,6,73.7027731190089,0,700,0,700,0,700,0,700,100,282.842712474619,0,100,67.21215667281686,Percentage MOE exceeds 50% of estimate,0,100,NA,Unavailable MOE or zero percentage,0,100,NA,Unavailable MOE or zero percentage,0,100,NA,Unavailable MOE or zero percentage,0,100,NA,Unavailable MOE or zero percentage,0,100,171.95615940540088,Percentage MOE exceeds 50% of estimate,2024,2020-2024,ACS five-year,13,2.4752475247524752,4.930801427295085,Denominator below story-scale threshold,15155,51.41862787939322,6,32038,Retained,NA,NA,NA,771,Percentage MOE exceeds 50% of estimate,NA,NA,NA,48,Unavailable MOE or zero percentage,NA,NA,NA,40,Unavailable MOE or zero percentage,NA,NA,NA,154,Unavailable MOE or zero percentage,NA,NA,NA,114,Unavailable MOE or zero percentage,NA,NA,NA,593,Percentage MOE exceeds 50% of estimate,NA,NA,NA,749,Denominator below story-scale threshold,435
1380844,"Waverly Hall town, Georgia",650,3,2,0,0,2,0,0,1,250,23,22,14,14,22,14,14,3,2,0,Pass,3,0,Pass,66.66666666666666,11,TRUE,TRUE,TRUE,668.7525151029463,0,24,525.8737584977437,0,700,0,700,100,1555.6349186104046,0,700,0,700,0,100,479.5628163027348,Percentage MOE exceeds 50% of estimate,0,100,NA,Unavailable MOE or zero percentage,0,100,NA,Unavailable MOE or zero percentage,0,100,945.7588767297048,Percentage MOE exceeds 50% of estimate,0,100,NA,Unavailable MOE or zero percentage,0,100,NA,Unavailable MOE or zero percentage,2024,2020-2024,ACS five-year,13,3.076923076923077,33.82545814901746,Denominator below story-scale threshold,15155,51.41862787939322,6,32038,Retained,NA,NA,NA,771,Percentage MOE exceeds 50% of estimate,NA,NA,NA,48,Unavailable MOE or zero percentage,NA,NA,NA,40,Unavailable MOE or zero percentage,NA,NA,NA,154,Percentage MOE exceeds 50% of estimate,NA,NA,NA,114,Unavailable MOE or zero percentage,NA,NA,NA,593,Unavailable MOE or zero percentage,NA,NA,NA,749,Denominator below story-scale threshold,435
1302256,"Andersonville city, Georgia",231,1,1,0,0,0,0,1,0,121,4,4,14,14,14,14,4,14,1,0,Pass,1,0,Pass,100,4,TRUE,TRUE,TRUE,243.18273276470777,0,5,565.685424949238,0,1400,0,1400,0,1400,0,1400,100,565.685424949238,0,100,343.91231881080176,Percentage MOE exceeds 50% of estimate,0,100,NA,Unavailable MOE or zero percentage,0,100,NA,Unavailable MOE or zero percentage,0,100,NA,Unavailable MOE or zero percentage,0,100,NA,Unavailable MOE or zero percentage,0,100,343.91231881080176,Percentage MOE exceeds 50% of estimate,2024,2020-2024,ACS five-year,13,4.329004329004329,17.166903192514436,Denominator below story-scale threshold,15976,49.44284911667395,5,32038,Retained,NA,NA,NA,771,Percentage MOE exceeds 50% of estimate,NA,NA,NA,48,Unavailable MOE or zero percentage,NA,NA,NA,40,Unavailable MOE or zero percentage,NA,NA,NA,154,Unavailable MOE or zero percentage,NA,NA,NA,114,Unavailable MOE or zero percentage,NA,NA,NA,593,Percentage MOE exceeds 50% of estimate,NA,NA,NA,749,Denominator below story-scale threshold,455
1321436,"Damascus city, Georgia",272,1,1,0,0,0,1,0,0,127,2,2,14,14,14,2,14,14,1,0,Pass,1,0,Pass,100,2,TRUE,TRUE,TRUE,121.59136638235388,0,3,282.842712474619,0,1400,0,1400,0,1400,100,282.842712474619,0,1400,0,100,171.95615940540088,Percentage MOE exceeds 50% of estimate,0,100,NA,Unavailable MOE or zero percentage,0,100,NA,Unavailable MOE or zero percentage,0,100,NA,Unavailable MOE or zero percentage,0,100,171.95615940540088,Percentage MOE exceeds 50% of estimate,0,100,NA,Unavailable MOE or zero percentage,2024,2020-2024,ACS five-year,13,3.676470588235294,7.149760257866104,Denominator below story-scale threshold,15976,49.44284911667395,5,32038,Retained,NA,NA,NA,771,Percentage MOE exceeds 50% of estimate,NA,NA,NA,48,Unavailable MOE or zero percentage,NA,NA,NA,40,Unavailable MOE or zero percentage,NA,NA,NA,154,Unavailable MOE or zero percentage,NA,NA,NA,114,Percentage MOE exceeds 50% of estimate,NA,NA,NA,593,Unavailable MOE or zero percentage,NA,NA,NA,749,Denominator below story-scale threshold,455
1322976,"Dillard city, Georgia",326,6,1,0,0,0,0,1,5,112,6,3,14,14,14,14,3,6,1,0,Pass,6,0,Pass,16.666666666666664,3,TRUE,TRUE,TRUE,182.38704957353082,0,4,47.14045207910317,0,1400,0,1400,0,1400,0,1400,100,424.2640687119285,0,63.807118745769834,171.9561594054009,Percentage MOE exceeds 50% of estimate,0,100,NA,Unavailable MOE or zero percentage,0,100,NA,Unavailable MOE or zero percentage,0,100,NA,Unavailable MOE or zero percentage,0,100,NA,Unavailable MOE or zero percentage,0,100,257.9342391081013,Percentage MOE exceeds 50% of estimate,2024,2020-2024,ACS five-year,13,3.067484662576687,9.141911124028791,Denominator below story-scale threshold,15976,49.44284911667395,5,32038,Retained,NA,NA,NA,771,Percentage MOE exceeds 50% of estimate,NA,NA,NA,48,Unavailable MOE or zero percentage,NA,NA,NA,40,Unavailable MOE or zero percentage,NA,NA,NA,154,Unavailable MOE or zero percentage,NA,NA,NA,114,Unavailable MOE or zero percentage,NA,NA,NA,593,Percentage MOE exceeds 50% of estimate,NA,NA,NA,749,Denominator below story-scale threshold,455
1332860,"Gillsville city, Georgia",454,8,1,0,0,0,0,1,7,279,8,3,14,14,14,14,3,8,1,0,Pass,8,0,Pass,12.5,3,TRUE,TRUE,TRUE,182.38704957353082,0,4,35.35533905932738,0,1400,0,1400,0,1400,0,1400,100,424.2640687119285,0,47.85533905932738,171.95615940540088,Percentage MOE exceeds 50% of estimate,0,100,NA,Unavailable MOE or zero percentage,0,100,NA,Unavailable MOE or zero percentage,0,100,NA,Unavailable MOE or zero percentage,0,100,NA,Unavailable MOE or zero percentage,0,100,257.9342391081013,Percentage MOE exceeds 50% of estimate,2024,2020-2024,ACS five-year,13,2.2026431718061676,6.467803441955118,Denominator below story-scale threshold,15976,49.44284911667395,5,32038,Retained,NA,NA,NA,771,Percentage MOE exceeds 50% of estimate,NA,NA,NA,48,Unavailable MOE or zero percentage,NA,NA,NA,40,Unavailable MOE or zero percentage,NA,NA,NA,154,Unavailable MOE or zero percentage,NA,NA,NA,114,Unavailable MOE or zero percentage,NA,NA,NA,593,Percentage MOE exceeds 50% of estimate,NA,NA,NA,749,Denominator below story-scale threshold,455
1346020,"Leslie city, Georgia",510,3,1,0,0,0,0,1,2,239,10,3,14,14,14,14,3,8,1,0,Pass,3,0,Pass,33.33333333333333,3,TRUE,TRUE,TRUE,182.38704957353082,0,4,149.48471163415235,0,1400,0,1400,0,1400,0,1400,100,424.2640687119285,0,100,272.64075511303105,Percentage MOE exceeds 50% of estimate,0,100,NA,Unavailable MOE or zero percentage,0,100,NA,Unavailable MOE or zero percentage,0,100,NA,Unavailable MOE or zero percentage,0,100,NA,Unavailable MOE or zero percentage,0,100,257.9342391081013,Percentage MOE exceeds 50% of estimate,2024,2020-2024,ACS five-year,13,1.9607843137254901,5.810141179978892,Denominator below story-scale threshold,15976,49.44284911667395,5,32038,Retained,NA,NA,NA,771,Percentage MOE exceeds 50% of estimate,NA,NA,NA,48,Unavailable MOE or zero percentage,NA,NA,NA,40,Unavailable MOE or zero percentage,NA,NA,NA,154,Unavailable MOE or zero percentage,NA,NA,NA,114,Unavailable MOE or zero percentage,NA,NA,NA,593,Percentage MOE exceeds 50% of estimate,NA,NA,NA,749,Denominator below story-scale threshold,455
1358100,"Oliver city, Georgia",214,1,1,0,1,0,0,0,0,116,4,4,14,4,14,14,14,14,1,0,Pass,1,0,Pass,100,4,TRUE,TRUE,TRUE,243.18273276470777,0,5,565.685424949238,0,1400,100,565.685424949238,0,1400,0,1400,0,1400,0,100,343.91231881080176,Percentage MOE exceeds 50% of estimate,0,100,NA,Unavailable MOE or zero percentage,0,100,343.91231881080176,Percentage MOE exceeds 50% of estimate,0,100,NA,Unavailable MOE or zero percentage,0,100,NA,Unavailable MOE or zero percentage,0,100,NA,Unavailable MOE or zero percentage,2024,2020-2024,ACS five-year,13,4.672897196261682,18.51916689745964,Denominator below story-scale threshold,15976,49.44284911667395,5,32038,Retained,NA,NA,NA,771,Percentage MOE exceeds 50% of estimate,NA,NA,NA,48,Unavailable MOE or zero percentage,NA,NA,NA,40,Percentage MOE exceeds 50% of estimate,NA,NA,NA,154,Unavailable MOE or zero percentage,NA,NA,NA,114,Unavailable MOE or zero percentage,NA,NA,NA,593,Unavailable MOE or zero percentage,NA,NA,NA,749,Denominator below story-scale threshold,455
1363588,"Raoul CDP, Georgia",2253,2,1,0,0,0,1,0,1,453,5,3,14,14,14,3,14,3,1,0,Pass,2,0,Pass,50,3,TRUE,TRUE,TRUE,182.38704957353082,0,4,82.915619758885,0,1400,0,1400,0,1400,100,424.2640687119285,0,1400,0,100,100.81823500922526,Percentage MOE exceeds 50% of estimate,0,100,NA,Unavailable MOE or zero percentage,0,100,NA,Unavailable MOE or zero percentage,0,100,NA,Unavailable MOE or zero percentage,0,100,257.9342391081013,Percentage MOE exceeds 50% of estimate,0,100,NA,Unavailable MOE or zero percentage,2024,2020-2024,ACS five-year,13,0.44385264092321347,1.3285639344238622,Denominator below story-scale threshold,15976,49.44284911667395,5,32038,Retained,NA,NA,NA,771,Percentage MOE exceeds 50% of estimate,NA,NA,NA,48,Unavailable MOE or zero percentage,NA,NA,NA,40,Unavailable MOE or zero percentage,NA,NA,NA,154,Unavailable MOE or zero percentage,NA,NA,NA,114,Percentage MOE exceeds 50% of estimate,NA,NA,NA,593,Unavailable MOE or zero percentage,NA,NA,NA,749,Denominator below story-scale threshold,455
1369896,"Sharon city, Georgia",56,1,1,0,0,0,1,0,0,22,2,2,14,14,14,2,14,14,1,0,Pass,1,0,Pass,100,2,TRUE,TRUE,TRUE,121.59136638235388,0,3,282.842712474619,0,1400,0,1400,0,1400,100,282.842712474619,0,1400,0,100,171.95615940540088,Percentage MOE exceeds 50% of estimate,0,100,NA,Unavailable MOE or zero percentage,0,100,NA,Unavailable MOE or zero percentage,0,100,NA,Unavailable MOE or zero percentage,0,100,171.95615940540088,Percentage MOE exceeds 50% of estimate,0,100,NA,Unavailable MOE or zero percentage,2024,2020-2024,ACS five-year,13,17.857142857142858,35.018504880847814,Denominator below story-scale threshold,15976,49.44284911667395,5,32038,Retained,NA,NA,NA,771,Percentage MOE exceeds 50% of estimate,NA,NA,NA,48,Unavailable MOE or zero percentage,NA,NA,NA,40,Unavailable MOE or zero percentage,NA,NA,NA,154,Unavailable MOE or zero percentage,NA,NA,NA,114,Percentage MOE exceeds 50% of estimate,NA,NA,NA,593,Unavailable MOE or zero percentage,NA,NA,NA,749,Denominator below story-scale threshold,455
1380676,"Warwick city, Georgia",641,6,1,0,0,0,0,1,5,282,9,4,14,14,14,14,4,8,1,0,Pass,6,0,Pass,16.666666666666664,4,TRUE,TRUE,TRUE,243.18273276470777,0,5,61.80165405913053,0,1400,0,1400,0,1400,0,1400,100,565.685424949238,0,78.46832072579718,225.43642685217685,Percentage MOE exceeds 50% of estimate,0,100,NA,Unavailable MOE or zero percentage,0,100,NA,Unavailable MOE or zero percentage,0,100,NA,Unavailable MOE or zero percentage,0,100,NA,Unavailable MOE or zero percentage,0,100,343.91231881080176,Percentage MOE exceeds 50% of estimate,2024,2020-2024,ACS five-year,13,1.5600624024960998,6.202391972574388,Denominator below story-scale threshold,15976,49.44284911667395,5,32038,Retained,NA,NA,NA,771,Percentage MOE exceeds 50% of estimate,NA,NA,NA,48,Unavailable MOE or zero percentage,NA,NA,NA,40,Unavailable MOE or zero percentage,NA,NA,NA,154,Unavailable MOE or zero percentage,NA,NA,NA,114,Unavailable MOE or zero percentage,NA,NA,NA,593,Percentage MOE exceeds 50% of estimate,NA,NA,NA,749,Denominator below story-scale threshold,455
1300828,"Ailey city, Georgia",489,0,0,0,0,0,0,0,0,204,14,14,14,14,14,14,14,14,0,0,Pass,0,0,Pass,NA,NA,TRUE,NA,NA,NA,0,14,NA,NA,NA,NA,NA,NA,NA,NA,NA,NA,NA,NA,NA,NA,Missing input or nonpositive denominator,NA,NA,NA,Missing input or nonpositive denominator,NA,NA,NA,Missing input or nonpositive denominator,NA,NA,NA,Missing input or nonpositive denominator,NA,NA,NA,Missing input or nonpositive denominator,NA,NA,NA,Missing input or nonpositive denominator,2024,2020-2024,ACS five-year,13,0,28.629856850715747,Denominator below story-scale threshold,16421,24.374180660465697,3,32038,Retained,NA,NA,NA,771,Missing input or nonpositive denominator,NA,NA,NA,48,Missing input or nonpositive denominator,NA,NA,NA,40,Missing input or nonpositive denominator,NA,NA,NA,154,Missing input or nonpositive denominator,NA,NA,NA,114,Missing input or nonpositive denominator,NA,NA,NA,593,Missing input or nonpositive denominator,NA,NA,NA,749,Denominator below story-scale threshold,464
1301248,"Aldora town, Georgia",82,0,0,0,0,0,0,0,0,100,14,14,14,14,14,14,14,14,0,0,Pass,0,0,Pass,NA,NA,TRUE,NA,NA,NA,0,14,NA,NA,NA,NA,NA,NA,NA,NA,NA,NA,NA,NA,NA,NA,Missing input or nonpositive denominator,NA,NA,NA,Missing input or nonpositive denominator,NA,NA,NA,Missing input or nonpositive denominator,NA,NA,NA,Missing input or nonpositive denominator,NA,NA,NA,Missing input or nonpositive denominator,NA,NA,NA,Missing input or nonpositive denominator,2024,2020-2024,ACS five-year,13,0,170.7317073170732,Denominator below story-scale threshold,16421,24.374180660465697,3,32038,Retained,NA,NA,NA,771,Missing input or nonpositive denominator,NA,NA,NA,48,Missing input or nonpositive denominator,NA,NA,NA,40,Missing input or nonpositive denominator,NA,NA,NA,154,Missing input or nonpositive denominator,NA,NA,NA,114,Missing input or nonpositive denominator,NA,NA,NA,593,Missing input or nonpositive denominator,NA,NA,NA,749,Denominator below story-scale threshold,464
1301500,"Allentown city, Georgia",341,0,0,0,0,0,0,0,0,117,14,14,14,14,14,14,14,14,0,0,Pass,0,0,Pass,NA,NA,TRUE,NA,NA,NA,0,14,NA,NA,NA,NA,NA,NA,NA,NA,NA,NA,NA,NA,NA,NA,Missing input or nonpositive denominator,NA,NA,NA,Missing input or nonpositive denominator,NA,NA,NA,Missing input or nonpositive denominator,NA,NA,NA,Missing input or nonpositive denominator,NA,NA,NA,Missing input or nonpositive denominator,NA,NA,NA,Missing input or nonpositive denominator,2024,2020-2024,ACS five-year,13,0,41.05571847507331,Denominator below story-scale threshold,16421,24.374180660465697,3,32038,Retained,NA,NA,NA,771,Missing input or nonpositive denominator,NA,NA,NA,48,Missing input or nonpositive denominator,NA,NA,NA,40,Missing input or nonpositive denominator,NA,NA,NA,154,Missing input or nonpositive denominator,NA,NA,NA,114,Missing input or nonpositive denominator,NA,NA,NA,593,Missing input or nonpositive denominator,NA,NA,NA,749,Denominator below story-scale threshold,464
1302060,"Ambrose city, Georgia",382,26,0,0,0,0,0,0,26,219,40,14,14,14,14,14,14,40,0,0,Pass,26,0,Pass,0,NA,TRUE,NA,NA,NA,0,14,53.84615384615385,NA,NA,NA,NA,NA,NA,NA,NA,NA,NA,0,53.84615384615385,NA,Unavailable MOE or zero percentage,NA,NA,NA,Missing input or nonpositive denominator,NA,NA,NA,Missing input or nonpositive denominator,NA,NA,NA,Missing input or nonpositive denominator,NA,NA,NA,Missing input or nonpositive denominator,NA,NA,NA,Missing input or nonpositive denominator,2024,2020-2024,ACS five-year,13,0,36.64921465968586,Denominator below story-scale threshold,16421,24.374180660465697,3,32038,Retained,NA,NA,NA,771,Unavailable MOE or zero percentage,NA,NA,NA,48,Missing input or nonpositive denominator,NA,NA,NA,40,Missing input or nonpositive denominator,NA,NA,NA,154,Missing input or nonpositive denominator,NA,NA,NA,114,Missing input or nonpositive denominator,NA,NA,NA,593,Missing input or nonpositive denominator,NA,NA,NA,749,Denominator below story-scale threshold,464
1302364,"Antioch CDP, Georgia",870,0,0,0,0,0,0,0,0,432,14,14,14,14,14,14,14,14,0,0,Pass,0,0,Pass,NA,NA,TRUE,NA,NA,NA,0,14,NA,NA,NA,NA,NA,NA,NA,NA,NA,NA,NA,NA,NA,NA,Missing input or nonpositive denominator,NA,NA,NA,Missing input or nonpositive denominator,NA,NA,NA,Missing input or nonpositive denominator,NA,NA,NA,Missing input or nonpositive denominator,NA,NA,NA,Missing input or nonpositive denominator,NA,NA,NA,Missing input or nonpositive denominator,2024,2020-2024,ACS five-year,13,0,16.091954022988507,Denominator below story-scale threshold,16421,24.374180660465697,3,32038,Retained,NA,NA,NA,771,Missing input or nonpositive denominator,NA,NA,NA,48,Missing input or nonpositive denominator,NA,NA,NA,40,Missing input or nonpositive denominator,NA,NA,NA,154,Missing input or nonpositive denominator,NA,NA,NA,114,Missing input or nonpositive denominator,NA,NA,NA,593,Missing input or nonpositive denominator,NA,NA,NA,749,Denominator below story-scale threshold,464
1302536,"Appling CDP, Georgia",702,11,0,0,0,0,0,0,11,295,17,14,14,14,14,14,14,17,0,0,Pass,11,0,Pass,0,NA,TRUE,NA,NA,NA,0,14,127.27272727272727,NA,NA,NA,NA,NA,NA,NA,NA,NA,NA,0,100,NA,Unavailable MOE or zero percentage,NA,NA,NA,Missing input or nonpositive denominator,NA,NA,NA,Missing input or nonpositive denominator,NA,NA,NA,Missing input or nonpositive denominator,NA,NA,NA,Missing input or nonpositive denominator,NA,NA,NA,Missing input or nonpositive denominator,2024,2020-2024,ACS five-year,13,0,19.94301994301994,Denominator below story-scale threshold,16421,24.374180660465697,3,32038,Retained,NA,NA,NA,771,Unavailable MOE or zero percentage,NA,NA,NA,48,Missing input or nonpositive denominator,NA,NA,NA,40,Missing input or nonpositive denominator,NA,NA,NA,154,Missing input or nonpositive denominator,NA,NA,NA,114,Missing input or nonpositive denominator,NA,NA,NA,593,Missing input or nonpositive denominator,NA,NA,NA,749,Denominator below story-scale threshold,464
1303124,"Arnoldsville city, Georgia",500,0,0,0,0,0,0,0,0,200,14,14,14,14,14,14,14,14,0,0,Pass,0,0,Pass,NA,NA,TRUE,NA,NA,NA,0,14,NA,NA,NA,NA,NA,NA,NA,NA,NA,NA,NA,NA,NA,NA,Missing input or nonpositive denominator,NA,NA,NA,Missing input or nonpositive denominator,NA,NA,NA,Missing input or nonpositive denominator,NA,NA,NA,Missing input or nonpositive denominator,NA,NA,NA,Missing input or nonpositive denominator,NA,NA,NA,Missing input or nonpositive denominator,2024,2020-2024,ACS five-year,13,0,28.000000000000004,Denominator below story-scale threshold,16421,24.374180660465697,3,32038,Retained,NA,NA,NA,771,Missing input or nonpositive denominator,NA,NA,NA,48,Missing input or nonpositive denominator,NA,NA,NA,40,Missing input or nonpositive denominator,NA,NA,NA,154,Missing input or nonpositive denominator,NA,NA,NA,114,Missing input or nonpositive denominator,NA,NA,NA,593,Missing input or nonpositive denominator,NA,NA,NA,749,Denominator below story-scale threshold,464
1304700,"Axson CDP, Georgia",268,0,0,0,0,0,0,0,0,152,14,14,14,14,14,14,14,14,0,0,Pass,0,0,Pass,NA,NA,TRUE,NA,NA,NA,0,14,NA,NA,NA,NA,NA,NA,NA,NA,NA,NA,NA,NA,NA,NA,Missing input or nonpositive denominator,NA,NA,NA,Missing input or nonpositive denominator,NA,NA,NA,Missing input or nonpositive denominator,NA,NA,NA,Missing input or nonpositive denominator,NA,NA,NA,Missing input or nonpositive denominator,NA,NA,NA,Missing input or nonpositive denominator,2024,2020-2024,ACS five-year,13,0,52.23880597014925,Denominator below story-scale threshold,16421,24.374180660465697,3,32038,Retained,NA,NA,NA,771,Missing input or nonpositive denominator,NA,NA,NA,48,Missing input or nonpositive denominator,NA,NA,NA,40,Missing input or nonpositive denominator,NA,NA,NA,154,Missing input or nonpositive denominator,NA,NA,NA,114,Missing input or nonpositive denominator,NA,NA,NA,593,Missing input or nonpositive denominator,NA,NA,NA,749,Denominator below story-scale threshold,464
1304980,"Baldwin city, Georgia",4000,124,0,0,0,0,0,0,124,294,74,14,14,14,14,14,14,74,0,0,Pass,124,0,Pass,0,NA,TRUE,NA,NA,NA,0,14,11.29032258064516,NA,NA,NA,NA,NA,NA,NA,NA,NA,NA,0,11.29032258064516,NA,Unavailable MOE or zero percentage,NA,NA,NA,Missing input or nonpositive denominator,NA,NA,NA,Missing input or nonpositive denominator,NA,NA,NA,Missing input or nonpositive denominator,NA,NA,NA,Missing input or nonpositive denominator,NA,NA,NA,Missing input or nonpositive denominator,2024,2020-2024,ACS five-year,13,0,3.5000000000000004,Unavailable MOE or zero percentage,16421,24.374180660465697,3,32038,Retained,NA,NA,NA,771,Unavailable MOE or zero percentage,NA,NA,NA,48,Missing input or nonpositive denominator,NA,NA,NA,40,Missing input or nonpositive denominator,NA,NA,NA,154,Missing input or nonpositive denominator,NA,NA,NA,114,Missing input or nonpositive denominator,NA,NA,NA,593,Missing input or nonpositive denominator,NA,NA,NA,749,Unavailable MOE or zero percentage,464
1306688,"Bellville city, Georgia",171,0,0,0,0,0,0,0,0,87,14,14,14,14,14,14,14,14,0,0,Pass,0,0,Pass,NA,NA,TRUE,NA,NA,NA,0,14,NA,NA,NA,NA,NA,NA,NA,NA,NA,NA,NA,NA,NA,NA,Missing input or nonpositive denominator,NA,NA,NA,Missing input or nonpositive denominator,NA,NA,NA,Missing input or nonpositive denominator,NA,NA,NA,Missing input or nonpositive denominator,NA,NA,NA,Missing input or nonpositive denominator,NA,NA,NA,Missing input or nonpositive denominator,2024,2020-2024,ACS five-year,13,0,81.87134502923976,Denominator below story-scale threshold,16421,24.374180660465697,3,32038,Retained,NA,NA,NA,771,Missing input or nonpositive denominator,NA,NA,NA,48,Missing input or nonpositive denominator,NA,NA,NA,40,Missing input or nonpositive denominator,NA,NA,NA,154,Missing input or nonpositive denominator,NA,NA,NA,114,Missing input or nonpositive denominator,NA,NA,NA,593,Missing input or nonpositive denominator,NA,NA,NA,749,Denominator below story-scale threshold,464
1307380,"Berry College CDP, Georgia",1647,0,0,0,0,0,0,0,0,78,14,14,14,14,14,14,14,14,0,0,Pass,0,0,Pass,NA,NA,TRUE,NA,NA,NA,0,14,NA,NA,NA,NA,NA,NA,NA,NA,NA,NA,NA,NA,NA,NA,Missing input or nonpositive denominator,NA,NA,NA,Missing input or nonpositive denominator,NA,NA,NA,Missing input or nonpositive denominator,NA,NA,NA,Missing input or nonpositive denominator,NA,NA,NA,Missing input or nonpositive denominator,NA,NA,NA,Missing input or nonpositive denominator,2024,2020-2024,ACS five-year,13,0,8.500303582270796,Denominator below story-scale threshold,16421,24.374180660465697,3,32038,Retained,NA,NA,NA,771,Missing input or nonpositive denominator,NA,NA,NA,48,Missing input or nonpositive denominator,NA,NA,NA,40,Missing input or nonpositive denominator,NA,NA,NA,154,Missing input or nonpositive denominator,NA,NA,NA,114,Missing input or nonpositive denominator,NA,NA,NA,593,Missing input or nonpositive denominator,NA,NA,NA,749,Denominator below story-scale threshold,464
1307612,"Bethlehem town, Georgia",707,18,0,0,0,0,0,0,18,220,20,14,14,14,14,14,14,20,0,0,Pass,18,0,Pass,0,NA,TRUE,NA,NA,NA,0,14,77.77777777777779,NA,NA,NA,NA,NA,NA,NA,NA,NA,NA,0,77.77777777777779,NA,Unavailable MOE or zero percentage,NA,NA,NA,Missing input or nonpositive denominator,NA,NA,NA,Missing input or nonpositive denominator,NA,NA,NA,Missing input or nonpositive denominator,NA,NA,NA,Missing input or nonpositive denominator,NA,NA,NA,Missing input or nonpositive denominator,2024,2020-2024,ACS five-year,13,0,19.801980198019802,Denominator below story-scale threshold,16421,24.374180660465697,3,32038,Retained,NA,NA,NA,771,Unavailable MOE or zero percentage,NA,NA,NA,48,Missing input or nonpositive denominator,NA,NA,NA,40,Missing input or nonpositive denominator,NA,NA,NA,154,Missing input or nonpositive denominator,NA,NA,NA,114,Missing input or nonpositive denominator,NA,NA,NA,593,Missing input or nonpositive denominator,NA,NA,NA,749,Denominator below story-scale threshold,464
1307640,"Between town, Georgia",482,5,0,0,0,0,0,0,5,206,7,14,14,14,14,14,14,7,0,0,Pass,5,0,Pass,0,NA,TRUE,NA,NA,NA,0,14,280,NA,NA,NA,NA,NA,NA,NA,NA,NA,NA,0,100,NA,Unavailable MOE or zero percentage,NA,NA,NA,Missing input or nonpositive denominator,NA,NA,NA,Missing input or nonpositive denominator,NA,NA,NA,Missing input or nonpositive denominator,NA,NA,NA,Missing input or nonpositive denominator,NA,NA,NA,Missing input or nonpositive denominator,2024,2020-2024,ACS five-year,13,0,29.04564315352697,Denominator below story-scale threshold,16421,24.374180660465697,3,32038,Retained,NA,NA,NA,771,Unavailable MOE or zero percentage,NA,NA,NA,48,Missing input or nonpositive denominator,NA,NA,NA,40,Missing input or nonpositive denominator,NA,NA,NA,154,Missing input or nonpositive denominator,NA,NA,NA,114,Missing input or nonpositive denominator,NA,NA,NA,593,Missing input or nonpositive denominator,NA,NA,NA,749,Denominator below story-scale threshold,464
1309068,"Bogart town, Georgia",1403,54,0,0,0,0,0,0,54,225,49,14,14,14,14,14,14,49,0,0,Pass,54,0,Pass,0,NA,TRUE,NA,NA,NA,0,14,25.925925925925924,NA,NA,NA,NA,NA,NA,NA,NA,NA,NA,0,25.925925925925924,NA,Unavailable MOE or zero percentage,NA,NA,NA,Missing input or nonpositive denominator,NA,NA,NA,Missing input or nonpositive denominator,NA,NA,NA,Missing input or nonpositive denominator,NA,NA,NA,Missing input or nonpositive denominator,NA,NA,NA,Missing input or nonpositive denominator,2024,2020-2024,ACS five-year,13,0,9.978617248752673,Denominator below story-scale threshold,16421,24.374180660465697,3,32038,Retained,NA,NA,NA,771,Unavailable MOE or zero percentage,NA,NA,NA,48,Missing input or nonpositive denominator,NA,NA,NA,40,Missing input or nonpositive denominator,NA,NA,NA,154,Missing input or nonpositive denominator,NA,NA,NA,114,Missing input or nonpositive denominator,NA,NA,NA,593,Missing input or nonpositive denominator,NA,NA,NA,749,Denominator below story-scale threshold,464
1309152,"Bolingbroke CDP, Georgia",426,0,0,0,0,0,0,0,0,177,14,14,14,14,14,14,14,14,0,0,Pass,0,0,Pass,NA,NA,TRUE,NA,NA,NA,0,14,NA,NA,NA,NA,NA,NA,NA,NA,NA,NA,NA,NA,NA,NA,Missing input or nonpositive denominator,NA,NA,NA,Missing input or nonpositive denominator,NA,NA,NA,Missing input or nonpositive denominator,NA,NA,NA,Missing input or nonpositive denominator,NA,NA,NA,Missing input or nonpositive denominator,NA,NA,NA,Missing input or nonpositive denominator,2024,2020-2024,ACS five-year,13,0,32.86384976525822,Denominator below story-scale threshold,16421,24.374180660465697,3,32038,Retained,NA,NA,NA,771,Missing input or nonpositive denominator,NA,NA,NA,48,Missing input or nonpositive denominator,NA,NA,NA,40,Missing input or nonpositive denominator,NA,NA,NA,154,Missing input or nonpositive denominator,NA,NA,NA,114,Missing input or nonpositive denominator,NA,NA,NA,593,Missing input or nonpositive denominator,NA,NA,NA,749,Denominator below story-scale threshold,464
1309272,"Bonanza CDP, Georgia",3279,25,0,0,0,0,0,0,25,637,33,14,14,14,14,14,14,33,0,0,Pass,25,0,Pass,0,NA,TRUE,NA,NA,NA,0,14,56.00000000000001,NA,NA,NA,NA,NA,NA,NA,NA,NA,NA,0,56.00000000000001,NA,Unavailable MOE or zero percentage,NA,NA,NA,Missing input or nonpositive denominator,NA,NA,NA,Missing input or nonpositive denominator,NA,NA,NA,Missing input or nonpositive denominator,NA,NA,NA,Missing input or nonpositive denominator,NA,NA,NA,Missing input or nonpositive denominator,2024,2020-2024,ACS five-year,13,0,4.269594388533089,Denominator below story-scale threshold,16421,24.374180660465697,3,32038,Retained,NA,NA,NA,771,Unavailable MOE or zero percentage,NA,NA,NA,48,Missing input or nonpositive denominator,NA,NA,NA,40,Missing input or nonpositive denominator,NA,NA,NA,154,Missing input or nonpositive denominator,NA,NA,NA,114,Missing input or nonpositive denominator,NA,NA,NA,593,Missing input or nonpositive denominator,NA,NA,NA,749,Denominator below story-scale threshold,464
1309488,"Bostwick city, Georgia",269,0,0,0,0,0,0,0,0,99,14,14,14,14,14,14,14,14,0,0,Pass,0,0,Pass,NA,NA,TRUE,NA,NA,NA,0,14,NA,NA,NA,NA,NA,NA,NA,NA,NA,NA,NA,NA,NA,NA,Missing input or nonpositive denominator,NA,NA,NA,Missing input or nonpositive denominator,NA,NA,NA,Missing input or nonpositive denominator,NA,NA,NA,Missing input or nonpositive denominator,NA,NA,NA,Missing input or nonpositive denominator,NA,NA,NA,Missing input or nonpositive denominator,2024,2020-2024,ACS five-year,13,0,52.04460966542751,Denominator below story-scale threshold,16421,24.374180660465697,3,32038,Retained,NA,NA,NA,771,Missing input or nonpositive denominator,NA,NA,NA,48,Missing input or nonpositive denominator,NA,NA,NA,40,Missing input or nonpositive denominator,NA,NA,NA,154,Missing input or nonpositive denominator,NA,NA,NA,114,Missing input or nonpositive denominator,NA,NA,NA,593,Missing input or nonpositive denominator,NA,NA,NA,749,Denominator below story-scale threshold,464
1309852,"Boykin CDP, Georgia",25,0,0,0,0,0,0,0,0,30,14,14,14,14,14,14,14,14,0,0,Pass,0,0,Pass,NA,NA,TRUE,NA,NA,NA,0,14,NA,NA,NA,NA,NA,NA,NA,NA,NA,NA,NA,NA,NA,NA,Missing input or nonpositive denominator,NA,NA,NA,Missing input or nonpositive denominator,NA,NA,NA,Missing input or nonpositive denominator,NA,NA,NA,Missing input or nonpositive denominator,NA,NA,NA,Missing input or nonpositive denominator,NA,NA,NA,Missing input or nonpositive denominator,2024,2020-2024,ACS five-year,13,0,560.0000000000001,Denominator below story-scale threshold,16421,24.374180660465697,3,32038,Retained,NA,NA,NA,771,Missing input or nonpositive denominator,NA,NA,NA,48,Missing input or nonpositive denominator,NA,NA,NA,40,Missing input or nonpositive denominator,NA,NA,NA,154,Missing input or nonpositive denominator,NA,NA,NA,114,Missing input or nonpositive denominator,NA,NA,NA,593,Missing input or nonpositive denominator,NA,NA,NA,749,Denominator below story-scale threshold,464
1310664,"Bristol CDP, Georgia",54,0,0,0,0,0,0,0,0,52,14,14,14,14,14,14,14,14,0,0,Pass,0,0,Pass,NA,NA,TRUE,NA,NA,NA,0,14,NA,NA,NA,NA,NA,NA,NA,NA,NA,NA,NA,NA,NA,NA,Missing input or nonpositive denominator,NA,NA,NA,Missing input or nonpositive denominator,NA,NA,NA,Missing input or nonpositive denominator,NA,NA,NA,Missing input or nonpositive denominator,NA,NA,NA,Missing input or nonpositive denominator,NA,NA,NA,Missing input or nonpositive denominator,2024,2020-2024,ACS five-year,13,0,259.25925925925924,Denominator below story-scale threshold,16421,24.374180660465697,3,32038,Retained,NA,NA,NA,771,Missing input or nonpositive denominator,NA,NA,NA,48,Missing input or nonpositive denominator,NA,NA,NA,40,Missing input or nonpositive denominator,NA,NA,NA,154,Missing input or nonpositive denominator,NA,NA,NA,114,Missing input or nonpositive denominator,NA,NA,NA,593,Missing input or nonpositive denominator,NA,NA,NA,749,Denominator below story-scale threshold,464
1311626,"Buckhead CDP, Georgia",4702,113,0,0,0,0,0,0,113,903,93,14,14,14,14,14,14,93,0,0,Pass,113,0,Pass,0,NA,TRUE,NA,NA,NA,0,14,12.389380530973451,NA,NA,NA,NA,NA,NA,NA,NA,NA,NA,0,12.389380530973451,NA,Unavailable MOE or zero percentage,NA,NA,NA,Missing input or nonpositive denominator,NA,NA,NA,Missing input or nonpositive denominator,NA,NA,NA,Missing input or nonpositive denominator,NA,NA,NA,Missing input or nonpositive denominator,NA,NA,NA,Missing input or nonpositive denominator,2024,2020-2024,ACS five-year,13,0,2.9774564015312635,Unavailable MOE or zero percentage,16421,24.374180660465697,3,32038,Retained,NA,NA,NA,771,Unavailable MOE or zero percentage,NA,NA,NA,48,Missing input or nonpositive denominator,NA,NA,NA,40,Missing input or nonpositive denominator,NA,NA,NA,154,Missing input or nonpositive denominator,NA,NA,NA,114,Missing input or nonpositive denominator,NA,NA,NA,593,Missing input or nonpositive denominator,NA,NA,NA,749,Unavailable MOE or zero percentage,464
1312484,"Calvary CDP, Georgia",205,0,0,0,0,0,0,0,0,156,14,14,14,14,14,14,14,14,0,0,Pass,0,0,Pass,NA,NA,TRUE,NA,NA,NA,0,14,NA,NA,NA,NA,NA,NA,NA,NA,NA,NA,NA,NA,NA,NA,Missing input or nonpositive denominator,NA,NA,NA,Missing input or nonpositive denominator,NA,NA,NA,Missing input or nonpositive denominator,NA,NA,NA,Missing input or nonpositive denominator,NA,NA,NA,Missing input or nonpositive denominator,NA,NA,NA,Missing input or nonpositive denominator,2024,2020-2024,ACS five-year,13,0,68.29268292682927,Denominator below story-scale threshold,16421,24.374180660465697,3,32038,Retained,NA,NA,NA,771,Missing input or nonpositive denominator,NA,NA,NA,48,Missing input or nonpositive denominator,NA,NA,NA,40,Missing input or nonpositive denominator,NA,NA,NA,154,Missing input or nonpositive denominator,NA,NA,NA,114,Missing input or nonpositive denominator,NA,NA,NA,593,Missing input or nonpositive denominator,NA,NA,NA,749,Denominator below story-scale threshold,464
1312512,"Camak town, Georgia",356,5,0,0,0,0,0,0,5,213,9,14,14,14,14,14,14,9,0,0,Pass,5,0,Pass,0,NA,TRUE,NA,NA,NA,0,14,280,NA,NA,NA,NA,NA,NA,NA,NA,NA,NA,0,100,NA,Unavailable MOE or zero percentage,NA,NA,NA,Missing input or nonpositive denominator,NA,NA,NA,Missing input or nonpositive denominator,NA,NA,NA,Missing input or nonpositive denominator,NA,NA,NA,Missing input or nonpositive denominator,NA,NA,NA,Missing input or nonpositive denominator,2024,2020-2024,ACS five-year,13,0,39.32584269662921,Denominator below story-scale threshold,16421,24.374180660465697,3,32038,Retained,NA,NA,NA,771,Unavailable MOE or zero percentage,NA,NA,NA,48,Missing input or nonpositive denominator,NA,NA,NA,40,Missing input or nonpositive denominator,NA,NA,NA,154,Missing input or nonpositive denominator,NA,NA,NA,114,Missing input or nonpositive denominator,NA,NA,NA,593,Missing input or nonpositive denominator,NA,NA,NA,749,Denominator below story-scale threshold,464
1312960,"Canoochee CDP, Georgia",84,0,0,0,0,0,0,0,0,61,14,14,14,14,14,14,14,14,0,0,Pass,0,0,Pass,NA,NA,TRUE,NA,NA,NA,0,14,NA,NA,NA,NA,NA,NA,NA,NA,NA,NA,NA,NA,NA,NA,Missing input or nonpositive denominator,NA,NA,NA,Missing input or nonpositive denominator,NA,NA,NA,Missing input or nonpositive denominator,NA,NA,NA,Missing input or nonpositive denominator,NA,NA,NA,Missing input or nonpositive denominator,NA,NA,NA,Missing input or nonpositive denominator,2024,2020-2024,ACS five-year,13,0,166.66666666666663,Denominator below story-scale threshold,16421,24.374180660465697,3,32038,Retained,NA,NA,NA,771,Missing input or nonpositive denominator,NA,NA,NA,48,Missing input or nonpositive denominator,NA,NA,NA,40,Missing input or nonpositive denominator,NA,NA,NA,154,Missing input or nonpositive denominator,NA,NA,NA,114,Missing input or nonpositive denominator,NA,NA,NA,593,Missing input or nonpositive denominator,NA,NA,NA,749,Denominator below story-scale threshold,464
1313184,"Carl town, Georgia",183,0,0,0,0,0,0,0,0,116,14,14,14,14,14,14,14,14,0,0,Pass,0,0,Pass,NA,NA,TRUE,NA,NA,NA,0,14,NA,NA,NA,NA,NA,NA,NA,NA,NA,NA,NA,NA,NA,NA,Missing input or nonpositive denominator,NA,NA,NA,Missing input or nonpositive denominator,NA,NA,NA,Missing input or nonpositive denominator,NA,NA,NA,Missing input or nonpositive denominator,NA,NA,NA,Missing input or nonpositive denominator,NA,NA,NA,Missing input or nonpositive denominator,2024,2020-2024,ACS five-year,13,0,76.50273224043717,Denominator below story-scale threshold,16421,24.374180660465697,3,32038,Retained,NA,NA,NA,771,Missing input or nonpositive denominator,NA,NA,NA,48,Missing input or nonpositive denominator,NA,NA,NA,40,Missing input or nonpositive denominator,NA,NA,NA,154,Missing input or nonpositive denominator,NA,NA,NA,114,Missing input or nonpositive denominator,NA,NA,NA,593,Missing input or nonpositive denominator,NA,NA,NA,749,Denominator below story-scale threshold,464
1313352,"Carnesville city, Georgia",852,9,0,0,0,0,0,0,9,311,22,14,14,14,14,14,14,22,0,0,Pass,9,0,Pass,0,NA,TRUE,NA,NA,NA,0,14,155.55555555555557,NA,NA,NA,NA,NA,NA,NA,NA,NA,NA,0,100,NA,Unavailable MOE or zero percentage,NA,NA,NA,Missing input or nonpositive denominator,NA,NA,NA,Missing input or nonpositive denominator,NA,NA,NA,Missing input or nonpositive denominator,NA,NA,NA,Missing input or nonpositive denominator,NA,NA,NA,Missing input or nonpositive denominator,2024,2020-2024,ACS five-year,13,0,16.43192488262911,Denominator below story-scale threshold,16421,24.374180660465697,3,32038,Retained,NA,NA,NA,771,Unavailable MOE or zero percentage,NA,NA,NA,48,Missing input or nonpositive denominator,NA,NA,NA,40,Missing input or nonpositive denominator,NA,NA,NA,154,Missing input or nonpositive denominator,NA,NA,NA,114,Missing input or nonpositive denominator,NA,NA,NA,593,Missing input or nonpositive denominator,NA,NA,NA,749,Denominator below story-scale threshold,464
1314024,"Cataula CDP, Georgia",1522,14,0,0,0,0,0,0,14,573,24,14,14,14,14,14,14,24,0,0,Pass,14,0,Pass,0,NA,TRUE,NA,NA,NA,0,14,100,NA,NA,NA,NA,NA,NA,NA,NA,NA,NA,0,100,NA,Unavailable MOE or zero percentage,NA,NA,NA,Missing input or nonpositive denominator,NA,NA,NA,Missing input or nonpositive denominator,NA,NA,NA,Missing input or nonpositive denominator,NA,NA,NA,Missing input or nonpositive denominator,NA,NA,NA,Missing input or nonpositive denominator,2024,2020-2024,ACS five-year,13,0,9.198423127463863,Denominator below story-scale threshold,16421,24.374180660465697,3,32038,Retained,NA,NA,NA,771,Unavailable MOE or zero percentage,NA,NA,NA,48,Missing input or nonpositive denominator,NA,NA,NA,40,Missing input or nonpositive denominator,NA,NA,NA,154,Missing input or nonpositive denominator,NA,NA,NA,114,Missing input or nonpositive denominator,NA,NA,NA,593,Missing input or nonpositive denominator,NA,NA,NA,749,Denominator below story-scale threshold,464
1314192,"Cecil city, Georgia",486,0,0,0,0,0,0,0,0,234,14,14,14,14,14,14,14,14,0,0,Pass,0,0,Pass,NA,NA,TRUE,NA,NA,NA,0,14,NA,NA,NA,NA,NA,NA,NA,NA,NA,NA,NA,NA,NA,NA,Missing input or nonpositive denominator,NA,NA,NA,Missing input or nonpositive denominator,NA,NA,NA,Missing input or nonpositive denominator,NA,NA,NA,Missing input or nonpositive denominator,NA,NA,NA,Missing input or nonpositive denominator,NA,NA,NA,Missing input or nonpositive denominator,2024,2020-2024,ACS five-year,13,0,28.80658436213992,Denominator below story-scale threshold,16421,24.374180660465697,3,32038,Retained,NA,NA,NA,771,Missing input or nonpositive denominator,NA,NA,NA,48,Missing input or nonpositive denominator,NA,NA,NA,40,Missing input or nonpositive denominator,NA,NA,NA,154,Missing input or nonpositive denominator,NA,NA,NA,114,Missing input or nonpositive denominator,NA,NA,NA,593,Missing input or nonpositive denominator,NA,NA,NA,749,Denominator below story-scale threshold,464
1314472,"Cedar Springs CDP, Georgia",0,0,0,0,0,0,0,0,0,14,14,14,14,14,14,14,14,14,0,0,Pass,0,0,Pass,NA,NA,TRUE,NA,NA,NA,0,14,NA,NA,NA,NA,NA,NA,NA,NA,NA,NA,NA,NA,NA,NA,Missing input or nonpositive denominator,NA,NA,NA,Missing input or nonpositive denominator,NA,NA,NA,Missing input or nonpositive denominator,NA,NA,NA,Missing input or nonpositive denominator,NA,NA,NA,Missing input or nonpositive denominator,NA,NA,NA,Missing input or nonpositive denominator,2024,2020-2024,ACS five-year,13,NA,NA,Denominator below story-scale threshold,16421,24.374180660465697,3,32038,Retained,NA,NA,NA,771,Missing input or nonpositive denominator,NA,NA,NA,48,Missing input or nonpositive denominator,NA,NA,NA,40,Missing input or nonpositive denominator,NA,NA,NA,154,Missing input or nonpositive denominator,NA,NA,NA,114,Missing input or nonpositive denominator,NA,NA,NA,593,Missing input or nonpositive denominator,NA,NA,NA,749,Denominator below story-scale threshold,464
1314920,"Centerville city, Georgia",8505,192,0,0,0,0,0,0,192,21,159,20,20,20,20,20,20,159,0,0,Pass,192,0,Pass,0,NA,TRUE,NA,NA,NA,0,20,10.416666666666668,NA,NA,NA,NA,NA,NA,NA,NA,NA,NA,0,10.416666666666668,NA,Unavailable MOE or zero percentage,NA,NA,NA,Missing input or nonpositive denominator,NA,NA,NA,Missing input or nonpositive denominator,NA,NA,NA,Missing input or nonpositive denominator,NA,NA,NA,Missing input or nonpositive denominator,NA,NA,NA,Missing input or nonpositive denominator,2024,2020-2024,ACS five-year,13,0,2.3515579071134627,Unavailable MOE or zero percentage,16421,24.374180660465697,3,32038,Retained,NA,NA,NA,771,Unavailable MOE or zero percentage,NA,NA,NA,48,Missing input or nonpositive denominator,NA,NA,NA,40,Missing input or nonpositive denominator,NA,NA,NA,154,Missing input or nonpositive denominator,NA,NA,NA,114,Missing input or nonpositive denominator,NA,NA,NA,593,Missing input or nonpositive denominator,NA,NA,NA,749,Unavailable MOE or zero percentage,464
1315585,"Chattanooga Valley CDP, Georgia",4601,160,0,0,0,0,0,0,160,1079,153,14,14,14,14,14,14,153,0,0,Pass,160,0,Pass,0,NA,TRUE,NA,NA,NA,0,14,8.75,NA,NA,NA,NA,NA,NA,NA,NA,NA,NA,0,8.75,NA,Unavailable MOE or zero percentage,NA,NA,NA,Missing input or nonpositive denominator,NA,NA,NA,Missing input or nonpositive denominator,NA,NA,NA,Missing input or nonpositive denominator,NA,NA,NA,Missing input or nonpositive denominator,NA,NA,NA,Missing input or nonpositive denominator,2024,2020-2024,ACS five-year,13,0,3.0428167789610954,Unavailable MOE or zero percentage,16421,24.374180660465697,3,32038,Retained,NA,NA,NA,771,Unavailable MOE or zero percentage,NA,NA,NA,48,Missing input or nonpositive denominator,NA,NA,NA,40,Missing input or nonpositive denominator,NA,NA,NA,154,Missing input or nonpositive denominator,NA,NA,NA,114,Missing input or nonpositive denominator,NA,NA,NA,593,Missing input or nonpositive denominator,NA,NA,NA,749,Unavailable MOE or zero percentage,464
1315844,"Cherry Log CDP, Georgia",0,0,0,0,0,0,0,0,0,14,14,14,14,14,14,14,14,14,0,0,Pass,0,0,Pass,NA,NA,TRUE,NA,NA,NA,0,14,NA,NA,NA,NA,NA,NA,NA,NA,NA,NA,NA,NA,NA,NA,Missing input or nonpositive denominator,NA,NA,NA,Missing input or nonpositive denominator,NA,NA,NA,Missing input or nonpositive denominator,NA,NA,NA,Missing input or nonpositive denominator,NA,NA,NA,Missing input or nonpositive denominator,NA,NA,NA,Missing input or nonpositive denominator,2024,2020-2024,ACS five-year,13,NA,NA,Denominator below story-scale threshold,16421,24.374180660465697,3,32038,Retained,NA,NA,NA,771,Missing input or nonpositive denominator,NA,NA,NA,48,Missing input or nonpositive denominator,NA,NA,NA,40,Missing input or nonpositive denominator,NA,NA,NA,154,Missing input or nonpositive denominator,NA,NA,NA,114,Missing input or nonpositive denominator,NA,NA,NA,593,Missing input or nonpositive denominator,NA,NA,NA,749,Denominator below story-scale threshold,464
1315900,"Chester town, Georgia",1808,0,0,0,0,0,0,0,0,212,14,14,14,14,14,14,14,14,0,0,Pass,0,0,Pass,NA,NA,TRUE,NA,NA,NA,0,14,NA,NA,NA,NA,NA,NA,NA,NA,NA,NA,NA,NA,NA,NA,Missing input or nonpositive denominator,NA,NA,NA,Missing input or nonpositive denominator,NA,NA,NA,Missing input or nonpositive denominator,NA,NA,NA,Missing input or nonpositive denominator,NA,NA,NA,Missing input or nonpositive denominator,NA,NA,NA,Missing input or nonpositive denominator,2024,2020-2024,ACS five-year,13,0,7.743362831858407,Denominator below story-scale threshold,16421,24.374180660465697,3,32038,Retained,NA,NA,NA,771,Missing input or nonpositive denominator,NA,NA,NA,48,Missing input or nonpositive denominator,NA,NA,NA,40,Missing input or nonpositive denominator,NA,NA,NA,154,Missing input or nonpositive denominator,NA,NA,NA,114,Missing input or nonpositive denominator,NA,NA,NA,593,Missing input or nonpositive denominator,NA,NA,NA,749,Denominator below story-scale threshold,464
1316460,"Clarkesville city, Georgia",1959,22,0,0,0,0,0,0,22,365,26,14,14,14,14,14,14,26,0,0,Pass,22,0,Pass,0,NA,TRUE,NA,NA,NA,0,14,63.63636363636363,NA,NA,NA,NA,NA,NA,NA,NA,NA,NA,0,63.63636363636363,NA,Unavailable MOE or zero percentage,NA,NA,NA,Missing input or nonpositive denominator,NA,NA,NA,Missing input or nonpositive denominator,NA,NA,NA,Missing input or nonpositive denominator,NA,NA,NA,Missing input or nonpositive denominator,NA,NA,NA,Missing input or nonpositive denominator,2024,2020-2024,ACS five-year,13,0,7.146503318019397,Denominator below story-scale threshold,16421,24.374180660465697,3,32038,Retained,NA,NA,NA,771,Unavailable MOE or zero percentage,NA,NA,NA,48,Missing input or nonpositive denominator,NA,NA,NA,40,Missing input or nonpositive denominator,NA,NA,NA,154,Missing input or nonpositive denominator,NA,NA,NA,114,Missing input or nonpositive denominator,NA,NA,NA,593,Missing input or nonpositive denominator,NA,NA,NA,749,Denominator below story-scale threshold,464
1317132,"Clyattville CDP, Georgia",147,0,0,0,0,0,0,0,0,136,14,14,14,14,14,14,14,14,0,0,Pass,0,0,Pass,NA,NA,TRUE,NA,NA,NA,0,14,NA,NA,NA,NA,NA,NA,NA,NA,NA,NA,NA,NA,NA,NA,Missing input or nonpositive denominator,NA,NA,NA,Missing input or nonpositive denominator,NA,NA,NA,Missing input or nonpositive denominator,NA,NA,NA,Missing input or nonpositive denominator,NA,NA,NA,Missing input or nonpositive denominator,NA,NA,NA,Missing input or nonpositive denominator,2024,2020-2024,ACS five-year,13,0,95.23809523809524,Denominator below story-scale threshold,16421,24.374180660465697,3,32038,Retained,NA,NA,NA,771,Missing input or nonpositive denominator,NA,NA,NA,48,Missing input or nonpositive denominator,NA,NA,NA,40,Missing input or nonpositive denominator,NA,NA,NA,154,Missing input or nonpositive denominator,NA,NA,NA,114,Missing input or nonpositive denominator,NA,NA,NA,593,Missing input or nonpositive denominator,NA,NA,NA,749,Denominator below story-scale threshold,464
1317468,"Cogdell CDP, Georgia",0,0,0,0,0,0,0,0,0,14,14,14,14,14,14,14,14,14,0,0,Pass,0,0,Pass,NA,NA,TRUE,NA,NA,NA,0,14,NA,NA,NA,NA,NA,NA,NA,NA,NA,NA,NA,NA,NA,NA,Missing input or nonpositive denominator,NA,NA,NA,Missing input or nonpositive denominator,NA,NA,NA,Missing input or nonpositive denominator,NA,NA,NA,Missing input or nonpositive denominator,NA,NA,NA,Missing input or nonpositive denominator,NA,NA,NA,Missing input or nonpositive denominator,2024,2020-2024,ACS five-year,13,NA,NA,Denominator below story-scale threshold,16421,24.374180660465697,3,32038,Retained,NA,NA,NA,771,Missing input or nonpositive denominator,NA,NA,NA,48,Missing input or nonpositive denominator,NA,NA,NA,40,Missing input or nonpositive denominator,NA,NA,NA,154,Missing input or nonpositive denominator,NA,NA,NA,114,Missing input or nonpositive denominator,NA,NA,NA,593,Missing input or nonpositive denominator,NA,NA,NA,749,Denominator below story-scale threshold,464
1317580,"Coleman CDP, Georgia",44,0,0,0,0,0,0,0,0,41,14,14,14,14,14,14,14,14,0,0,Pass,0,0,Pass,NA,NA,TRUE,NA,NA,NA,0,14,NA,NA,NA,NA,NA,NA,NA,NA,NA,NA,NA,NA,NA,NA,Missing input or nonpositive denominator,NA,NA,NA,Missing input or nonpositive denominator,NA,NA,NA,Missing input or nonpositive denominator,NA,NA,NA,Missing input or nonpositive denominator,NA,NA,NA,Missing input or nonpositive denominator,NA,NA,NA,Missing input or nonpositive denominator,2024,2020-2024,ACS five-year,13,0,318.1818181818182,Denominator below story-scale threshold,16421,24.374180660465697,3,32038,Retained,NA,NA,NA,771,Missing input or nonpositive denominator,NA,NA,NA,48,Missing input or nonpositive denominator,NA,NA,NA,40,Missing input or nonpositive denominator,NA,NA,NA,154,Missing input or nonpositive denominator,NA,NA,NA,114,Missing input or nonpositive denominator,NA,NA,NA,593,Missing input or nonpositive denominator,NA,NA,NA,749,Denominator below story-scale threshold,464
1317832,"Collins city, Georgia",533,5,0,0,0,0,0,0,5,217,8,14,14,14,14,14,14,8,0,0,Pass,5,0,Pass,0,NA,TRUE,NA,NA,NA,0,14,280,NA,NA,NA,NA,NA,NA,NA,NA,NA,NA,0,100,NA,Unavailable MOE or zero percentage,NA,NA,NA,Missing input or nonpositive denominator,NA,NA,NA,Missing input or nonpositive denominator,NA,NA,NA,Missing input or nonpositive denominator,NA,NA,NA,Missing input or nonpositive denominator,NA,NA,NA,Missing input or nonpositive denominator,2024,2020-2024,ACS five-year,13,0,26.266416510318955,Denominator below story-scale threshold,16421,24.374180660465697,3,32038,Retained,NA,NA,NA,771,Unavailable MOE or zero percentage,NA,NA,NA,48,Missing input or nonpositive denominator,NA,NA,NA,40,Missing input or nonpositive denominator,NA,NA,NA,154,Missing input or nonpositive denominator,NA,NA,NA,114,Missing input or nonpositive denominator,NA,NA,NA,593,Missing input or nonpositive denominator,NA,NA,NA,749,Denominator below story-scale threshold,464
1319084,"Comer city, Georgia",2029,46,0,0,0,0,0,0,46,521,60,14,14,14,14,14,14,60,0,0,Pass,46,0,Pass,0,NA,TRUE,NA,NA,NA,0,14,30.434782608695656,NA,NA,NA,NA,NA,NA,NA,NA,NA,NA,0,30.434782608695656,NA,Unavailable MOE or zero percentage,NA,NA,NA,Missing input or nonpositive denominator,NA,NA,NA,Missing input or nonpositive denominator,NA,NA,NA,Missing input or nonpositive denominator,NA,NA,NA,Missing input or nonpositive denominator,NA,NA,NA,Missing input or nonpositive denominator,2024,2020-2024,ACS five-year,13,0,6.899950714637752,Denominator below story-scale threshold,16421,24.374180660465697,3,32038,Retained,NA,NA,NA,771,Unavailable MOE or zero percentage,NA,NA,NA,48,Missing input or nonpositive denominator,NA,NA,NA,40,Missing input or nonpositive denominator,NA,NA,NA,154,Missing input or nonpositive denominator,NA,NA,NA,114,Missing input or nonpositive denominator,NA,NA,NA,593,Missing input or nonpositive denominator,NA,NA,NA,749,Denominator below story-scale threshold,464
1319168,"Concord city, Georgia",438,5,0,0,0,0,0,0,5,156,7,14,14,14,14,14,14,7,0,0,Pass,5,0,Pass,0,NA,TRUE,NA,NA,NA,0,14,280,NA,NA,NA,NA,NA,NA,NA,NA,NA,NA,0,100,NA,Unavailable MOE or zero percentage,NA,NA,NA,Missing input or nonpositive denominator,NA,NA,NA,Missing input or nonpositive denominator,NA,NA,NA,Missing input or nonpositive denominator,NA,NA,NA,Missing input or nonpositive denominator,NA,NA,NA,Missing input or nonpositive denominator,2024,2020-2024,ACS five-year,13,0,31.963470319634702,Denominator below story-scale threshold,16421,24.374180660465697,3,32038,Retained,NA,NA,NA,771,Unavailable MOE or zero percentage,NA,NA,NA,48,Missing input or nonpositive denominator,NA,NA,NA,40,Missing input or nonpositive denominator,NA,NA,NA,154,Missing input or nonpositive denominator,NA,NA,NA,114,Missing input or nonpositive denominator,NA,NA,NA,593,Missing input or nonpositive denominator,NA,NA,NA,749,Denominator below story-scale threshold,464
1320372,"Crescent CDP, Georgia",882,0,0,0,0,0,0,0,0,270,14,14,14,14,14,14,14,14,0,0,Pass,0,0,Pass,NA,NA,TRUE,NA,NA,NA,0,14,NA,NA,NA,NA,NA,NA,NA,NA,NA,NA,NA,NA,NA,NA,Missing input or nonpositive denominator,NA,NA,NA,Missing input or nonpositive denominator,NA,NA,NA,Missing input or nonpositive denominator,NA,NA,NA,Missing input or nonpositive denominator,NA,NA,NA,Missing input or nonpositive denominator,NA,NA,NA,Missing input or nonpositive denominator,2024,2020-2024,ACS five-year,13,0,15.873015873015872,Denominator below story-scale threshold,16421,24.374180660465697,3,32038,Retained,NA,NA,NA,771,Missing input or nonpositive denominator,NA,NA,NA,48,Missing input or nonpositive denominator,NA,NA,NA,40,Missing input or nonpositive denominator,NA,NA,NA,154,Missing input or nonpositive denominator,NA,NA,NA,114,Missing input or nonpositive denominator,NA,NA,NA,593,Missing input or nonpositive denominator,NA,NA,NA,749,Denominator below story-scale threshold,464
1320550,"Crooked Creek CDP, Georgia",798,20,0,0,0,0,0,0,20,449,24,14,14,14,14,14,14,24,0,0,Pass,20,0,Pass,0,NA,TRUE,NA,NA,NA,0,14,70,NA,NA,NA,NA,NA,NA,NA,NA,NA,NA,0,70,NA,Unavailable MOE or zero percentage,NA,NA,NA,Missing input or nonpositive denominator,NA,NA,NA,Missing input or nonpositive denominator,NA,NA,NA,Missing input or nonpositive denominator,NA,NA,NA,Missing input or nonpositive denominator,NA,NA,NA,Missing input or nonpositive denominator,2024,2020-2024,ACS five-year,13,0,17.543859649122805,Denominator below story-scale threshold,16421,24.374180660465697,3,32038,Retained,NA,NA,NA,771,Unavailable MOE or zero percentage,NA,NA,NA,48,Missing input or nonpositive denominator,NA,NA,NA,40,Missing input or nonpositive denominator,NA,NA,NA,154,Missing input or nonpositive denominator,NA,NA,NA,114,Missing input or nonpositive denominator,NA,NA,NA,593,Missing input or nonpositive denominator,NA,NA,NA,749,Denominator below story-scale threshold,464
1320848,"Culloden city, Georgia",428,33,0,0,0,0,0,0,33,312,53,14,14,14,14,14,14,53,0,0,Pass,33,0,Pass,0,NA,TRUE,NA,NA,NA,0,14,42.42424242424242,NA,NA,NA,NA,NA,NA,NA,NA,NA,NA,0,42.42424242424242,NA,Unavailable MOE or zero percentage,NA,NA,NA,Missing input or nonpositive denominator,NA,NA,NA,Missing input or nonpositive denominator,NA,NA,NA,Missing input or nonpositive denominator,NA,NA,NA,Missing input or nonpositive denominator,NA,NA,NA,Missing input or nonpositive denominator,2024,2020-2024,ACS five-year,13,0,32.71028037383177,Denominator below story-scale threshold,16421,24.374180660465697,3,32038,Retained,NA,NA,NA,771,Unavailable MOE or zero percentage,NA,NA,NA,48,Missing input or nonpositive denominator,NA,NA,NA,40,Missing input or nonpositive denominator,NA,NA,NA,154,Missing input or nonpositive denominator,NA,NA,NA,114,Missing input or nonpositive denominator,NA,NA,NA,593,Missing input or nonpositive denominator,NA,NA,NA,749,Denominator below story-scale threshold,464
1321268,"Daisy city, Georgia",422,0,0,0,0,0,0,0,0,211,14,14,14,14,14,14,14,14,0,0,Pass,0,0,Pass,NA,NA,TRUE,NA,NA,NA,0,14,NA,NA,NA,NA,NA,NA,NA,NA,NA,NA,NA,NA,NA,NA,Missing input or nonpositive denominator,NA,NA,NA,Missing input or nonpositive denominator,NA,NA,NA,Missing input or nonpositive denominator,NA,NA,NA,Missing input or nonpositive denominator,NA,NA,NA,Missing input or nonpositive denominator,NA,NA,NA,Missing input or nonpositive denominator,2024,2020-2024,ACS five-year,13,0,33.175355450236964,Denominator below story-scale threshold,16421,24.374180660465697,3,32038,Retained,NA,NA,NA,771,Missing input or nonpositive denominator,NA,NA,NA,48,Missing input or nonpositive denominator,NA,NA,NA,40,Missing input or nonpositive denominator,NA,NA,NA,154,Missing input or nonpositive denominator,NA,NA,NA,114,Missing input or nonpositive denominator,NA,NA,NA,593,Missing input or nonpositive denominator,NA,NA,NA,749,Denominator below story-scale threshold,464
1321744,"Dasher town, Georgia",944,0,0,0,0,0,0,0,0,334,14,14,14,14,14,14,14,14,0,0,Pass,0,0,Pass,NA,NA,TRUE,NA,NA,NA,0,14,NA,NA,NA,NA,NA,NA,NA,NA,NA,NA,NA,NA,NA,NA,Missing input or nonpositive denominator,NA,NA,NA,Missing input or nonpositive denominator,NA,NA,NA,Missing input or nonpositive denominator,NA,NA,NA,Missing input or nonpositive denominator,NA,NA,NA,Missing input or nonpositive denominator,NA,NA,NA,Missing input or nonpositive denominator,2024,2020-2024,ACS five-year,13,0,14.830508474576272,Denominator below story-scale threshold,16421,24.374180660465697,3,32038,Retained,NA,NA,NA,771,Missing input or nonpositive denominator,NA,NA,NA,48,Missing input or nonpositive denominator,NA,NA,NA,40,Missing input or nonpositive denominator,NA,NA,NA,154,Missing input or nonpositive denominator,NA,NA,NA,114,Missing input or nonpositive denominator,NA,NA,NA,593,Missing input or nonpositive denominator,NA,NA,NA,749,Denominator below story-scale threshold,464
1321912,"Dawson city, Georgia",4247,102,0,0,0,0,0,0,102,18,79,14,14,14,14,14,14,79,0,0,Pass,102,0,Pass,0,NA,TRUE,NA,NA,NA,0,14,13.725490196078432,NA,NA,NA,NA,NA,NA,NA,NA,NA,NA,0,13.725490196078432,NA,Unavailable MOE or zero percentage,NA,NA,NA,Missing input or nonpositive denominator,NA,NA,NA,Missing input or nonpositive denominator,NA,NA,NA,Missing input or nonpositive denominator,NA,NA,NA,Missing input or nonpositive denominator,NA,NA,NA,Missing input or nonpositive denominator,2024,2020-2024,ACS five-year,13,0,3.2964445490934775,Unavailable MOE or zero percentage,16421,24.374180660465697,3,32038,Retained,NA,NA,NA,771,Unavailable MOE or zero percentage,NA,NA,NA,48,Missing input or nonpositive denominator,NA,NA,NA,40,Missing input or nonpositive denominator,NA,NA,NA,154,Missing input or nonpositive denominator,NA,NA,NA,114,Missing input or nonpositive denominator,NA,NA,NA,593,Missing input or nonpositive denominator,NA,NA,NA,749,Unavailable MOE or zero percentage,464
1322052,"Decatur city, Georgia",24518,108,0,0,0,0,0,0,108,46,91,27,27,27,27,27,27,91,0,0,Pass,108,0,Pass,0,NA,TRUE,NA,NA,NA,0,27,25,NA,NA,NA,NA,NA,NA,NA,NA,NA,NA,0,25,NA,Unavailable MOE or zero percentage,NA,NA,NA,Missing input or nonpositive denominator,NA,NA,NA,Missing input or nonpositive denominator,NA,NA,NA,Missing input or nonpositive denominator,NA,NA,NA,Missing input or nonpositive denominator,NA,NA,NA,Missing input or nonpositive denominator,2024,2020-2024,ACS five-year,13,0,1.1012317481034342,Unavailable MOE or zero percentage,16421,24.374180660465697,3,32038,Retained,NA,NA,NA,771,Unavailable MOE or zero percentage,NA,NA,NA,48,Missing input or nonpositive denominator,NA,NA,NA,40,Missing input or nonpositive denominator,NA,NA,NA,154,Missing input or nonpositive denominator,NA,NA,NA,114,Missing input or nonpositive denominator,NA,NA,NA,593,Missing input or nonpositive denominator,NA,NA,NA,749,Unavailable MOE or zero percentage,464
1322108,"Deepstep town, Georgia",124,0,0,0,0,0,0,0,0,67,14,14,14,14,14,14,14,14,0,0,Pass,0,0,Pass,NA,NA,TRUE,NA,NA,NA,0,14,NA,NA,NA,NA,NA,NA,NA,NA,NA,NA,NA,NA,NA,NA,Missing input or nonpositive denominator,NA,NA,NA,Missing input or nonpositive denominator,NA,NA,NA,Missing input or nonpositive denominator,NA,NA,NA,Missing input or nonpositive denominator,NA,NA,NA,Missing input or nonpositive denominator,NA,NA,NA,Missing input or nonpositive denominator,2024,2020-2024,ACS five-year,13,0,112.9032258064516,Denominator below story-scale threshold,16421,24.374180660465697,3,32038,Retained,NA,NA,NA,771,Missing input or nonpositive denominator,NA,NA,NA,48,Missing input or nonpositive denominator,NA,NA,NA,40,Missing input or nonpositive denominator,NA,NA,NA,154,Missing input or nonpositive denominator,NA,NA,NA,114,Missing input or nonpositive denominator,NA,NA,NA,593,Missing input or nonpositive denominator,NA,NA,NA,749,Denominator below story-scale threshold,464
1322472,"De Soto city, Georgia",99,0,0,0,0,0,0,0,0,55,14,14,14,14,14,14,14,14,0,0,Pass,0,0,Pass,NA,NA,TRUE,NA,NA,NA,0,14,NA,NA,NA,NA,NA,NA,NA,NA,NA,NA,NA,NA,NA,NA,Missing input or nonpositive denominator,NA,NA,NA,Missing input or nonpositive denominator,NA,NA,NA,Missing input or nonpositive denominator,NA,NA,NA,Missing input or nonpositive denominator,NA,NA,NA,Missing input or nonpositive denominator,NA,NA,NA,Missing input or nonpositive denominator,2024,2020-2024,ACS five-year,13,0,141.4141414141414,Denominator below story-scale threshold,16421,24.374180660465697,3,32038,Retained,NA,NA,NA,771,Missing input or nonpositive denominator,NA,NA,NA,48,Missing input or nonpositive denominator,NA,NA,NA,40,Missing input or nonpositive denominator,NA,NA,NA,154,Missing input or nonpositive denominator,NA,NA,NA,114,Missing input or nonpositive denominator,NA,NA,NA,593,Missing input or nonpositive denominator,NA,NA,NA,749,Denominator below story-scale threshold,464
1322724,"Dewy Rose CDP, Georgia",131,0,0,0,0,0,0,0,0,151,14,14,14,14,14,14,14,14,0,0,Pass,0,0,Pass,NA,NA,TRUE,NA,NA,NA,0,14,NA,NA,NA,NA,NA,NA,NA,NA,NA,NA,NA,NA,NA,NA,Missing input or nonpositive denominator,NA,NA,NA,Missing input or nonpositive denominator,NA,NA,NA,Missing input or nonpositive denominator,NA,NA,NA,Missing input or nonpositive denominator,NA,NA,NA,Missing input or nonpositive denominator,NA,NA,NA,Missing input or nonpositive denominator,2024,2020-2024,ACS five-year,13,0,106.87022900763358,Denominator below story-scale threshold,16421,24.374180660465697,3,32038,Retained,NA,NA,NA,771,Missing input or nonpositive denominator,NA,NA,NA,48,Missing input or nonpositive denominator,NA,NA,NA,40,Missing input or nonpositive denominator,NA,NA,NA,154,Missing input or nonpositive denominator,NA,NA,NA,114,Missing input or nonpositive denominator,NA,NA,NA,593,Missing input or nonpositive denominator,NA,NA,NA,749,Denominator below story-scale threshold,464
1323060,"Dixie CDP, Georgia",86,0,0,0,0,0,0,0,0,101,14,14,14,14,14,14,14,14,0,0,Pass,0,0,Pass,NA,NA,TRUE,NA,NA,NA,0,14,NA,NA,NA,NA,NA,NA,NA,NA,NA,NA,NA,NA,NA,NA,Missing input or nonpositive denominator,NA,NA,NA,Missing input or nonpositive denominator,NA,NA,NA,Missing input or nonpositive denominator,NA,NA,NA,Missing input or nonpositive denominator,NA,NA,NA,Missing input or nonpositive denominator,NA,NA,NA,Missing input or nonpositive denominator,2024,2020-2024,ACS five-year,13,0,162.7906976744186,Denominator below story-scale threshold,16421,24.374180660465697,3,32038,Retained,NA,NA,NA,771,Missing input or nonpositive denominator,NA,NA,NA,48,Missing input or nonpositive denominator,NA,NA,NA,40,Missing input or nonpositive denominator,NA,NA,NA,154,Missing input or nonpositive denominator,NA,NA,NA,114,Missing input or nonpositive denominator,NA,NA,NA,593,Missing input or nonpositive denominator,NA,NA,NA,749,Denominator below story-scale threshold,464
1323144,"Dixie Union CDP, Georgia",81,0,0,0,0,0,0,0,0,71,14,14,14,14,14,14,14,14,0,0,Pass,0,0,Pass,NA,NA,TRUE,NA,NA,NA,0,14,NA,NA,NA,NA,NA,NA,NA,NA,NA,NA,NA,NA,NA,NA,Missing input or nonpositive denominator,NA,NA,NA,Missing input or nonpositive denominator,NA,NA,NA,Missing input or nonpositive denominator,NA,NA,NA,Missing input or nonpositive denominator,NA,NA,NA,Missing input or nonpositive denominator,NA,NA,NA,Missing input or nonpositive denominator,2024,2020-2024,ACS five-year,13,0,172.8395061728395,Denominator below story-scale threshold,16421,24.374180660465697,3,32038,Retained,NA,NA,NA,771,Missing input or nonpositive denominator,NA,NA,NA,48,Missing input or nonpositive denominator,NA,NA,NA,40,Missing input or nonpositive denominator,NA,NA,NA,154,Missing input or nonpositive denominator,NA,NA,NA,114,Missing input or nonpositive denominator,NA,NA,NA,593,Missing input or nonpositive denominator,NA,NA,NA,749,Denominator below story-scale threshold,464
1323480,"Dooling town, Georgia",36,0,0,0,0,0,0,0,0,39,14,14,14,14,14,14,14,14,0,0,Pass,0,0,Pass,NA,NA,TRUE,NA,NA,NA,0,14,NA,NA,NA,NA,NA,NA,NA,NA,NA,NA,NA,NA,NA,NA,Missing input or nonpositive denominator,NA,NA,NA,Missing input or nonpositive denominator,NA,NA,NA,Missing input or nonpositive denominator,NA,NA,NA,Missing input or nonpositive denominator,NA,NA,NA,Missing input or nonpositive denominator,NA,NA,NA,Missing input or nonpositive denominator,2024,2020-2024,ACS five-year,13,0,388.8888888888889,Denominator below story-scale threshold,16421,24.374180660465697,3,32038,Retained,NA,NA,NA,771,Missing input or nonpositive denominator,NA,NA,NA,48,Missing input or nonpositive denominator,NA,NA,NA,40,Missing input or nonpositive denominator,NA,NA,NA,154,Missing input or nonpositive denominator,NA,NA,NA,114,Missing input or nonpositive denominator,NA,NA,NA,593,Missing input or nonpositive denominator,NA,NA,NA,749,Denominator below story-scale threshold,464
1324264,"Druid Hills CDP, Georgia",8169,0,0,0,0,0,0,0,0,792,20,20,20,20,20,20,20,20,0,0,Pass,0,0,Pass,NA,NA,TRUE,NA,NA,NA,0,20,NA,NA,NA,NA,NA,NA,NA,NA,NA,NA,NA,NA,NA,NA,Missing input or nonpositive denominator,NA,NA,NA,Missing input or nonpositive denominator,NA,NA,NA,Missing input or nonpositive denominator,NA,NA,NA,Missing input or nonpositive denominator,NA,NA,NA,Missing input or nonpositive denominator,NA,NA,NA,Missing input or nonpositive denominator,2024,2020-2024,ACS five-year,13,0,2.4482800832415226,Denominator below story-scale threshold,16421,24.374180660465697,3,32038,Retained,NA,NA,NA,771,Missing input or nonpositive denominator,NA,NA,NA,48,Missing input or nonpositive denominator,NA,NA,NA,40,Missing input or nonpositive denominator,NA,NA,NA,154,Missing input or nonpositive denominator,NA,NA,NA,114,Missing input or nonpositive denominator,NA,NA,NA,593,Missing input or nonpositive denominator,NA,NA,NA,749,Denominator below story-scale threshold,464
1324488,"Dudley city, Georgia",718,1,0,0,0,0,0,0,1,222,2,14,14,14,14,14,14,2,0,0,Pass,1,0,Pass,0,NA,TRUE,NA,NA,NA,0,14,1400,NA,NA,NA,NA,NA,NA,NA,NA,NA,NA,0,100,NA,Unavailable MOE or zero percentage,NA,NA,NA,Missing input or nonpositive denominator,NA,NA,NA,Missing input or nonpositive denominator,NA,NA,NA,Missing input or nonpositive denominator,NA,NA,NA,Missing input or nonpositive denominator,NA,NA,NA,Missing input or nonpositive denominator,2024,2020-2024,ACS five-year,13,0,19.498607242339833,Denominator below story-scale threshold,16421,24.374180660465697,3,32038,Retained,NA,NA,NA,771,Unavailable MOE or zero percentage,NA,NA,NA,48,Missing input or nonpositive denominator,NA,NA,NA,40,Missing input or nonpositive denominator,NA,NA,NA,154,Missing input or nonpositive denominator,NA,NA,NA,114,Missing input or nonpositive denominator,NA,NA,NA,593,Missing input or nonpositive denominator,NA,NA,NA,749,Denominator below story-scale threshold,464
1324796,"Du Pont town, Georgia",197,0,0,0,0,0,0,0,0,151,14,14,14,14,14,14,14,14,0,0,Pass,0,0,Pass,NA,NA,TRUE,NA,NA,NA,0,14,NA,NA,NA,NA,NA,NA,NA,NA,NA,NA,NA,NA,NA,NA,Missing input or nonpositive denominator,NA,NA,NA,Missing input or nonpositive denominator,NA,NA,NA,Missing input or nonpositive denominator,NA,NA,NA,Missing input or nonpositive denominator,NA,NA,NA,Missing input or nonpositive denominator,NA,NA,NA,Missing input or nonpositive denominator,2024,2020-2024,ACS five-year,13,0,71.06598984771574,Denominator below story-scale threshold,16421,24.374180660465697,3,32038,Retained,NA,NA,NA,771,Missing input or nonpositive denominator,NA,NA,NA,48,Missing input or nonpositive denominator,NA,NA,NA,40,Missing input or nonpositive denominator,NA,NA,NA,154,Missing input or nonpositive denominator,NA,NA,NA,114,Missing input or nonpositive denominator,NA,NA,NA,593,Missing input or nonpositive denominator,NA,NA,NA,749,Denominator below story-scale threshold,464
1324876,"Dutch Island CDP, Georgia",1225,0,0,0,0,0,0,0,0,473,14,14,14,14,14,14,14,14,0,0,Pass,0,0,Pass,NA,NA,TRUE,NA,NA,NA,0,14,NA,NA,NA,NA,NA,NA,NA,NA,NA,NA,NA,NA,NA,NA,Missing input or nonpositive denominator,NA,NA,NA,Missing input or nonpositive denominator,NA,NA,NA,Missing input or nonpositive denominator,NA,NA,NA,Missing input or nonpositive denominator,NA,NA,NA,Missing input or nonpositive denominator,NA,NA,NA,Missing input or nonpositive denominator,2024,2020-2024,ACS five-year,13,0,11.428571428571427,Denominator below story-scale threshold,16421,24.374180660465697,3,32038,Retained,NA,NA,NA,771,Missing input or nonpositive denominator,NA,NA,NA,48,Missing input or nonpositive denominator,NA,NA,NA,40,Missing input or nonpositive denominator,NA,NA,NA,154,Missing input or nonpositive denominator,NA,NA,NA,114,Missing input or nonpositive denominator,NA,NA,NA,593,Missing input or nonpositive denominator,NA,NA,NA,749,Denominator below story-scale threshold,464
1324964,"Eagle Grove CDP, Georgia",35,0,0,0,0,0,0,0,0,30,14,14,14,14,14,14,14,14,0,0,Pass,0,0,Pass,NA,NA,TRUE,NA,NA,NA,0,14,NA,NA,NA,NA,NA,NA,NA,NA,NA,NA,NA,NA,NA,NA,Missing input or nonpositive denominator,NA,NA,NA,Missing input or nonpositive denominator,NA,NA,NA,Missing input or nonpositive denominator,NA,NA,NA,Missing input or nonpositive denominator,NA,NA,NA,Missing input or nonpositive denominator,NA,NA,NA,Missing input or nonpositive denominator,2024,2020-2024,ACS five-year,13,0,400,Denominator below story-scale threshold,16421,24.374180660465697,3,32038,Retained,NA,NA,NA,771,Missing input or nonpositive denominator,NA,NA,NA,48,Missing input or nonpositive denominator,NA,NA,NA,40,Missing input or nonpositive denominator,NA,NA,NA,154,Missing input or nonpositive denominator,NA,NA,NA,114,Missing input or nonpositive denominator,NA,NA,NA,593,Missing input or nonpositive denominator,NA,NA,NA,749,Denominator below story-scale threshold,464
1325692,"East Newnan CDP, Georgia",956,2,0,0,0,0,0,0,2,402,6,14,14,14,14,14,14,6,0,0,Pass,2,0,Pass,0,NA,TRUE,NA,NA,NA,0,14,700,NA,NA,NA,NA,NA,NA,NA,NA,NA,NA,0,100,NA,Unavailable MOE or zero percentage,NA,NA,NA,Missing input or nonpositive denominator,NA,NA,NA,Missing input or nonpositive denominator,NA,NA,NA,Missing input or nonpositive denominator,NA,NA,NA,Missing input or nonpositive denominator,NA,NA,NA,Missing input or nonpositive denominator,2024,2020-2024,ACS five-year,13,0,14.644351464435147,Denominator below story-scale threshold,16421,24.374180660465697,3,32038,Retained,NA,NA,NA,771,Unavailable MOE or zero percentage,NA,NA,NA,48,Missing input or nonpositive denominator,NA,NA,NA,40,Missing input or nonpositive denominator,NA,NA,NA,154,Missing input or nonpositive denominator,NA,NA,NA,114,Missing input or nonpositive denominator,NA,NA,NA,593,Missing input or nonpositive denominator,NA,NA,NA,749,Denominator below story-scale threshold,464
1326224,"Edge Hill city, Georgia",14,0,0,0,0,0,0,0,0,21,14,14,14,14,14,14,14,14,0,0,Pass,0,0,Pass,NA,NA,TRUE,NA,NA,NA,0,14,NA,NA,NA,NA,NA,NA,NA,NA,NA,NA,NA,NA,NA,NA,Missing input or nonpositive denominator,NA,NA,NA,Missing input or nonpositive denominator,NA,NA,NA,Missing input or nonpositive denominator,NA,NA,NA,Missing input or nonpositive denominator,NA,NA,NA,Missing input or nonpositive denominator,NA,NA,NA,Missing input or nonpositive denominator,2024,2020-2024,ACS five-year,13,0,1000,Denominator below story-scale threshold,16421,24.374180660465697,3,32038,Retained,NA,NA,NA,771,Missing input or nonpositive denominator,NA,NA,NA,48,Missing input or nonpositive denominator,NA,NA,NA,40,Missing input or nonpositive denominator,NA,NA,NA,154,Missing input or nonpositive denominator,NA,NA,NA,114,Missing input or nonpositive denominator,NA,NA,NA,593,Missing input or nonpositive denominator,NA,NA,NA,749,Denominator below story-scale threshold,464
1326448,"Edison city, Georgia",1340,3,0,0,0,0,0,0,3,249,6,14,14,14,14,14,14,6,0,0,Pass,3,0,Pass,0,NA,TRUE,NA,NA,NA,0,14,466.6666666666667,NA,NA,NA,NA,NA,NA,NA,NA,NA,NA,0,100,NA,Unavailable MOE or zero percentage,NA,NA,NA,Missing input or nonpositive denominator,NA,NA,NA,Missing input or nonpositive denominator,NA,NA,NA,Missing input or nonpositive denominator,NA,NA,NA,Missing input or nonpositive denominator,NA,NA,NA,Missing input or nonpositive denominator,2024,2020-2024,ACS five-year,13,0,10.447761194029852,Denominator below story-scale threshold,16421,24.374180660465697,3,32038,Retained,NA,NA,NA,771,Unavailable MOE or zero percentage,NA,NA,NA,48,Missing input or nonpositive denominator,NA,NA,NA,40,Missing input or nonpositive denominator,NA,NA,NA,154,Missing input or nonpositive denominator,NA,NA,NA,114,Missing input or nonpositive denominator,NA,NA,NA,593,Missing input or nonpositive denominator,NA,NA,NA,749,Denominator below story-scale threshold,464
1327008,"Ellenton town, Georgia",267,8,0,0,0,0,0,0,8,141,10,14,14,14,14,14,14,10,0,0,Pass,8,0,Pass,0,NA,TRUE,NA,NA,NA,0,14,175,NA,NA,NA,NA,NA,NA,NA,NA,NA,NA,0,100,NA,Unavailable MOE or zero percentage,NA,NA,NA,Missing input or nonpositive denominator,NA,NA,NA,Missing input or nonpositive denominator,NA,NA,NA,Missing input or nonpositive denominator,NA,NA,NA,Missing input or nonpositive denominator,NA,NA,NA,Missing input or nonpositive denominator,2024,2020-2024,ACS five-year,13,0,52.434456928838955,Denominator below story-scale threshold,16421,24.374180660465697,3,32038,Retained,NA,NA,NA,771,Unavailable MOE or zero percentage,NA,NA,NA,48,Missing input or nonpositive denominator,NA,NA,NA,40,Missing input or nonpositive denominator,NA,NA,NA,154,Missing input or nonpositive denominator,NA,NA,NA,114,Missing input or nonpositive denominator,NA,NA,NA,593,Missing input or nonpositive denominator,NA,NA,NA,749,Denominator below story-scale threshold,464
1327064,"Ellerslie CDP, Georgia",1011,0,0,0,0,0,0,0,0,342,14,14,14,14,14,14,14,14,0,0,Pass,0,0,Pass,NA,NA,TRUE,NA,NA,NA,0,14,NA,NA,NA,NA,NA,NA,NA,NA,NA,NA,NA,NA,NA,NA,Missing input or nonpositive denominator,NA,NA,NA,Missing input or nonpositive denominator,NA,NA,NA,Missing input or nonpositive denominator,NA,NA,NA,Missing input or nonpositive denominator,NA,NA,NA,Missing input or nonpositive denominator,NA,NA,NA,Missing input or nonpositive denominator,2024,2020-2024,ACS five-year,13,0,13.847675568743817,Denominator below story-scale threshold,16421,24.374180660465697,3,32038,Retained,NA,NA,NA,771,Missing input or nonpositive denominator,NA,NA,NA,48,Missing input or nonpositive denominator,NA,NA,NA,40,Missing input or nonpositive denominator,NA,NA,NA,154,Missing input or nonpositive denominator,NA,NA,NA,114,Missing input or nonpositive denominator,NA,NA,NA,593,Missing input or nonpositive denominator,NA,NA,NA,749,Denominator below story-scale threshold,464
1327092,"Ellijay city, Georgia",1927,35,0,0,0,0,0,0,35,424,28,14,14,14,14,14,14,28,0,0,Pass,35,0,Pass,0,NA,TRUE,NA,NA,NA,0,14,40,NA,NA,NA,NA,NA,NA,NA,NA,NA,NA,0,40,NA,Unavailable MOE or zero percentage,NA,NA,NA,Missing input or nonpositive denominator,NA,NA,NA,Missing input or nonpositive denominator,NA,NA,NA,Missing input or nonpositive denominator,NA,NA,NA,Missing input or nonpositive denominator,NA,NA,NA,Missing input or nonpositive denominator,2024,2020-2024,ACS five-year,13,0,7.265179034769071,Denominator below story-scale threshold,16421,24.374180660465697,3,32038,Retained,NA,NA,NA,771,Unavailable MOE or zero percentage,NA,NA,NA,48,Missing input or nonpositive denominator,NA,NA,NA,40,Missing input or nonpositive denominator,NA,NA,NA,154,Missing input or nonpositive denominator,NA,NA,NA,114,Missing input or nonpositive denominator,NA,NA,NA,593,Missing input or nonpositive denominator,NA,NA,NA,749,Denominator below story-scale threshold,464
1327512,"Empire CDP, Georgia",306,0,0,0,0,0,0,0,0,158,14,14,14,14,14,14,14,14,0,0,Pass,0,0,Pass,NA,NA,TRUE,NA,NA,NA,0,14,NA,NA,NA,NA,NA,NA,NA,NA,NA,NA,NA,NA,NA,NA,Missing input or nonpositive denominator,NA,NA,NA,Missing input or nonpositive denominator,NA,NA,NA,Missing input or nonpositive denominator,NA,NA,NA,Missing input or nonpositive denominator,NA,NA,NA,Missing input or nonpositive denominator,NA,NA,NA,Missing input or nonpositive denominator,2024,2020-2024,ACS five-year,13,0,45.7516339869281,Denominator below story-scale threshold,16421,24.374180660465697,3,32038,Retained,NA,NA,NA,771,Missing input or nonpositive denominator,NA,NA,NA,48,Missing input or nonpositive denominator,NA,NA,NA,40,Missing input or nonpositive denominator,NA,NA,NA,154,Missing input or nonpositive denominator,NA,NA,NA,114,Missing input or nonpositive denominator,NA,NA,NA,593,Missing input or nonpositive denominator,NA,NA,NA,749,Denominator below story-scale threshold,464
1327736,"Epworth CDP, Georgia",1994,0,0,0,0,0,0,0,0,857,14,14,14,14,14,14,14,14,0,0,Pass,0,0,Pass,NA,NA,TRUE,NA,NA,NA,0,14,NA,NA,NA,NA,NA,NA,NA,NA,NA,NA,NA,NA,NA,NA,Missing input or nonpositive denominator,NA,NA,NA,Missing input or nonpositive denominator,NA,NA,NA,Missing input or nonpositive denominator,NA,NA,NA,Missing input or nonpositive denominator,NA,NA,NA,Missing input or nonpositive denominator,NA,NA,NA,Missing input or nonpositive denominator,2024,2020-2024,ACS five-year,13,0,7.0210631895687055,Denominator below story-scale threshold,16421,24.374180660465697,3,32038,Retained,NA,NA,NA,771,Missing input or nonpositive denominator,NA,NA,NA,48,Missing input or nonpositive denominator,NA,NA,NA,40,Missing input or nonpositive denominator,NA,NA,NA,154,Missing input or nonpositive denominator,NA,NA,NA,114,Missing input or nonpositive denominator,NA,NA,NA,593,Missing input or nonpositive denominator,NA,NA,NA,749,Denominator below story-scale threshold,464
1327988,"Euharlee city, Georgia",4230,160,0,0,0,0,0,0,160,23,89,14,14,14,14,14,14,89,0,0,Pass,160,0,Pass,0,NA,TRUE,NA,NA,NA,0,14,8.75,NA,NA,NA,NA,NA,NA,NA,NA,NA,NA,0,8.75,NA,Unavailable MOE or zero percentage,NA,NA,NA,Missing input or nonpositive denominator,NA,NA,NA,Missing input or nonpositive denominator,NA,NA,NA,Missing input or nonpositive denominator,NA,NA,NA,Missing input or nonpositive denominator,NA,NA,NA,Missing input or nonpositive denominator,2024,2020-2024,ACS five-year,13,0,3.309692671394799,Unavailable MOE or zero percentage,16421,24.374180660465697,3,32038,Retained,NA,NA,NA,771,Unavailable MOE or zero percentage,NA,NA,NA,48,Missing input or nonpositive denominator,NA,NA,NA,40,Missing input or nonpositive denominator,NA,NA,NA,154,Missing input or nonpositive denominator,NA,NA,NA,114,Missing input or nonpositive denominator,NA,NA,NA,593,Missing input or nonpositive denominator,NA,NA,NA,749,Unavailable MOE or zero percentage,464
1328100,"Everett CDP, Georgia",67,0,0,0,0,0,0,0,0,92,14,14,14,14,14,14,14,14,0,0,Pass,0,0,Pass,NA,NA,TRUE,NA,NA,NA,0,14,NA,NA,NA,NA,NA,NA,NA,NA,NA,NA,NA,NA,NA,NA,Missing input or nonpositive denominator,NA,NA,NA,Missing input or nonpositive denominator,NA,NA,NA,Missing input or nonpositive denominator,NA,NA,NA,Missing input or nonpositive denominator,NA,NA,NA,Missing input or nonpositive denominator,NA,NA,NA,Missing input or nonpositive denominator,2024,2020-2024,ACS five-year,13,0,208.955223880597,Denominator below story-scale threshold,16421,24.374180660465697,3,32038,Retained,NA,NA,NA,771,Missing input or nonpositive denominator,NA,NA,NA,48,Missing input or nonpositive denominator,NA,NA,NA,40,Missing input or nonpositive denominator,NA,NA,NA,154,Missing input or nonpositive denominator,NA,NA,NA,114,Missing input or nonpositive denominator,NA,NA,NA,593,Missing input or nonpositive denominator,NA,NA,NA,749,Denominator below story-scale threshold,464
1328324,"Faceville CDP, Georgia",142,0,0,0,0,0,0,0,0,86,14,14,14,14,14,14,14,14,0,0,Pass,0,0,Pass,NA,NA,TRUE,NA,NA,NA,0,14,NA,NA,NA,NA,NA,NA,NA,NA,NA,NA,NA,NA,NA,NA,Missing input or nonpositive denominator,NA,NA,NA,Missing input or nonpositive denominator,NA,NA,NA,Missing input or nonpositive denominator,NA,NA,NA,Missing input or nonpositive denominator,NA,NA,NA,Missing input or nonpositive denominator,NA,NA,NA,Missing input or nonpositive denominator,2024,2020-2024,ACS five-year,13,0,98.59154929577464,Denominator below story-scale threshold,16421,24.374180660465697,3,32038,Retained,NA,NA,NA,771,Missing input or nonpositive denominator,NA,NA,NA,48,Missing input or nonpositive denominator,NA,NA,NA,40,Missing input or nonpositive denominator,NA,NA,NA,154,Missing input or nonpositive denominator,NA,NA,NA,114,Missing input or nonpositive denominator,NA,NA,NA,593,Missing input or nonpositive denominator,NA,NA,NA,749,Denominator below story-scale threshold,464
1328744,"Fargo city, Georgia",512,1,0,0,0,0,0,0,1,227,3,14,14,14,14,14,14,3,0,0,Pass,1,0,Pass,0,NA,TRUE,NA,NA,NA,0,14,1400,NA,NA,NA,NA,NA,NA,NA,NA,NA,NA,0,100,NA,Unavailable MOE or zero percentage,NA,NA,NA,Missing input or nonpositive denominator,NA,NA,NA,Missing input or nonpositive denominator,NA,NA,NA,Missing input or nonpositive denominator,NA,NA,NA,Missing input or nonpositive denominator,NA,NA,NA,Missing input or nonpositive denominator,2024,2020-2024,ACS five-year,13,0,27.34375,Denominator below story-scale threshold,16421,24.374180660465697,3,32038,Retained,NA,NA,NA,771,Unavailable MOE or zero percentage,NA,NA,NA,48,Missing input or nonpositive denominator,NA,NA,NA,40,Missing input or nonpositive denominator,NA,NA,NA,154,Missing input or nonpositive denominator,NA,NA,NA,114,Missing input or nonpositive denominator,NA,NA,NA,593,Missing input or nonpositive denominator,NA,NA,NA,749,Denominator below story-scale threshold,464
1330340,"Flowery Branch city, Georgia",10925,216,0,0,0,0,0,0,216,32,133,23,23,23,23,23,23,133,0,0,Pass,216,0,Pass,0,NA,TRUE,NA,NA,NA,0,23,10.648148148148149,NA,NA,NA,NA,NA,NA,NA,NA,NA,NA,0,10.648148148148149,NA,Unavailable MOE or zero percentage,NA,NA,NA,Missing input or nonpositive denominator,NA,NA,NA,Missing input or nonpositive denominator,NA,NA,NA,Missing input or nonpositive denominator,NA,NA,NA,Missing input or nonpositive denominator,NA,NA,NA,Missing input or nonpositive denominator,2024,2020-2024,ACS five-year,13,0,2.1052631578947367,Unavailable MOE or zero percentage,16421,24.374180660465697,3,32038,Retained,NA,NA,NA,771,Unavailable MOE or zero percentage,NA,NA,NA,48,Missing input or nonpositive denominator,NA,NA,NA,40,Missing input or nonpositive denominator,NA,NA,NA,154,Missing input or nonpositive denominator,NA,NA,NA,114,Missing input or nonpositive denominator,NA,NA,NA,593,Missing input or nonpositive denominator,NA,NA,NA,749,Unavailable MOE or zero percentage,464
1331068,"Fort Stewart CDP, Georgia",9285,22,0,0,0,0,0,0,22,737,29,20,20,20,20,20,20,29,0,0,Pass,22,0,Pass,0,NA,TRUE,NA,NA,NA,0,20,90.9090909090909,NA,NA,NA,NA,NA,NA,NA,NA,NA,NA,0,90.9090909090909,NA,Unavailable MOE or zero percentage,NA,NA,NA,Missing input or nonpositive denominator,NA,NA,NA,Missing input or nonpositive denominator,NA,NA,NA,Missing input or nonpositive denominator,NA,NA,NA,Missing input or nonpositive denominator,NA,NA,NA,Missing input or nonpositive denominator,2024,2020-2024,ACS five-year,13,0,2.154011847065159,Denominator below story-scale threshold,16421,24.374180660465697,3,32038,Retained,NA,NA,NA,771,Unavailable MOE or zero percentage,NA,NA,NA,48,Missing input or nonpositive denominator,NA,NA,NA,40,Missing input or nonpositive denominator,NA,NA,NA,154,Missing input or nonpositive denominator,NA,NA,NA,114,Missing input or nonpositive denominator,NA,NA,NA,593,Missing input or nonpositive denominator,NA,NA,NA,749,Denominator below story-scale threshold,464
1332188,"Garfield city, Georgia",270,7,0,0,0,0,0,0,7,143,9,14,14,14,14,14,14,9,0,0,Pass,7,0,Pass,0,NA,TRUE,NA,NA,NA,0,14,200,NA,NA,NA,NA,NA,NA,NA,NA,NA,NA,0,100,NA,Unavailable MOE or zero percentage,NA,NA,NA,Missing input or nonpositive denominator,NA,NA,NA,Missing input or nonpositive denominator,NA,NA,NA,Missing input or nonpositive denominator,NA,NA,NA,Missing input or nonpositive denominator,NA,NA,NA,Missing input or nonpositive denominator,2024,2020-2024,ACS five-year,13,0,51.85185185185185,Denominator below story-scale threshold,16421,24.374180660465697,3,32038,Retained,NA,NA,NA,771,Unavailable MOE or zero percentage,NA,NA,NA,48,Missing input or nonpositive denominator,NA,NA,NA,40,Missing input or nonpositive denominator,NA,NA,NA,154,Missing input or nonpositive denominator,NA,NA,NA,114,Missing input or nonpositive denominator,NA,NA,NA,593,Missing input or nonpositive denominator,NA,NA,NA,749,Denominator below story-scale threshold,464
1332384,"Gay town, Georgia",119,0,0,0,0,0,0,0,0,70,14,14,14,14,14,14,14,14,0,0,Pass,0,0,Pass,NA,NA,TRUE,NA,NA,NA,0,14,NA,NA,NA,NA,NA,NA,NA,NA,NA,NA,NA,NA,NA,NA,Missing input or nonpositive denominator,NA,NA,NA,Missing input or nonpositive denominator,NA,NA,NA,Missing input or nonpositive denominator,NA,NA,NA,Missing input or nonpositive denominator,NA,NA,NA,Missing input or nonpositive denominator,NA,NA,NA,Missing input or nonpositive denominator,2024,2020-2024,ACS five-year,13,0,117.6470588235294,Denominator below story-scale threshold,16421,24.374180660465697,3,32038,Retained,NA,NA,NA,771,Missing input or nonpositive denominator,NA,NA,NA,48,Missing input or nonpositive denominator,NA,NA,NA,40,Missing input or nonpositive denominator,NA,NA,NA,154,Missing input or nonpositive denominator,NA,NA,NA,114,Missing input or nonpositive denominator,NA,NA,NA,593,Missing input or nonpositive denominator,NA,NA,NA,749,Denominator below story-scale threshold,464
1332412,"Geneva town, Georgia",101,0,0,0,0,0,0,0,0,64,14,14,14,14,14,14,14,14,0,0,Pass,0,0,Pass,NA,NA,TRUE,NA,NA,NA,0,14,NA,NA,NA,NA,NA,NA,NA,NA,NA,NA,NA,NA,NA,NA,Missing input or nonpositive denominator,NA,NA,NA,Missing input or nonpositive denominator,NA,NA,NA,Missing input or nonpositive denominator,NA,NA,NA,Missing input or nonpositive denominator,NA,NA,NA,Missing input or nonpositive denominator,NA,NA,NA,Missing input or nonpositive denominator,2024,2020-2024,ACS five-year,13,0,138.61386138613864,Denominator below story-scale threshold,16421,24.374180660465697,3,32038,Retained,NA,NA,NA,771,Missing input or nonpositive denominator,NA,NA,NA,48,Missing input or nonpositive denominator,NA,NA,NA,40,Missing input or nonpositive denominator,NA,NA,NA,154,Missing input or nonpositive denominator,NA,NA,NA,114,Missing input or nonpositive denominator,NA,NA,NA,593,Missing input or nonpositive denominator,NA,NA,NA,749,Denominator below story-scale threshold,464
1333280,"Glenn CDP, Georgia",0,0,0,0,0,0,0,0,0,14,14,14,14,14,14,14,14,14,0,0,Pass,0,0,Pass,NA,NA,TRUE,NA,NA,NA,0,14,NA,NA,NA,NA,NA,NA,NA,NA,NA,NA,NA,NA,NA,NA,Missing input or nonpositive denominator,NA,NA,NA,Missing input or nonpositive denominator,NA,NA,NA,Missing input or nonpositive denominator,NA,NA,NA,Missing input or nonpositive denominator,NA,NA,NA,Missing input or nonpositive denominator,NA,NA,NA,Missing input or nonpositive denominator,2024,2020-2024,ACS five-year,13,NA,NA,Denominator below story-scale threshold,16421,24.374180660465697,3,32038,Retained,NA,NA,NA,771,Missing input or nonpositive denominator,NA,NA,NA,48,Missing input or nonpositive denominator,NA,NA,NA,40,Missing input or nonpositive denominator,NA,NA,NA,154,Missing input or nonpositive denominator,NA,NA,NA,114,Missing input or nonpositive denominator,NA,NA,NA,593,Missing input or nonpositive denominator,NA,NA,NA,749,Denominator below story-scale threshold,464
1333672,"Godfrey CDP, Georgia",27,0,0,0,0,0,0,0,0,38,14,14,14,14,14,14,14,14,0,0,Pass,0,0,Pass,NA,NA,TRUE,NA,NA,NA,0,14,NA,NA,NA,NA,NA,NA,NA,NA,NA,NA,NA,NA,NA,NA,Missing input or nonpositive denominator,NA,NA,NA,Missing input or nonpositive denominator,NA,NA,NA,Missing input or nonpositive denominator,NA,NA,NA,Missing input or nonpositive denominator,NA,NA,NA,Missing input or nonpositive denominator,NA,NA,NA,Missing input or nonpositive denominator,2024,2020-2024,ACS five-year,13,0,518.5185185185185,Denominator below story-scale threshold,16421,24.374180660465697,3,32038,Retained,NA,NA,NA,771,Missing input or nonpositive denominator,NA,NA,NA,48,Missing input or nonpositive denominator,NA,NA,NA,40,Missing input or nonpositive denominator,NA,NA,NA,154,Missing input or nonpositive denominator,NA,NA,NA,114,Missing input or nonpositive denominator,NA,NA,NA,593,Missing input or nonpositive denominator,NA,NA,NA,749,Denominator below story-scale threshold,464
1334176,"Gough CDP, Georgia",139,9,0,0,0,0,0,0,9,74,13,14,14,14,14,14,14,13,0,0,Pass,9,0,Pass,0,NA,TRUE,NA,NA,NA,0,14,155.55555555555557,NA,NA,NA,NA,NA,NA,NA,NA,NA,NA,0,100,NA,Unavailable MOE or zero percentage,NA,NA,NA,Missing input or nonpositive denominator,NA,NA,NA,Missing input or nonpositive denominator,NA,NA,NA,Missing input or nonpositive denominator,NA,NA,NA,Missing input or nonpositive denominator,NA,NA,NA,Missing input or nonpositive denominator,2024,2020-2024,ACS five-year,13,0,100.71942446043165,Denominator below story-scale threshold,16421,24.374180660465697,3,32038,Retained,NA,NA,NA,771,Unavailable MOE or zero percentage,NA,NA,NA,48,Missing input or nonpositive denominator,NA,NA,NA,40,Missing input or nonpositive denominator,NA,NA,NA,154,Missing input or nonpositive denominator,NA,NA,NA,114,Missing input or nonpositive denominator,NA,NA,NA,593,Missing input or nonpositive denominator,NA,NA,NA,749,Denominator below story-scale threshold,464
1334512,"Gray city, Georgia",3512,63,0,0,0,0,0,0,63,16,72,14,14,14,14,14,14,72,0,0,Pass,63,0,Pass,0,NA,TRUE,NA,NA,NA,0,14,22.22222222222222,NA,NA,NA,NA,NA,NA,NA,NA,NA,NA,0,22.22222222222222,NA,Unavailable MOE or zero percentage,NA,NA,NA,Missing input or nonpositive denominator,NA,NA,NA,Missing input or nonpositive denominator,NA,NA,NA,Missing input or nonpositive denominator,NA,NA,NA,Missing input or nonpositive denominator,NA,NA,NA,Missing input or nonpositive denominator,2024,2020-2024,ACS five-year,13,0,3.9863325740318913,Denominator below story-scale threshold,16421,24.374180660465697,3,32038,Retained,NA,NA,NA,771,Unavailable MOE or zero percentage,NA,NA,NA,48,Missing input or nonpositive denominator,NA,NA,NA,40,Missing input or nonpositive denominator,NA,NA,NA,154,Missing input or nonpositive denominator,NA,NA,NA,114,Missing input or nonpositive denominator,NA,NA,NA,593,Missing input or nonpositive denominator,NA,NA,NA,749,Denominator below story-scale threshold,464
1334596,"Grayson city, Georgia",4858,432,0,0,0,0,0,0,432,40,462,14,14,14,14,14,14,462,0,0,Pass,432,0,Pass,0,NA,TRUE,NA,NA,NA,0,14,3.2407407407407405,NA,NA,NA,NA,NA,NA,NA,NA,NA,NA,0,3.2407407407407405,NA,Unavailable MOE or zero percentage,NA,NA,NA,Missing input or nonpositive denominator,NA,NA,NA,Missing input or nonpositive denominator,NA,NA,NA,Missing input or nonpositive denominator,NA,NA,NA,Missing input or nonpositive denominator,NA,NA,NA,Missing input or nonpositive denominator,2024,2020-2024,ACS five-year,13,0,2.881844380403458,Unavailable MOE or zero percentage,16421,24.374180660465697,3,32038,Retained,NA,NA,NA,771,Unavailable MOE or zero percentage,NA,NA,NA,48,Missing input or nonpositive denominator,NA,NA,NA,40,Missing input or nonpositive denominator,NA,NA,NA,154,Missing input or nonpositive denominator,NA,NA,NA,114,Missing input or nonpositive denominator,NA,NA,NA,593,Missing input or nonpositive denominator,NA,NA,NA,749,Unavailable MOE or zero percentage,464
1335016,"Greenville city, Georgia",1326,43,0,0,0,0,0,0,43,361,37,14,14,14,14,14,14,37,0,0,Pass,43,0,Pass,0,NA,TRUE,NA,NA,NA,0,14,32.55813953488372,NA,NA,NA,NA,NA,NA,NA,NA,NA,NA,0,32.55813953488372,NA,Unavailable MOE or zero percentage,NA,NA,NA,Missing input or nonpositive denominator,NA,NA,NA,Missing input or nonpositive denominator,NA,NA,NA,Missing input or nonpositive denominator,NA,NA,NA,Missing input or nonpositive denominator,NA,NA,NA,Missing input or nonpositive denominator,2024,2020-2024,ACS five-year,13,0,10.558069381598793,Denominator below story-scale threshold,16421,24.374180660465697,3,32038,Retained,NA,NA,NA,771,Unavailable MOE or zero percentage,NA,NA,NA,48,Missing input or nonpositive denominator,NA,NA,NA,40,Missing input or nonpositive denominator,NA,NA,NA,154,Missing input or nonpositive denominator,NA,NA,NA,114,Missing input or nonpositive denominator,NA,NA,NA,593,Missing input or nonpositive denominator,NA,NA,NA,749,Denominator below story-scale threshold,464
1335800,"Gumbranch city, Georgia",241,2,0,0,0,0,0,0,2,92,3,14,14,14,14,14,14,3,0,0,Pass,2,0,Pass,0,NA,TRUE,NA,NA,NA,0,14,700,NA,NA,NA,NA,NA,NA,NA,NA,NA,NA,0,100,NA,Unavailable MOE or zero percentage,NA,NA,NA,Missing input or nonpositive denominator,NA,NA,NA,Missing input or nonpositive denominator,NA,NA,NA,Missing input or nonpositive denominator,NA,NA,NA,Missing input or nonpositive denominator,NA,NA,NA,Missing input or nonpositive denominator,2024,2020-2024,ACS five-year,13,0,58.09128630705394,Denominator below story-scale threshold,16421,24.374180660465697,3,32038,Retained,NA,NA,NA,771,Unavailable MOE or zero percentage,NA,NA,NA,48,Missing input or nonpositive denominator,NA,NA,NA,40,Missing input or nonpositive denominator,NA,NA,NA,154,Missing input or nonpositive denominator,NA,NA,NA,114,Missing input or nonpositive denominator,NA,NA,NA,593,Missing input or nonpositive denominator,NA,NA,NA,749,Denominator below story-scale threshold,464
1336024,"Hagan city, Georgia",1293,38,0,0,0,0,0,0,38,306,31,14,14,14,14,14,14,31,0,0,Pass,38,0,Pass,0,NA,TRUE,NA,NA,NA,0,14,36.84210526315789,NA,NA,NA,NA,NA,NA,NA,NA,NA,NA,0,36.84210526315789,NA,Unavailable MOE or zero percentage,NA,NA,NA,Missing input or nonpositive denominator,NA,NA,NA,Missing input or nonpositive denominator,NA,NA,NA,Missing input or nonpositive denominator,NA,NA,NA,Missing input or nonpositive denominator,NA,NA,NA,Missing input or nonpositive denominator,2024,2020-2024,ACS five-year,13,0,10.82753286929621,Denominator below story-scale threshold,16421,24.374180660465697,3,32038,Retained,NA,NA,NA,771,Unavailable MOE or zero percentage,NA,NA,NA,48,Missing input or nonpositive denominator,NA,NA,NA,40,Missing input or nonpositive denominator,NA,NA,NA,154,Missing input or nonpositive denominator,NA,NA,NA,114,Missing input or nonpositive denominator,NA,NA,NA,593,Missing input or nonpositive denominator,NA,NA,NA,749,Denominator below story-scale threshold,464
1336472,"Hapeville city, Georgia",6630,71,0,0,0,0,0,0,71,17,74,20,20,20,20,20,20,74,0,0,Pass,71,0,Pass,0,NA,TRUE,NA,NA,NA,0,20,28.169014084507044,NA,NA,NA,NA,NA,NA,NA,NA,NA,NA,0,28.169014084507044,NA,Unavailable MOE or zero percentage,NA,NA,NA,Missing input or nonpositive denominator,NA,NA,NA,Missing input or nonpositive denominator,NA,NA,NA,Missing input or nonpositive denominator,NA,NA,NA,Missing input or nonpositive denominator,NA,NA,NA,Missing input or nonpositive denominator,2024,2020-2024,ACS five-year,13,0,3.01659125188537,Denominator below story-scale threshold,16421,24.374180660465697,3,32038,Retained,NA,NA,NA,771,Unavailable MOE or zero percentage,NA,NA,NA,48,Missing input or nonpositive denominator,NA,NA,NA,40,Missing input or nonpositive denominator,NA,NA,NA,154,Missing input or nonpositive denominator,NA,NA,NA,114,Missing input or nonpositive denominator,NA,NA,NA,593,Missing input or nonpositive denominator,NA,NA,NA,749,Denominator below story-scale threshold,464
1336528,"Haralson town, Georgia",204,0,0,0,0,0,0,0,0,97,14,14,14,14,14,14,14,14,0,0,Pass,0,0,Pass,NA,NA,TRUE,NA,NA,NA,0,14,NA,NA,NA,NA,NA,NA,NA,NA,NA,NA,NA,NA,NA,NA,Missing input or nonpositive denominator,NA,NA,NA,Missing input or nonpositive denominator,NA,NA,NA,Missing input or nonpositive denominator,NA,NA,NA,Missing input or nonpositive denominator,NA,NA,NA,Missing input or nonpositive denominator,NA,NA,NA,Missing input or nonpositive denominator,2024,2020-2024,ACS five-year,13,0,68.62745098039215,Denominator below story-scale threshold,16421,24.374180660465697,3,32038,Retained,NA,NA,NA,771,Missing input or nonpositive denominator,NA,NA,NA,48,Missing input or nonpositive denominator,NA,NA,NA,40,Missing input or nonpositive denominator,NA,NA,NA,154,Missing input or nonpositive denominator,NA,NA,NA,114,Missing input or nonpositive denominator,NA,NA,NA,593,Missing input or nonpositive denominator,NA,NA,NA,749,Denominator below story-scale threshold,464
1337396,"Hawkinsville city, Georgia",4731,156,0,0,0,0,0,0,156,12,77,14,14,14,14,14,14,77,0,0,Pass,156,0,Pass,0,NA,TRUE,NA,NA,NA,0,14,8.974358974358974,NA,NA,NA,NA,NA,NA,NA,NA,NA,NA,0,8.974358974358974,NA,Unavailable MOE or zero percentage,NA,NA,NA,Missing input or nonpositive denominator,NA,NA,NA,Missing input or nonpositive denominator,NA,NA,NA,Missing input or nonpositive denominator,NA,NA,NA,Missing input or nonpositive denominator,NA,NA,NA,Missing input or nonpositive denominator,2024,2020-2024,ACS five-year,13,0,2.9592052420207144,Unavailable MOE or zero percentage,16421,24.374180660465697,3,32038,Retained,NA,NA,NA,771,Unavailable MOE or zero percentage,NA,NA,NA,48,Missing input or nonpositive denominator,NA,NA,NA,40,Missing input or nonpositive denominator,NA,NA,NA,154,Missing input or nonpositive denominator,NA,NA,NA,114,Missing input or nonpositive denominator,NA,NA,NA,593,Missing input or nonpositive denominator,NA,NA,NA,749,Unavailable MOE or zero percentage,464
1337788,"Helen city, Georgia",415,0,0,0,0,0,0,0,0,150,14,14,14,14,14,14,14,14,0,0,Pass,0,0,Pass,NA,NA,TRUE,NA,NA,NA,0,14,NA,NA,NA,NA,NA,NA,NA,NA,NA,NA,NA,NA,NA,NA,Missing input or nonpositive denominator,NA,NA,NA,Missing input or nonpositive denominator,NA,NA,NA,Missing input or nonpositive denominator,NA,NA,NA,Missing input or nonpositive denominator,NA,NA,NA,Missing input or nonpositive denominator,NA,NA,NA,Missing input or nonpositive denominator,2024,2020-2024,ACS five-year,13,0,33.734939759036145,Denominator below story-scale threshold,16421,24.374180660465697,3,32038,Retained,NA,NA,NA,771,Missing input or nonpositive denominator,NA,NA,NA,48,Missing input or nonpositive denominator,NA,NA,NA,40,Missing input or nonpositive denominator,NA,NA,NA,154,Missing input or nonpositive denominator,NA,NA,NA,114,Missing input or nonpositive denominator,NA,NA,NA,593,Missing input or nonpositive denominator,NA,NA,NA,749,Denominator below story-scale threshold,464
1337910,"Henderson CDP, Georgia",1952,0,0,0,0,0,0,0,0,744,14,14,14,14,14,14,14,14,0,0,Pass,0,0,Pass,NA,NA,TRUE,NA,NA,NA,0,14,NA,NA,NA,NA,NA,NA,NA,NA,NA,NA,NA,NA,NA,NA,Missing input or nonpositive denominator,NA,NA,NA,Missing input or nonpositive denominator,NA,NA,NA,Missing input or nonpositive denominator,NA,NA,NA,Missing input or nonpositive denominator,NA,NA,NA,Missing input or nonpositive denominator,NA,NA,NA,Missing input or nonpositive denominator,2024,2020-2024,ACS five-year,13,0,7.172131147540983,Denominator below story-scale threshold,16421,24.374180660465697,3,32038,Retained,NA,NA,NA,771,Missing input or nonpositive denominator,NA,NA,NA,48,Missing input or nonpositive denominator,NA,NA,NA,40,Missing input or nonpositive denominator,NA,NA,NA,154,Missing input or nonpositive denominator,NA,NA,NA,114,Missing input or nonpositive denominator,NA,NA,NA,593,Missing input or nonpositive denominator,NA,NA,NA,749,Denominator below story-scale threshold,464
1338292,"Hickox CDP, Georgia",520,0,0,0,0,0,0,0,0,282,14,14,14,14,14,14,14,14,0,0,Pass,0,0,Pass,NA,NA,TRUE,NA,NA,NA,0,14,NA,NA,NA,NA,NA,NA,NA,NA,NA,NA,NA,NA,NA,NA,Missing input or nonpositive denominator,NA,NA,NA,Missing input or nonpositive denominator,NA,NA,NA,Missing input or nonpositive denominator,NA,NA,NA,Missing input or nonpositive denominator,NA,NA,NA,Missing input or nonpositive denominator,NA,NA,NA,Missing input or nonpositive denominator,2024,2020-2024,ACS five-year,13,0,26.923076923076927,Denominator below story-scale threshold,16421,24.374180660465697,3,32038,Retained,NA,NA,NA,771,Missing input or nonpositive denominator,NA,NA,NA,48,Missing input or nonpositive denominator,NA,NA,NA,40,Missing input or nonpositive denominator,NA,NA,NA,154,Missing input or nonpositive denominator,NA,NA,NA,114,Missing input or nonpositive denominator,NA,NA,NA,593,Missing input or nonpositive denominator,NA,NA,NA,749,Denominator below story-scale threshold,464
1338866,"Hilltop CDP, Georgia",222,9,0,0,0,0,0,0,9,139,16,14,14,14,14,14,14,16,0,0,Pass,9,0,Pass,0,NA,TRUE,NA,NA,NA,0,14,155.55555555555557,NA,NA,NA,NA,NA,NA,NA,NA,NA,NA,0,100,NA,Unavailable MOE or zero percentage,NA,NA,NA,Missing input or nonpositive denominator,NA,NA,NA,Missing input or nonpositive denominator,NA,NA,NA,Missing input or nonpositive denominator,NA,NA,NA,Missing input or nonpositive denominator,NA,NA,NA,Missing input or nonpositive denominator,2024,2020-2024,ACS five-year,13,0,63.063063063063055,Denominator below story-scale threshold,16421,24.374180660465697,3,32038,Retained,NA,NA,NA,771,Unavailable MOE or zero percentage,NA,NA,NA,48,Missing input or nonpositive denominator,NA,NA,NA,40,Missing input or nonpositive denominator,NA,NA,NA,154,Missing input or nonpositive denominator,NA,NA,NA,114,Missing input or nonpositive denominator,NA,NA,NA,593,Missing input or nonpositive denominator,NA,NA,NA,749,Denominator below story-scale threshold,464
1340028,"Hortense CDP, Georgia",136,0,0,0,0,0,0,0,0,160,14,14,14,14,14,14,14,14,0,0,Pass,0,0,Pass,NA,NA,TRUE,NA,NA,NA,0,14,NA,NA,NA,NA,NA,NA,NA,NA,NA,NA,NA,NA,NA,NA,Missing input or nonpositive denominator,NA,NA,NA,Missing input or nonpositive denominator,NA,NA,NA,Missing input or nonpositive denominator,NA,NA,NA,Missing input or nonpositive denominator,NA,NA,NA,Missing input or nonpositive denominator,NA,NA,NA,Missing input or nonpositive denominator,2024,2020-2024,ACS five-year,13,0,102.94117647058823,Denominator below story-scale threshold,16421,24.374180660465697,3,32038,Retained,NA,NA,NA,771,Missing input or nonpositive denominator,NA,NA,NA,48,Missing input or nonpositive denominator,NA,NA,NA,40,Missing input or nonpositive denominator,NA,NA,NA,154,Missing input or nonpositive denominator,NA,NA,NA,114,Missing input or nonpositive denominator,NA,NA,NA,593,Missing input or nonpositive denominator,NA,NA,NA,749,Denominator below story-scale threshold,464
1340196,"Howard CDP, Georgia",54,0,0,0,0,0,0,0,0,81,14,14,14,14,14,14,14,14,0,0,Pass,0,0,Pass,NA,NA,TRUE,NA,NA,NA,0,14,NA,NA,NA,NA,NA,NA,NA,NA,NA,NA,NA,NA,NA,NA,Missing input or nonpositive denominator,NA,NA,NA,Missing input or nonpositive denominator,NA,NA,NA,Missing input or nonpositive denominator,NA,NA,NA,Missing input or nonpositive denominator,NA,NA,NA,Missing input or nonpositive denominator,NA,NA,NA,Missing input or nonpositive denominator,2024,2020-2024,ACS five-year,13,0,259.25925925925924,Denominator below story-scale threshold,16421,24.374180660465697,3,32038,Retained,NA,NA,NA,771,Missing input or nonpositive denominator,NA,NA,NA,48,Missing input or nonpositive denominator,NA,NA,NA,40,Missing input or nonpositive denominator,NA,NA,NA,154,Missing input or nonpositive denominator,NA,NA,NA,114,Missing input or nonpositive denominator,NA,NA,NA,593,Missing input or nonpositive denominator,NA,NA,NA,749,Denominator below story-scale threshold,464
1340532,"Hull city, Georgia",832,0,0,0,0,0,0,0,0,296,14,14,14,14,14,14,14,14,0,0,Pass,0,0,Pass,NA,NA,TRUE,NA,NA,NA,0,14,NA,NA,NA,NA,NA,NA,NA,NA,NA,NA,NA,NA,NA,NA,Missing input or nonpositive denominator,NA,NA,NA,Missing input or nonpositive denominator,NA,NA,NA,Missing input or nonpositive denominator,NA,NA,NA,Missing input or nonpositive denominator,NA,NA,NA,Missing input or nonpositive denominator,NA,NA,NA,Missing input or nonpositive denominator,2024,2020-2024,ACS five-year,13,0,16.826923076923077,Denominator below story-scale threshold,16421,24.374180660465697,3,32038,Retained,NA,NA,NA,771,Missing input or nonpositive denominator,NA,NA,NA,48,Missing input or nonpositive denominator,NA,NA,NA,40,Missing input or nonpositive denominator,NA,NA,NA,154,Missing input or nonpositive denominator,NA,NA,NA,114,Missing input or nonpositive denominator,NA,NA,NA,593,Missing input or nonpositive denominator,NA,NA,NA,749,Denominator below story-scale threshold,464
1340840,"Ila city, Georgia",526,9,0,0,0,0,0,0,9,184,14,14,14,14,14,14,14,14,0,0,Pass,9,0,Pass,0,NA,TRUE,NA,NA,NA,0,14,155.55555555555557,NA,NA,NA,NA,NA,NA,NA,NA,NA,NA,0,100,NA,Unavailable MOE or zero percentage,NA,NA,NA,Missing input or nonpositive denominator,NA,NA,NA,Missing input or nonpositive denominator,NA,NA,NA,Missing input or nonpositive denominator,NA,NA,NA,Missing input or nonpositive denominator,NA,NA,NA,Missing input or nonpositive denominator,2024,2020-2024,ACS five-year,13,0,26.615969581749045,Denominator below story-scale threshold,16421,24.374180660465697,3,32038,Retained,NA,NA,NA,771,Unavailable MOE or zero percentage,NA,NA,NA,48,Missing input or nonpositive denominator,NA,NA,NA,40,Missing input or nonpositive denominator,NA,NA,NA,154,Missing input or nonpositive denominator,NA,NA,NA,114,Missing input or nonpositive denominator,NA,NA,NA,593,Missing input or nonpositive denominator,NA,NA,NA,749,Denominator below story-scale threshold,464
1341036,"Indian Springs CDP, Georgia",2070,0,0,0,0,0,0,0,0,662,14,14,14,14,14,14,14,14,0,0,Pass,0,0,Pass,NA,NA,TRUE,NA,NA,NA,0,14,NA,NA,NA,NA,NA,NA,NA,NA,NA,NA,NA,NA,NA,NA,Missing input or nonpositive denominator,NA,NA,NA,Missing input or nonpositive denominator,NA,NA,NA,Missing input or nonpositive denominator,NA,NA,NA,Missing input or nonpositive denominator,NA,NA,NA,Missing input or nonpositive denominator,NA,NA,NA,Missing input or nonpositive denominator,2024,2020-2024,ACS five-year,13,0,6.763285024154589,Denominator below story-scale threshold,16421,24.374180660465697,3,32038,Retained,NA,NA,NA,771,Missing input or nonpositive denominator,NA,NA,NA,48,Missing input or nonpositive denominator,NA,NA,NA,40,Missing input or nonpositive denominator,NA,NA,NA,154,Missing input or nonpositive denominator,NA,NA,NA,114,Missing input or nonpositive denominator,NA,NA,NA,593,Missing input or nonpositive denominator,NA,NA,NA,749,Denominator below story-scale threshold,464
1341484,"Isle of Hope CDP, Georgia",2053,0,0,0,0,0,0,0,0,363,14,14,14,14,14,14,14,14,0,0,Pass,0,0,Pass,NA,NA,TRUE,NA,NA,NA,0,14,NA,NA,NA,NA,NA,NA,NA,NA,NA,NA,NA,NA,NA,NA,Missing input or nonpositive denominator,NA,NA,NA,Missing input or nonpositive denominator,NA,NA,NA,Missing input or nonpositive denominator,NA,NA,NA,Missing input or nonpositive denominator,NA,NA,NA,Missing input or nonpositive denominator,NA,NA,NA,Missing input or nonpositive denominator,2024,2020-2024,ACS five-year,13,0,6.819288845591816,Denominator below story-scale threshold,16421,24.374180660465697,3,32038,Retained,NA,NA,NA,771,Missing input or nonpositive denominator,NA,NA,NA,48,Missing input or nonpositive denominator,NA,NA,NA,40,Missing input or nonpositive denominator,NA,NA,NA,154,Missing input or nonpositive denominator,NA,NA,NA,114,Missing input or nonpositive denominator,NA,NA,NA,593,Missing input or nonpositive denominator,NA,NA,NA,749,Denominator below story-scale threshold,464
1341708,"Jacksonville city, Georgia",121,5,0,0,0,0,0,0,5,79,10,14,14,14,14,14,14,10,0,0,Pass,5,0,Pass,0,NA,TRUE,NA,NA,NA,0,14,280,NA,NA,NA,NA,NA,NA,NA,NA,NA,NA,0,100,NA,Unavailable MOE or zero percentage,NA,NA,NA,Missing input or nonpositive denominator,NA,NA,NA,Missing input or nonpositive denominator,NA,NA,NA,Missing input or nonpositive denominator,NA,NA,NA,Missing input or nonpositive denominator,NA,NA,NA,Missing input or nonpositive denominator,2024,2020-2024,ACS five-year,13,0,115.70247933884298,Denominator below story-scale threshold,16421,24.374180660465697,3,32038,Retained,NA,NA,NA,771,Unavailable MOE or zero percentage,NA,NA,NA,48,Missing input or nonpositive denominator,NA,NA,NA,40,Missing input or nonpositive denominator,NA,NA,NA,154,Missing input or nonpositive denominator,NA,NA,NA,114,Missing input or nonpositive denominator,NA,NA,NA,593,Missing input or nonpositive denominator,NA,NA,NA,749,Denominator below story-scale threshold,464
1342128,"Jekyll Island CDP, Georgia",769,0,0,0,0,0,0,0,0,301,14,14,14,14,14,14,14,14,0,0,Pass,0,0,Pass,NA,NA,TRUE,NA,NA,NA,0,14,NA,NA,NA,NA,NA,NA,NA,NA,NA,NA,NA,NA,NA,NA,Missing input or nonpositive denominator,NA,NA,NA,Missing input or nonpositive denominator,NA,NA,NA,Missing input or nonpositive denominator,NA,NA,NA,Missing input or nonpositive denominator,NA,NA,NA,Missing input or nonpositive denominator,NA,NA,NA,Missing input or nonpositive denominator,2024,2020-2024,ACS five-year,13,0,18.205461638491546,Denominator below story-scale threshold,16421,24.374180660465697,3,32038,Retained,NA,NA,NA,771,Missing input or nonpositive denominator,NA,NA,NA,48,Missing input or nonpositive denominator,NA,NA,NA,40,Missing input or nonpositive denominator,NA,NA,NA,154,Missing input or nonpositive denominator,NA,NA,NA,114,Missing input or nonpositive denominator,NA,NA,NA,593,Missing input or nonpositive denominator,NA,NA,NA,749,Denominator below story-scale threshold,464
1342156,"Jenkinsburg city, Georgia",323,12,0,0,0,0,0,0,12,159,20,14,14,14,14,14,14,20,0,0,Pass,12,0,Pass,0,NA,TRUE,NA,NA,NA,0,14,116.66666666666667,NA,NA,NA,NA,NA,NA,NA,NA,NA,NA,0,100,NA,Unavailable MOE or zero percentage,NA,NA,NA,Missing input or nonpositive denominator,NA,NA,NA,Missing input or nonpositive denominator,NA,NA,NA,Missing input or nonpositive denominator,NA,NA,NA,Missing input or nonpositive denominator,NA,NA,NA,Missing input or nonpositive denominator,2024,2020-2024,ACS five-year,13,0,43.343653250774,Denominator below story-scale threshold,16421,24.374180660465697,3,32038,Retained,NA,NA,NA,771,Unavailable MOE or zero percentage,NA,NA,NA,48,Missing input or nonpositive denominator,NA,NA,NA,40,Missing input or nonpositive denominator,NA,NA,NA,154,Missing input or nonpositive denominator,NA,NA,NA,114,Missing input or nonpositive denominator,NA,NA,NA,593,Missing input or nonpositive denominator,NA,NA,NA,749,Denominator below story-scale threshold,464
1342604,"Jonesboro city, Georgia",6143,0,0,0,0,0,0,0,0,17,20,20,20,20,20,20,20,20,0,0,Pass,0,0,Pass,NA,NA,TRUE,NA,NA,NA,0,20,NA,NA,NA,NA,NA,NA,NA,NA,NA,NA,NA,NA,NA,NA,Missing input or nonpositive denominator,NA,NA,NA,Missing input or nonpositive denominator,NA,NA,NA,Missing input or nonpositive denominator,NA,NA,NA,Missing input or nonpositive denominator,NA,NA,NA,Missing input or nonpositive denominator,NA,NA,NA,Missing input or nonpositive denominator,2024,2020-2024,ACS five-year,13,0,3.255738238645613,Denominator below story-scale threshold,16421,24.374180660465697,3,32038,Retained,NA,NA,NA,771,Missing input or nonpositive denominator,NA,NA,NA,48,Missing input or nonpositive denominator,NA,NA,NA,40,Missing input or nonpositive denominator,NA,NA,NA,154,Missing input or nonpositive denominator,NA,NA,NA,114,Missing input or nonpositive denominator,NA,NA,NA,593,Missing input or nonpositive denominator,NA,NA,NA,749,Denominator below story-scale threshold,464
1342772,"Juliette CDP, Georgia",128,0,0,0,0,0,0,0,0,96,14,14,14,14,14,14,14,14,0,0,Pass,0,0,Pass,NA,NA,TRUE,NA,NA,NA,0,14,NA,NA,NA,NA,NA,NA,NA,NA,NA,NA,NA,NA,NA,NA,Missing input or nonpositive denominator,NA,NA,NA,Missing input or nonpositive denominator,NA,NA,NA,Missing input or nonpositive denominator,NA,NA,NA,Missing input or nonpositive denominator,NA,NA,NA,Missing input or nonpositive denominator,NA,NA,NA,Missing input or nonpositive denominator,2024,2020-2024,ACS five-year,13,0,109.375,Denominator below story-scale threshold,16421,24.374180660465697,3,32038,Retained,NA,NA,NA,771,Missing input or nonpositive denominator,NA,NA,NA,48,Missing input or nonpositive denominator,NA,NA,NA,40,Missing input or nonpositive denominator,NA,NA,NA,154,Missing input or nonpositive denominator,NA,NA,NA,114,Missing input or nonpositive denominator,NA,NA,NA,593,Missing input or nonpositive denominator,NA,NA,NA,749,Denominator below story-scale threshold,464
1343210,"Kennesaw State University CDP, Georgia",2284,0,0,0,0,0,0,0,0,93,14,14,14,14,14,14,14,14,0,0,Pass,0,0,Pass,NA,NA,TRUE,NA,NA,NA,0,14,NA,NA,NA,NA,NA,NA,NA,NA,NA,NA,NA,NA,NA,NA,Missing input or nonpositive denominator,NA,NA,NA,Missing input or nonpositive denominator,NA,NA,NA,Missing input or nonpositive denominator,NA,NA,NA,Missing input or nonpositive denominator,NA,NA,NA,Missing input or nonpositive denominator,NA,NA,NA,Missing input or nonpositive denominator,2024,2020-2024,ACS five-year,13,0,6.129597197898424,Denominator below story-scale threshold,16421,24.374180660465697,3,32038,Retained,NA,NA,NA,771,Missing input or nonpositive denominator,NA,NA,NA,48,Missing input or nonpositive denominator,NA,NA,NA,40,Missing input or nonpositive denominator,NA,NA,NA,154,Missing input or nonpositive denominator,NA,NA,NA,114,Missing input or nonpositive denominator,NA,NA,NA,593,Missing input or nonpositive denominator,NA,NA,NA,749,Denominator below story-scale threshold,464
1343580,"Kings Bay Base CDP, Georgia",2210,0,0,0,0,0,0,0,0,407,14,14,14,14,14,14,14,14,0,0,Pass,0,0,Pass,NA,NA,TRUE,NA,NA,NA,0,14,NA,NA,NA,NA,NA,NA,NA,NA,NA,NA,NA,NA,NA,NA,Missing input or nonpositive denominator,NA,NA,NA,Missing input or nonpositive denominator,NA,NA,NA,Missing input or nonpositive denominator,NA,NA,NA,Missing input or nonpositive denominator,NA,NA,NA,Missing input or nonpositive denominator,NA,NA,NA,Missing input or nonpositive denominator,2024,2020-2024,ACS five-year,13,0,6.334841628959276,Denominator below story-scale threshold,16421,24.374180660465697,3,32038,Retained,NA,NA,NA,771,Missing input or nonpositive denominator,NA,NA,NA,48,Missing input or nonpositive denominator,NA,NA,NA,40,Missing input or nonpositive denominator,NA,NA,NA,154,Missing input or nonpositive denominator,NA,NA,NA,114,Missing input or nonpositive denominator,NA,NA,NA,593,Missing input or nonpositive denominator,NA,NA,NA,749,Denominator below story-scale threshold,464
1343892,"Kite city, Georgia",188,1,0,0,0,0,0,0,1,95,3,14,14,14,14,14,14,3,0,0,Pass,1,0,Pass,0,NA,TRUE,NA,NA,NA,0,14,1400,NA,NA,NA,NA,NA,NA,NA,NA,NA,NA,0,100,NA,Unavailable MOE or zero percentage,NA,NA,NA,Missing input or nonpositive denominator,NA,NA,NA,Missing input or nonpositive denominator,NA,NA,NA,Missing input or nonpositive denominator,NA,NA,NA,Missing input or nonpositive denominator,NA,NA,NA,Missing input or nonpositive denominator,2024,2020-2024,ACS five-year,13,0,74.46808510638297,Denominator below story-scale threshold,16421,24.374180660465697,3,32038,Retained,NA,NA,NA,771,Unavailable MOE or zero percentage,NA,NA,NA,48,Missing input or nonpositive denominator,NA,NA,NA,40,Missing input or nonpositive denominator,NA,NA,NA,154,Missing input or nonpositive denominator,NA,NA,NA,114,Missing input or nonpositive denominator,NA,NA,NA,593,Missing input or nonpositive denominator,NA,NA,NA,749,Denominator below story-scale threshold,464
1344060,"Knoxville CDP, Georgia",36,0,0,0,0,0,0,0,0,7,14,14,14,14,14,14,14,14,0,0,Pass,0,0,Pass,NA,NA,TRUE,NA,NA,NA,0,14,NA,NA,NA,NA,NA,NA,NA,NA,NA,NA,NA,NA,NA,NA,Missing input or nonpositive denominator,NA,NA,NA,Missing input or nonpositive denominator,NA,NA,NA,Missing input or nonpositive denominator,NA,NA,NA,Missing input or nonpositive denominator,NA,NA,NA,Missing input or nonpositive denominator,NA,NA,NA,Missing input or nonpositive denominator,2024,2020-2024,ACS five-year,13,0,388.8888888888889,Denominator below story-scale threshold,16421,24.374180660465697,3,32038,Retained,NA,NA,NA,771,Missing input or nonpositive denominator,NA,NA,NA,48,Missing input or nonpositive denominator,NA,NA,NA,40,Missing input or nonpositive denominator,NA,NA,NA,154,Missing input or nonpositive denominator,NA,NA,NA,114,Missing input or nonpositive denominator,NA,NA,NA,593,Missing input or nonpositive denominator,NA,NA,NA,749,Denominator below story-scale threshold,464
1344704,"Lake Park city, Georgia",1234,0,0,0,0,0,0,0,0,315,14,14,14,14,14,14,14,14,0,0,Pass,0,0,Pass,NA,NA,TRUE,NA,NA,NA,0,14,NA,NA,NA,NA,NA,NA,NA,NA,NA,NA,NA,NA,NA,NA,Missing input or nonpositive denominator,NA,NA,NA,Missing input or nonpositive denominator,NA,NA,NA,Missing input or nonpositive denominator,NA,NA,NA,Missing input or nonpositive denominator,NA,NA,NA,Missing input or nonpositive denominator,NA,NA,NA,Missing input or nonpositive denominator,2024,2020-2024,ACS five-year,13,0,11.345218800648297,Denominator below story-scale threshold,16421,24.374180660465697,3,32038,Retained,NA,NA,NA,771,Missing input or nonpositive denominator,NA,NA,NA,48,Missing input or nonpositive denominator,NA,NA,NA,40,Missing input or nonpositive denominator,NA,NA,NA,154,Missing input or nonpositive denominator,NA,NA,NA,114,Missing input or nonpositive denominator,NA,NA,NA,593,Missing input or nonpositive denominator,NA,NA,NA,749,Denominator below story-scale threshold,464
1345460,"Lavonia city, Georgia",2279,8,0,0,0,0,0,0,8,489,14,14,14,14,14,14,14,14,0,0,Pass,8,0,Pass,0,NA,TRUE,NA,NA,NA,0,14,175,NA,NA,NA,NA,NA,NA,NA,NA,NA,NA,0,100,NA,Unavailable MOE or zero percentage,NA,NA,NA,Missing input or nonpositive denominator,NA,NA,NA,Missing input or nonpositive denominator,NA,NA,NA,Missing input or nonpositive denominator,NA,NA,NA,Missing input or nonpositive denominator,NA,NA,NA,Missing input or nonpositive denominator,2024,2020-2024,ACS five-year,13,0,6.14304519526108,Denominator below story-scale threshold,16421,24.374180660465697,3,32038,Retained,NA,NA,NA,771,Unavailable MOE or zero percentage,NA,NA,NA,48,Missing input or nonpositive denominator,NA,NA,NA,40,Missing input or nonpositive denominator,NA,NA,NA,154,Missing input or nonpositive denominator,NA,NA,NA,114,Missing input or nonpositive denominator,NA,NA,NA,593,Missing input or nonpositive denominator,NA,NA,NA,749,Denominator below story-scale threshold,464
1345936,"Lenox town, Georgia",713,14,0,0,0,0,0,0,14,216,18,14,14,14,14,14,14,18,0,0,Pass,14,0,Pass,0,NA,TRUE,NA,NA,NA,0,14,100,NA,NA,NA,NA,NA,NA,NA,NA,NA,NA,0,100,NA,Unavailable MOE or zero percentage,NA,NA,NA,Missing input or nonpositive denominator,NA,NA,NA,Missing input or nonpositive denominator,NA,NA,NA,Missing input or nonpositive denominator,NA,NA,NA,Missing input or nonpositive denominator,NA,NA,NA,Missing input or nonpositive denominator,2024,2020-2024,ACS five-year,13,0,19.635343618513325,Denominator below story-scale threshold,16421,24.374180660465697,3,32038,Retained,NA,NA,NA,771,Unavailable MOE or zero percentage,NA,NA,NA,48,Missing input or nonpositive denominator,NA,NA,NA,40,Missing input or nonpositive denominator,NA,NA,NA,154,Missing input or nonpositive denominator,NA,NA,NA,114,Missing input or nonpositive denominator,NA,NA,NA,593,Missing input or nonpositive denominator,NA,NA,NA,749,Denominator below story-scale threshold,464
1346188,"Lexington city, Georgia",520,0,0,0,0,0,0,0,0,270,14,14,14,14,14,14,14,14,0,0,Pass,0,0,Pass,NA,NA,TRUE,NA,NA,NA,0,14,NA,NA,NA,NA,NA,NA,NA,NA,NA,NA,NA,NA,NA,NA,Missing input or nonpositive denominator,NA,NA,NA,Missing input or nonpositive denominator,NA,NA,NA,Missing input or nonpositive denominator,NA,NA,NA,Missing input or nonpositive denominator,NA,NA,NA,Missing input or nonpositive denominator,NA,NA,NA,Missing input or nonpositive denominator,2024,2020-2024,ACS five-year,13,0,26.923076923076927,Denominator below story-scale threshold,16421,24.374180660465697,3,32038,Retained,NA,NA,NA,771,Missing input or nonpositive denominator,NA,NA,NA,48,Missing input or nonpositive denominator,NA,NA,NA,40,Missing input or nonpositive denominator,NA,NA,NA,154,Missing input or nonpositive denominator,NA,NA,NA,114,Missing input or nonpositive denominator,NA,NA,NA,593,Missing input or nonpositive denominator,NA,NA,NA,749,Denominator below story-scale threshold,464
1346524,"Lincoln Park CDP, Georgia",688,0,0,0,0,0,0,0,0,271,14,14,14,14,14,14,14,14,0,0,Pass,0,0,Pass,NA,NA,TRUE,NA,NA,NA,0,14,NA,NA,NA,NA,NA,NA,NA,NA,NA,NA,NA,NA,NA,NA,Missing input or nonpositive denominator,NA,NA,NA,Missing input or nonpositive denominator,NA,NA,NA,Missing input or nonpositive denominator,NA,NA,NA,Missing input or nonpositive denominator,NA,NA,NA,Missing input or nonpositive denominator,NA,NA,NA,Missing input or nonpositive denominator,2024,2020-2024,ACS five-year,13,0,20.348837209302324,Denominator below story-scale threshold,16421,24.374180660465697,3,32038,Retained,NA,NA,NA,771,Missing input or nonpositive denominator,NA,NA,NA,48,Missing input or nonpositive denominator,NA,NA,NA,40,Missing input or nonpositive denominator,NA,NA,NA,154,Missing input or nonpositive denominator,NA,NA,NA,114,Missing input or nonpositive denominator,NA,NA,NA,593,Missing input or nonpositive denominator,NA,NA,NA,749,Denominator below story-scale threshold,464
1347336,"Lookout Mountain city, Georgia",1721,18,0,0,0,0,0,0,18,295,19,14,14,14,14,14,14,19,0,0,Pass,18,0,Pass,0,NA,TRUE,NA,NA,NA,0,14,77.77777777777779,NA,NA,NA,NA,NA,NA,NA,NA,NA,NA,0,77.77777777777779,NA,Unavailable MOE or zero percentage,NA,NA,NA,Missing input or nonpositive denominator,NA,NA,NA,Missing input or nonpositive denominator,NA,NA,NA,Missing input or nonpositive denominator,NA,NA,NA,Missing input or nonpositive denominator,NA,NA,NA,Missing input or nonpositive denominator,2024,2020-2024,ACS five-year,13,0,8.134805345729227,Denominator below story-scale threshold,16421,24.374180660465697,3,32038,Retained,NA,NA,NA,771,Unavailable MOE or zero percentage,NA,NA,NA,48,Missing input or nonpositive denominator,NA,NA,NA,40,Missing input or nonpositive denominator,NA,NA,NA,154,Missing input or nonpositive denominator,NA,NA,NA,114,Missing input or nonpositive denominator,NA,NA,NA,593,Missing input or nonpositive denominator,NA,NA,NA,749,Denominator below story-scale threshold,464
1347980,"Lumpkin city, Georgia",1000,1,0,0,0,0,0,0,1,315,4,14,14,14,14,14,14,4,0,0,Pass,1,0,Pass,0,NA,TRUE,NA,NA,NA,0,14,1400,NA,NA,NA,NA,NA,NA,NA,NA,NA,NA,0,100,NA,Unavailable MOE or zero percentage,NA,NA,NA,Missing input or nonpositive denominator,NA,NA,NA,Missing input or nonpositive denominator,NA,NA,NA,Missing input or nonpositive denominator,NA,NA,NA,Missing input or nonpositive denominator,NA,NA,NA,Missing input or nonpositive denominator,2024,2020-2024,ACS five-year,13,0,14.000000000000002,Denominator below story-scale threshold,16421,24.374180660465697,3,32038,Retained,NA,NA,NA,771,Unavailable MOE or zero percentage,NA,NA,NA,48,Missing input or nonpositive denominator,NA,NA,NA,40,Missing input or nonpositive denominator,NA,NA,NA,154,Missing input or nonpositive denominator,NA,NA,NA,114,Missing input or nonpositive denominator,NA,NA,NA,593,Missing input or nonpositive denominator,NA,NA,NA,749,Denominator below story-scale threshold,464
1348848,"McIntyre town, Georgia",633,5,0,0,0,0,0,0,5,172,7,14,14,14,14,14,14,7,0,0,Pass,5,0,Pass,0,NA,TRUE,NA,NA,NA,0,14,280,NA,NA,NA,NA,NA,NA,NA,NA,NA,NA,0,100,NA,Unavailable MOE or zero percentage,NA,NA,NA,Missing input or nonpositive denominator,NA,NA,NA,Missing input or nonpositive denominator,NA,NA,NA,Missing input or nonpositive denominator,NA,NA,NA,Missing input or nonpositive denominator,NA,NA,NA,Missing input or nonpositive denominator,2024,2020-2024,ACS five-year,13,0,22.11690363349131,Denominator below story-scale threshold,16421,24.374180660465697,3,32038,Retained,NA,NA,NA,771,Unavailable MOE or zero percentage,NA,NA,NA,48,Missing input or nonpositive denominator,NA,NA,NA,40,Missing input or nonpositive denominator,NA,NA,NA,154,Missing input or nonpositive denominator,NA,NA,NA,114,Missing input or nonpositive denominator,NA,NA,NA,593,Missing input or nonpositive denominator,NA,NA,NA,749,Denominator below story-scale threshold,464
1349196,"Madison city, Georgia",4864,86,0,0,0,0,0,0,86,34,96,14,14,14,14,14,14,96,0,0,Pass,86,0,Pass,0,NA,TRUE,NA,NA,NA,0,14,16.27906976744186,NA,NA,NA,NA,NA,NA,NA,NA,NA,NA,0,16.27906976744186,NA,Unavailable MOE or zero percentage,NA,NA,NA,Missing input or nonpositive denominator,NA,NA,NA,Missing input or nonpositive denominator,NA,NA,NA,Missing input or nonpositive denominator,NA,NA,NA,Missing input or nonpositive denominator,NA,NA,NA,Missing input or nonpositive denominator,2024,2020-2024,ACS five-year,13,0,2.87828947368421,Denominator below story-scale threshold,16421,24.374180660465697,3,32038,Retained,NA,NA,NA,771,Unavailable MOE or zero percentage,NA,NA,NA,48,Missing input or nonpositive denominator,NA,NA,NA,40,Missing input or nonpositive denominator,NA,NA,NA,154,Missing input or nonpositive denominator,NA,NA,NA,114,Missing input or nonpositive denominator,NA,NA,NA,593,Missing input or nonpositive denominator,NA,NA,NA,749,Denominator below story-scale threshold,464
1349504,"Manassas city, Georgia",92,9,0,0,0,0,0,0,9,80,14,14,14,14,14,14,14,14,0,0,Pass,9,0,Pass,0,NA,TRUE,NA,NA,NA,0,14,155.55555555555557,NA,NA,NA,NA,NA,NA,NA,NA,NA,NA,0,100,NA,Unavailable MOE or zero percentage,NA,NA,NA,Missing input or nonpositive denominator,NA,NA,NA,Missing input or nonpositive denominator,NA,NA,NA,Missing input or nonpositive denominator,NA,NA,NA,Missing input or nonpositive denominator,NA,NA,NA,Missing input or nonpositive denominator,2024,2020-2024,ACS five-year,13,0,152.17391304347828,Denominator below story-scale threshold,16421,24.374180660465697,3,32038,Retained,NA,NA,NA,771,Unavailable MOE or zero percentage,NA,NA,NA,48,Missing input or nonpositive denominator,NA,NA,NA,40,Missing input or nonpositive denominator,NA,NA,NA,154,Missing input or nonpositive denominator,NA,NA,NA,114,Missing input or nonpositive denominator,NA,NA,NA,593,Missing input or nonpositive denominator,NA,NA,NA,749,Denominator below story-scale threshold,464
1349588,"Manor CDP, Georgia",136,0,0,0,0,0,0,0,0,122,14,14,14,14,14,14,14,14,0,0,Pass,0,0,Pass,NA,NA,TRUE,NA,NA,NA,0,14,NA,NA,NA,NA,NA,NA,NA,NA,NA,NA,NA,NA,NA,NA,Missing input or nonpositive denominator,NA,NA,NA,Missing input or nonpositive denominator,NA,NA,NA,Missing input or nonpositive denominator,NA,NA,NA,Missing input or nonpositive denominator,NA,NA,NA,Missing input or nonpositive denominator,NA,NA,NA,Missing input or nonpositive denominator,2024,2020-2024,ACS five-year,13,0,102.94117647058823,Denominator below story-scale threshold,16421,24.374180660465697,3,32038,Retained,NA,NA,NA,771,Missing input or nonpositive denominator,NA,NA,NA,48,Missing input or nonpositive denominator,NA,NA,NA,40,Missing input or nonpositive denominator,NA,NA,NA,154,Missing input or nonpositive denominator,NA,NA,NA,114,Missing input or nonpositive denominator,NA,NA,NA,593,Missing input or nonpositive denominator,NA,NA,NA,749,Denominator below story-scale threshold,464
1349616,"Mansfield city, Georgia",380,5,0,0,0,0,0,0,5,122,6,14,14,14,14,14,14,6,0,0,Pass,5,0,Pass,0,NA,TRUE,NA,NA,NA,0,14,280,NA,NA,NA,NA,NA,NA,NA,NA,NA,NA,0,100,NA,Unavailable MOE or zero percentage,NA,NA,NA,Missing input or nonpositive denominator,NA,NA,NA,Missing input or nonpositive denominator,NA,NA,NA,Missing input or nonpositive denominator,NA,NA,NA,Missing input or nonpositive denominator,NA,NA,NA,Missing input or nonpositive denominator,2024,2020-2024,ACS five-year,13,0,36.84210526315789,Denominator below story-scale threshold,16421,24.374180660465697,3,32038,Retained,NA,NA,NA,771,Unavailable MOE or zero percentage,NA,NA,NA,48,Missing input or nonpositive denominator,NA,NA,NA,40,Missing input or nonpositive denominator,NA,NA,NA,154,Missing input or nonpositive denominator,NA,NA,NA,114,Missing input or nonpositive denominator,NA,NA,NA,593,Missing input or nonpositive denominator,NA,NA,NA,749,Denominator below story-scale threshold,464
1350008,"Martin town, Georgia",422,9,0,0,0,0,0,0,9,165,10,14,14,14,14,14,14,10,0,0,Pass,9,0,Pass,0,NA,TRUE,NA,NA,NA,0,14,155.55555555555557,NA,NA,NA,NA,NA,NA,NA,NA,NA,NA,0,100,NA,Unavailable MOE or zero percentage,NA,NA,NA,Missing input or nonpositive denominator,NA,NA,NA,Missing input or nonpositive denominator,NA,NA,NA,Missing input or nonpositive denominator,NA,NA,NA,Missing input or nonpositive denominator,NA,NA,NA,Missing input or nonpositive denominator,2024,2020-2024,ACS five-year,13,0,33.175355450236964,Denominator below story-scale threshold,16421,24.374180660465697,3,32038,Retained,NA,NA,NA,771,Unavailable MOE or zero percentage,NA,NA,NA,48,Missing input or nonpositive denominator,NA,NA,NA,40,Missing input or nonpositive denominator,NA,NA,NA,154,Missing input or nonpositive denominator,NA,NA,NA,114,Missing input or nonpositive denominator,NA,NA,NA,593,Missing input or nonpositive denominator,NA,NA,NA,749,Denominator below story-scale threshold,464
1350176,"Matthews CDP, Georgia",134,0,0,0,0,0,0,0,0,142,14,14,14,14,14,14,14,14,0,0,Pass,0,0,Pass,NA,NA,TRUE,NA,NA,NA,0,14,NA,NA,NA,NA,NA,NA,NA,NA,NA,NA,NA,NA,NA,NA,Missing input or nonpositive denominator,NA,NA,NA,Missing input or nonpositive denominator,NA,NA,NA,Missing input or nonpositive denominator,NA,NA,NA,Missing input or nonpositive denominator,NA,NA,NA,Missing input or nonpositive denominator,NA,NA,NA,Missing input or nonpositive denominator,2024,2020-2024,ACS five-year,13,0,104.4776119402985,Denominator below story-scale threshold,16421,24.374180660465697,3,32038,Retained,NA,NA,NA,771,Missing input or nonpositive denominator,NA,NA,NA,48,Missing input or nonpositive denominator,NA,NA,NA,40,Missing input or nonpositive denominator,NA,NA,NA,154,Missing input or nonpositive denominator,NA,NA,NA,114,Missing input or nonpositive denominator,NA,NA,NA,593,Missing input or nonpositive denominator,NA,NA,NA,749,Denominator below story-scale threshold,464
1350260,"Maxeys town, Georgia",360,0,0,0,0,0,0,0,0,143,14,14,14,14,14,14,14,14,0,0,Pass,0,0,Pass,NA,NA,TRUE,NA,NA,NA,0,14,NA,NA,NA,NA,NA,NA,NA,NA,NA,NA,NA,NA,NA,NA,Missing input or nonpositive denominator,NA,NA,NA,Missing input or nonpositive denominator,NA,NA,NA,Missing input or nonpositive denominator,NA,NA,NA,Missing input or nonpositive denominator,NA,NA,NA,Missing input or nonpositive denominator,NA,NA,NA,Missing input or nonpositive denominator,2024,2020-2024,ACS five-year,13,0,38.888888888888886,Denominator below story-scale threshold,16421,24.374180660465697,3,32038,Retained,NA,NA,NA,771,Missing input or nonpositive denominator,NA,NA,NA,48,Missing input or nonpositive denominator,NA,NA,NA,40,Missing input or nonpositive denominator,NA,NA,NA,154,Missing input or nonpositive denominator,NA,NA,NA,114,Missing input or nonpositive denominator,NA,NA,NA,593,Missing input or nonpositive denominator,NA,NA,NA,749,Denominator below story-scale threshold,464
1350820,"Mendes CDP, Georgia",327,0,0,0,0,0,0,0,0,234,14,14,14,14,14,14,14,14,0,0,Pass,0,0,Pass,NA,NA,TRUE,NA,NA,NA,0,14,NA,NA,NA,NA,NA,NA,NA,NA,NA,NA,NA,NA,NA,NA,Missing input or nonpositive denominator,NA,NA,NA,Missing input or nonpositive denominator,NA,NA,NA,Missing input or nonpositive denominator,NA,NA,NA,Missing input or nonpositive denominator,NA,NA,NA,Missing input or nonpositive denominator,NA,NA,NA,Missing input or nonpositive denominator,2024,2020-2024,ACS five-year,13,0,42.81345565749235,Denominator below story-scale threshold,16421,24.374180660465697,3,32038,Retained,NA,NA,NA,771,Missing input or nonpositive denominator,NA,NA,NA,48,Missing input or nonpositive denominator,NA,NA,NA,40,Missing input or nonpositive denominator,NA,NA,NA,154,Missing input or nonpositive denominator,NA,NA,NA,114,Missing input or nonpositive denominator,NA,NA,NA,593,Missing input or nonpositive denominator,NA,NA,NA,749,Denominator below story-scale threshold,464
1350960,"Mershon CDP, Georgia",26,0,0,0,0,0,0,0,0,38,14,14,14,14,14,14,14,14,0,0,Pass,0,0,Pass,NA,NA,TRUE,NA,NA,NA,0,14,NA,NA,NA,NA,NA,NA,NA,NA,NA,NA,NA,NA,NA,NA,Missing input or nonpositive denominator,NA,NA,NA,Missing input or nonpositive denominator,NA,NA,NA,Missing input or nonpositive denominator,NA,NA,NA,Missing input or nonpositive denominator,NA,NA,NA,Missing input or nonpositive denominator,NA,NA,NA,Missing input or nonpositive denominator,2024,2020-2024,ACS five-year,13,0,538.4615384615385,Denominator below story-scale threshold,16421,24.374180660465697,3,32038,Retained,NA,NA,NA,771,Missing input or nonpositive denominator,NA,NA,NA,48,Missing input or nonpositive denominator,NA,NA,NA,40,Missing input or nonpositive denominator,NA,NA,NA,154,Missing input or nonpositive denominator,NA,NA,NA,114,Missing input or nonpositive denominator,NA,NA,NA,593,Missing input or nonpositive denominator,NA,NA,NA,749,Denominator below story-scale threshold,464
1351576,"Millwood CDP, Georgia",66,0,0,0,0,0,0,0,0,110,14,14,14,14,14,14,14,14,0,0,Pass,0,0,Pass,NA,NA,TRUE,NA,NA,NA,0,14,NA,NA,NA,NA,NA,NA,NA,NA,NA,NA,NA,NA,NA,NA,Missing input or nonpositive denominator,NA,NA,NA,Missing input or nonpositive denominator,NA,NA,NA,Missing input or nonpositive denominator,NA,NA,NA,Missing input or nonpositive denominator,NA,NA,NA,Missing input or nonpositive denominator,NA,NA,NA,Missing input or nonpositive denominator,2024,2020-2024,ACS five-year,13,0,212.12121212121212,Denominator below story-scale threshold,16421,24.374180660465697,3,32038,Retained,NA,NA,NA,771,Missing input or nonpositive denominator,NA,NA,NA,48,Missing input or nonpositive denominator,NA,NA,NA,40,Missing input or nonpositive denominator,NA,NA,NA,154,Missing input or nonpositive denominator,NA,NA,NA,114,Missing input or nonpositive denominator,NA,NA,NA,593,Missing input or nonpositive denominator,NA,NA,NA,749,Denominator below story-scale threshold,464
1351604,"Milner city, Georgia",979,5,0,0,0,0,0,0,5,278,6,14,14,14,14,14,14,6,0,0,Pass,5,0,Pass,0,NA,TRUE,NA,NA,NA,0,14,280,NA,NA,NA,NA,NA,NA,NA,NA,NA,NA,0,100,NA,Unavailable MOE or zero percentage,NA,NA,NA,Missing input or nonpositive denominator,NA,NA,NA,Missing input or nonpositive denominator,NA,NA,NA,Missing input or nonpositive denominator,NA,NA,NA,Missing input or nonpositive denominator,NA,NA,NA,Missing input or nonpositive denominator,2024,2020-2024,ACS five-year,13,0,14.300306435137898,Denominator below story-scale threshold,16421,24.374180660465697,3,32038,Retained,NA,NA,NA,771,Unavailable MOE or zero percentage,NA,NA,NA,48,Missing input or nonpositive denominator,NA,NA,NA,40,Missing input or nonpositive denominator,NA,NA,NA,154,Missing input or nonpositive denominator,NA,NA,NA,114,Missing input or nonpositive denominator,NA,NA,NA,593,Missing input or nonpositive denominator,NA,NA,NA,749,Denominator below story-scale threshold,464
1351660,"Milstead CDP, Georgia",689,23,0,0,0,0,0,0,23,306,36,14,14,14,14,14,14,36,0,0,Pass,23,0,Pass,0,NA,TRUE,NA,NA,NA,0,14,60.86956521739131,NA,NA,NA,NA,NA,NA,NA,NA,NA,NA,0,60.86956521739131,NA,Unavailable MOE or zero percentage,NA,NA,NA,Missing input or nonpositive denominator,NA,NA,NA,Missing input or nonpositive denominator,NA,NA,NA,Missing input or nonpositive denominator,NA,NA,NA,Missing input or nonpositive denominator,NA,NA,NA,Missing input or nonpositive denominator,2024,2020-2024,ACS five-year,13,0,20.319303338171263,Denominator below story-scale threshold,16421,24.374180660465697,3,32038,Retained,NA,NA,NA,771,Unavailable MOE or zero percentage,NA,NA,NA,48,Missing input or nonpositive denominator,NA,NA,NA,40,Missing input or nonpositive denominator,NA,NA,NA,154,Missing input or nonpositive denominator,NA,NA,NA,114,Missing input or nonpositive denominator,NA,NA,NA,593,Missing input or nonpositive denominator,NA,NA,NA,749,Denominator below story-scale threshold,464
1351744,"Mineral Bluff CDP, Georgia",294,0,0,0,0,0,0,0,0,164,14,14,14,14,14,14,14,14,0,0,Pass,0,0,Pass,NA,NA,TRUE,NA,NA,NA,0,14,NA,NA,NA,NA,NA,NA,NA,NA,NA,NA,NA,NA,NA,NA,Missing input or nonpositive denominator,NA,NA,NA,Missing input or nonpositive denominator,NA,NA,NA,Missing input or nonpositive denominator,NA,NA,NA,Missing input or nonpositive denominator,NA,NA,NA,Missing input or nonpositive denominator,NA,NA,NA,Missing input or nonpositive denominator,2024,2020-2024,ACS five-year,13,0,47.61904761904762,Denominator below story-scale threshold,16421,24.374180660465697,3,32038,Retained,NA,NA,NA,771,Missing input or nonpositive denominator,NA,NA,NA,48,Missing input or nonpositive denominator,NA,NA,NA,40,Missing input or nonpositive denominator,NA,NA,NA,154,Missing input or nonpositive denominator,NA,NA,NA,114,Missing input or nonpositive denominator,NA,NA,NA,593,Missing input or nonpositive denominator,NA,NA,NA,749,Denominator below story-scale threshold,464
1351968,"Mitchell town, Georgia",167,0,0,0,0,0,0,0,0,97,14,14,14,14,14,14,14,14,0,0,Pass,0,0,Pass,NA,NA,TRUE,NA,NA,NA,0,14,NA,NA,NA,NA,NA,NA,NA,NA,NA,NA,NA,NA,NA,NA,Missing input or nonpositive denominator,NA,NA,NA,Missing input or nonpositive denominator,NA,NA,NA,Missing input or nonpositive denominator,NA,NA,NA,Missing input or nonpositive denominator,NA,NA,NA,Missing input or nonpositive denominator,NA,NA,NA,Missing input or nonpositive denominator,2024,2020-2024,ACS five-year,13,0,83.8323353293413,Denominator below story-scale threshold,16421,24.374180660465697,3,32038,Retained,NA,NA,NA,771,Missing input or nonpositive denominator,NA,NA,NA,48,Missing input or nonpositive denominator,NA,NA,NA,40,Missing input or nonpositive denominator,NA,NA,NA,154,Missing input or nonpositive denominator,NA,NA,NA,114,Missing input or nonpositive denominator,NA,NA,NA,593,Missing input or nonpositive denominator,NA,NA,NA,749,Denominator below story-scale threshold,464
1352332,"Montgomery CDP, Georgia",4976,47,0,0,0,0,0,0,47,892,27,14,14,14,14,14,14,27,0,0,Pass,47,0,Pass,0,NA,TRUE,NA,NA,NA,0,14,29.78723404255319,NA,NA,NA,NA,NA,NA,NA,NA,NA,NA,0,29.78723404255319,NA,Unavailable MOE or zero percentage,NA,NA,NA,Missing input or nonpositive denominator,NA,NA,NA,Missing input or nonpositive denominator,NA,NA,NA,Missing input or nonpositive denominator,NA,NA,NA,Missing input or nonpositive denominator,NA,NA,NA,Missing input or nonpositive denominator,2024,2020-2024,ACS five-year,13,0,2.8135048231511255,Denominator below story-scale threshold,16421,24.374180660465697,3,32038,Retained,NA,NA,NA,771,Unavailable MOE or zero percentage,NA,NA,NA,48,Missing input or nonpositive denominator,NA,NA,NA,40,Missing input or nonpositive denominator,NA,NA,NA,154,Missing input or nonpositive denominator,NA,NA,NA,114,Missing input or nonpositive denominator,NA,NA,NA,593,Missing input or nonpositive denominator,NA,NA,NA,749,Denominator below story-scale threshold,464
1352500,"Montrose town, Georgia",311,0,0,0,0,0,0,0,0,142,14,14,14,14,14,14,14,14,0,0,Pass,0,0,Pass,NA,NA,TRUE,NA,NA,NA,0,14,NA,NA,NA,NA,NA,NA,NA,NA,NA,NA,NA,NA,NA,NA,Missing input or nonpositive denominator,NA,NA,NA,Missing input or nonpositive denominator,NA,NA,NA,Missing input or nonpositive denominator,NA,NA,NA,Missing input or nonpositive denominator,NA,NA,NA,Missing input or nonpositive denominator,NA,NA,NA,Missing input or nonpositive denominator,2024,2020-2024,ACS five-year,13,0,45.01607717041801,Denominator below story-scale threshold,16421,24.374180660465697,3,32038,Retained,NA,NA,NA,771,Missing input or nonpositive denominator,NA,NA,NA,48,Missing input or nonpositive denominator,NA,NA,NA,40,Missing input or nonpositive denominator,NA,NA,NA,154,Missing input or nonpositive denominator,NA,NA,NA,114,Missing input or nonpositive denominator,NA,NA,NA,593,Missing input or nonpositive denominator,NA,NA,NA,749,Denominator below story-scale threshold,464
1352556,"Moody AFB CDP, Georgia",1630,13,0,0,0,0,0,0,13,391,22,14,14,14,14,14,14,22,0,0,Pass,13,0,Pass,0,NA,TRUE,NA,NA,NA,0,14,107.6923076923077,NA,NA,NA,NA,NA,NA,NA,NA,NA,NA,0,100,NA,Unavailable MOE or zero percentage,NA,NA,NA,Missing input or nonpositive denominator,NA,NA,NA,Missing input or nonpositive denominator,NA,NA,NA,Missing input or nonpositive denominator,NA,NA,NA,Missing input or nonpositive denominator,NA,NA,NA,Missing input or nonpositive denominator,2024,2020-2024,ACS five-year,13,0,8.588957055214724,Denominator below story-scale threshold,16421,24.374180660465697,3,32038,Retained,NA,NA,NA,771,Unavailable MOE or zero percentage,NA,NA,NA,48,Missing input or nonpositive denominator,NA,NA,NA,40,Missing input or nonpositive denominator,NA,NA,NA,154,Missing input or nonpositive denominator,NA,NA,NA,114,Missing input or nonpositive denominator,NA,NA,NA,593,Missing input or nonpositive denominator,NA,NA,NA,749,Denominator below story-scale threshold,464
1352696,"Morgan city, Georgia",1902,0,0,0,0,0,0,0,0,96,14,14,14,14,14,14,14,14,0,0,Pass,0,0,Pass,NA,NA,TRUE,NA,NA,NA,0,14,NA,NA,NA,NA,NA,NA,NA,NA,NA,NA,NA,NA,NA,NA,Missing input or nonpositive denominator,NA,NA,NA,Missing input or nonpositive denominator,NA,NA,NA,Missing input or nonpositive denominator,NA,NA,NA,Missing input or nonpositive denominator,NA,NA,NA,Missing input or nonpositive denominator,NA,NA,NA,Missing input or nonpositive denominator,2024,2020-2024,ACS five-year,13,0,7.360672975814931,Denominator below story-scale threshold,16421,24.374180660465697,3,32038,Retained,NA,NA,NA,771,Missing input or nonpositive denominator,NA,NA,NA,48,Missing input or nonpositive denominator,NA,NA,NA,40,Missing input or nonpositive denominator,NA,NA,NA,154,Missing input or nonpositive denominator,NA,NA,NA,114,Missing input or nonpositive denominator,NA,NA,NA,593,Missing input or nonpositive denominator,NA,NA,NA,749,Denominator below story-scale threshold,464
1353116,"Mountain City town, Georgia",1004,30,0,0,0,0,0,0,30,309,49,14,14,14,14,14,14,49,0,0,Pass,30,0,Pass,0,NA,TRUE,NA,NA,NA,0,14,46.666666666666664,NA,NA,NA,NA,NA,NA,NA,NA,NA,NA,0,46.666666666666664,NA,Unavailable MOE or zero percentage,NA,NA,NA,Missing input or nonpositive denominator,NA,NA,NA,Missing input or nonpositive denominator,NA,NA,NA,Missing input or nonpositive denominator,NA,NA,NA,Missing input or nonpositive denominator,NA,NA,NA,Missing input or nonpositive denominator,2024,2020-2024,ACS five-year,13,0,13.94422310756972,Denominator below story-scale threshold,16421,24.374180660465697,3,32038,Retained,NA,NA,NA,771,Unavailable MOE or zero percentage,NA,NA,NA,48,Missing input or nonpositive denominator,NA,NA,NA,40,Missing input or nonpositive denominator,NA,NA,NA,154,Missing input or nonpositive denominator,NA,NA,NA,114,Missing input or nonpositive denominator,NA,NA,NA,593,Missing input or nonpositive denominator,NA,NA,NA,749,Denominator below story-scale threshold,464
1354012,"Musella CDP, Georgia",0,0,0,0,0,0,0,0,0,14,14,14,14,14,14,14,14,14,0,0,Pass,0,0,Pass,NA,NA,TRUE,NA,NA,NA,0,14,NA,NA,NA,NA,NA,NA,NA,NA,NA,NA,NA,NA,NA,NA,Missing input or nonpositive denominator,NA,NA,NA,Missing input or nonpositive denominator,NA,NA,NA,Missing input or nonpositive denominator,NA,NA,NA,Missing input or nonpositive denominator,NA,NA,NA,Missing input or nonpositive denominator,NA,NA,NA,Missing input or nonpositive denominator,2024,2020-2024,ACS five-year,13,NA,NA,Denominator below story-scale threshold,16421,24.374180660465697,3,32038,Retained,NA,NA,NA,771,Missing input or nonpositive denominator,NA,NA,NA,48,Missing input or nonpositive denominator,NA,NA,NA,40,Missing input or nonpositive denominator,NA,NA,NA,154,Missing input or nonpositive denominator,NA,NA,NA,114,Missing input or nonpositive denominator,NA,NA,NA,593,Missing input or nonpositive denominator,NA,NA,NA,749,Denominator below story-scale threshold,464
1354404,"Naylor CDP, Georgia",293,0,0,0,0,0,0,0,0,387,14,14,14,14,14,14,14,14,0,0,Pass,0,0,Pass,NA,NA,TRUE,NA,NA,NA,0,14,NA,NA,NA,NA,NA,NA,NA,NA,NA,NA,NA,NA,NA,NA,Missing input or nonpositive denominator,NA,NA,NA,Missing input or nonpositive denominator,NA,NA,NA,Missing input or nonpositive denominator,NA,NA,NA,Missing input or nonpositive denominator,NA,NA,NA,Missing input or nonpositive denominator,NA,NA,NA,Missing input or nonpositive denominator,2024,2020-2024,ACS five-year,13,0,47.781569965870304,Denominator below story-scale threshold,16421,24.374180660465697,3,32038,Retained,NA,NA,NA,771,Missing input or nonpositive denominator,NA,NA,NA,48,Missing input or nonpositive denominator,NA,NA,NA,40,Missing input or nonpositive denominator,NA,NA,NA,154,Missing input or nonpositive denominator,NA,NA,NA,114,Missing input or nonpositive denominator,NA,NA,NA,593,Missing input or nonpositive denominator,NA,NA,NA,749,Denominator below story-scale threshold,464
1354768,"New England CDP, Georgia",391,0,0,0,0,0,0,0,0,245,14,14,14,14,14,14,14,14,0,0,Pass,0,0,Pass,NA,NA,TRUE,NA,NA,NA,0,14,NA,NA,NA,NA,NA,NA,NA,NA,NA,NA,NA,NA,NA,NA,Missing input or nonpositive denominator,NA,NA,NA,Missing input or nonpositive denominator,NA,NA,NA,Missing input or nonpositive denominator,NA,NA,NA,Missing input or nonpositive denominator,NA,NA,NA,Missing input or nonpositive denominator,NA,NA,NA,Missing input or nonpositive denominator,2024,2020-2024,ACS five-year,13,0,35.80562659846547,Denominator below story-scale threshold,16421,24.374180660465697,3,32038,Retained,NA,NA,NA,771,Missing input or nonpositive denominator,NA,NA,NA,48,Missing input or nonpositive denominator,NA,NA,NA,40,Missing input or nonpositive denominator,NA,NA,NA,154,Missing input or nonpositive denominator,NA,NA,NA,114,Missing input or nonpositive denominator,NA,NA,NA,593,Missing input or nonpositive denominator,NA,NA,NA,749,Denominator below story-scale threshold,464
1355944,"Norristown CDP, Georgia",21,0,0,0,0,0,0,0,0,32,14,14,14,14,14,14,14,14,0,0,Pass,0,0,Pass,NA,NA,TRUE,NA,NA,NA,0,14,NA,NA,NA,NA,NA,NA,NA,NA,NA,NA,NA,NA,NA,NA,Missing input or nonpositive denominator,NA,NA,NA,Missing input or nonpositive denominator,NA,NA,NA,Missing input or nonpositive denominator,NA,NA,NA,Missing input or nonpositive denominator,NA,NA,NA,Missing input or nonpositive denominator,NA,NA,NA,Missing input or nonpositive denominator,2024,2020-2024,ACS five-year,13,0,666.6666666666665,Denominator below story-scale threshold,16421,24.374180660465697,3,32038,Retained,NA,NA,NA,771,Missing input or nonpositive denominator,NA,NA,NA,48,Missing input or nonpositive denominator,NA,NA,NA,40,Missing input or nonpositive denominator,NA,NA,NA,154,Missing input or nonpositive denominator,NA,NA,NA,114,Missing input or nonpositive denominator,NA,NA,NA,593,Missing input or nonpositive denominator,NA,NA,NA,749,Denominator below story-scale threshold,464
1356112,"North Decatur CDP, Georgia",18442,108,0,0,0,0,0,0,108,1097,87,23,23,23,23,23,23,87,0,0,Pass,108,0,Pass,0,NA,TRUE,NA,NA,NA,0,23,21.296296296296298,NA,NA,NA,NA,NA,NA,NA,NA,NA,NA,0,21.296296296296298,NA,Unavailable MOE or zero percentage,NA,NA,NA,Missing input or nonpositive denominator,NA,NA,NA,Missing input or nonpositive denominator,NA,NA,NA,Missing input or nonpositive denominator,NA,NA,NA,Missing input or nonpositive denominator,NA,NA,NA,Missing input or nonpositive denominator,2024,2020-2024,ACS five-year,13,0,1.2471532371760112,Unavailable MOE or zero percentage,16421,24.374180660465697,3,32038,Retained,NA,NA,NA,771,Unavailable MOE or zero percentage,NA,NA,NA,48,Missing input or nonpositive denominator,NA,NA,NA,40,Missing input or nonpositive denominator,NA,NA,NA,154,Missing input or nonpositive denominator,NA,NA,NA,114,Missing input or nonpositive denominator,NA,NA,NA,593,Missing input or nonpositive denominator,NA,NA,NA,749,Unavailable MOE or zero percentage,464
1356560,"Norwood city, Georgia",314,9,0,0,0,0,0,0,9,139,18,14,14,14,14,14,14,18,0,0,Pass,9,0,Pass,0,NA,TRUE,NA,NA,NA,0,14,155.55555555555557,NA,NA,NA,NA,NA,NA,NA,NA,NA,NA,0,100,NA,Unavailable MOE or zero percentage,NA,NA,NA,Missing input or nonpositive denominator,NA,NA,NA,Missing input or nonpositive denominator,NA,NA,NA,Missing input or nonpositive denominator,NA,NA,NA,Missing input or nonpositive denominator,NA,NA,NA,Missing input or nonpositive denominator,2024,2020-2024,ACS five-year,13,0,44.5859872611465,Denominator below story-scale threshold,16421,24.374180660465697,3,32038,Retained,NA,NA,NA,771,Unavailable MOE or zero percentage,NA,NA,NA,48,Missing input or nonpositive denominator,NA,NA,NA,40,Missing input or nonpositive denominator,NA,NA,NA,154,Missing input or nonpositive denominator,NA,NA,NA,114,Missing input or nonpositive denominator,NA,NA,NA,593,Missing input or nonpositive denominator,NA,NA,NA,749,Denominator below story-scale threshold,464
1356644,"Nunez city, Georgia",124,9,0,0,0,0,0,0,9,73,16,14,14,14,14,14,14,16,0,0,Pass,9,0,Pass,0,NA,TRUE,NA,NA,NA,0,14,155.55555555555557,NA,NA,NA,NA,NA,NA,NA,NA,NA,NA,0,100,NA,Unavailable MOE or zero percentage,NA,NA,NA,Missing input or nonpositive denominator,NA,NA,NA,Missing input or nonpositive denominator,NA,NA,NA,Missing input or nonpositive denominator,NA,NA,NA,Missing input or nonpositive denominator,NA,NA,NA,Missing input or nonpositive denominator,2024,2020-2024,ACS five-year,13,0,112.9032258064516,Denominator below story-scale threshold,16421,24.374180660465697,3,32038,Retained,NA,NA,NA,771,Unavailable MOE or zero percentage,NA,NA,NA,48,Missing input or nonpositive denominator,NA,NA,NA,40,Missing input or nonpositive denominator,NA,NA,NA,154,Missing input or nonpositive denominator,NA,NA,NA,114,Missing input or nonpositive denominator,NA,NA,NA,593,Missing input or nonpositive denominator,NA,NA,NA,749,Denominator below story-scale threshold,464
1357540,"Odum city, Georgia",453,3,0,0,0,0,0,0,3,176,5,14,14,14,14,14,14,5,0,0,Pass,3,0,Pass,0,NA,TRUE,NA,NA,NA,0,14,466.6666666666667,NA,NA,NA,NA,NA,NA,NA,NA,NA,NA,0,100,NA,Unavailable MOE or zero percentage,NA,NA,NA,Missing input or nonpositive denominator,NA,NA,NA,Missing input or nonpositive denominator,NA,NA,NA,Missing input or nonpositive denominator,NA,NA,NA,Missing input or nonpositive denominator,NA,NA,NA,Missing input or nonpositive denominator,2024,2020-2024,ACS five-year,13,0,30.90507726269316,Denominator below story-scale threshold,16421,24.374180660465697,3,32038,Retained,NA,NA,NA,771,Unavailable MOE or zero percentage,NA,NA,NA,48,Missing input or nonpositive denominator,NA,NA,NA,40,Missing input or nonpositive denominator,NA,NA,NA,154,Missing input or nonpositive denominator,NA,NA,NA,114,Missing input or nonpositive denominator,NA,NA,NA,593,Missing input or nonpositive denominator,NA,NA,NA,749,Denominator below story-scale threshold,464
1357736,"Oglethorpe city, Georgia",869,0,0,0,0,0,0,0,0,264,14,14,14,14,14,14,14,14,0,0,Pass,0,0,Pass,NA,NA,TRUE,NA,NA,NA,0,14,NA,NA,NA,NA,NA,NA,NA,NA,NA,NA,NA,NA,NA,NA,Missing input or nonpositive denominator,NA,NA,NA,Missing input or nonpositive denominator,NA,NA,NA,Missing input or nonpositive denominator,NA,NA,NA,Missing input or nonpositive denominator,NA,NA,NA,Missing input or nonpositive denominator,NA,NA,NA,Missing input or nonpositive denominator,2024,2020-2024,ACS five-year,13,0,16.11047180667434,Denominator below story-scale threshold,16421,24.374180660465697,3,32038,Retained,NA,NA,NA,771,Missing input or nonpositive denominator,NA,NA,NA,48,Missing input or nonpositive denominator,NA,NA,NA,40,Missing input or nonpositive denominator,NA,NA,NA,154,Missing input or nonpositive denominator,NA,NA,NA,114,Missing input or nonpositive denominator,NA,NA,NA,593,Missing input or nonpositive denominator,NA,NA,NA,749,Denominator below story-scale threshold,464
1357876,"Ohoopee CDP, Georgia",5,0,0,0,0,0,0,0,0,8,14,14,14,14,14,14,14,14,0,0,Pass,0,0,Pass,NA,NA,TRUE,NA,NA,NA,0,14,NA,NA,NA,NA,NA,NA,NA,NA,NA,NA,NA,NA,NA,NA,Missing input or nonpositive denominator,NA,NA,NA,Missing input or nonpositive denominator,NA,NA,NA,Missing input or nonpositive denominator,NA,NA,NA,Missing input or nonpositive denominator,NA,NA,NA,Missing input or nonpositive denominator,NA,NA,NA,Missing input or nonpositive denominator,2024,2020-2024,ACS five-year,13,0,2800,Denominator below story-scale threshold,16421,24.374180660465697,3,32038,Retained,NA,NA,NA,771,Missing input or nonpositive denominator,NA,NA,NA,48,Missing input or nonpositive denominator,NA,NA,NA,40,Missing input or nonpositive denominator,NA,NA,NA,154,Missing input or nonpositive denominator,NA,NA,NA,114,Missing input or nonpositive denominator,NA,NA,NA,593,Missing input or nonpositive denominator,NA,NA,NA,749,Denominator below story-scale threshold,464
1358184,"Omega city, Georgia",1194,113,0,0,0,0,0,0,113,435,111,14,14,14,14,14,14,111,0,0,Pass,113,0,Pass,0,NA,TRUE,NA,NA,NA,0,14,12.389380530973451,NA,NA,NA,NA,NA,NA,NA,NA,NA,NA,0,12.389380530973451,NA,Unavailable MOE or zero percentage,NA,NA,NA,Missing input or nonpositive denominator,NA,NA,NA,Missing input or nonpositive denominator,NA,NA,NA,Missing input or nonpositive denominator,NA,NA,NA,Missing input or nonpositive denominator,NA,NA,NA,Missing input or nonpositive denominator,2024,2020-2024,ACS five-year,13,0,11.725293132328307,Unavailable MOE or zero percentage,16421,24.374180660465697,3,32038,Retained,NA,NA,NA,771,Unavailable MOE or zero percentage,NA,NA,NA,48,Missing input or nonpositive denominator,NA,NA,NA,40,Missing input or nonpositive denominator,NA,NA,NA,154,Missing input or nonpositive denominator,NA,NA,NA,114,Missing input or nonpositive denominator,NA,NA,NA,593,Missing input or nonpositive denominator,NA,NA,NA,749,Unavailable MOE or zero percentage,464
1358296,"Orchard Hill town, Georgia",152,2,0,0,0,0,0,0,2,83,4,14,14,14,14,14,14,4,0,0,Pass,2,0,Pass,0,NA,TRUE,NA,NA,NA,0,14,700,NA,NA,NA,NA,NA,NA,NA,NA,NA,NA,0,100,NA,Unavailable MOE or zero percentage,NA,NA,NA,Missing input or nonpositive denominator,NA,NA,NA,Missing input or nonpositive denominator,NA,NA,NA,Missing input or nonpositive denominator,NA,NA,NA,Missing input or nonpositive denominator,NA,NA,NA,Missing input or nonpositive denominator,2024,2020-2024,ACS five-year,13,0,92.10526315789473,Denominator below story-scale threshold,16421,24.374180660465697,3,32038,Retained,NA,NA,NA,771,Unavailable MOE or zero percentage,NA,NA,NA,48,Missing input or nonpositive denominator,NA,NA,NA,40,Missing input or nonpositive denominator,NA,NA,NA,154,Missing input or nonpositive denominator,NA,NA,NA,114,Missing input or nonpositive denominator,NA,NA,NA,593,Missing input or nonpositive denominator,NA,NA,NA,749,Denominator below story-scale threshold,464
1359416,"Parrott town, Georgia",79,0,0,0,0,0,0,0,0,37,14,14,14,14,14,14,14,14,0,0,Pass,0,0,Pass,NA,NA,TRUE,NA,NA,NA,0,14,NA,NA,NA,NA,NA,NA,NA,NA,NA,NA,NA,NA,NA,NA,Missing input or nonpositive denominator,NA,NA,NA,Missing input or nonpositive denominator,NA,NA,NA,Missing input or nonpositive denominator,NA,NA,NA,Missing input or nonpositive denominator,NA,NA,NA,Missing input or nonpositive denominator,NA,NA,NA,Missing input or nonpositive denominator,2024,2020-2024,ACS five-year,13,0,177.2151898734177,Denominator below story-scale threshold,16421,24.374180660465697,3,32038,Retained,NA,NA,NA,771,Missing input or nonpositive denominator,NA,NA,NA,48,Missing input or nonpositive denominator,NA,NA,NA,40,Missing input or nonpositive denominator,NA,NA,NA,154,Missing input or nonpositive denominator,NA,NA,NA,114,Missing input or nonpositive denominator,NA,NA,NA,593,Missing input or nonpositive denominator,NA,NA,NA,749,Denominator below story-scale threshold,464
1360032,"Pendergrass town, Georgia",3435,97,0,0,0,0,0,0,97,697,85,14,14,14,14,14,14,85,0,0,Pass,97,0,Pass,0,NA,TRUE,NA,NA,NA,0,14,14.432989690721648,NA,NA,NA,NA,NA,NA,NA,NA,NA,NA,0,14.432989690721648,NA,Unavailable MOE or zero percentage,NA,NA,NA,Missing input or nonpositive denominator,NA,NA,NA,Missing input or nonpositive denominator,NA,NA,NA,Missing input or nonpositive denominator,NA,NA,NA,Missing input or nonpositive denominator,NA,NA,NA,Missing input or nonpositive denominator,2024,2020-2024,ACS five-year,13,0,4.075691411935953,Denominator below story-scale threshold,16421,24.374180660465697,3,32038,Retained,NA,NA,NA,771,Unavailable MOE or zero percentage,NA,NA,NA,48,Missing input or nonpositive denominator,NA,NA,NA,40,Missing input or nonpositive denominator,NA,NA,NA,154,Missing input or nonpositive denominator,NA,NA,NA,114,Missing input or nonpositive denominator,NA,NA,NA,593,Missing input or nonpositive denominator,NA,NA,NA,749,Denominator below story-scale threshold,464
1360312,"Perkins CDP, Georgia",69,0,0,0,0,0,0,0,0,98,14,14,14,14,14,14,14,14,0,0,Pass,0,0,Pass,NA,NA,TRUE,NA,NA,NA,0,14,NA,NA,NA,NA,NA,NA,NA,NA,NA,NA,NA,NA,NA,NA,Missing input or nonpositive denominator,NA,NA,NA,Missing input or nonpositive denominator,NA,NA,NA,Missing input or nonpositive denominator,NA,NA,NA,Missing input or nonpositive denominator,NA,NA,NA,Missing input or nonpositive denominator,NA,NA,NA,Missing input or nonpositive denominator,2024,2020-2024,ACS five-year,13,0,202.8985507246377,Denominator below story-scale threshold,16421,24.374180660465697,3,32038,Retained,NA,NA,NA,771,Missing input or nonpositive denominator,NA,NA,NA,48,Missing input or nonpositive denominator,NA,NA,NA,40,Missing input or nonpositive denominator,NA,NA,NA,154,Missing input or nonpositive denominator,NA,NA,NA,114,Missing input or nonpositive denominator,NA,NA,NA,593,Missing input or nonpositive denominator,NA,NA,NA,749,Denominator below story-scale threshold,464
1360508,"Phillipsburg CDP, Georgia",193,0,0,0,0,0,0,0,0,135,14,14,14,14,14,14,14,14,0,0,Pass,0,0,Pass,NA,NA,TRUE,NA,NA,NA,0,14,NA,NA,NA,NA,NA,NA,NA,NA,NA,NA,NA,NA,NA,NA,Missing input or nonpositive denominator,NA,NA,NA,Missing input or nonpositive denominator,NA,NA,NA,Missing input or nonpositive denominator,NA,NA,NA,Missing input or nonpositive denominator,NA,NA,NA,Missing input or nonpositive denominator,NA,NA,NA,Missing input or nonpositive denominator,2024,2020-2024,ACS five-year,13,0,72.53886010362693,Denominator below story-scale threshold,16421,24.374180660465697,3,32038,Retained,NA,NA,NA,771,Missing input or nonpositive denominator,NA,NA,NA,48,Missing input or nonpositive denominator,NA,NA,NA,40,Missing input or nonpositive denominator,NA,NA,NA,154,Missing input or nonpositive denominator,NA,NA,NA,114,Missing input or nonpositive denominator,NA,NA,NA,593,Missing input or nonpositive denominator,NA,NA,NA,749,Denominator below story-scale threshold,464
1361040,"Pine Lake city, Georgia",882,14,0,0,0,0,0,0,14,268,20,14,14,14,14,14,14,20,0,0,Pass,14,0,Pass,0,NA,TRUE,NA,NA,NA,0,14,100,NA,NA,NA,NA,NA,NA,NA,NA,NA,NA,0,100,NA,Unavailable MOE or zero percentage,NA,NA,NA,Missing input or nonpositive denominator,NA,NA,NA,Missing input or nonpositive denominator,NA,NA,NA,Missing input or nonpositive denominator,NA,NA,NA,Missing input or nonpositive denominator,NA,NA,NA,Missing input or nonpositive denominator,2024,2020-2024,ACS five-year,13,0,15.873015873015872,Denominator below story-scale threshold,16421,24.374180660465697,3,32038,Retained,NA,NA,NA,771,Unavailable MOE or zero percentage,NA,NA,NA,48,Missing input or nonpositive denominator,NA,NA,NA,40,Missing input or nonpositive denominator,NA,NA,NA,154,Missing input or nonpositive denominator,NA,NA,NA,114,Missing input or nonpositive denominator,NA,NA,NA,593,Missing input or nonpositive denominator,NA,NA,NA,749,Denominator below story-scale threshold,464
1361320,"Pineview town, Georgia",618,0,0,0,0,0,0,0,0,162,14,14,14,14,14,14,14,14,0,0,Pass,0,0,Pass,NA,NA,TRUE,NA,NA,NA,0,14,NA,NA,NA,NA,NA,NA,NA,NA,NA,NA,NA,NA,NA,NA,Missing input or nonpositive denominator,NA,NA,NA,Missing input or nonpositive denominator,NA,NA,NA,Missing input or nonpositive denominator,NA,NA,NA,Missing input or nonpositive denominator,NA,NA,NA,Missing input or nonpositive denominator,NA,NA,NA,Missing input or nonpositive denominator,2024,2020-2024,ACS five-year,13,0,22.653721682847898,Denominator below story-scale threshold,16421,24.374180660465697,3,32038,Retained,NA,NA,NA,771,Missing input or nonpositive denominator,NA,NA,NA,48,Missing input or nonpositive denominator,NA,NA,NA,40,Missing input or nonpositive denominator,NA,NA,NA,154,Missing input or nonpositive denominator,NA,NA,NA,114,Missing input or nonpositive denominator,NA,NA,NA,593,Missing input or nonpositive denominator,NA,NA,NA,749,Denominator below story-scale threshold,464
1361376,"Piney Grove CDP, Georgia",576,0,0,0,0,0,0,0,0,293,14,14,14,14,14,14,14,14,0,0,Pass,0,0,Pass,NA,NA,TRUE,NA,NA,NA,0,14,NA,NA,NA,NA,NA,NA,NA,NA,NA,NA,NA,NA,NA,NA,Missing input or nonpositive denominator,NA,NA,NA,Missing input or nonpositive denominator,NA,NA,NA,Missing input or nonpositive denominator,NA,NA,NA,Missing input or nonpositive denominator,NA,NA,NA,Missing input or nonpositive denominator,NA,NA,NA,Missing input or nonpositive denominator,2024,2020-2024,ACS five-year,13,0,24.305555555555557,Denominator below story-scale threshold,16421,24.374180660465697,3,32038,Retained,NA,NA,NA,771,Missing input or nonpositive denominator,NA,NA,NA,48,Missing input or nonpositive denominator,NA,NA,NA,40,Missing input or nonpositive denominator,NA,NA,NA,154,Missing input or nonpositive denominator,NA,NA,NA,114,Missing input or nonpositive denominator,NA,NA,NA,593,Missing input or nonpositive denominator,NA,NA,NA,749,Denominator below story-scale threshold,464
1361544,"Pitts city, Georgia",327,7,0,0,0,0,0,0,7,132,9,14,14,14,14,14,14,9,0,0,Pass,7,0,Pass,0,NA,TRUE,NA,NA,NA,0,14,200,NA,NA,NA,NA,NA,NA,NA,NA,NA,NA,0,100,NA,Unavailable MOE or zero percentage,NA,NA,NA,Missing input or nonpositive denominator,NA,NA,NA,Missing input or nonpositive denominator,NA,NA,NA,Missing input or nonpositive denominator,NA,NA,NA,Missing input or nonpositive denominator,NA,NA,NA,Missing input or nonpositive denominator,2024,2020-2024,ACS five-year,13,0,42.81345565749235,Denominator below story-scale threshold,16421,24.374180660465697,3,32038,Retained,NA,NA,NA,771,Unavailable MOE or zero percentage,NA,NA,NA,48,Missing input or nonpositive denominator,NA,NA,NA,40,Missing input or nonpositive denominator,NA,NA,NA,154,Missing input or nonpositive denominator,NA,NA,NA,114,Missing input or nonpositive denominator,NA,NA,NA,593,Missing input or nonpositive denominator,NA,NA,NA,749,Denominator below story-scale threshold,464
1361684,"Plainville city, Georgia",360,10,0,0,0,0,0,0,10,106,11,14,14,14,14,14,14,11,0,0,Pass,10,0,Pass,0,NA,TRUE,NA,NA,NA,0,14,140,NA,NA,NA,NA,NA,NA,NA,NA,NA,NA,0,100,NA,Unavailable MOE or zero percentage,NA,NA,NA,Missing input or nonpositive denominator,NA,NA,NA,Missing input or nonpositive denominator,NA,NA,NA,Missing input or nonpositive denominator,NA,NA,NA,Missing input or nonpositive denominator,NA,NA,NA,Missing input or nonpositive denominator,2024,2020-2024,ACS five-year,13,0,38.888888888888886,Denominator below story-scale threshold,16421,24.374180660465697,3,32038,Retained,NA,NA,NA,771,Unavailable MOE or zero percentage,NA,NA,NA,48,Missing input or nonpositive denominator,NA,NA,NA,40,Missing input or nonpositive denominator,NA,NA,NA,154,Missing input or nonpositive denominator,NA,NA,NA,114,Missing input or nonpositive denominator,NA,NA,NA,593,Missing input or nonpositive denominator,NA,NA,NA,749,Denominator below story-scale threshold,464
1363000,"Pulaski town, Georgia",230,0,0,0,0,0,0,0,0,75,14,14,14,14,14,14,14,14,0,0,Pass,0,0,Pass,NA,NA,TRUE,NA,NA,NA,0,14,NA,NA,NA,NA,NA,NA,NA,NA,NA,NA,NA,NA,NA,NA,Missing input or nonpositive denominator,NA,NA,NA,Missing input or nonpositive denominator,NA,NA,NA,Missing input or nonpositive denominator,NA,NA,NA,Missing input or nonpositive denominator,NA,NA,NA,Missing input or nonpositive denominator,NA,NA,NA,Missing input or nonpositive denominator,2024,2020-2024,ACS five-year,13,0,60.86956521739131,Denominator below story-scale threshold,16421,24.374180660465697,3,32038,Retained,NA,NA,NA,771,Missing input or nonpositive denominator,NA,NA,NA,48,Missing input or nonpositive denominator,NA,NA,NA,40,Missing input or nonpositive denominator,NA,NA,NA,154,Missing input or nonpositive denominator,NA,NA,NA,114,Missing input or nonpositive denominator,NA,NA,NA,593,Missing input or nonpositive denominator,NA,NA,NA,749,Denominator below story-scale threshold,464
1363084,"Putney CDP, Georgia",3150,56,0,0,0,0,0,0,56,424,61,14,14,14,14,14,14,61,0,0,Pass,56,0,Pass,0,NA,TRUE,NA,NA,NA,0,14,25,NA,NA,NA,NA,NA,NA,NA,NA,NA,NA,0,25,NA,Unavailable MOE or zero percentage,NA,NA,NA,Missing input or nonpositive denominator,NA,NA,NA,Missing input or nonpositive denominator,NA,NA,NA,Missing input or nonpositive denominator,NA,NA,NA,Missing input or nonpositive denominator,NA,NA,NA,Missing input or nonpositive denominator,2024,2020-2024,ACS five-year,13,0,4.444444444444445,Denominator below story-scale threshold,16421,24.374180660465697,3,32038,Retained,NA,NA,NA,771,Unavailable MOE or zero percentage,NA,NA,NA,48,Missing input or nonpositive denominator,NA,NA,NA,40,Missing input or nonpositive denominator,NA,NA,NA,154,Missing input or nonpositive denominator,NA,NA,NA,114,Missing input or nonpositive denominator,NA,NA,NA,593,Missing input or nonpositive denominator,NA,NA,NA,749,Denominator below story-scale threshold,464
1363560,"Ranger CDP, Georgia",134,0,0,0,0,0,0,0,0,87,14,14,14,14,14,14,14,14,0,0,Pass,0,0,Pass,NA,NA,TRUE,NA,NA,NA,0,14,NA,NA,NA,NA,NA,NA,NA,NA,NA,NA,NA,NA,NA,NA,Missing input or nonpositive denominator,NA,NA,NA,Missing input or nonpositive denominator,NA,NA,NA,Missing input or nonpositive denominator,NA,NA,NA,Missing input or nonpositive denominator,NA,NA,NA,Missing input or nonpositive denominator,NA,NA,NA,Missing input or nonpositive denominator,2024,2020-2024,ACS five-year,13,0,104.4776119402985,Denominator below story-scale threshold,16421,24.374180660465697,3,32038,Retained,NA,NA,NA,771,Missing input or nonpositive denominator,NA,NA,NA,48,Missing input or nonpositive denominator,NA,NA,NA,40,Missing input or nonpositive denominator,NA,NA,NA,154,Missing input or nonpositive denominator,NA,NA,NA,114,Missing input or nonpositive denominator,NA,NA,NA,593,Missing input or nonpositive denominator,NA,NA,NA,749,Denominator below story-scale threshold,464
1363756,"Rayle town, Georgia",174,0,0,0,0,0,0,0,0,113,14,14,14,14,14,14,14,14,0,0,Pass,0,0,Pass,NA,NA,TRUE,NA,NA,NA,0,14,NA,NA,NA,NA,NA,NA,NA,NA,NA,NA,NA,NA,NA,NA,Missing input or nonpositive denominator,NA,NA,NA,Missing input or nonpositive denominator,NA,NA,NA,Missing input or nonpositive denominator,NA,NA,NA,Missing input or nonpositive denominator,NA,NA,NA,Missing input or nonpositive denominator,NA,NA,NA,Missing input or nonpositive denominator,2024,2020-2024,ACS five-year,13,0,80.45977011494253,Denominator below story-scale threshold,16421,24.374180660465697,3,32038,Retained,NA,NA,NA,771,Missing input or nonpositive denominator,NA,NA,NA,48,Missing input or nonpositive denominator,NA,NA,NA,40,Missing input or nonpositive denominator,NA,NA,NA,154,Missing input or nonpositive denominator,NA,NA,NA,114,Missing input or nonpositive denominator,NA,NA,NA,593,Missing input or nonpositive denominator,NA,NA,NA,749,Denominator below story-scale threshold,464
1363840,"Rebecca town, Georgia",284,2,0,0,0,0,0,0,2,119,4,14,14,14,14,14,14,4,0,0,Pass,2,0,Pass,0,NA,TRUE,NA,NA,NA,0,14,700,NA,NA,NA,NA,NA,NA,NA,NA,NA,NA,0,100,NA,Unavailable MOE or zero percentage,NA,NA,NA,Missing input or nonpositive denominator,NA,NA,NA,Missing input or nonpositive denominator,NA,NA,NA,Missing input or nonpositive denominator,NA,NA,NA,Missing input or nonpositive denominator,NA,NA,NA,Missing input or nonpositive denominator,2024,2020-2024,ACS five-year,13,0,49.29577464788732,Denominator below story-scale threshold,16421,24.374180660465697,3,32038,Retained,NA,NA,NA,771,Unavailable MOE or zero percentage,NA,NA,NA,48,Missing input or nonpositive denominator,NA,NA,NA,40,Missing input or nonpositive denominator,NA,NA,NA,154,Missing input or nonpositive denominator,NA,NA,NA,114,Missing input or nonpositive denominator,NA,NA,NA,593,Missing input or nonpositive denominator,NA,NA,NA,749,Denominator below story-scale threshold,464
1364372,"Register town, Georgia",195,0,0,0,0,0,0,0,0,98,14,14,14,14,14,14,14,14,0,0,Pass,0,0,Pass,NA,NA,TRUE,NA,NA,NA,0,14,NA,NA,NA,NA,NA,NA,NA,NA,NA,NA,NA,NA,NA,NA,Missing input or nonpositive denominator,NA,NA,NA,Missing input or nonpositive denominator,NA,NA,NA,Missing input or nonpositive denominator,NA,NA,NA,Missing input or nonpositive denominator,NA,NA,NA,Missing input or nonpositive denominator,NA,NA,NA,Missing input or nonpositive denominator,2024,2020-2024,ACS five-year,13,0,71.7948717948718,Denominator below story-scale threshold,16421,24.374180660465697,3,32038,Retained,NA,NA,NA,771,Missing input or nonpositive denominator,NA,NA,NA,48,Missing input or nonpositive denominator,NA,NA,NA,40,Missing input or nonpositive denominator,NA,NA,NA,154,Missing input or nonpositive denominator,NA,NA,NA,114,Missing input or nonpositive denominator,NA,NA,NA,593,Missing input or nonpositive denominator,NA,NA,NA,749,Denominator below story-scale threshold,464
1364596,"Remerton city, Georgia",1280,19,0,0,0,0,0,0,19,472,24,14,14,14,14,14,14,24,0,0,Pass,19,0,Pass,0,NA,TRUE,NA,NA,NA,0,14,73.68421052631578,NA,NA,NA,NA,NA,NA,NA,NA,NA,NA,0,73.68421052631578,NA,Unavailable MOE or zero percentage,NA,NA,NA,Missing input or nonpositive denominator,NA,NA,NA,Missing input or nonpositive denominator,NA,NA,NA,Missing input or nonpositive denominator,NA,NA,NA,Missing input or nonpositive denominator,NA,NA,NA,Missing input or nonpositive denominator,2024,2020-2024,ACS five-year,13,0,10.9375,Denominator below story-scale threshold,16421,24.374180660465697,3,32038,Retained,NA,NA,NA,771,Unavailable MOE or zero percentage,NA,NA,NA,48,Missing input or nonpositive denominator,NA,NA,NA,40,Missing input or nonpositive denominator,NA,NA,NA,154,Missing input or nonpositive denominator,NA,NA,NA,114,Missing input or nonpositive denominator,NA,NA,NA,593,Missing input or nonpositive denominator,NA,NA,NA,749,Denominator below story-scale threshold,464
1364792,"Rest Haven town, Georgia",44,0,0,0,0,0,0,0,0,43,14,14,14,14,14,14,14,14,0,0,Pass,0,0,Pass,NA,NA,TRUE,NA,NA,NA,0,14,NA,NA,NA,NA,NA,NA,NA,NA,NA,NA,NA,NA,NA,NA,Missing input or nonpositive denominator,NA,NA,NA,Missing input or nonpositive denominator,NA,NA,NA,Missing input or nonpositive denominator,NA,NA,NA,Missing input or nonpositive denominator,NA,NA,NA,Missing input or nonpositive denominator,NA,NA,NA,Missing input or nonpositive denominator,2024,2020-2024,ACS five-year,13,0,318.1818181818182,Denominator below story-scale threshold,16421,24.374180660465697,3,32038,Retained,NA,NA,NA,771,Missing input or nonpositive denominator,NA,NA,NA,48,Missing input or nonpositive denominator,NA,NA,NA,40,Missing input or nonpositive denominator,NA,NA,NA,154,Missing input or nonpositive denominator,NA,NA,NA,114,Missing input or nonpositive denominator,NA,NA,NA,593,Missing input or nonpositive denominator,NA,NA,NA,749,Denominator below story-scale threshold,464
1364932,"Rhine town, Georgia",662,8,0,0,0,0,0,0,8,329,15,14,14,14,14,14,14,15,0,0,Pass,8,0,Pass,0,NA,TRUE,NA,NA,NA,0,14,175,NA,NA,NA,NA,NA,NA,NA,NA,NA,NA,0,100,NA,Unavailable MOE or zero percentage,NA,NA,NA,Missing input or nonpositive denominator,NA,NA,NA,Missing input or nonpositive denominator,NA,NA,NA,Missing input or nonpositive denominator,NA,NA,NA,Missing input or nonpositive denominator,NA,NA,NA,Missing input or nonpositive denominator,2024,2020-2024,ACS five-year,13,0,21.148036253776436,Denominator below story-scale threshold,16421,24.374180660465697,3,32038,Retained,NA,NA,NA,771,Unavailable MOE or zero percentage,NA,NA,NA,48,Missing input or nonpositive denominator,NA,NA,NA,40,Missing input or nonpositive denominator,NA,NA,NA,154,Missing input or nonpositive denominator,NA,NA,NA,114,Missing input or nonpositive denominator,NA,NA,NA,593,Missing input or nonpositive denominator,NA,NA,NA,749,Denominator below story-scale threshold,464
1365968,"Robins AFB CDP, Georgia",1193,0,0,0,0,0,0,0,0,307,14,14,14,14,14,14,14,14,0,0,Pass,0,0,Pass,NA,NA,TRUE,NA,NA,NA,0,14,NA,NA,NA,NA,NA,NA,NA,NA,NA,NA,NA,NA,NA,NA,Missing input or nonpositive denominator,NA,NA,NA,Missing input or nonpositive denominator,NA,NA,NA,Missing input or nonpositive denominator,NA,NA,NA,Missing input or nonpositive denominator,NA,NA,NA,Missing input or nonpositive denominator,NA,NA,NA,Missing input or nonpositive denominator,2024,2020-2024,ACS five-year,13,0,11.73512154233026,Denominator below story-scale threshold,16421,24.374180660465697,3,32038,Retained,NA,NA,NA,771,Missing input or nonpositive denominator,NA,NA,NA,48,Missing input or nonpositive denominator,NA,NA,NA,40,Missing input or nonpositive denominator,NA,NA,NA,154,Missing input or nonpositive denominator,NA,NA,NA,114,Missing input or nonpositive denominator,NA,NA,NA,593,Missing input or nonpositive denominator,NA,NA,NA,749,Denominator below story-scale threshold,464
1366220,"Rockingham CDP, Georgia",171,0,0,0,0,0,0,0,0,121,14,14,14,14,14,14,14,14,0,0,Pass,0,0,Pass,NA,NA,TRUE,NA,NA,NA,0,14,NA,NA,NA,NA,NA,NA,NA,NA,NA,NA,NA,NA,NA,NA,Missing input or nonpositive denominator,NA,NA,NA,Missing input or nonpositive denominator,NA,NA,NA,Missing input or nonpositive denominator,NA,NA,NA,Missing input or nonpositive denominator,NA,NA,NA,Missing input or nonpositive denominator,NA,NA,NA,Missing input or nonpositive denominator,2024,2020-2024,ACS five-year,13,0,81.87134502923976,Denominator below story-scale threshold,16421,24.374180660465697,3,32038,Retained,NA,NA,NA,771,Missing input or nonpositive denominator,NA,NA,NA,48,Missing input or nonpositive denominator,NA,NA,NA,40,Missing input or nonpositive denominator,NA,NA,NA,154,Missing input or nonpositive denominator,NA,NA,NA,114,Missing input or nonpositive denominator,NA,NA,NA,593,Missing input or nonpositive denominator,NA,NA,NA,749,Denominator below story-scale threshold,464
1366304,"Rock Spring CDP, Georgia",1183,0,0,0,0,0,0,0,0,332,14,14,14,14,14,14,14,14,0,0,Pass,0,0,Pass,NA,NA,TRUE,NA,NA,NA,0,14,NA,NA,NA,NA,NA,NA,NA,NA,NA,NA,NA,NA,NA,NA,Missing input or nonpositive denominator,NA,NA,NA,Missing input or nonpositive denominator,NA,NA,NA,Missing input or nonpositive denominator,NA,NA,NA,Missing input or nonpositive denominator,NA,NA,NA,Missing input or nonpositive denominator,NA,NA,NA,Missing input or nonpositive denominator,2024,2020-2024,ACS five-year,13,0,11.834319526627219,Denominator below story-scale threshold,16421,24.374180660465697,3,32038,Retained,NA,NA,NA,771,Missing input or nonpositive denominator,NA,NA,NA,48,Missing input or nonpositive denominator,NA,NA,NA,40,Missing input or nonpositive denominator,NA,NA,NA,154,Missing input or nonpositive denominator,NA,NA,NA,114,Missing input or nonpositive denominator,NA,NA,NA,593,Missing input or nonpositive denominator,NA,NA,NA,749,Denominator below story-scale threshold,464
1367676,"Russell CDP, Georgia",1089,61,0,0,0,0,0,0,61,454,100,14,14,14,14,14,14,100,0,0,Pass,61,0,Pass,0,NA,TRUE,NA,NA,NA,0,14,22.950819672131146,NA,NA,NA,NA,NA,NA,NA,NA,NA,NA,0,22.950819672131146,NA,Unavailable MOE or zero percentage,NA,NA,NA,Missing input or nonpositive denominator,NA,NA,NA,Missing input or nonpositive denominator,NA,NA,NA,Missing input or nonpositive denominator,NA,NA,NA,Missing input or nonpositive denominator,NA,NA,NA,Missing input or nonpositive denominator,2024,2020-2024,ACS five-year,13,0,12.855831037649219,Denominator below story-scale threshold,16421,24.374180660465697,3,32038,Retained,NA,NA,NA,771,Unavailable MOE or zero percentage,NA,NA,NA,48,Missing input or nonpositive denominator,NA,NA,NA,40,Missing input or nonpositive denominator,NA,NA,NA,154,Missing input or nonpositive denominator,NA,NA,NA,114,Missing input or nonpositive denominator,NA,NA,NA,593,Missing input or nonpositive denominator,NA,NA,NA,749,Denominator below story-scale threshold,464
1368096,"Sale City city, Georgia",318,3,0,0,0,0,0,0,3,171,5,14,14,14,14,14,14,5,0,0,Pass,3,0,Pass,0,NA,TRUE,NA,NA,NA,0,14,466.6666666666667,NA,NA,NA,NA,NA,NA,NA,NA,NA,NA,0,100,NA,Unavailable MOE or zero percentage,NA,NA,NA,Missing input or nonpositive denominator,NA,NA,NA,Missing input or nonpositive denominator,NA,NA,NA,Missing input or nonpositive denominator,NA,NA,NA,Missing input or nonpositive denominator,NA,NA,NA,Missing input or nonpositive denominator,2024,2020-2024,ACS five-year,13,0,44.0251572327044,Denominator below story-scale threshold,16421,24.374180660465697,3,32038,Retained,NA,NA,NA,771,Unavailable MOE or zero percentage,NA,NA,NA,48,Missing input or nonpositive denominator,NA,NA,NA,40,Missing input or nonpositive denominator,NA,NA,NA,154,Missing input or nonpositive denominator,NA,NA,NA,114,Missing input or nonpositive denominator,NA,NA,NA,593,Missing input or nonpositive denominator,NA,NA,NA,749,Denominator below story-scale threshold,464
1368129,"Salem CDP, Georgia",385,0,0,0,0,0,0,0,0,160,14,14,14,14,14,14,14,14,0,0,Pass,0,0,Pass,NA,NA,TRUE,NA,NA,NA,0,14,NA,NA,NA,NA,NA,NA,NA,NA,NA,NA,NA,NA,NA,NA,Missing input or nonpositive denominator,NA,NA,NA,Missing input or nonpositive denominator,NA,NA,NA,Missing input or nonpositive denominator,NA,NA,NA,Missing input or nonpositive denominator,NA,NA,NA,Missing input or nonpositive denominator,NA,NA,NA,Missing input or nonpositive denominator,2024,2020-2024,ACS five-year,13,0,36.36363636363636,Denominator below story-scale threshold,16421,24.374180660465697,3,32038,Retained,NA,NA,NA,771,Missing input or nonpositive denominator,NA,NA,NA,48,Missing input or nonpositive denominator,NA,NA,NA,40,Missing input or nonpositive denominator,NA,NA,NA,154,Missing input or nonpositive denominator,NA,NA,NA,114,Missing input or nonpositive denominator,NA,NA,NA,593,Missing input or nonpositive denominator,NA,NA,NA,749,Denominator below story-scale threshold,464
1368600,"Santa Claus city, Georgia",169,17,0,0,0,0,0,0,17,150,24,14,14,14,14,14,14,24,0,0,Pass,17,0,Pass,0,NA,TRUE,NA,NA,NA,0,14,82.35294117647058,NA,NA,NA,NA,NA,NA,NA,NA,NA,NA,0,82.35294117647058,NA,Unavailable MOE or zero percentage,NA,NA,NA,Missing input or nonpositive denominator,NA,NA,NA,Missing input or nonpositive denominator,NA,NA,NA,Missing input or nonpositive denominator,NA,NA,NA,Missing input or nonpositive denominator,NA,NA,NA,Missing input or nonpositive denominator,2024,2020-2024,ACS five-year,13,0,82.84023668639054,Denominator below story-scale threshold,16421,24.374180660465697,3,32038,Retained,NA,NA,NA,771,Unavailable MOE or zero percentage,NA,NA,NA,48,Missing input or nonpositive denominator,NA,NA,NA,40,Missing input or nonpositive denominator,NA,NA,NA,154,Missing input or nonpositive denominator,NA,NA,NA,114,Missing input or nonpositive denominator,NA,NA,NA,593,Missing input or nonpositive denominator,NA,NA,NA,749,Denominator below story-scale threshold,464
1368805,"Satilla CDP, Georgia",1057,60,0,0,0,0,0,0,60,503,84,14,14,14,14,14,14,84,0,0,Pass,60,0,Pass,0,NA,TRUE,NA,NA,NA,0,14,23.333333333333332,NA,NA,NA,NA,NA,NA,NA,NA,NA,NA,0,23.333333333333332,NA,Unavailable MOE or zero percentage,NA,NA,NA,Missing input or nonpositive denominator,NA,NA,NA,Missing input or nonpositive denominator,NA,NA,NA,Missing input or nonpositive denominator,NA,NA,NA,Missing input or nonpositive denominator,NA,NA,NA,Missing input or nonpositive denominator,2024,2020-2024,ACS five-year,13,0,13.245033112582782,Denominator below story-scale threshold,16421,24.374180660465697,3,32038,Retained,NA,NA,NA,771,Unavailable MOE or zero percentage,NA,NA,NA,48,Missing input or nonpositive denominator,NA,NA,NA,40,Missing input or nonpositive denominator,NA,NA,NA,154,Missing input or nonpositive denominator,NA,NA,NA,114,Missing input or nonpositive denominator,NA,NA,NA,593,Missing input or nonpositive denominator,NA,NA,NA,749,Denominator below story-scale threshold,464
1368880,"Sautee-Nacoochee CDP, Georgia",605,0,0,0,0,0,0,0,0,229,14,14,14,14,14,14,14,14,0,0,Pass,0,0,Pass,NA,NA,TRUE,NA,NA,NA,0,14,NA,NA,NA,NA,NA,NA,NA,NA,NA,NA,NA,NA,NA,NA,Missing input or nonpositive denominator,NA,NA,NA,Missing input or nonpositive denominator,NA,NA,NA,Missing input or nonpositive denominator,NA,NA,NA,Missing input or nonpositive denominator,NA,NA,NA,Missing input or nonpositive denominator,NA,NA,NA,Missing input or nonpositive denominator,2024,2020-2024,ACS five-year,13,0,23.140495867768593,Denominator below story-scale threshold,16421,24.374180660465697,3,32038,Retained,NA,NA,NA,771,Missing input or nonpositive denominator,NA,NA,NA,48,Missing input or nonpositive denominator,NA,NA,NA,40,Missing input or nonpositive denominator,NA,NA,NA,154,Missing input or nonpositive denominator,NA,NA,NA,114,Missing input or nonpositive denominator,NA,NA,NA,593,Missing input or nonpositive denominator,NA,NA,NA,749,Denominator below story-scale threshold,464
1369336,"Scotland city, Georgia",218,0,0,0,0,0,0,0,0,130,14,14,14,14,14,14,14,14,0,0,Pass,0,0,Pass,NA,NA,TRUE,NA,NA,NA,0,14,NA,NA,NA,NA,NA,NA,NA,NA,NA,NA,NA,NA,NA,NA,Missing input or nonpositive denominator,NA,NA,NA,Missing input or nonpositive denominator,NA,NA,NA,Missing input or nonpositive denominator,NA,NA,NA,Missing input or nonpositive denominator,NA,NA,NA,Missing input or nonpositive denominator,NA,NA,NA,Missing input or nonpositive denominator,2024,2020-2024,ACS five-year,13,0,64.22018348623854,Denominator below story-scale threshold,16421,24.374180660465697,3,32038,Retained,NA,NA,NA,771,Missing input or nonpositive denominator,NA,NA,NA,48,Missing input or nonpositive denominator,NA,NA,NA,40,Missing input or nonpositive denominator,NA,NA,NA,154,Missing input or nonpositive denominator,NA,NA,NA,114,Missing input or nonpositive denominator,NA,NA,NA,593,Missing input or nonpositive denominator,NA,NA,NA,749,Denominator below story-scale threshold,464
1369672,"Senoia city, Georgia",5589,76,0,0,0,0,0,0,76,37,70,20,20,20,20,20,20,70,0,0,Pass,76,0,Pass,0,NA,TRUE,NA,NA,NA,0,20,26.31578947368421,NA,NA,NA,NA,NA,NA,NA,NA,NA,NA,0,26.31578947368421,NA,Unavailable MOE or zero percentage,NA,NA,NA,Missing input or nonpositive denominator,NA,NA,NA,Missing input or nonpositive denominator,NA,NA,NA,Missing input or nonpositive denominator,NA,NA,NA,Missing input or nonpositive denominator,NA,NA,NA,Missing input or nonpositive denominator,2024,2020-2024,ACS five-year,13,0,3.578457684737878,Denominator below story-scale threshold,16421,24.374180660465697,3,32038,Retained,NA,NA,NA,771,Unavailable MOE or zero percentage,NA,NA,NA,48,Missing input or nonpositive denominator,NA,NA,NA,40,Missing input or nonpositive denominator,NA,NA,NA,154,Missing input or nonpositive denominator,NA,NA,NA,114,Missing input or nonpositive denominator,NA,NA,NA,593,Missing input or nonpositive denominator,NA,NA,NA,749,Denominator below story-scale threshold,464
1369728,"Seville CDP, Georgia",61,0,0,0,0,0,0,0,0,66,14,14,14,14,14,14,14,14,0,0,Pass,0,0,Pass,NA,NA,TRUE,NA,NA,NA,0,14,NA,NA,NA,NA,NA,NA,NA,NA,NA,NA,NA,NA,NA,NA,Missing input or nonpositive denominator,NA,NA,NA,Missing input or nonpositive denominator,NA,NA,NA,Missing input or nonpositive denominator,NA,NA,NA,Missing input or nonpositive denominator,NA,NA,NA,Missing input or nonpositive denominator,NA,NA,NA,Missing input or nonpositive denominator,2024,2020-2024,ACS five-year,13,0,229.50819672131146,Denominator below story-scale threshold,16421,24.374180660465697,3,32038,Retained,NA,NA,NA,771,Missing input or nonpositive denominator,NA,NA,NA,48,Missing input or nonpositive denominator,NA,NA,NA,40,Missing input or nonpositive denominator,NA,NA,NA,154,Missing input or nonpositive denominator,NA,NA,NA,114,Missing input or nonpositive denominator,NA,NA,NA,593,Missing input or nonpositive denominator,NA,NA,NA,749,Denominator below story-scale threshold,464
1371282,"Sky Valley city, Georgia",647,0,0,0,0,0,0,0,0,175,14,14,14,14,14,14,14,14,0,0,Pass,0,0,Pass,NA,NA,TRUE,NA,NA,NA,0,14,NA,NA,NA,NA,NA,NA,NA,NA,NA,NA,NA,NA,NA,NA,Missing input or nonpositive denominator,NA,NA,NA,Missing input or nonpositive denominator,NA,NA,NA,Missing input or nonpositive denominator,NA,NA,NA,Missing input or nonpositive denominator,NA,NA,NA,Missing input or nonpositive denominator,NA,NA,NA,Missing input or nonpositive denominator,2024,2020-2024,ACS five-year,13,0,21.638330757341574,Denominator below story-scale threshold,16421,24.374180660465697,3,32038,Retained,NA,NA,NA,771,Missing input or nonpositive denominator,NA,NA,NA,48,Missing input or nonpositive denominator,NA,NA,NA,40,Missing input or nonpositive denominator,NA,NA,NA,154,Missing input or nonpositive denominator,NA,NA,NA,114,Missing input or nonpositive denominator,NA,NA,NA,593,Missing input or nonpositive denominator,NA,NA,NA,749,Denominator below story-scale threshold,464
1371296,"Smarr CDP, Georgia",58,0,0,0,0,0,0,0,0,72,14,14,14,14,14,14,14,14,0,0,Pass,0,0,Pass,NA,NA,TRUE,NA,NA,NA,0,14,NA,NA,NA,NA,NA,NA,NA,NA,NA,NA,NA,NA,NA,NA,Missing input or nonpositive denominator,NA,NA,NA,Missing input or nonpositive denominator,NA,NA,NA,Missing input or nonpositive denominator,NA,NA,NA,Missing input or nonpositive denominator,NA,NA,NA,Missing input or nonpositive denominator,NA,NA,NA,Missing input or nonpositive denominator,2024,2020-2024,ACS five-year,13,0,241.3793103448276,Denominator below story-scale threshold,16421,24.374180660465697,3,32038,Retained,NA,NA,NA,771,Missing input or nonpositive denominator,NA,NA,NA,48,Missing input or nonpositive denominator,NA,NA,NA,40,Missing input or nonpositive denominator,NA,NA,NA,154,Missing input or nonpositive denominator,NA,NA,NA,114,Missing input or nonpositive denominator,NA,NA,NA,593,Missing input or nonpositive denominator,NA,NA,NA,749,Denominator below story-scale threshold,464
1373312,"Statham city, Georgia",3018,88,0,0,0,0,0,0,88,31,78,14,14,14,14,14,14,78,0,0,Pass,88,0,Pass,0,NA,TRUE,NA,NA,NA,0,14,15.909090909090908,NA,NA,NA,NA,NA,NA,NA,NA,NA,NA,0,15.909090909090908,NA,Unavailable MOE or zero percentage,NA,NA,NA,Missing input or nonpositive denominator,NA,NA,NA,Missing input or nonpositive denominator,NA,NA,NA,Missing input or nonpositive denominator,NA,NA,NA,Missing input or nonpositive denominator,NA,NA,NA,Missing input or nonpositive denominator,2024,2020-2024,ACS five-year,13,0,4.638833664678596,Denominator below story-scale threshold,16421,24.374180660465697,3,32038,Retained,NA,NA,NA,771,Unavailable MOE or zero percentage,NA,NA,NA,48,Missing input or nonpositive denominator,NA,NA,NA,40,Missing input or nonpositive denominator,NA,NA,NA,154,Missing input or nonpositive denominator,NA,NA,NA,114,Missing input or nonpositive denominator,NA,NA,NA,593,Missing input or nonpositive denominator,NA,NA,NA,749,Denominator below story-scale threshold,464
1373452,"Sterling CDP, Georgia",2091,23,0,0,0,0,0,0,23,776,77,14,14,14,14,14,14,77,0,0,Pass,23,0,Pass,0,NA,TRUE,NA,NA,NA,0,14,60.86956521739131,NA,NA,NA,NA,NA,NA,NA,NA,NA,NA,0,60.86956521739131,NA,Unavailable MOE or zero percentage,NA,NA,NA,Missing input or nonpositive denominator,NA,NA,NA,Missing input or nonpositive denominator,NA,NA,NA,Missing input or nonpositive denominator,NA,NA,NA,Missing input or nonpositive denominator,NA,NA,NA,Missing input or nonpositive denominator,2024,2020-2024,ACS five-year,13,0,6.695361071257771,Denominator below story-scale threshold,16421,24.374180660465697,3,32038,Retained,NA,NA,NA,771,Unavailable MOE or zero percentage,NA,NA,NA,48,Missing input or nonpositive denominator,NA,NA,NA,40,Missing input or nonpositive denominator,NA,NA,NA,154,Missing input or nonpositive denominator,NA,NA,NA,114,Missing input or nonpositive denominator,NA,NA,NA,593,Missing input or nonpositive denominator,NA,NA,NA,749,Denominator below story-scale threshold,464
1373760,"Stockton CDP, Georgia",185,0,0,0,0,0,0,0,0,139,14,14,14,14,14,14,14,14,0,0,Pass,0,0,Pass,NA,NA,TRUE,NA,NA,NA,0,14,NA,NA,NA,NA,NA,NA,NA,NA,NA,NA,NA,NA,NA,NA,Missing input or nonpositive denominator,NA,NA,NA,Missing input or nonpositive denominator,NA,NA,NA,Missing input or nonpositive denominator,NA,NA,NA,Missing input or nonpositive denominator,NA,NA,NA,Missing input or nonpositive denominator,NA,NA,NA,Missing input or nonpositive denominator,2024,2020-2024,ACS five-year,13,0,75.67567567567568,Denominator below story-scale threshold,16421,24.374180660465697,3,32038,Retained,NA,NA,NA,771,Missing input or nonpositive denominator,NA,NA,NA,48,Missing input or nonpositive denominator,NA,NA,NA,40,Missing input or nonpositive denominator,NA,NA,NA,154,Missing input or nonpositive denominator,NA,NA,NA,114,Missing input or nonpositive denominator,NA,NA,NA,593,Missing input or nonpositive denominator,NA,NA,NA,749,Denominator below story-scale threshold,464
1374432,"Sumner town, Georgia",439,0,0,0,0,0,0,0,0,178,14,14,14,14,14,14,14,14,0,0,Pass,0,0,Pass,NA,NA,TRUE,NA,NA,NA,0,14,NA,NA,NA,NA,NA,NA,NA,NA,NA,NA,NA,NA,NA,NA,Missing input or nonpositive denominator,NA,NA,NA,Missing input or nonpositive denominator,NA,NA,NA,Missing input or nonpositive denominator,NA,NA,NA,Missing input or nonpositive denominator,NA,NA,NA,Missing input or nonpositive denominator,NA,NA,NA,Missing input or nonpositive denominator,2024,2020-2024,ACS five-year,13,0,31.89066059225513,Denominator below story-scale threshold,16421,24.374180660465697,3,32038,Retained,NA,NA,NA,771,Missing input or nonpositive denominator,NA,NA,NA,48,Missing input or nonpositive denominator,NA,NA,NA,40,Missing input or nonpositive denominator,NA,NA,NA,154,Missing input or nonpositive denominator,NA,NA,NA,114,Missing input or nonpositive denominator,NA,NA,NA,593,Missing input or nonpositive denominator,NA,NA,NA,749,Denominator below story-scale threshold,464
1374628,"Sunnyside CDP, Georgia",1031,0,0,0,0,0,0,0,0,539,14,14,14,14,14,14,14,14,0,0,Pass,0,0,Pass,NA,NA,TRUE,NA,NA,NA,0,14,NA,NA,NA,NA,NA,NA,NA,NA,NA,NA,NA,NA,NA,NA,Missing input or nonpositive denominator,NA,NA,NA,Missing input or nonpositive denominator,NA,NA,NA,Missing input or nonpositive denominator,NA,NA,NA,Missing input or nonpositive denominator,NA,NA,NA,Missing input or nonpositive denominator,NA,NA,NA,Missing input or nonpositive denominator,2024,2020-2024,ACS five-year,13,0,13.579049466537343,Denominator below story-scale threshold,16421,24.374180660465697,3,32038,Retained,NA,NA,NA,771,Missing input or nonpositive denominator,NA,NA,NA,48,Missing input or nonpositive denominator,NA,NA,NA,40,Missing input or nonpositive denominator,NA,NA,NA,154,Missing input or nonpositive denominator,NA,NA,NA,114,Missing input or nonpositive denominator,NA,NA,NA,593,Missing input or nonpositive denominator,NA,NA,NA,749,Denominator below story-scale threshold,464
1374768,"Sunset Village CDP, Georgia",825,0,0,0,0,0,0,0,0,362,14,14,14,14,14,14,14,14,0,0,Pass,0,0,Pass,NA,NA,TRUE,NA,NA,NA,0,14,NA,NA,NA,NA,NA,NA,NA,NA,NA,NA,NA,NA,NA,NA,Missing input or nonpositive denominator,NA,NA,NA,Missing input or nonpositive denominator,NA,NA,NA,Missing input or nonpositive denominator,NA,NA,NA,Missing input or nonpositive denominator,NA,NA,NA,Missing input or nonpositive denominator,NA,NA,NA,Missing input or nonpositive denominator,2024,2020-2024,ACS five-year,13,0,16.969696969696972,Denominator below story-scale threshold,16421,24.374180660465697,3,32038,Retained,NA,NA,NA,771,Missing input or nonpositive denominator,NA,NA,NA,48,Missing input or nonpositive denominator,NA,NA,NA,40,Missing input or nonpositive denominator,NA,NA,NA,154,Missing input or nonpositive denominator,NA,NA,NA,114,Missing input or nonpositive denominator,NA,NA,NA,593,Missing input or nonpositive denominator,NA,NA,NA,749,Denominator below story-scale threshold,464
1374852,"Surrency town, Georgia",163,0,0,0,0,0,0,0,0,123,14,14,14,14,14,14,14,14,0,0,Pass,0,0,Pass,NA,NA,TRUE,NA,NA,NA,0,14,NA,NA,NA,NA,NA,NA,NA,NA,NA,NA,NA,NA,NA,NA,Missing input or nonpositive denominator,NA,NA,NA,Missing input or nonpositive denominator,NA,NA,NA,Missing input or nonpositive denominator,NA,NA,NA,Missing input or nonpositive denominator,NA,NA,NA,Missing input or nonpositive denominator,NA,NA,NA,Missing input or nonpositive denominator,2024,2020-2024,ACS five-year,13,0,85.88957055214723,Denominator below story-scale threshold,16421,24.374180660465697,3,32038,Retained,NA,NA,NA,771,Missing input or nonpositive denominator,NA,NA,NA,48,Missing input or nonpositive denominator,NA,NA,NA,40,Missing input or nonpositive denominator,NA,NA,NA,154,Missing input or nonpositive denominator,NA,NA,NA,114,Missing input or nonpositive denominator,NA,NA,NA,593,Missing input or nonpositive denominator,NA,NA,NA,749,Denominator below story-scale threshold,464
1375239,"Talahi Island CDP, Georgia",961,32,0,0,0,0,0,0,32,226,37,14,14,14,14,14,14,37,0,0,Pass,32,0,Pass,0,NA,TRUE,NA,NA,NA,0,14,43.75,NA,NA,NA,NA,NA,NA,NA,NA,NA,NA,0,43.75,NA,Unavailable MOE or zero percentage,NA,NA,NA,Missing input or nonpositive denominator,NA,NA,NA,Missing input or nonpositive denominator,NA,NA,NA,Missing input or nonpositive denominator,NA,NA,NA,Missing input or nonpositive denominator,NA,NA,NA,Missing input or nonpositive denominator,2024,2020-2024,ACS five-year,13,0,14.568158168574401,Denominator below story-scale threshold,16421,24.374180660465697,3,32038,Retained,NA,NA,NA,771,Unavailable MOE or zero percentage,NA,NA,NA,48,Missing input or nonpositive denominator,NA,NA,NA,40,Missing input or nonpositive denominator,NA,NA,NA,154,Missing input or nonpositive denominator,NA,NA,NA,114,Missing input or nonpositive denominator,NA,NA,NA,593,Missing input or nonpositive denominator,NA,NA,NA,749,Denominator below story-scale threshold,464
1375272,"Talking Rock town, Georgia",274,5,0,0,0,0,0,0,5,162,10,14,14,14,14,14,14,10,0,0,Pass,5,0,Pass,0,NA,TRUE,NA,NA,NA,0,14,280,NA,NA,NA,NA,NA,NA,NA,NA,NA,NA,0,100,NA,Unavailable MOE or zero percentage,NA,NA,NA,Missing input or nonpositive denominator,NA,NA,NA,Missing input or nonpositive denominator,NA,NA,NA,Missing input or nonpositive denominator,NA,NA,NA,Missing input or nonpositive denominator,NA,NA,NA,Missing input or nonpositive denominator,2024,2020-2024,ACS five-year,13,0,51.09489051094891,Denominator below story-scale threshold,16421,24.374180660465697,3,32038,Retained,NA,NA,NA,771,Unavailable MOE or zero percentage,NA,NA,NA,48,Missing input or nonpositive denominator,NA,NA,NA,40,Missing input or nonpositive denominator,NA,NA,NA,154,Missing input or nonpositive denominator,NA,NA,NA,114,Missing input or nonpositive denominator,NA,NA,NA,593,Missing input or nonpositive denominator,NA,NA,NA,749,Denominator below story-scale threshold,464
1375328,"Tallulah Falls town, Georgia",288,0,0,0,0,0,0,0,0,139,14,14,14,14,14,14,14,14,0,0,Pass,0,0,Pass,NA,NA,TRUE,NA,NA,NA,0,14,NA,NA,NA,NA,NA,NA,NA,NA,NA,NA,NA,NA,NA,NA,Missing input or nonpositive denominator,NA,NA,NA,Missing input or nonpositive denominator,NA,NA,NA,Missing input or nonpositive denominator,NA,NA,NA,Missing input or nonpositive denominator,NA,NA,NA,Missing input or nonpositive denominator,NA,NA,NA,Missing input or nonpositive denominator,2024,2020-2024,ACS five-year,13,0,48.611111111111114,Denominator below story-scale threshold,16421,24.374180660465697,3,32038,Retained,NA,NA,NA,771,Missing input or nonpositive denominator,NA,NA,NA,48,Missing input or nonpositive denominator,NA,NA,NA,40,Missing input or nonpositive denominator,NA,NA,NA,154,Missing input or nonpositive denominator,NA,NA,NA,114,Missing input or nonpositive denominator,NA,NA,NA,593,Missing input or nonpositive denominator,NA,NA,NA,749,Denominator below story-scale threshold,464
1375412,"Talmo town, Georgia",369,3,0,0,0,0,0,0,3,141,9,14,14,14,14,14,14,9,0,0,Pass,3,0,Pass,0,NA,TRUE,NA,NA,NA,0,14,466.6666666666667,NA,NA,NA,NA,NA,NA,NA,NA,NA,NA,0,100,NA,Unavailable MOE or zero percentage,NA,NA,NA,Missing input or nonpositive denominator,NA,NA,NA,Missing input or nonpositive denominator,NA,NA,NA,Missing input or nonpositive denominator,NA,NA,NA,Missing input or nonpositive denominator,NA,NA,NA,Missing input or nonpositive denominator,2024,2020-2024,ACS five-year,13,0,37.94037940379403,Denominator below story-scale threshold,16421,24.374180660465697,3,32038,Retained,NA,NA,NA,771,Unavailable MOE or zero percentage,NA,NA,NA,48,Missing input or nonpositive denominator,NA,NA,NA,40,Missing input or nonpositive denominator,NA,NA,NA,154,Missing input or nonpositive denominator,NA,NA,NA,114,Missing input or nonpositive denominator,NA,NA,NA,593,Missing input or nonpositive denominator,NA,NA,NA,749,Denominator below story-scale threshold,464
1375496,"Tarrytown town, Georgia",142,0,0,0,0,0,0,0,0,128,14,14,14,14,14,14,14,14,0,0,Pass,0,0,Pass,NA,NA,TRUE,NA,NA,NA,0,14,NA,NA,NA,NA,NA,NA,NA,NA,NA,NA,NA,NA,NA,NA,Missing input or nonpositive denominator,NA,NA,NA,Missing input or nonpositive denominator,NA,NA,NA,Missing input or nonpositive denominator,NA,NA,NA,Missing input or nonpositive denominator,NA,NA,NA,Missing input or nonpositive denominator,NA,NA,NA,Missing input or nonpositive denominator,2024,2020-2024,ACS five-year,13,0,98.59154929577464,Denominator below story-scale threshold,16421,24.374180660465697,3,32038,Retained,NA,NA,NA,771,Missing input or nonpositive denominator,NA,NA,NA,48,Missing input or nonpositive denominator,NA,NA,NA,40,Missing input or nonpositive denominator,NA,NA,NA,154,Missing input or nonpositive denominator,NA,NA,NA,114,Missing input or nonpositive denominator,NA,NA,NA,593,Missing input or nonpositive denominator,NA,NA,NA,749,Denominator below story-scale threshold,464
1375580,"Tate City CDP, Georgia",0,0,0,0,0,0,0,0,0,14,14,14,14,14,14,14,14,14,0,0,Pass,0,0,Pass,NA,NA,TRUE,NA,NA,NA,0,14,NA,NA,NA,NA,NA,NA,NA,NA,NA,NA,NA,NA,NA,NA,Missing input or nonpositive denominator,NA,NA,NA,Missing input or nonpositive denominator,NA,NA,NA,Missing input or nonpositive denominator,NA,NA,NA,Missing input or nonpositive denominator,NA,NA,NA,Missing input or nonpositive denominator,NA,NA,NA,Missing input or nonpositive denominator,2024,2020-2024,ACS five-year,13,NA,NA,Denominator below story-scale threshold,16421,24.374180660465697,3,32038,Retained,NA,NA,NA,771,Missing input or nonpositive denominator,NA,NA,NA,48,Missing input or nonpositive denominator,NA,NA,NA,40,Missing input or nonpositive denominator,NA,NA,NA,154,Missing input or nonpositive denominator,NA,NA,NA,114,Missing input or nonpositive denominator,NA,NA,NA,593,Missing input or nonpositive denominator,NA,NA,NA,749,Denominator below story-scale threshold,464
1375692,"Tazewell CDP, Georgia",33,0,0,0,0,0,0,0,0,60,14,14,14,14,14,14,14,14,0,0,Pass,0,0,Pass,NA,NA,TRUE,NA,NA,NA,0,14,NA,NA,NA,NA,NA,NA,NA,NA,NA,NA,NA,NA,NA,NA,Missing input or nonpositive denominator,NA,NA,NA,Missing input or nonpositive denominator,NA,NA,NA,Missing input or nonpositive denominator,NA,NA,NA,Missing input or nonpositive denominator,NA,NA,NA,Missing input or nonpositive denominator,NA,NA,NA,Missing input or nonpositive denominator,2024,2020-2024,ACS five-year,13,0,424.24242424242425,Denominator below story-scale threshold,16421,24.374180660465697,3,32038,Retained,NA,NA,NA,771,Missing input or nonpositive denominator,NA,NA,NA,48,Missing input or nonpositive denominator,NA,NA,NA,40,Missing input or nonpositive denominator,NA,NA,NA,154,Missing input or nonpositive denominator,NA,NA,NA,114,Missing input or nonpositive denominator,NA,NA,NA,593,Missing input or nonpositive denominator,NA,NA,NA,749,Denominator below story-scale threshold,464
1376112,"The Rock CDP, Georgia",109,0,0,0,0,0,0,0,0,114,14,14,14,14,14,14,14,14,0,0,Pass,0,0,Pass,NA,NA,TRUE,NA,NA,NA,0,14,NA,NA,NA,NA,NA,NA,NA,NA,NA,NA,NA,NA,NA,NA,Missing input or nonpositive denominator,NA,NA,NA,Missing input or nonpositive denominator,NA,NA,NA,Missing input or nonpositive denominator,NA,NA,NA,Missing input or nonpositive denominator,NA,NA,NA,Missing input or nonpositive denominator,NA,NA,NA,Missing input or nonpositive denominator,2024,2020-2024,ACS five-year,13,0,128.44036697247708,Denominator below story-scale threshold,16421,24.374180660465697,3,32038,Retained,NA,NA,NA,771,Missing input or nonpositive denominator,NA,NA,NA,48,Missing input or nonpositive denominator,NA,NA,NA,40,Missing input or nonpositive denominator,NA,NA,NA,154,Missing input or nonpositive denominator,NA,NA,NA,114,Missing input or nonpositive denominator,NA,NA,NA,593,Missing input or nonpositive denominator,NA,NA,NA,749,Denominator below story-scale threshold,464
1377764,"Turin town, Georgia",742,2,0,0,0,0,0,0,2,540,4,14,14,14,14,14,14,4,0,0,Pass,2,0,Pass,0,NA,TRUE,NA,NA,NA,0,14,700,NA,NA,NA,NA,NA,NA,NA,NA,NA,NA,0,100,NA,Unavailable MOE or zero percentage,NA,NA,NA,Missing input or nonpositive denominator,NA,NA,NA,Missing input or nonpositive denominator,NA,NA,NA,Missing input or nonpositive denominator,NA,NA,NA,Missing input or nonpositive denominator,NA,NA,NA,Missing input or nonpositive denominator,2024,2020-2024,ACS five-year,13,0,18.867924528301888,Denominator below story-scale threshold,16421,24.374180660465697,3,32038,Retained,NA,NA,NA,771,Unavailable MOE or zero percentage,NA,NA,NA,48,Missing input or nonpositive denominator,NA,NA,NA,40,Missing input or nonpositive denominator,NA,NA,NA,154,Missing input or nonpositive denominator,NA,NA,NA,114,Missing input or nonpositive denominator,NA,NA,NA,593,Missing input or nonpositive denominator,NA,NA,NA,749,Denominator below story-scale threshold,464
1378044,"Tyrone town, Georgia",7896,212,0,0,0,0,0,0,212,21,156,20,20,20,20,20,20,156,0,0,Pass,212,0,Pass,0,NA,TRUE,NA,NA,NA,0,20,9.433962264150944,NA,NA,NA,NA,NA,NA,NA,NA,NA,NA,0,9.433962264150944,NA,Unavailable MOE or zero percentage,NA,NA,NA,Missing input or nonpositive denominator,NA,NA,NA,Missing input or nonpositive denominator,NA,NA,NA,Missing input or nonpositive denominator,NA,NA,NA,Missing input or nonpositive denominator,NA,NA,NA,Missing input or nonpositive denominator,2024,2020-2024,ACS five-year,13,0,2.5329280648429586,Unavailable MOE or zero percentage,16421,24.374180660465697,3,32038,Retained,NA,NA,NA,771,Unavailable MOE or zero percentage,NA,NA,NA,48,Missing input or nonpositive denominator,NA,NA,NA,40,Missing input or nonpositive denominator,NA,NA,NA,154,Missing input or nonpositive denominator,NA,NA,NA,114,Missing input or nonpositive denominator,NA,NA,NA,593,Missing input or nonpositive denominator,NA,NA,NA,749,Unavailable MOE or zero percentage,464
1378156,"Unadilla city, Georgia",3064,0,0,0,0,0,0,0,0,13,14,14,14,14,14,14,14,14,0,0,Pass,0,0,Pass,NA,NA,TRUE,NA,NA,NA,0,14,NA,NA,NA,NA,NA,NA,NA,NA,NA,NA,NA,NA,NA,NA,Missing input or nonpositive denominator,NA,NA,NA,Missing input or nonpositive denominator,NA,NA,NA,Missing input or nonpositive denominator,NA,NA,NA,Missing input or nonpositive denominator,NA,NA,NA,Missing input or nonpositive denominator,NA,NA,NA,Missing input or nonpositive denominator,2024,2020-2024,ACS five-year,13,0,4.569190600522194,Denominator below story-scale threshold,16421,24.374180660465697,3,32038,Retained,NA,NA,NA,771,Missing input or nonpositive denominator,NA,NA,NA,48,Missing input or nonpositive denominator,NA,NA,NA,40,Missing input or nonpositive denominator,NA,NA,NA,154,Missing input or nonpositive denominator,NA,NA,NA,114,Missing input or nonpositive denominator,NA,NA,NA,593,Missing input or nonpositive denominator,NA,NA,NA,749,Denominator below story-scale threshold,464
1379164,"Vernonburg town, Georgia",133,3,0,0,0,0,0,0,3,60,6,14,14,14,14,14,14,6,0,0,Pass,3,0,Pass,0,NA,TRUE,NA,NA,NA,0,14,466.6666666666667,NA,NA,NA,NA,NA,NA,NA,NA,NA,NA,0,100,NA,Unavailable MOE or zero percentage,NA,NA,NA,Missing input or nonpositive denominator,NA,NA,NA,Missing input or nonpositive denominator,NA,NA,NA,Missing input or nonpositive denominator,NA,NA,NA,Missing input or nonpositive denominator,NA,NA,NA,Missing input or nonpositive denominator,2024,2020-2024,ACS five-year,13,0,105.26315789473684,Denominator below story-scale threshold,16421,24.374180660465697,3,32038,Retained,NA,NA,NA,771,Unavailable MOE or zero percentage,NA,NA,NA,48,Missing input or nonpositive denominator,NA,NA,NA,40,Missing input or nonpositive denominator,NA,NA,NA,154,Missing input or nonpositive denominator,NA,NA,NA,114,Missing input or nonpositive denominator,NA,NA,NA,593,Missing input or nonpositive denominator,NA,NA,NA,749,Denominator below story-scale threshold,464
1379416,"Vidette city, Georgia",181,0,0,0,0,0,0,0,0,116,14,14,14,14,14,14,14,14,0,0,Pass,0,0,Pass,NA,NA,TRUE,NA,NA,NA,0,14,NA,NA,NA,NA,NA,NA,NA,NA,NA,NA,NA,NA,NA,NA,Missing input or nonpositive denominator,NA,NA,NA,Missing input or nonpositive denominator,NA,NA,NA,Missing input or nonpositive denominator,NA,NA,NA,Missing input or nonpositive denominator,NA,NA,NA,Missing input or nonpositive denominator,NA,NA,NA,Missing input or nonpositive denominator,2024,2020-2024,ACS five-year,13,0,77.34806629834254,Denominator below story-scale threshold,16421,24.374180660465697,3,32038,Retained,NA,NA,NA,771,Missing input or nonpositive denominator,NA,NA,NA,48,Missing input or nonpositive denominator,NA,NA,NA,40,Missing input or nonpositive denominator,NA,NA,NA,154,Missing input or nonpositive denominator,NA,NA,NA,114,Missing input or nonpositive denominator,NA,NA,NA,593,Missing input or nonpositive denominator,NA,NA,NA,749,Denominator below story-scale threshold,464
1380368,"Waresboro CDP, Georgia",108,0,0,0,0,0,0,0,0,94,14,14,14,14,14,14,14,14,0,0,Pass,0,0,Pass,NA,NA,TRUE,NA,NA,NA,0,14,NA,NA,NA,NA,NA,NA,NA,NA,NA,NA,NA,NA,NA,NA,Missing input or nonpositive denominator,NA,NA,NA,Missing input or nonpositive denominator,NA,NA,NA,Missing input or nonpositive denominator,NA,NA,NA,Missing input or nonpositive denominator,NA,NA,NA,Missing input or nonpositive denominator,NA,NA,NA,Missing input or nonpositive denominator,2024,2020-2024,ACS five-year,13,0,129.62962962962962,Denominator below story-scale threshold,16421,24.374180660465697,3,32038,Retained,NA,NA,NA,771,Missing input or nonpositive denominator,NA,NA,NA,48,Missing input or nonpositive denominator,NA,NA,NA,40,Missing input or nonpositive denominator,NA,NA,NA,154,Missing input or nonpositive denominator,NA,NA,NA,114,Missing input or nonpositive denominator,NA,NA,NA,593,Missing input or nonpositive denominator,NA,NA,NA,749,Denominator below story-scale threshold,464
1380648,"Warthen CDP, Georgia",78,2,0,0,0,0,0,0,2,47,4,14,14,14,14,14,14,4,0,0,Pass,2,0,Pass,0,NA,TRUE,NA,NA,NA,0,14,700,NA,NA,NA,NA,NA,NA,NA,NA,NA,NA,0,100,NA,Unavailable MOE or zero percentage,NA,NA,NA,Missing input or nonpositive denominator,NA,NA,NA,Missing input or nonpositive denominator,NA,NA,NA,Missing input or nonpositive denominator,NA,NA,NA,Missing input or nonpositive denominator,NA,NA,NA,Missing input or nonpositive denominator,2024,2020-2024,ACS five-year,13,0,179.4871794871795,Denominator below story-scale threshold,16421,24.374180660465697,3,32038,Retained,NA,NA,NA,771,Unavailable MOE or zero percentage,NA,NA,NA,48,Missing input or nonpositive denominator,NA,NA,NA,40,Missing input or nonpositive denominator,NA,NA,NA,154,Missing input or nonpositive denominator,NA,NA,NA,114,Missing input or nonpositive denominator,NA,NA,NA,593,Missing input or nonpositive denominator,NA,NA,NA,749,Denominator below story-scale threshold,464
1380816,"Waverly CDP, Georgia",106,0,0,0,0,0,0,0,0,95,14,14,14,14,14,14,14,14,0,0,Pass,0,0,Pass,NA,NA,TRUE,NA,NA,NA,0,14,NA,NA,NA,NA,NA,NA,NA,NA,NA,NA,NA,NA,NA,NA,Missing input or nonpositive denominator,NA,NA,NA,Missing input or nonpositive denominator,NA,NA,NA,Missing input or nonpositive denominator,NA,NA,NA,Missing input or nonpositive denominator,NA,NA,NA,Missing input or nonpositive denominator,NA,NA,NA,Missing input or nonpositive denominator,2024,2020-2024,ACS five-year,13,0,132.0754716981132,Denominator below story-scale threshold,16421,24.374180660465697,3,32038,Retained,NA,NA,NA,771,Missing input or nonpositive denominator,NA,NA,NA,48,Missing input or nonpositive denominator,NA,NA,NA,40,Missing input or nonpositive denominator,NA,NA,NA,154,Missing input or nonpositive denominator,NA,NA,NA,114,Missing input or nonpositive denominator,NA,NA,NA,593,Missing input or nonpositive denominator,NA,NA,NA,749,Denominator below story-scale threshold,464
1381012,"Waynesville CDP, Georgia",906,109,0,0,0,0,0,0,109,505,118,14,14,14,14,14,14,118,0,0,Pass,109,0,Pass,0,NA,TRUE,NA,NA,NA,0,14,12.844036697247708,NA,NA,NA,NA,NA,NA,NA,NA,NA,NA,0,12.844036697247708,NA,Unavailable MOE or zero percentage,NA,NA,NA,Missing input or nonpositive denominator,NA,NA,NA,Missing input or nonpositive denominator,NA,NA,NA,Missing input or nonpositive denominator,NA,NA,NA,Missing input or nonpositive denominator,NA,NA,NA,Missing input or nonpositive denominator,2024,2020-2024,ACS five-year,13,0,15.45253863134658,Unavailable MOE or zero percentage,16421,24.374180660465697,3,32038,Retained,NA,NA,NA,771,Unavailable MOE or zero percentage,NA,NA,NA,48,Missing input or nonpositive denominator,NA,NA,NA,40,Missing input or nonpositive denominator,NA,NA,NA,154,Missing input or nonpositive denominator,NA,NA,NA,114,Missing input or nonpositive denominator,NA,NA,NA,593,Missing input or nonpositive denominator,NA,NA,NA,749,Unavailable MOE or zero percentage,464
1381208,"Wenona CDP, Georgia",286,0,0,0,0,0,0,0,0,173,14,14,14,14,14,14,14,14,0,0,Pass,0,0,Pass,NA,NA,TRUE,NA,NA,NA,0,14,NA,NA,NA,NA,NA,NA,NA,NA,NA,NA,NA,NA,NA,NA,Missing input or nonpositive denominator,NA,NA,NA,Missing input or nonpositive denominator,NA,NA,NA,Missing input or nonpositive denominator,NA,NA,NA,Missing input or nonpositive denominator,NA,NA,NA,Missing input or nonpositive denominator,NA,NA,NA,Missing input or nonpositive denominator,2024,2020-2024,ACS five-year,13,0,48.951048951048946,Denominator below story-scale threshold,16421,24.374180660465697,3,32038,Retained,NA,NA,NA,771,Missing input or nonpositive denominator,NA,NA,NA,48,Missing input or nonpositive denominator,NA,NA,NA,40,Missing input or nonpositive denominator,NA,NA,NA,154,Missing input or nonpositive denominator,NA,NA,NA,114,Missing input or nonpositive denominator,NA,NA,NA,593,Missing input or nonpositive denominator,NA,NA,NA,749,Denominator below story-scale threshold,464
1381488,"West Brow CDP, Georgia",1044,0,0,0,0,0,0,0,0,367,14,14,14,14,14,14,14,14,0,0,Pass,0,0,Pass,NA,NA,TRUE,NA,NA,NA,0,14,NA,NA,NA,NA,NA,NA,NA,NA,NA,NA,NA,NA,NA,NA,Missing input or nonpositive denominator,NA,NA,NA,Missing input or nonpositive denominator,NA,NA,NA,Missing input or nonpositive denominator,NA,NA,NA,Missing input or nonpositive denominator,NA,NA,NA,Missing input or nonpositive denominator,NA,NA,NA,Missing input or nonpositive denominator,2024,2020-2024,ACS five-year,13,0,13.409961685823754,Denominator below story-scale threshold,16421,24.374180660465697,3,32038,Retained,NA,NA,NA,771,Missing input or nonpositive denominator,NA,NA,NA,48,Missing input or nonpositive denominator,NA,NA,NA,40,Missing input or nonpositive denominator,NA,NA,NA,154,Missing input or nonpositive denominator,NA,NA,NA,114,Missing input or nonpositive denominator,NA,NA,NA,593,Missing input or nonpositive denominator,NA,NA,NA,749,Denominator below story-scale threshold,464
1382412,"Whigham city, Georgia",449,0,0,0,0,0,0,0,0,195,14,14,14,14,14,14,14,14,0,0,Pass,0,0,Pass,NA,NA,TRUE,NA,NA,NA,0,14,NA,NA,NA,NA,NA,NA,NA,NA,NA,NA,NA,NA,NA,NA,Missing input or nonpositive denominator,NA,NA,NA,Missing input or nonpositive denominator,NA,NA,NA,Missing input or nonpositive denominator,NA,NA,NA,Missing input or nonpositive denominator,NA,NA,NA,Missing input or nonpositive denominator,NA,NA,NA,Missing input or nonpositive denominator,2024,2020-2024,ACS five-year,13,0,31.180400890868597,Denominator below story-scale threshold,16421,24.374180660465697,3,32038,Retained,NA,NA,NA,771,Missing input or nonpositive denominator,NA,NA,NA,48,Missing input or nonpositive denominator,NA,NA,NA,40,Missing input or nonpositive denominator,NA,NA,NA,154,Missing input or nonpositive denominator,NA,NA,NA,114,Missing input or nonpositive denominator,NA,NA,NA,593,Missing input or nonpositive denominator,NA,NA,NA,749,Denominator below story-scale threshold,464
1382468,"White city, Georgia",953,56,0,0,0,0,0,0,56,437,48,14,14,14,14,14,14,48,0,0,Pass,56,0,Pass,0,NA,TRUE,NA,NA,NA,0,14,25,NA,NA,NA,NA,NA,NA,NA,NA,NA,NA,0,25,NA,Unavailable MOE or zero percentage,NA,NA,NA,Missing input or nonpositive denominator,NA,NA,NA,Missing input or nonpositive denominator,NA,NA,NA,Missing input or nonpositive denominator,NA,NA,NA,Missing input or nonpositive denominator,NA,NA,NA,Missing input or nonpositive denominator,2024,2020-2024,ACS five-year,13,0,14.690451206715633,Denominator below story-scale threshold,16421,24.374180660465697,3,32038,Retained,NA,NA,NA,771,Unavailable MOE or zero percentage,NA,NA,NA,48,Missing input or nonpositive denominator,NA,NA,NA,40,Missing input or nonpositive denominator,NA,NA,NA,154,Missing input or nonpositive denominator,NA,NA,NA,114,Missing input or nonpositive denominator,NA,NA,NA,593,Missing input or nonpositive denominator,NA,NA,NA,749,Denominator below story-scale threshold,464
1383084,"Williamson city, Georgia",681,3,0,0,0,0,0,0,3,185,5,14,14,14,14,14,14,5,0,0,Pass,3,0,Pass,0,NA,TRUE,NA,NA,NA,0,14,466.6666666666667,NA,NA,NA,NA,NA,NA,NA,NA,NA,NA,0,100,NA,Unavailable MOE or zero percentage,NA,NA,NA,Missing input or nonpositive denominator,NA,NA,NA,Missing input or nonpositive denominator,NA,NA,NA,Missing input or nonpositive denominator,NA,NA,NA,Missing input or nonpositive denominator,NA,NA,NA,Missing input or nonpositive denominator,2024,2020-2024,ACS five-year,13,0,20.558002936857562,Denominator below story-scale threshold,16421,24.374180660465697,3,32038,Retained,NA,NA,NA,771,Unavailable MOE or zero percentage,NA,NA,NA,48,Missing input or nonpositive denominator,NA,NA,NA,40,Missing input or nonpositive denominator,NA,NA,NA,154,Missing input or nonpositive denominator,NA,NA,NA,114,Missing input or nonpositive denominator,NA,NA,NA,593,Missing input or nonpositive denominator,NA,NA,NA,749,Denominator below story-scale threshold,464
1383168,"Wilmington Island CDP, Georgia",13905,21,0,0,0,0,0,0,21,1138,40,23,23,23,23,23,23,40,0,0,Pass,21,0,Pass,0,NA,TRUE,NA,NA,NA,0,23,109.52380952380953,NA,NA,NA,NA,NA,NA,NA,NA,NA,NA,0,100,NA,Unavailable MOE or zero percentage,NA,NA,NA,Missing input or nonpositive denominator,NA,NA,NA,Missing input or nonpositive denominator,NA,NA,NA,Missing input or nonpositive denominator,NA,NA,NA,Missing input or nonpositive denominator,NA,NA,NA,Missing input or nonpositive denominator,2024,2020-2024,ACS five-year,13,0,1.6540812657317514,Denominator below story-scale threshold,16421,24.374180660465697,3,32038,Retained,NA,NA,NA,771,Unavailable MOE or zero percentage,NA,NA,NA,48,Missing input or nonpositive denominator,NA,NA,NA,40,Missing input or nonpositive denominator,NA,NA,NA,154,Missing input or nonpositive denominator,NA,NA,NA,114,Missing input or nonpositive denominator,NA,NA,NA,593,Missing input or nonpositive denominator,NA,NA,NA,749,Denominator below story-scale threshold,464
1383952,"Woodland city, Georgia",272,1,0,0,0,0,0,0,1,125,4,14,14,14,14,14,14,4,0,0,Pass,1,0,Pass,0,NA,TRUE,NA,NA,NA,0,14,1400,NA,NA,NA,NA,NA,NA,NA,NA,NA,NA,0,100,NA,Unavailable MOE or zero percentage,NA,NA,NA,Missing input or nonpositive denominator,NA,NA,NA,Missing input or nonpositive denominator,NA,NA,NA,Missing input or nonpositive denominator,NA,NA,NA,Missing input or nonpositive denominator,NA,NA,NA,Missing input or nonpositive denominator,2024,2020-2024,ACS five-year,13,0,51.470588235294116,Denominator below story-scale threshold,16421,24.374180660465697,3,32038,Retained,NA,NA,NA,771,Unavailable MOE or zero percentage,NA,NA,NA,48,Missing input or nonpositive denominator,NA,NA,NA,40,Missing input or nonpositive denominator,NA,NA,NA,154,Missing input or nonpositive denominator,NA,NA,NA,114,Missing input or nonpositive denominator,NA,NA,NA,593,Missing input or nonpositive denominator,NA,NA,NA,749,Denominator below story-scale threshold,464
1384176,"Woodstock city, Georgia",37381,288,0,0,0,0,0,0,288,42,133,30,30,30,30,30,30,133,0,0,Pass,288,0,Pass,0,NA,TRUE,NA,NA,NA,0,30,10.416666666666668,NA,NA,NA,NA,NA,NA,NA,NA,NA,NA,0,10.416666666666668,NA,Unavailable MOE or zero percentage,NA,NA,NA,Missing input or nonpositive denominator,NA,NA,NA,Missing input or nonpositive denominator,NA,NA,NA,Missing input or nonpositive denominator,NA,NA,NA,Missing input or nonpositive denominator,NA,NA,NA,Missing input or nonpositive denominator,2024,2020-2024,ACS five-year,13,0,0.8025467483480914,Unavailable MOE or zero percentage,16421,24.374180660465697,3,32038,Retained,NA,NA,NA,771,Unavailable MOE or zero percentage,NA,NA,NA,48,Missing input or nonpositive denominator,NA,NA,NA,40,Missing input or nonpositive denominator,NA,NA,NA,154,Missing input or nonpositive denominator,NA,NA,NA,114,Missing input or nonpositive denominator,NA,NA,NA,593,Missing input or nonpositive denominator,NA,NA,NA,749,Unavailable MOE or zero percentage,464
1384260,"Woodville city, Georgia",241,1,0,0,0,0,0,0,1,161,3,14,14,14,14,14,14,3,0,0,Pass,1,0,Pass,0,NA,TRUE,NA,NA,NA,0,14,1400,NA,NA,NA,NA,NA,NA,NA,NA,NA,NA,0,100,NA,Unavailable MOE or zero percentage,NA,NA,NA,Missing input or nonpositive denominator,NA,NA,NA,Missing input or nonpositive denominator,NA,NA,NA,Missing input or nonpositive denominator,NA,NA,NA,Missing input or nonpositive denominator,NA,NA,NA,Missing input or nonpositive denominator,2024,2020-2024,ACS five-year,13,0,58.09128630705394,Denominator below story-scale threshold,16421,24.374180660465697,3,32038,Retained,NA,NA,NA,771,Unavailable MOE or zero percentage,NA,NA,NA,48,Missing input or nonpositive denominator,NA,NA,NA,40,Missing input or nonpositive denominator,NA,NA,NA,154,Missing input or nonpositive denominator,NA,NA,NA,114,Missing input or nonpositive denominator,NA,NA,NA,593,Missing input or nonpositive denominator,NA,NA,NA,749,Denominator below story-scale threshold,464
1384288,"Woolsey town, Georgia",235,0,0,0,0,0,0,0,0,95,14,14,14,14,14,14,14,14,0,0,Pass,0,0,Pass,NA,NA,TRUE,NA,NA,NA,0,14,NA,NA,NA,NA,NA,NA,NA,NA,NA,NA,NA,NA,NA,NA,Missing input or nonpositive denominator,NA,NA,NA,Missing input or nonpositive denominator,NA,NA,NA,Missing input or nonpositive denominator,NA,NA,NA,Missing input or nonpositive denominator,NA,NA,NA,Missing input or nonpositive denominator,NA,NA,NA,Missing input or nonpositive denominator,2024,2020-2024,ACS five-year,13,0,59.57446808510639,Denominator below story-scale threshold,16421,24.374180660465697,3,32038,Retained,NA,NA,NA,771,Missing input or nonpositive denominator,NA,NA,NA,48,Missing input or nonpositive denominator,NA,NA,NA,40,Missing input or nonpositive denominator,NA,NA,NA,154,Missing input or nonpositive denominator,NA,NA,NA,114,Missing input or nonpositive denominator,NA,NA,NA,593,Missing input or nonpositive denominator,NA,NA,NA,749,Denominator below story-scale threshold,464
1384708,"Yatesville town, Georgia",435,13,0,0,0,0,0,0,13,142,15,14,14,14,14,14,14,15,0,0,Pass,13,0,Pass,0,NA,TRUE,NA,NA,NA,0,14,107.6923076923077,NA,NA,NA,NA,NA,NA,NA,NA,NA,NA,0,100,NA,Unavailable MOE or zero percentage,NA,NA,NA,Missing input or nonpositive denominator,NA,NA,NA,Missing input or nonpositive denominator,NA,NA,NA,Missing input or nonpositive denominator,NA,NA,NA,Missing input or nonpositive denominator,NA,NA,NA,Missing input or nonpositive denominator,2024,2020-2024,ACS five-year,13,0,32.18390804597701,Denominator below story-scale threshold,16421,24.374180660465697,3,32038,Retained,NA,NA,NA,771,Unavailable MOE or zero percentage,NA,NA,NA,48,Missing input or nonpositive denominator,NA,NA,NA,40,Missing input or nonpositive denominator,NA,NA,NA,154,Missing input or nonpositive denominator,NA,NA,NA,114,Missing input or nonpositive denominator,NA,NA,NA,593,Missing input or nonpositive denominator,NA,NA,NA,749,Denominator below story-scale threshold,464
1384832,"Yonah CDP, Georgia",543,32,0,0,0,0,0,0,32,247,48,14,14,14,14,14,14,48,0,0,Pass,32,0,Pass,0,NA,TRUE,NA,NA,NA,0,14,43.75,NA,NA,NA,NA,NA,NA,NA,NA,NA,NA,0,43.75,NA,Unavailable MOE or zero percentage,NA,NA,NA,Missing input or nonpositive denominator,NA,NA,NA,Missing input or nonpositive denominator,NA,NA,NA,Missing input or nonpositive denominator,NA,NA,NA,Missing input or nonpositive denominator,NA,NA,NA,Missing input or nonpositive denominator,2024,2020-2024,ACS five-year,13,0,25.78268876611418,Denominator below story-scale threshold,16421,24.374180660465697,3,32038,Retained,NA,NA,NA,771,Unavailable MOE or zero percentage,NA,NA,NA,48,Missing input or nonpositive denominator,NA,NA,NA,40,Missing input or nonpositive denominator,NA,NA,NA,154,Missing input or nonpositive denominator,NA,NA,NA,114,Missing input or nonpositive denominator,NA,NA,NA,593,Missing input or nonpositive denominator,NA,NA,NA,749,Denominator below story-scale threshold,464
1384960,"Young Harris city, Georgia",1252,9,0,0,0,0,0,0,9,176,13,14,14,14,14,14,14,13,0,0,Pass,9,0,Pass,0,NA,TRUE,NA,NA,NA,0,14,155.55555555555557,NA,NA,NA,NA,NA,NA,NA,NA,NA,NA,0,100,NA,Unavailable MOE or zero percentage,NA,NA,NA,Missing input or nonpositive denominator,NA,NA,NA,Missing input or nonpositive denominator,NA,NA,NA,Missing input or nonpositive denominator,NA,NA,NA,Missing input or nonpositive denominator,NA,NA,NA,Missing input or nonpositive denominator,2024,2020-2024,ACS five-year,13,0,11.182108626198081,Denominator below story-scale threshold,16421,24.374180660465697,3,32038,Retained,NA,NA,NA,771,Unavailable MOE or zero percentage,NA,NA,NA,48,Missing input or nonpositive denominator,NA,NA,NA,40,Missing input or nonpositive denominator,NA,NA,NA,154,Missing input or nonpositive denominator,NA,NA,NA,114,Missing input or nonpositive denominator,NA,NA,NA,593,Missing input or nonpositive denominator,NA,NA,NA,749,Denominator below story-scale threshold,464
