geography_type,geoid,name,acs_period,source_variable,duration,estimate_grandparents_in_duration,moe_grandparents_in_duration,denominator_responsible_grandparents,denominator_moe,percent_of_responsible_grandparents,percent_moe,percent_ci90_lower,percent_ci90_upper,precision_disposition,duration_reconciliation_status
State/DC,38,North Dakota,2020-2024,B10050_004,Less than six months,328,132,3769,378,8.702573626956752,3.39175717428161,5.310816452675143,12.094330801238362,Retained,Pass
State/DC,21,Kentucky,2020-2024,B10050_004,Less than six months,3653,612,48988,2074,7.456928227320976,1.2087372908021676,6.248190936518808,8.665665518123143,Retained,Pass
State/DC,28,Mississippi,2020-2024,B10050_004,Less than six months,2577,444,36688,1822,7.024095071958134,1.1588413207390085,5.865253751219125,8.182936392697142,Retained,Pass
State/DC,22,Louisiana,2020-2024,B10050_004,Less than six months,3942,653,50347,2275,7.829662144715674,1.247812308353559,6.581849836362115,9.077474453069232,Retained,Pass
State/DC,54,West Virginia,2020-2024,B10050_004,Less than six months,1493,452,18349,1423,8.136683197994442,2.3811573710848646,5.755525826909578,10.517840569079306,Retained,Pass
State/DC,01,Alabama,2020-2024,B10050_004,Less than six months,3203,542,52977,2341,6.046019970930781,0.9875856649398744,5.058434305990907,7.033605635870655,Retained,Pass
State/DC,56,Wyoming,2020-2024,B10050_004,Less than six months,396,151,3627,518,10.918114143920596,3.8601793960042543,7.057934747916341,14.77829353992485,Retained,Pass
State/DC,30,Montana,2020-2024,B10050_004,Less than six months,489,131,7359,656,6.644924582144313,1.6786902376268529,4.96623434451746,8.323614819771166,Retained,Pass
State/DC,05,Arkansas,2020-2024,B10050_004,Less than six months,2986,433,31874,1664,9.3681370395934,1.267384416890749,8.10075262270265,10.635521456484147,Retained,Pass
State/DC,46,South Dakota,2020-2024,B10050_004,Less than six months,458,188,5865,536,7.809036658141517,3.1250010290293817,4.6840356291121354,10.9340376871709,Retained,Pass
State/DC,40,Oklahoma,2020-2024,B10050_004,Less than six months,2830,449,37439,1444,7.558962579128716,1.1633074428675243,6.395655136261191,8.722270021996241,Retained,Pass
State/DC,47,Tennessee,2020-2024,B10050_004,Less than six months,5248,844,68870,3229,7.62015391316974,1.1722622499749429,6.447891663194797,8.792416163144683,Retained,Pass
State/DC,35,New Mexico,2020-2024,B10050_004,Less than six months,1387,347,20650,1621,6.716707021791768,1.5955267873784749,5.121180234413293,8.312233809170243,Retained,Pass
State/DC,45,South Carolina,2020-2024,B10050_004,Less than six months,4070,854,47484,2479,8.571308230140678,1.7419424119375322,6.829365818203146,10.313250642078213,Retained,Pass
State/DC,29,Missouri,2020-2024,B10050_004,Less than six months,4405,945,42245,2090,10.427269499349036,2.176654970254896,8.25061452909414,12.603924469603932,Retained,Pass
State/DC,18,Indiana,2020-2024,B10050_004,Less than six months,3795,527,48111,2309,7.888008979235519,1.027885924515873,6.8601230547196455,8.915894903751392,Retained,Pass
State/DC,39,Ohio,2020-2024,B10050_004,Less than six months,5830,637,78003,2399,7.474071510070125,0.7836162406877145,6.690455269382411,8.257687750757839,Retained,Pass
State/DC,20,Kansas,2020-2024,B10050_004,Less than six months,1910,342,17439,1284,10.952462870577442,1.7876529135678707,9.16480995700957,12.740115784145312,Retained,Pass
State/DC,37,North Carolina,2020-2024,B10050_004,Less than six months,6435,831,77588,2759,8.293808320874362,1.029635957886473,7.264172362987889,9.323444278760835,Retained,Pass
State/DC,19,Iowa,2020-2024,B10050_004,Less than six months,1534,402,12823,869,11.96287920143492,3.0283530146749396,8.934526186759982,14.99123221610986,Retained,Pass
State/DC,02,Alaska,2020-2024,B10050_004,Less than six months,612,204,6195,579,9.878934624697337,3.1608867126280615,6.7180479120692755,13.039821337325398,Retained,Pass
State/DC,50,Vermont,2020-2024,B10050_004,Less than six months,150,63,2530,424,5.928853754940711,2.283293487964242,3.645560266976469,8.212147242904953,Retained,Pass
State/DC,13,Georgia,2020-2024,B10050_004,Less than six months,7617,957,89880,3211,8.474632843791722,1.0208013984746416,7.453831445317081,9.495434242266365,Retained,Pass
State/DC,10,Delaware,2020-2024,B10050_004,Less than six months,1293,352,8033,985,16.096103572762356,3.912263489007265,12.18384008375509,20.008367061769626,Retained,Pass
State/DC,55,Wisconsin,2020-2024,B10050_004,Less than six months,1830,361,21035,1567,8.699786070834325,1.5891125637764163,7.110673507057909,10.28889863461074,Retained,Pass
State/DC,51,Virginia,2020-2024,B10050_004,Less than six months,2989,562,56987,2457,5.2450558899398105,0.9599117633751209,4.28514412656469,6.204967653314931,Retained,Pass
State/DC,23,Maine,2020-2024,B10050_004,Less than six months,475,172,5742,808,8.272378962034134,2.760035587067523,5.512343374966611,11.032414549101656,Retained,Pass
State/DC,16,Idaho,2020-2024,B10050_004,Less than six months,786,313,10858,898,7.238902191932215,2.819812909061661,4.419089282870555,10.058715100993876,Retained,Pass
State/DC,42,Pennsylvania,2020-2024,B10050_004,Less than six months,5511,796,72511,2898,7.600226172580712,1.05490320915746,6.545322963423253,8.655129381738172,Retained,Pass
State/DC,11,District of Columbia,2020-2024,B10050_004,Less than six months,300,162,2984,674,10.05361930294906,4.93121725237439,5.122402050574671,14.98483655532345,Retained,Pass
State/DC,08,Colorado,2020-2024,B10050_004,Less than six months,2515,540,31034,1903,8.104014951343688,1.6675574620590303,6.436457489284657,9.771572413402716,Retained,Pass
State/DC,31,Nebraska,2020-2024,B10050_004,Less than six months,668,194,7846,748,8.513892429263318,2.335577931898627,6.178314497364692,10.849470361161943,Retained,Pass
State/DC,48,Texas,2020-2024,B10050_004,Less than six months,22211,1331,235377,4783,9.436351045344278,0.5319717768410309,8.904379268503247,9.968322822185309,Retained,Pass
State/DC,26,Michigan,2020-2024,B10050_004,Less than six months,4822,509,50342,2123,9.578483175082436,0.9268895017275728,8.651593673354864,10.505372676810008,Retained,Pass
State/DC,04,Arizona,2020-2024,B10050_004,Less than six months,3797,628,47546,2431,7.9859504479872125,1.2561285146035546,6.729821933383658,9.242078962590767,Retained,Pass
State/DC,27,Minnesota,2020-2024,B10050_004,Less than six months,1604,299,18407,1195,8.71407616667572,1.5226854276994517,7.191390738976269,10.236761594375173,Retained,Pass
State/DC,17,Illinois,2020-2024,B10050_004,Less than six months,5523,802,65182,2235,8.473198122180971,1.1956072085770952,7.277590913603876,9.668805330758069,Retained,Pass
State/DC,12,Florida,2020-2024,B10050_004,Less than six months,11326,1225,132601,3865,8.541413714828696,0.8896454747800826,7.6517682400486144,9.431059189608778,Retained,Pass
State/DC,53,Washington,2020-2024,B10050_004,Less than six months,3007,432,38725,1990,7.765009683666882,1.0417519132986557,6.723257770368226,8.806761596965538,Retained,Pass
State/DC,41,Oregon,2020-2024,B10050_004,Less than six months,1658,462,18763,1300,8.836539998934072,2.384962320009664,6.451577678924408,11.221502318943736,Retained,Pass
State/DC,32,Nevada,2020-2024,B10050_004,Less than six months,2908,678,20958,1323,13.875369787193431,3.114208182217325,10.761161604976108,16.989577969410757,Retained,Pass
State/DC,24,Maryland,2020-2024,B10050_004,Less than six months,3536,745,37200,1948,9.50537634408602,1.939845411145912,7.565530932940108,11.445221755231932,Retained,Pass
State/DC,09,Connecticut,2020-2024,B10050_004,Less than six months,1629,411,15662,1281,10.400970501851615,2.482471245802032,7.918499256049584,12.883441747653649,Retained,Pass
State/DC,33,New Hampshire,2020-2024,B10050_004,Less than six months,816,238,5647,677,14.450150522401277,3.8421271475057335,10.60802337489554,18.29227766990701,Retained,Pass
State/DC,44,Rhode Island,2020-2024,B10050_004,Less than six months,563,343,5226,947,10.77305778798316,6.266290220217494,4.506767567765667,17.039348008200655,Percentage MOE exceeds 50% of estimate,Pass
State/DC,36,New York,2020-2024,B10050_004,Less than six months,8092,753,97966,2848,8.260008574403365,0.7301617507929854,7.529846823610379,8.99017032519635,Retained,Pass
State/DC,49,Utah,2020-2024,B10050_004,Less than six months,1495,350,14948,1218,10.001337971635,2.195056441708523,7.806281529926478,12.196394413343524,Retained,Pass
State/DC,25,Massachusetts,2020-2024,B10050_004,Less than six months,2488,570,27413,1923,9.075985846131395,1.97943386395742,7.0965519821739775,11.055419710088817,Retained,Pass
State/DC,34,New Jersey,2020-2024,B10050_004,Less than six months,3207,484,40539,2258,7.9109006142233405,1.1096254650189763,6.801275149204364,9.020526079242316,Retained,Pass
State/DC,15,Hawaii,2020-2024,B10050_004,Less than six months,941,238,10432,892,9.020322085889571,2.1471105254322995,6.873211560457271,11.167432611321871,Retained,Pass
State/DC,06,California,2020-2024,B10050_004,Less than six months,18624,1223,209799,4504,8.877068050848669,0.550907593066113,8.326160457782557,9.42797564391478,Retained,Pass
United States,1,United States,2020-2024,B10050_004,Less than six months,179962,4159,2118863,17781,8.493328733382008,0.1828869212518262,8.31044181213018,8.676215654633834,Retained,Pass
Georgia county,13251,"Screven County, Georgia",2020-2024,B10050_004,Less than six months,0,23,242,111,0,9.50413223140496,0,9.50413223140496,Unavailable MOE or zero percentage,Pass
Georgia county,13303,"Washington County, Georgia",2020-2024,B10050_004,Less than six months,5,8,588,215,0.8503401360544218,1.3245403080970295,0,2.1748804441514515,Percentage MOE exceeds 50% of estimate,Pass
Georgia county,13131,"Grady County, Georgia",2020-2024,B10050_004,Less than six months,17,30,496,196,3.4274193548387095,5.89479702194788,0,9.322216376786589,Percentage MOE exceeds 50% of estimate,Pass
Georgia county,13033,"Burke County, Georgia",2020-2024,B10050_004,Less than six months,2,4,500,219,0.4,0.7805798870070891,0,1.1805798870070892,Percentage MOE exceeds 50% of estimate,Pass
Georgia county,13191,"McIntosh County, Georgia",2020-2024,B10050_004,Less than six months,0,23,312,151,0,7.371794871794872,0,7.371794871794872,Unavailable MOE or zero percentage,Pass
Georgia county,13145,"Harris County, Georgia",2020-2024,B10050_004,Less than six months,36,54,480,214,7.5,10.74159373359,0,18.24159373359,Percentage MOE exceeds 50% of estimate,Pass
Georgia county,13263,"Talbot County, Georgia",2020-2024,B10050_004,Less than six months,0,20,160,77,0,12.5,0,12.5,Unavailable MOE or zero percentage,Pass
Georgia county,13177,"Lee County, Georgia",2020-2024,B10050_004,Less than six months,169,153,616,308,27.435064935064936,20.706008147441715,6.729056787623222,48.14107308250665,Percentage MOE exceeds 50% of estimate,Pass
Georgia county,13267,"Tattnall County, Georgia",2020-2024,B10050_004,Less than six months,72,87,352,176,20.454545454545457,22.50064565189333,0,42.95519110643879,Percentage MOE exceeds 50% of estimate,Pass
Georgia county,13195,"Madison County, Georgia",2020-2024,B10050_004,Less than six months,48,75,482,231,9.95850622406639,14.810152731519976,0,24.768658955586368,Percentage MOE exceeds 50% of estimate,Pass
Georgia county,13209,"Montgomery County, Georgia",2020-2024,B10050_004,Less than six months,0,20,195,80,0,10.256410256410255,0,10.256410256410255,Unavailable MOE or zero percentage,Pass
Georgia county,13103,"Effingham County, Georgia",2020-2024,B10050_004,Less than six months,6,11,772,368,0.7772020725388601,1.3758635850864838,0,2.1530656576253437,Percentage MOE exceeds 50% of estimate,Pass
Georgia county,13031,"Bulloch County, Georgia",2020-2024,B10050_004,Less than six months,69,87,1046,351,6.596558317399618,8.01743436389165,0,14.613992681291268,Percentage MOE exceeds 50% of estimate,Pass
Georgia county,13291,"Union County, Georgia",2020-2024,B10050_004,Less than six months,146,129,379,187,38.52242744063325,28.2354933266716,10.286934113961642,66.75792076730485,Percentage MOE exceeds 50% of estimate,Pass
Georgia county,13279,"Toombs County, Georgia",2020-2024,B10050_004,Less than six months,0,27,494,235,0,5.465587044534413,0,5.465587044534413,Unavailable MOE or zero percentage,Pass
Georgia county,13095,"Dougherty County, Georgia",2020-2024,B10050_004,Less than six months,43,39,855,221,5.029239766081871,4.3722439958198125,0.6569957702620588,9.401483761901684,Percentage MOE exceeds 50% of estimate,Pass
Georgia county,13299,"Ware County, Georgia",2020-2024,B10050_004,Less than six months,15,22,384,186,3.90625,5.407711782040769,0,9.313961782040767,Percentage MOE exceeds 50% of estimate,Pass
Georgia county,13069,"Coffee County, Georgia",2020-2024,B10050_004,Less than six months,2,3,613,278,0.3262642740619902,0.46649300723641274,0,0.792757281298403,Percentage MOE exceeds 50% of estimate,Pass
Georgia county,13127,"Glynn County, Georgia",2020-2024,B10050_004,Less than six months,213,189,838,259,25.41766109785203,21.141322062767596,4.276339035084433,46.558983160619626,Percentage MOE exceeds 50% of estimate,Pass
Georgia county,13001,"Appling County, Georgia",2020-2024,B10050_004,Less than six months,33,56,250,124,13.2,21.42181533297307,0,34.62181533297307,Percentage MOE exceeds 50% of estimate,Pass
Georgia county,13055,"Chattooga County, Georgia",2020-2024,B10050_004,Less than six months,56,62,463,175,12.095032397408207,12.586415021988778,0,24.681447419396985,Percentage MOE exceeds 50% of estimate,Pass
Georgia county,13285,"Troup County, Georgia",2020-2024,B10050_004,Less than six months,104,180,784,305,13.26530612244898,22.37168339002462,0,35.636989512473605,Percentage MOE exceeds 50% of estimate,Pass
Georgia county,13199,"Meriwether County, Georgia",2020-2024,B10050_004,Less than six months,60,56,393,187,15.267175572519085,12.258503885195266,3.008671687323819,27.52567945771435,Percentage MOE exceeds 50% of estimate,Pass
Georgia county,13295,"Walker County, Georgia",2020-2024,B10050_004,Less than six months,78,88,1090,346,7.155963302752294,7.747249090169525,0,14.90321239292182,Percentage MOE exceeds 50% of estimate,Pass
Georgia county,13017,"Ben Hill County, Georgia",2020-2024,B10050_004,Less than six months,0,23,184,92,0,12.5,0,12.5,Unavailable MOE or zero percentage,Pass
Georgia county,13213,"Murray County, Georgia",2020-2024,B10050_004,Less than six months,16,23,642,272,2.4922118380062304,3.423418231372155,0,5.915630069378386,Percentage MOE exceeds 50% of estimate,Pass
Georgia county,13179,"Liberty County, Georgia",2020-2024,B10050_004,Less than six months,49,51,679,222,7.216494845360824,7.130836918563201,0.08565792679762296,14.347331763924023,Percentage MOE exceeds 50% of estimate,Pass
Georgia county,13047,"Catoosa County, Georgia",2020-2024,B10050_004,Less than six months,71,86,798,370,8.897243107769423,9.956127970139748,0,18.853371077909173,Percentage MOE exceeds 50% of estimate,Pass
Georgia county,13215,"Muscogee County, Georgia",2020-2024,B10050_004,Less than six months,90,80,2052,420,4.385964912280701,3.793872894927994,0.5920920173527073,8.179837807208695,Percentage MOE exceeds 50% of estimate,Pass
Georgia county,13077,"Coweta County, Georgia",2020-2024,B10050_004,Less than six months,204,132,1744,527,11.69724770642202,6.692758257036026,5.004489449385993,18.390005963458044,Percentage MOE exceeds 50% of estimate,Pass
Georgia county,13233,"Polk County, Georgia",2020-2024,B10050_004,Less than six months,0,30,648,245,0,4.62962962962963,0,4.62962962962963,Unavailable MOE or zero percentage,Pass
Georgia county,13137,"Habersham County, Georgia",2020-2024,B10050_004,Less than six months,12,18,525,200,2.2857142857142856,3.316157330412435,0,5.60187161612672,Percentage MOE exceeds 50% of estimate,Pass
Georgia county,13051,"Chatham County, Georgia",2020-2024,B10050_004,Less than six months,219,144,2176,440,10.064338235294118,6.2969634928505105,3.7673747424436073,16.36130172814463,Percentage MOE exceeds 50% of estimate,Pass
Georgia county,13255,"Spalding County, Georgia",2020-2024,B10050_004,Less than six months,35,46,957,279,3.657262277951933,4.686940597142808,0,8.34420287509474,Percentage MOE exceeds 50% of estimate,Pass
Georgia county,13261,"Sumter County, Georgia",2020-2024,B10050_004,Less than six months,0,27,272,133,0,9.926470588235292,0,9.926470588235292,Unavailable MOE or zero percentage,Pass
Georgia county,13313,"Whitfield County, Georgia",2020-2024,B10050_004,Less than six months,84,99,906,287,9.271523178807946,10.52504894873997,0,19.79657212754792,Percentage MOE exceeds 50% of estimate,Pass
Georgia county,13129,"Gordon County, Georgia",2020-2024,B10050_004,Less than six months,51,77,520,192,9.807692307692308,14.35806132221897,0,24.16575362991128,Percentage MOE exceeds 50% of estimate,Pass
Georgia county,13021,"Bibb County, Georgia",2020-2024,B10050_004,Less than six months,0,34,1048,315,0,3.2442748091603053,0,3.2442748091603053,Unavailable MOE or zero percentage,Pass
Georgia county,13277,"Tift County, Georgia",2020-2024,B10050_004,Less than six months,36,35,296,147,12.162162162162163,10.165290648394931,1.9968715137672304,22.327452810557094,Percentage MOE exceeds 50% of estimate,Pass
Georgia county,13071,"Colquitt County, Georgia",2020-2024,B10050_004,Less than six months,72,62,469,159,15.35181236673774,12.151988245505576,3.199824121232165,27.503800612243317,Percentage MOE exceeds 50% of estimate,Pass
Georgia county,13245,"Richmond County, Georgia",2020-2024,B10050_004,Less than six months,202,139,2037,515,9.916543937162494,6.3464962507669265,3.5700476863955677,16.26304018792942,Percentage MOE exceeds 50% of estimate,Pass
Georgia county,13029,"Bryan County, Georgia",2020-2024,B10050_004,Less than six months,11,18,318,144,3.459119496855346,5.439327394932809,0,8.898446891788154,Percentage MOE exceeds 50% of estimate,Pass
Georgia county,13035,"Butts County, Georgia",2020-2024,B10050_004,Less than six months,0,27,254,126,0,10.62992125984252,0,10.62992125984252,Unavailable MOE or zero percentage,Pass
Georgia county,13187,"Lumpkin County, Georgia",2020-2024,B10050_004,Less than six months,1,3,293,122,0.3412969283276451,1.013980814451062,0,1.355277742778707,Percentage MOE exceeds 50% of estimate,Pass
Georgia county,13257,"Stephens County, Georgia",2020-2024,B10050_004,Less than six months,28,32,272,127,10.294117647058822,10.738081507085765,0,21.032199154144585,Percentage MOE exceeds 50% of estimate,Pass
Georgia county,13063,"Clayton County, Georgia",2020-2024,B10050_004,Less than six months,575,279,3318,626,17.329716696805306,7.746991058666423,9.582725638138882,25.07670775547173,Retained,Pass
Georgia county,13115,"Floyd County, Georgia",2020-2024,B10050_004,Less than six months,34,37,973,328,3.494347379239465,3.6156255106337807,0,7.109972889873246,Percentage MOE exceeds 50% of estimate,Pass
Georgia county,13297,"Walton County, Georgia",2020-2024,B10050_004,Less than six months,27,45,1033,328,2.6137463697967087,4.2764578582994695,0,6.890204228096178,Percentage MOE exceeds 50% of estimate,Pass
Georgia county,13149,"Heard County, Georgia",2020-2024,B10050_004,Less than six months,0,23,230,115,0,10,0,10,Unavailable MOE or zero percentage,Pass
Georgia county,13107,"Emanuel County, Georgia",2020-2024,B10050_004,Less than six months,0,27,193,91,0,13.989637305699482,0,13.989637305699482,Unavailable MOE or zero percentage,Pass
Georgia county,13275,"Thomas County, Georgia",2020-2024,B10050_004,Less than six months,34,28,467,152,7.28051391862955,5.507564614462573,1.7729493041669775,12.788078533092122,Percentage MOE exceeds 50% of estimate,Pass
Georgia county,13175,"Laurens County, Georgia",2020-2024,B10050_004,Less than six months,13,19,364,165,3.571428571428571,4.962379867122156,0,8.533808438550727,Percentage MOE exceeds 50% of estimate,Pass
Georgia county,13185,"Lowndes County, Georgia",2020-2024,B10050_004,Less than six months,23,38,664,210,3.463855421686747,5.617061101792904,0,9.080916523479653,Percentage MOE exceeds 50% of estimate,Pass
Georgia county,13207,"Monroe County, Georgia",2020-2024,B10050_004,Less than six months,21,27,293,120,7.167235494880546,8.734989713947451,0,15.902225208827996,Percentage MOE exceeds 50% of estimate,Pass
Georgia county,13153,"Houston County, Georgia",2020-2024,B10050_004,Less than six months,218,158,1344,372,16.220238095238095,10.864922230856685,5.35531586438141,27.08516032609478,Percentage MOE exceeds 50% of estimate,Pass
Georgia county,13157,"Jackson County, Georgia",2020-2024,B10050_004,Less than six months,19,25,741,236,2.564102564102564,3.2734934461780267,0,5.83759601028059,Percentage MOE exceeds 50% of estimate,Pass
Georgia county,13089,"DeKalb County, Georgia",2020-2024,B10050_004,Less than six months,683,306,5526,731,12.359753890698515,5.290581065620827,7.069172825077688,17.65033495631934,Retained,Pass
Georgia county,13015,"Bartow County, Georgia",2020-2024,B10050_004,Less than six months,90,72,1447,485,6.219765031098825,4.518037049178275,1.7017279819205493,10.7378020802771,Percentage MOE exceeds 50% of estimate,Pass
Georgia county,13121,"Fulton County, Georgia",2020-2024,B10050_004,Less than six months,505,215,5388,924,9.37268002969562,3.6523057960449057,5.720374233650714,13.024985825740524,Retained,Pass
Georgia county,13247,"Rockdale County, Georgia",2020-2024,B10050_004,Less than six months,51,54,926,335,5.50755939524838,5.4805860741149095,0.02697332113347084,10.988145469363287,Percentage MOE exceeds 50% of estimate,Pass
Georgia county,13045,"Carroll County, Georgia",2020-2024,B10050_004,Less than six months,230,192,1097,294,20.96627164995442,16.575771129810207,4.390500520144215,37.54204277976463,Percentage MOE exceeds 50% of estimate,Pass
Georgia county,13217,"Newton County, Georgia",2020-2024,B10050_004,Less than six months,109,78,923,326,11.80931744312026,7.349634028720063,4.459683414400198,19.158951471840325,Percentage MOE exceeds 50% of estimate,Pass
Georgia county,13223,"Paulding County, Georgia",2020-2024,B10050_004,Less than six months,232,165,1575,513,14.73015873015873,9.312972678680072,5.417186051478657,24.043131408838804,Percentage MOE exceeds 50% of estimate,Pass
Georgia county,13151,"Henry County, Georgia",2020-2024,B10050_004,Less than six months,229,114,2267,659,10.101455668284077,4.0822781383406,6.019177529943477,14.183733806624677,Retained,Pass
Georgia county,13139,"Hall County, Georgia",2020-2024,B10050_004,Less than six months,117,97,1680,422,6.964285714285714,5.502418391340223,1.4618673229454917,12.466704105625936,Percentage MOE exceeds 50% of estimate,Pass
Georgia county,13097,"Douglas County, Georgia",2020-2024,B10050_004,Less than six months,209,133,1495,395,13.979933110367892,8.093277953803982,5.88665515656391,22.073211064171872,Percentage MOE exceeds 50% of estimate,Pass
Georgia county,13067,"Cobb County, Georgia",2020-2024,B10050_004,Less than six months,124,86,3775,755,3.28476821192053,2.18136648022859,1.1034017316919402,5.4661346921491205,Percentage MOE exceeds 50% of estimate,Pass
Georgia county,13135,"Gwinnett County, Georgia",2020-2024,B10050_004,Less than six months,344,142,6214,1006,5.535886707434825,2.1020847127668123,3.4338019946680127,7.637971420201637,Retained,Pass
Georgia county,13073,"Columbia County, Georgia",2020-2024,B10050_004,Less than six months,93,93,962,348,9.667359667359667,9.012652739466718,0.6547069278929492,18.680012406826386,Percentage MOE exceeds 50% of estimate,Pass
Georgia county,13057,"Cherokee County, Georgia",2020-2024,B10050_004,Less than six months,96,105,995,301,9.64824120603015,10.14110111342828,0,19.78934231945843,Percentage MOE exceeds 50% of estimate,Pass
Georgia county,13113,"Fayette County, Georgia",2020-2024,B10050_004,Less than six months,68,45,553,226,12.296564195298371,6.400278890743916,5.896285304554455,18.69684308604229,Percentage MOE exceeds 50% of estimate,Pass
Georgia county,13117,"Forsyth County, Georgia",2020-2024,B10050_004,Less than six months,37,37,983,260,3.7639877924720246,3.6299396223344744,0.13404817013755022,7.393927414806499,Percentage MOE exceeds 50% of estimate,Pass
Georgia county,13013,"Barrow County, Georgia",2020-2024,B10050_004,Less than six months,6,11,385,144,1.5584415584415583,2.797051245249891,0,4.355492803691449,Percentage MOE exceeds 50% of estimate,Pass
Georgia county,13003,"Atkinson County, Georgia",2020-2024,B10050_004,Less than six months,0,20,94,64,0,21.27659574468085,0,21.27659574468085,Unavailable MOE or zero percentage,Pass
Georgia county,13005,"Bacon County, Georgia",2020-2024,B10050_004,Less than six months,0,23,35,29,0,65.71428571428571,0,65.71428571428571,Unavailable MOE or zero percentage,Pass
Georgia county,13007,"Baker County, Georgia",2020-2024,B10050_004,Less than six months,9,14,27,27,33.33333333333333,39.71779738801336,0,73.05113072134668,Percentage MOE exceeds 50% of estimate,Pass
Georgia county,13009,"Baldwin County, Georgia",2020-2024,B10050_004,Less than six months,3,33,298,161,1.006711409395973,11.060460665793563,0,12.067172075189536,Percentage MOE exceeds 50% of estimate,Pass
Georgia county,13011,"Banks County, Georgia",2020-2024,B10050_004,Less than six months,0,23,233,127,0,9.871244635193133,0,9.871244635193133,Unavailable MOE or zero percentage,Pass
Georgia county,13019,"Berrien County, Georgia",2020-2024,B10050_004,Less than six months,2,5,300,168,0.6666666666666667,1.6243152403397565,0,2.2909819070064232,Percentage MOE exceeds 50% of estimate,Pass
Georgia county,13023,"Bleckley County, Georgia",2020-2024,B10050_004,Less than six months,0,23,205,145,0,11.219512195121952,0,11.219512195121952,Unavailable MOE or zero percentage,Pass
Georgia county,13025,"Brantley County, Georgia",2020-2024,B10050_004,Less than six months,0,23,491,255,0,4.684317718940937,0,4.684317718940937,Unavailable MOE or zero percentage,Pass
Georgia county,13027,"Brooks County, Georgia",2020-2024,B10050_004,Less than six months,0,23,227,124,0,10.13215859030837,0,10.13215859030837,Unavailable MOE or zero percentage,Pass
Georgia county,13037,"Calhoun County, Georgia",2020-2024,B10050_004,Less than six months,0,20,8,12,0,250,0,100,Unavailable MOE or zero percentage,Pass
Georgia county,13039,"Camden County, Georgia",2020-2024,B10050_004,Less than six months,54,74,312,170,17.307692307692307,21.76251969217978,0,39.070211999872086,Percentage MOE exceeds 50% of estimate,Pass
Georgia county,13043,"Candler County, Georgia",2020-2024,B10050_004,Less than six months,16,22,117,71,13.675213675213676,16.8730919938313,0,30.548305669044975,Percentage MOE exceeds 50% of estimate,Pass
Georgia county,13049,"Charlton County, Georgia",2020-2024,B10050_004,Less than six months,41,47,137,87,29.927007299270077,28.561521088087616,1.3654862111824606,58.48852838735769,Percentage MOE exceeds 50% of estimate,Pass
Georgia county,13053,"Chattahoochee County, Georgia",2020-2024,B10050_004,Less than six months,0,20,87,45,0,22.988505747126435,0,22.988505747126435,Unavailable MOE or zero percentage,Pass
Georgia county,13059,"Clarke County, Georgia",2020-2024,B10050_004,Less than six months,0,34,269,136,0,12.639405204460964,0,12.639405204460964,Unavailable MOE or zero percentage,Pass
Georgia county,13061,"Clay County, Georgia",2020-2024,B10050_004,Less than six months,21,24,36,29,58.333333333333336,47.289689458495424,11.043643874837912,100,Percentage MOE exceeds 50% of estimate,Pass
Georgia county,13065,"Clinch County, Georgia",2020-2024,B10050_004,Less than six months,0,20,46,52,0,43.47826086956522,0,43.47826086956522,Unavailable MOE or zero percentage,Pass
Georgia county,13075,"Cook County, Georgia",2020-2024,B10050_004,Less than six months,26,45,191,127,13.612565445026178,21.75218775824304,0,35.36475320326922,Percentage MOE exceeds 50% of estimate,Pass
Georgia county,13079,"Crawford County, Georgia",2020-2024,B10050_004,Less than six months,0,23,115,109,0,20,0,20,Unavailable MOE or zero percentage,Pass
Georgia county,13081,"Crisp County, Georgia",2020-2024,B10050_004,Less than six months,10,22,252,200,3.968253968253968,8.142290909929947,0,12.110544878183916,Percentage MOE exceeds 50% of estimate,Pass
Georgia county,13083,"Dade County, Georgia",2020-2024,B10050_004,Less than six months,0,23,242,186,0,9.50413223140496,0,9.50413223140496,Unavailable MOE or zero percentage,Pass
Georgia county,13085,"Dawson County, Georgia",2020-2024,B10050_004,Less than six months,91,102,175,134,52,42.56547455966861,9.434525440331392,94.56547455966862,Percentage MOE exceeds 50% of estimate,Pass
Georgia county,13087,"Decatur County, Georgia",2020-2024,B10050_004,Less than six months,9,15,259,157,3.474903474903475,5.394866249269624,0,8.8697697241731,Percentage MOE exceeds 50% of estimate,Pass
Georgia county,13091,"Dodge County, Georgia",2020-2024,B10050_004,Less than six months,0,23,179,94,0,12.849162011173185,0,12.849162011173185,Unavailable MOE or zero percentage,Pass
Georgia county,13093,"Dooly County, Georgia",2020-2024,B10050_004,Less than six months,0,23,57,56,0,40.35087719298245,0,40.35087719298245,Unavailable MOE or zero percentage,Pass
Georgia county,13099,"Early County, Georgia",2020-2024,B10050_004,Less than six months,17,24,111,73,15.315315315315312,19.13229248703237,0,34.447607802347676,Percentage MOE exceeds 50% of estimate,Pass
Georgia county,13101,"Echols County, Georgia",2020-2024,B10050_004,Less than six months,0,14,162,148,0,8.641975308641975,0,8.641975308641975,Unavailable MOE or zero percentage,Pass
Georgia county,13105,"Elbert County, Georgia",2020-2024,B10050_004,Less than six months,15,21,162,119,9.25925925925926,11.035273591706444,0,20.2945328509657,Percentage MOE exceeds 50% of estimate,Pass
Georgia county,13109,"Evans County, Georgia",2020-2024,B10050_004,Less than six months,10,16,22,23,45.45454545454545,55.054908605376355,0,100,Percentage MOE exceeds 50% of estimate,Pass
Georgia county,13111,"Fannin County, Georgia",2020-2024,B10050_004,Less than six months,9,16,220,148,4.090909090909091,6.731916077780036,0,10.822825168689128,Percentage MOE exceeds 50% of estimate,Pass
Georgia county,13119,"Franklin County, Georgia",2020-2024,B10050_004,Less than six months,3,6,301,198,0.9966777408637874,1.882452123515444,0,2.8791298643792316,Percentage MOE exceeds 50% of estimate,Pass
Georgia county,13123,"Gilmer County, Georgia",2020-2024,B10050_004,Less than six months,0,30,351,208,0,8.547008547008547,0,8.547008547008547,Unavailable MOE or zero percentage,Pass
Georgia county,13125,"Glascock County, Georgia",2020-2024,B10050_004,Less than six months,0,14,69,49,0,20.28985507246377,0,20.28985507246377,Unavailable MOE or zero percentage,Pass
Georgia county,13133,"Greene County, Georgia",2020-2024,B10050_004,Less than six months,9,12,171,119,5.263157894736842,5.985883704980936,0,11.249041599717778,Percentage MOE exceeds 50% of estimate,Pass
Georgia county,13141,"Hancock County, Georgia",2020-2024,B10050_004,Less than six months,13,23,140,108,9.285714285714286,14.784640318173992,0,24.070354603888276,Percentage MOE exceeds 50% of estimate,Pass
Georgia county,13143,"Haralson County, Georgia",2020-2024,B10050_004,Less than six months,0,30,288,160,0,10.416666666666668,0,10.416666666666668,Unavailable MOE or zero percentage,Pass
Georgia county,13147,"Hart County, Georgia",2020-2024,B10050_004,Less than six months,35,53,165,112,21.21212121212121,28.713317119880656,0,49.92543833200187,Percentage MOE exceeds 50% of estimate,Pass
Georgia county,13155,"Irwin County, Georgia",2020-2024,B10050_004,Less than six months,22,31,93,89,23.655913978494624,24.466537396280664,0,48.12245137477529,Percentage MOE exceeds 50% of estimate,Pass
Georgia county,13159,"Jasper County, Georgia",2020-2024,B10050_004,Less than six months,0,23,113,76,0,20.35398230088496,0,20.35398230088496,Unavailable MOE or zero percentage,Pass
Georgia county,13161,"Jeff Davis County, Georgia",2020-2024,B10050_004,Less than six months,0,23,144,120,0,15.97222222222222,0,15.97222222222222,Unavailable MOE or zero percentage,Pass
Georgia county,13163,"Jefferson County, Georgia",2020-2024,B10050_004,Less than six months,18,24,306,169,5.88235294117647,7.138656898474233,0,13.021009839650702,Percentage MOE exceeds 50% of estimate,Pass
Georgia county,13165,"Jenkins County, Georgia",2020-2024,B10050_004,Less than six months,0,20,102,81,0,19.607843137254903,0,19.607843137254903,Unavailable MOE or zero percentage,Pass
Georgia county,13167,"Johnson County, Georgia",2020-2024,B10050_004,Less than six months,7,8,65,42,10.76923076923077,10.151721822992863,0.6175089462379049,20.920952592223635,Percentage MOE exceeds 50% of estimate,Pass
Georgia county,13169,"Jones County, Georgia",2020-2024,B10050_004,Less than six months,0,27,281,154,0,9.608540925266905,0,9.608540925266905,Unavailable MOE or zero percentage,Pass
Georgia county,13171,"Lamar County, Georgia",2020-2024,B10050_004,Less than six months,0,23,135,95,0,17.037037037037038,0,17.037037037037038,Unavailable MOE or zero percentage,Pass
Georgia county,13173,"Lanier County, Georgia",2020-2024,B10050_004,Less than six months,9,22,223,158,4.0358744394618835,9.44196926307027,0,13.477843702532152,Percentage MOE exceeds 50% of estimate,Pass
Georgia county,13181,"Lincoln County, Georgia",2020-2024,B10050_004,Less than six months,0,20,109,86,0,18.34862385321101,0,18.34862385321101,Unavailable MOE or zero percentage,Pass
Georgia county,13183,"Long County, Georgia",2020-2024,B10050_004,Less than six months,0,23,330,230,0,6.969696969696971,0,6.969696969696971,Unavailable MOE or zero percentage,Pass
Georgia county,13189,"McDuffie County, Georgia",2020-2024,B10050_004,Less than six months,19,30,232,177,8.189655172413794,11.321323826440926,0,19.51097899885472,Percentage MOE exceeds 50% of estimate,Pass
Georgia county,13193,"Macon County, Georgia",2020-2024,B10050_004,Less than six months,36,52,242,122,14.87603305785124,20.136404333091605,0,35.01243739094284,Percentage MOE exceeds 50% of estimate,Pass
Georgia county,13197,"Marion County, Georgia",2020-2024,B10050_004,Less than six months,5,9,85,85,5.88235294117647,8.803899733585745,0,14.686252674762216,Percentage MOE exceeds 50% of estimate,Pass
Georgia county,13201,"Miller County, Georgia",2020-2024,B10050_004,Less than six months,9,13,32,29,28.125,31.634445528899324,0,59.75944552889932,Percentage MOE exceeds 50% of estimate,Pass
Georgia county,13205,"Mitchell County, Georgia",2020-2024,B10050_004,Less than six months,0,27,229,135,0,11.790393013100436,0,11.790393013100436,Unavailable MOE or zero percentage,Pass
Georgia county,13211,"Morgan County, Georgia",2020-2024,B10050_004,Less than six months,72,77,195,106,36.92307692307693,34.00576517777635,2.91731174530058,70.92884210085327,Percentage MOE exceeds 50% of estimate,Pass
Georgia county,13219,"Oconee County, Georgia",2020-2024,B10050_004,Less than six months,4,10,127,90,3.149606299212598,7.551044965625104,0,10.700651264837704,Percentage MOE exceeds 50% of estimate,Pass
Georgia county,13221,"Oglethorpe County, Georgia",2020-2024,B10050_004,Less than six months,6,11,68,58,8.823529411764707,14.319156883431528,0,23.142686295196235,Percentage MOE exceeds 50% of estimate,Pass
Georgia county,13225,"Peach County, Georgia",2020-2024,B10050_004,Less than six months,100,71,473,243,21.14164904862579,10.360898274370768,10.780750774255026,31.502547322996563,Caregiver count MOE exceeds 50% of estimate,Pass
Georgia county,13227,"Pickens County, Georgia",2020-2024,B10050_004,Less than six months,18,21,313,174,5.7507987220447285,5.89863374592392,0,11.649432467968648,Percentage MOE exceeds 50% of estimate,Pass
Georgia county,13229,"Pierce County, Georgia",2020-2024,B10050_004,Less than six months,33,39,136,88,24.264705882352946,23.99642129183425,0.268284590518693,48.261127174187195,Percentage MOE exceeds 50% of estimate,Pass
Georgia county,13231,"Pike County, Georgia",2020-2024,B10050_004,Less than six months,0,23,226,115,0,10.17699115044248,0,10.17699115044248,Unavailable MOE or zero percentage,Pass
Georgia county,13235,"Pulaski County, Georgia",2020-2024,B10050_004,Less than six months,0,20,87,102,0,22.988505747126435,0,22.988505747126435,Unavailable MOE or zero percentage,Pass
Georgia county,13237,"Putnam County, Georgia",2020-2024,B10050_004,Less than six months,0,27,228,116,0,11.842105263157894,0,11.842105263157894,Unavailable MOE or zero percentage,Pass
Georgia county,13239,"Quitman County, Georgia",2020-2024,B10050_004,Less than six months,17,19,42,34,40.476190476190474,31.190474129794826,9.285716346395647,71.6666646059853,Percentage MOE exceeds 50% of estimate,Pass
Georgia county,13241,"Rabun County, Georgia",2020-2024,B10050_004,Less than six months,16,19,112,57,14.285714285714285,15.327366209999798,0,29.613080495714083,Percentage MOE exceeds 50% of estimate,Pass
Georgia county,13243,"Randolph County, Georgia",2020-2024,B10050_004,Less than six months,0,20,110,79,0,18.181818181818183,0,18.181818181818183,Unavailable MOE or zero percentage,Pass
Georgia county,13249,"Schley County, Georgia",2020-2024,B10050_004,Less than six months,0,14,105,91,0,13.333333333333334,0,13.333333333333334,Unavailable MOE or zero percentage,Pass
Georgia county,13253,"Seminole County, Georgia",2020-2024,B10050_004,Less than six months,8,24,259,162,3.088803088803089,9.062766963390787,0,12.151570052193875,Percentage MOE exceeds 50% of estimate,Pass
Georgia county,13259,"Stewart County, Georgia",2020-2024,B10050_004,Less than six months,0,14,13,14,0,107.6923076923077,0,100,Unavailable MOE or zero percentage,Pass
Georgia county,13265,"Taliaferro County, Georgia",2020-2024,B10050_004,Less than six months,0,14,7,10,0,200,0,100,Unavailable MOE or zero percentage,Pass
Georgia county,13269,"Taylor County, Georgia",2020-2024,B10050_004,Less than six months,0,20,56,46,0,35.714285714285715,0,35.714285714285715,Unavailable MOE or zero percentage,Pass
Georgia county,13271,"Telfair County, Georgia",2020-2024,B10050_004,Less than six months,18,26,91,69,19.78021978021978,24.318323720896068,0,44.09854350111585,Percentage MOE exceeds 50% of estimate,Pass
Georgia county,13273,"Terrell County, Georgia",2020-2024,B10050_004,Less than six months,8,10,53,45,15.09433962264151,13.847383651674422,1.246955970967088,28.941723274315933,Percentage MOE exceeds 50% of estimate,Pass
Georgia county,13281,"Towns County, Georgia",2020-2024,B10050_004,Less than six months,21,34,264,134,7.954545454545454,12.22953363423518,0,20.184079088780635,Percentage MOE exceeds 50% of estimate,Pass
Georgia county,13283,"Treutlen County, Georgia",2020-2024,B10050_004,Less than six months,0,20,94,65,0,21.27659574468085,0,21.27659574468085,Unavailable MOE or zero percentage,Pass
Georgia county,13287,"Turner County, Georgia",2020-2024,B10050_004,Less than six months,8,14,74,52,10.81081081081081,17.326694315655665,0,28.137505126466476,Percentage MOE exceeds 50% of estimate,Pass
Georgia county,13289,"Twiggs County, Georgia",2020-2024,B10050_004,Less than six months,2,5,73,40,2.73972602739726,6.682773091808546,0,9.422499119205806,Percentage MOE exceeds 50% of estimate,Pass
Georgia county,13293,"Upson County, Georgia",2020-2024,B10050_004,Less than six months,10,14,182,127,5.4945054945054945,6.668691284436594,0,12.163196778942089,Percentage MOE exceeds 50% of estimate,Pass
Georgia county,13301,"Warren County, Georgia",2020-2024,B10050_004,Less than six months,0,20,127,98,0,15.748031496062993,0,15.748031496062993,Unavailable MOE or zero percentage,Pass
Georgia county,13305,"Wayne County, Georgia",2020-2024,B10050_004,Less than six months,1,3,278,165,0.3597122302158274,1.0578064508495033,0,1.4175186810653306,Percentage MOE exceeds 50% of estimate,Pass
Georgia county,13307,"Webster County, Georgia",2020-2024,B10050_004,Less than six months,0,14,6,9,0,233.33333333333337,0,100,Unavailable MOE or zero percentage,Pass
Georgia county,13309,"Wheeler County, Georgia",2020-2024,B10050_004,Less than six months,26,39,89,71,29.213483146067414,37.109063933779865,0,66.32254707984728,Percentage MOE exceeds 50% of estimate,Pass
Georgia county,13311,"White County, Georgia",2020-2024,B10050_004,Less than six months,96,151,314,253,30.573248407643312,41.30062267033006,0,71.87387107797338,Percentage MOE exceeds 50% of estimate,Pass
Georgia county,13315,"Wilcox County, Georgia",2020-2024,B10050_004,Less than six months,33,41,94,52,35.1063829787234,39.05491894685959,0,74.16130192558299,Percentage MOE exceeds 50% of estimate,Pass
Georgia county,13317,"Wilkes County, Georgia",2020-2024,B10050_004,Less than six months,0,20,148,102,0,13.513513513513514,0,13.513513513513514,Unavailable MOE or zero percentage,Pass
Georgia county,13319,"Wilkinson County, Georgia",2020-2024,B10050_004,Less than six months,3,4,125,66,2.4,2.9384016335416097,0,5.33840163354161,Percentage MOE exceeds 50% of estimate,Pass
Georgia county,13321,"Worth County, Georgia",2020-2024,B10050_004,Less than six months,57,79,351,199,16.23931623931624,20.537854059264017,0,36.77717029858026,Percentage MOE exceeds 50% of estimate,Pass
Georgia place,1311560,"Brunswick city, Georgia",2020-2024,B10050_004,Less than six months,104,142,460,218,22.60869565217391,28.9504464811291,0,51.55914213330301,Percentage MOE exceeds 50% of estimate,Pass
Georgia place,1319112,"Commerce city, Georgia",2020-2024,B10050_004,Less than six months,0,20,250,116,0,8,0,8,Unavailable MOE or zero percentage,Pass
Georgia place,1344340,"LaGrange city, Georgia",2020-2024,B10050_004,Less than six months,0,30,558,238,0,5.376344086021505,0,5.376344086021505,Unavailable MOE or zero percentage,Pass
Georgia place,1338964,"Hinesville city, Georgia",2020-2024,B10050_004,Less than six months,42,49,407,180,10.319410319410318,11.140742912583592,0,21.46015323199391,Percentage MOE exceeds 50% of estimate,Pass
Georgia place,1301052,"Albany city, Georgia",2020-2024,B10050_004,Less than six months,43,39,782,218,5.498721227621484,4.745790729131104,0.7529304984903797,10.24451195675259,Percentage MOE exceeds 50% of estimate,Pass
Georgia place,1319000,"Columbus city, Georgia",2020-2024,B10050_004,Less than six months,90,80,2052,420,4.385964912280701,3.793872894927994,0.5920920173527073,8.179837807208695,Percentage MOE exceeds 50% of estimate,Pass
Georgia place,1304000,"Atlanta city, Georgia",2020-2024,B10050_004,Less than six months,345,128,2563,482,13.460788138899726,4.305029937004763,9.155758201894963,17.76581807590449,Retained,Pass
Georgia place,1369000,"Savannah city, Georgia",2020-2024,B10050_004,Less than six months,186,136,1238,274,15.024232633279484,10.47010788957446,4.554124743705023,25.494340522853943,Percentage MOE exceeds 50% of estimate,Pass
Georgia place,1373704,"Stockbridge city, Georgia",2020-2024,B10050_004,Less than six months,70,63,284,128,24.647887323943664,19.201095000336185,5.446792323607479,43.848982324279845,Percentage MOE exceeds 50% of estimate,Pass
Georgia place,1349008,"Macon-Bibb County, Georgia",2020-2024,B10050_004,Less than six months,0,34,1048,315,0,3.2442748091603053,0,3.2442748091603053,Unavailable MOE or zero percentage,Pass
Georgia place,1373784,"Stonecrest city, Georgia",2020-2024,B10050_004,Less than six months,50,64,853,333,5.861664712778429,7.145458463928462,0,13.007123176706893,Percentage MOE exceeds 50% of estimate,Pass
Georgia place,1304204,"Augusta-Richmond County consolidated government (balance), Georgia",2020-2024,B10050_004,Less than six months,202,139,1973,505,10.238215914850482,6.539602480799239,3.698613434051243,16.77781839564972,Percentage MOE exceeds 50% of estimate,Pass
Georgia place,1380508,"Warner Robins city, Georgia",2020-2024,B10050_004,Less than six months,40,57,670,255,5.970149253731343,8.198410404483528,0,14.168559658214871,Percentage MOE exceeds 50% of estimate,Pass
Georgia place,1372122,"South Fulton city, Georgia",2020-2024,B10050_004,Less than six months,84,111,968,360,8.677685950413224,11.0034400717558,0,19.681126022169025,Percentage MOE exceeds 50% of estimate,Pass
Georgia place,1349756,"Marietta city, Georgia",2020-2024,B10050_004,Less than six months,0,34,186,86,0,18.27956989247312,0,18.27956989247312,Unavailable MOE or zero percentage,Pass
Georgia place,1348288,"Mableton city, Georgia",2020-2024,B10050_004,Less than six months,23,29,431,212,5.336426914153132,6.195421038340337,0,11.531847952493468,Percentage MOE exceeds 50% of estimate,Pass
Georgia place,1300184,"Abbeville city, Georgia",2020-2024,B10050_004,Less than six months,0,14,9,10,0,155.55555555555557,0,100,Unavailable MOE or zero percentage,Pass
Georgia place,1300408,"Acworth city, Georgia",2020-2024,B10050_004,Less than six months,28,44,329,436,8.51063829787234,7.187124949305993,1.3235133485663475,15.697763247178331,Percentage MOE exceeds 50% of estimate,Pass
Georgia place,1300436,"Adairsville city, Georgia",2020-2024,B10050_004,Less than six months,14,23,14,23,100,232.3350852470085,0,100,Percentage MOE exceeds 50% of estimate,Pass
Georgia place,1300576,"Adel city, Georgia",2020-2024,B10050_004,Less than six months,0,20,93,99,0,21.50537634408602,0,21.50537634408602,Unavailable MOE or zero percentage,Pass
Georgia place,1300660,"Adrian city, Georgia",2020-2024,B10050_004,Less than six months,4,7,11,14,36.36363636363637,43.67672813792996,0,80.04036450156633,Percentage MOE exceeds 50% of estimate,Pass
Georgia place,1300828,"Ailey city, Georgia",2020-2024,B10050_004,Less than six months,0,14,0,14,NA,NA,NA,NA,Missing input or nonpositive denominator,Pass
Georgia place,1300996,"Alamo town, Georgia",2020-2024,B10050_004,Less than six months,0,14,3,7,0,466.6666666666667,0,100,Unavailable MOE or zero percentage,Pass
Georgia place,1301024,"Alapaha town, Georgia",2020-2024,B10050_004,Less than six months,0,14,28,34,0,50,0,50,Unavailable MOE or zero percentage,Pass
Georgia place,1301248,"Aldora town, Georgia",2020-2024,B10050_004,Less than six months,0,14,0,14,NA,NA,NA,NA,Missing input or nonpositive denominator,Pass
Georgia place,1301472,"Allenhurst city, Georgia",2020-2024,B10050_004,Less than six months,0,14,18,24,0,77.77777777777779,0,77.77777777777779,Unavailable MOE or zero percentage,Pass
Georgia place,1301500,"Allentown city, Georgia",2020-2024,B10050_004,Less than six months,0,14,0,14,NA,NA,NA,NA,Missing input or nonpositive denominator,Pass
Georgia place,1301612,"Alma city, Georgia",2020-2024,B10050_004,Less than six months,0,14,18,24,0,77.77777777777779,0,77.77777777777779,Unavailable MOE or zero percentage,Pass
Georgia place,1301696,"Alpharetta city, Georgia",2020-2024,B10050_004,Less than six months,15,26,237,165,6.329113924050633,10.04665147556362,0,16.375765399614252,Percentage MOE exceeds 50% of estimate,Pass
Georgia place,1301808,"Alston town, Georgia",2020-2024,B10050_004,Less than six months,0,14,9,15,0,155.55555555555557,0,100,Unavailable MOE or zero percentage,Pass
Georgia place,1301948,"Alto town, Georgia",2020-2024,B10050_004,Less than six months,0,14,11,16,0,127.27272727272728,0,100,Unavailable MOE or zero percentage,Pass
Georgia place,1302060,"Ambrose city, Georgia",2020-2024,B10050_004,Less than six months,0,14,0,14,NA,NA,NA,NA,Missing input or nonpositive denominator,Pass
Georgia place,1302116,"Americus city, Georgia",2020-2024,B10050_004,Less than six months,0,23,8,25,0,287.5,0,100,Unavailable MOE or zero percentage,Pass
Georgia place,1302256,"Andersonville city, Georgia",2020-2024,B10050_004,Less than six months,0,14,1,4,0,1400,0,100,Unavailable MOE or zero percentage,Pass
Georgia place,1302364,"Antioch CDP, Georgia",2020-2024,B10050_004,Less than six months,0,14,0,14,NA,NA,NA,NA,Missing input or nonpositive denominator,Pass
Georgia place,1302536,"Appling CDP, Georgia",2020-2024,B10050_004,Less than six months,0,14,0,14,NA,NA,NA,NA,Missing input or nonpositive denominator,Pass
Georgia place,1302564,"Arabi town, Georgia",2020-2024,B10050_004,Less than six months,0,14,2,4,0,700,0,100,Unavailable MOE or zero percentage,Pass
Georgia place,1302592,"Aragon city, Georgia",2020-2024,B10050_004,Less than six months,0,14,48,53,0,29.166666666666668,0,29.166666666666668,Unavailable MOE or zero percentage,Pass
Georgia place,1302648,"Arcade city, Georgia",2020-2024,B10050_004,Less than six months,15,25,34,32,44.11764705882353,60.683252274379186,0,100,Percentage MOE exceeds 50% of estimate,Pass
Georgia place,1302844,"Argyle town, Georgia",2020-2024,B10050_004,Less than six months,0,14,28,50,0,50,0,50,Unavailable MOE or zero percentage,Pass
Georgia place,1302928,"Arlington city, Georgia",2020-2024,B10050_004,Less than six months,0,14,5,9,0,280,0,100,Unavailable MOE or zero percentage,Pass
Georgia place,1303124,"Arnoldsville city, Georgia",2020-2024,B10050_004,Less than six months,0,14,0,14,NA,NA,NA,NA,Missing input or nonpositive denominator,Pass
Georgia place,1303236,"Ashburn city, Georgia",2020-2024,B10050_004,Less than six months,0,14,25,33,0,56.00000000000001,0,56.00000000000001,Unavailable MOE or zero percentage,Pass
Georgia place,1303440,"Athens-Clarke County unified government (balance), Georgia",2020-2024,B10050_004,Less than six months,0,34,251,134,0,13.545816733067728,0,13.545816733067728,Unavailable MOE or zero percentage,Pass
Georgia place,1304084,"Attapulgus city, Georgia",2020-2024,B10050_004,Less than six months,0,14,13,19,0,107.6923076923077,0,100,Unavailable MOE or zero percentage,Pass
Georgia place,1304140,"Auburn city, Georgia",2020-2024,B10050_004,Less than six months,6,11,79,50,7.59493670886076,13.06800241907552,0,20.66293912793628,Percentage MOE exceeds 50% of estimate,Pass
Georgia place,1304252,"Austell city, Georgia",2020-2024,B10050_004,Less than six months,0,20,25,41,0,80,0,80,Unavailable MOE or zero percentage,Pass
Georgia place,1304392,"Avalon town, Georgia",2020-2024,B10050_004,Less than six months,14,22,16,22,87.5,66.56690126293998,20.93309873706002,100,Percentage MOE exceeds 50% of estimate,Pass
Georgia place,1304448,"Avera city, Georgia",2020-2024,B10050_004,Less than six months,0,14,4,5,0,350,0,100,Unavailable MOE or zero percentage,Pass
Georgia place,1304644,"Avondale Estates city, Georgia",2020-2024,B10050_004,Less than six months,17,25,17,25,100,207.97258270192577,0,100,Percentage MOE exceeds 50% of estimate,Pass
Georgia place,1304700,"Axson CDP, Georgia",2020-2024,B10050_004,Less than six months,0,14,0,14,NA,NA,NA,NA,Missing input or nonpositive denominator,Pass
Georgia place,1304840,"Baconton city, Georgia",2020-2024,B10050_004,Less than six months,0,14,2,4,0,700,0,100,Unavailable MOE or zero percentage,Pass
Georgia place,1304896,"Bainbridge city, Georgia",2020-2024,B10050_004,Less than six months,0,23,134,123,0,17.16417910447761,0,17.16417910447761,Unavailable MOE or zero percentage,Pass
Georgia place,1304980,"Baldwin city, Georgia",2020-2024,B10050_004,Less than six months,0,14,0,14,NA,NA,NA,NA,Missing input or nonpositive denominator,Pass
Georgia place,1305036,"Ball Ground city, Georgia",2020-2024,B10050_004,Less than six months,0,14,15,19,0,93.33333333333331,0,93.33333333333331,Unavailable MOE or zero percentage,Pass
Georgia place,1305344,"Barnesville city, Georgia",2020-2024,B10050_004,Less than six months,0,20,54,59,0,37.03703703703704,0,37.03703703703704,Unavailable MOE or zero percentage,Pass
Georgia place,1305680,"Bartow town, Georgia",2020-2024,B10050_004,Less than six months,0,14,3,5,0,466.6666666666667,0,100,Unavailable MOE or zero percentage,Pass
Georgia place,1305708,"Barwick city, Georgia",2020-2024,B10050_004,Less than six months,3,5,7,9,42.857142857142854,45.45113765575528,0,88.30828051289814,Percentage MOE exceeds 50% of estimate,Pass
Georgia place,1306016,"Baxley city, Georgia",2020-2024,B10050_004,Less than six months,0,14,20,32,0,70,0,70,Unavailable MOE or zero percentage,Pass
Georgia place,1306688,"Bellville city, Georgia",2020-2024,B10050_004,Less than six months,0,14,0,14,NA,NA,NA,NA,Missing input or nonpositive denominator,Pass
Georgia place,1306884,"Belvedere Park CDP, Georgia",2020-2024,B10050_004,Less than six months,23,34,59,50,38.983050847457626,47.217322492872874,0,86.2003733403305,Percentage MOE exceeds 50% of estimate,Pass
Georgia place,1306968,"Bemiss CDP, Georgia",2020-2024,B10050_004,Less than six months,0,20,44,63,0,45.45454545454545,0,45.45454545454545,Unavailable MOE or zero percentage,Pass
Georgia place,1307248,"Berkeley Lake city, Georgia",2020-2024,B10050_004,Less than six months,0,14,14,19,0,100,0,100,Unavailable MOE or zero percentage,Pass
Georgia place,1307304,"Berlin city, Georgia",2020-2024,B10050_004,Less than six months,0,14,26,29,0,53.84615384615385,0,53.84615384615385,Unavailable MOE or zero percentage,Pass
Georgia place,1307380,"Berry College CDP, Georgia",2020-2024,B10050_004,Less than six months,0,14,0,14,NA,NA,NA,NA,Missing input or nonpositive denominator,Pass
Georgia place,1307612,"Bethlehem town, Georgia",2020-2024,B10050_004,Less than six months,0,14,0,14,NA,NA,NA,NA,Missing input or nonpositive denominator,Pass
Georgia place,1307640,"Between town, Georgia",2020-2024,B10050_004,Less than six months,0,14,0,14,NA,NA,NA,NA,Missing input or nonpositive denominator,Pass
Georgia place,1308200,"Bishop town, Georgia",2020-2024,B10050_004,Less than six months,0,14,11,20,0,127.27272727272728,0,100,Unavailable MOE or zero percentage,Pass
Georgia place,1308284,"Blackshear city, Georgia",2020-2024,B10050_004,Less than six months,33,39,33,39,100,167.1343300986385,0,100,Percentage MOE exceeds 50% of estimate,Pass
Georgia place,1308480,"Blairsville city, Georgia",2020-2024,B10050_004,Less than six months,23,42,27,42,85.18518518518519,81.47732458116597,3.707860604019217,100,Percentage MOE exceeds 50% of estimate,Pass
Georgia place,1308536,"Blakely city, Georgia",2020-2024,B10050_004,Less than six months,0,20,40,48,0,50,0,50,Unavailable MOE or zero percentage,Pass
Georgia place,1308844,"Bloomingdale city, Georgia",2020-2024,B10050_004,Less than six months,0,14,15,23,0,93.33333333333331,0,93.33333333333331,Unavailable MOE or zero percentage,Pass
Georgia place,1308928,"Blue Ridge city, Georgia",2020-2024,B10050_004,Less than six months,0,14,12,15,0,116.66666666666669,0,100,Unavailable MOE or zero percentage,Pass
Georgia place,1308956,"Bluffton town, Georgia",2020-2024,B10050_004,Less than six months,9,15,9,15,100,235.70226039551585,0,100,Percentage MOE exceeds 50% of estimate,Pass
Georgia place,1309040,"Blythe city, Georgia",2020-2024,B10050_004,Less than six months,0,14,25,23,0,56.00000000000001,0,56.00000000000001,Unavailable MOE or zero percentage,Pass
Georgia place,1309068,"Bogart town, Georgia",2020-2024,B10050_004,Less than six months,0,14,0,14,NA,NA,NA,NA,Missing input or nonpositive denominator,Pass
Georgia place,1309152,"Bolingbroke CDP, Georgia",2020-2024,B10050_004,Less than six months,0,14,0,14,NA,NA,NA,NA,Missing input or nonpositive denominator,Pass
Georgia place,1309272,"Bonanza CDP, Georgia",2020-2024,B10050_004,Less than six months,0,14,0,14,NA,NA,NA,NA,Missing input or nonpositive denominator,Pass
Georgia place,1309460,"Boston city, Georgia",2020-2024,B10050_004,Less than six months,0,14,15,19,0,93.33333333333331,0,93.33333333333331,Unavailable MOE or zero percentage,Pass
Georgia place,1309488,"Bostwick city, Georgia",2020-2024,B10050_004,Less than six months,0,14,0,14,NA,NA,NA,NA,Missing input or nonpositive denominator,Pass
Georgia place,1309544,"Bowdon city, Georgia",2020-2024,B10050_004,Less than six months,0,14,15,17,0,93.33333333333331,0,93.33333333333331,Unavailable MOE or zero percentage,Pass
Georgia place,1309656,"Bowersville town, Georgia",2020-2024,B10050_004,Less than six months,0,14,2,5,0,700,0,100,Unavailable MOE or zero percentage,Pass
Georgia place,1309712,"Bowman city, Georgia",2020-2024,B10050_004,Less than six months,0,14,4,7,0,350,0,100,Unavailable MOE or zero percentage,Pass
Georgia place,1309768,"Box Springs CDP, Georgia",2020-2024,B10050_004,Less than six months,0,14,20,28,0,70,0,70,Unavailable MOE or zero percentage,Pass
Georgia place,1309852,"Boykin CDP, Georgia",2020-2024,B10050_004,Less than six months,0,14,0,14,NA,NA,NA,NA,Missing input or nonpositive denominator,Pass
Georgia place,1310076,"Braselton town, Georgia",2020-2024,B10050_004,Less than six months,0,23,44,44,0,52.27272727272727,0,52.27272727272727,Unavailable MOE or zero percentage,Pass
Georgia place,1310104,"Braswell town, Georgia",2020-2024,B10050_004,Less than six months,11,17,11,17,100,218.5602778212965,0,100,Percentage MOE exceeds 50% of estimate,Pass
Georgia place,1310132,"Bremen city, Georgia",2020-2024,B10050_004,Less than six months,0,20,32,42,0,62.5,0,62.5,Unavailable MOE or zero percentage,Pass
Georgia place,1310608,"Brinson town, Georgia",2020-2024,B10050_004,Less than six months,0,14,6,9,0,233.33333333333337,0,100,Unavailable MOE or zero percentage,Pass
Georgia place,1310664,"Bristol CDP, Georgia",2020-2024,B10050_004,Less than six months,0,14,0,14,NA,NA,NA,NA,Missing input or nonpositive denominator,Pass
Georgia place,1310860,"Bronwood town, Georgia",2020-2024,B10050_004,Less than six months,8,10,16,16,50,37.5,12.5,87.5,Percentage MOE exceeds 50% of estimate,Pass
Georgia place,1310944,"Brookhaven city, Georgia",2020-2024,B10050_004,Less than six months,30,45,84,58,35.714285714285715,47.55827025207334,0,83.27255596635905,Percentage MOE exceeds 50% of estimate,Pass
Georgia place,1311000,"Brooklet city, Georgia",2020-2024,B10050_004,Less than six months,0,14,9,14,0,155.55555555555557,0,100,Unavailable MOE or zero percentage,Pass
Georgia place,1311056,"Brooks town, Georgia",2020-2024,B10050_004,Less than six months,0,14,3,5,0,466.6666666666667,0,100,Unavailable MOE or zero percentage,Pass
Georgia place,1311504,"Broxton city, Georgia",2020-2024,B10050_004,Less than six months,0,14,18,26,0,77.77777777777779,0,77.77777777777779,Unavailable MOE or zero percentage,Pass
Georgia place,1311616,"Buchanan city, Georgia",2020-2024,B10050_004,Less than six months,0,14,93,125,0,15.053763440860216,0,15.053763440860216,Unavailable MOE or zero percentage,Pass
Georgia place,1311626,"Buckhead CDP, Georgia",2020-2024,B10050_004,Less than six months,0,14,0,14,NA,NA,NA,NA,Missing input or nonpositive denominator,Pass
Georgia place,1311672,"Buckhead town, Georgia",2020-2024,B10050_004,Less than six months,0,14,4,7,0,350,0,100,Unavailable MOE or zero percentage,Pass
Georgia place,1311728,"Buena Vista city, Georgia",2020-2024,B10050_004,Less than six months,5,9,28,28,17.857142857142858,26.72612419124244,0,44.583267048385295,Percentage MOE exceeds 50% of estimate,Pass
Georgia place,1311784,"Buford city, Georgia",2020-2024,B10050_004,Less than six months,0,23,244,319,0,9.42622950819672,0,9.42622950819672,Unavailable MOE or zero percentage,Pass
Georgia place,1312120,"Butler city, Georgia",2020-2024,B10050_004,Less than six months,0,14,17,22,0,82.35294117647058,0,82.35294117647058,Unavailable MOE or zero percentage,Pass
Georgia place,1312232,"Byromville town, Georgia",2020-2024,B10050_004,Less than six months,0,14,5,7,0,280,0,100,Unavailable MOE or zero percentage,Pass
Georgia place,1312260,"Byron city, Georgia",2020-2024,B10050_004,Less than six months,41,61,207,157,19.806763285024154,25.3519662640487,0,45.15872954907285,Percentage MOE exceeds 50% of estimate,Pass
Georgia place,1312344,"Cadwell town, Georgia",2020-2024,B10050_004,Less than six months,0,14,11,15,0,127.27272727272728,0,100,Unavailable MOE or zero percentage,Pass
Georgia place,1312400,"Cairo city, Georgia",2020-2024,B10050_004,Less than six months,0,23,235,139,0,9.787234042553193,0,9.787234042553193,Unavailable MOE or zero percentage,Pass
Georgia place,1312456,"Calhoun city, Georgia",2020-2024,B10050_004,Less than six months,45,76,171,136,26.31578947368421,39.207957987706365,0,65.52374746139057,Percentage MOE exceeds 50% of estimate,Pass
Georgia place,1312484,"Calvary CDP, Georgia",2020-2024,B10050_004,Less than six months,0,14,0,14,NA,NA,NA,NA,Missing input or nonpositive denominator,Pass
Georgia place,1312512,"Camak town, Georgia",2020-2024,B10050_004,Less than six months,0,14,0,14,NA,NA,NA,NA,Missing input or nonpositive denominator,Pass
Georgia place,1312624,"Camilla city, Georgia",2020-2024,B10050_004,Less than six months,0,20,59,63,0,33.89830508474576,0,33.89830508474576,Unavailable MOE or zero percentage,Pass
Georgia place,1312834,"Candler-McAfee CDP, Georgia",2020-2024,B10050_004,Less than six months,9,12,371,194,2.4258760107816713,2.975376049826621,0,5.401252060608292,Percentage MOE exceeds 50% of estimate,Pass
Georgia place,1312932,"Canon city, Georgia",2020-2024,B10050_004,Less than six months,3,6,4,7,75,72.61843774138906,2.3815622586109413,100,Percentage MOE exceeds 50% of estimate,Pass
Georgia place,1312960,"Canoochee CDP, Georgia",2020-2024,B10050_004,Less than six months,0,14,0,14,NA,NA,NA,NA,Missing input or nonpositive denominator,Pass
Georgia place,1312988,"Canton city, Georgia",2020-2024,B10050_004,Less than six months,33,51,111,93,29.72972972972973,38.60812075186894,0,68.33785048159866,Percentage MOE exceeds 50% of estimate,Pass
Georgia place,1313184,"Carl town, Georgia",2020-2024,B10050_004,Less than six months,0,14,0,14,NA,NA,NA,NA,Missing input or nonpositive denominator,Pass
Georgia place,1313212,"Carlton city, Georgia",2020-2024,B10050_004,Less than six months,0,14,3,5,0,466.6666666666667,0,100,Unavailable MOE or zero percentage,Pass
Georgia place,1313352,"Carnesville city, Georgia",2020-2024,B10050_004,Less than six months,0,14,0,14,NA,NA,NA,NA,Missing input or nonpositive denominator,Pass
Georgia place,1313492,"Carrollton city, Georgia",2020-2024,B10050_004,Less than six months,0,27,126,132,0,21.428571428571427,0,21.428571428571427,Unavailable MOE or zero percentage,Pass
Georgia place,1313688,"Cartersville city, Georgia",2020-2024,B10050_004,Less than six months,0,27,401,318,0,6.733167082294264,0,6.733167082294264,Unavailable MOE or zero percentage,Pass
Georgia place,1314024,"Cataula CDP, Georgia",2020-2024,B10050_004,Less than six months,0,14,0,14,NA,NA,NA,NA,Missing input or nonpositive denominator,Pass
Georgia place,1314108,"Cave Spring city, Georgia",2020-2024,B10050_004,Less than six months,0,14,4,8,0,350,0,100,Unavailable MOE or zero percentage,Pass
Georgia place,1314192,"Cecil city, Georgia",2020-2024,B10050_004,Less than six months,0,14,0,14,NA,NA,NA,NA,Missing input or nonpositive denominator,Pass
Georgia place,1314472,"Cedar Springs CDP, Georgia",2020-2024,B10050_004,Less than six months,0,14,0,14,NA,NA,NA,NA,Missing input or nonpositive denominator,Pass
Georgia place,1314500,"Cedartown city, Georgia",2020-2024,B10050_004,Less than six months,0,23,218,146,0,10.550458715596331,0,10.550458715596331,Unavailable MOE or zero percentage,Pass
Georgia place,1314920,"Centerville city, Georgia",2020-2024,B10050_004,Less than six months,0,20,0,20,NA,NA,NA,NA,Missing input or nonpositive denominator,Pass
Georgia place,1315026,"Centralhatchee town, Georgia",2020-2024,B10050_004,Less than six months,0,14,25,30,0,56.00000000000001,0,56.00000000000001,Unavailable MOE or zero percentage,Pass
Georgia place,1315172,"Chamblee city, Georgia",2020-2024,B10050_004,Less than six months,59,71,270,145,21.85185185185185,23.532509806702315,0,45.38436165855417,Percentage MOE exceeds 50% of estimate,Pass
Georgia place,1315508,"Chatsworth city, Georgia",2020-2024,B10050_004,Less than six months,0,14,51,71,0,27.450980392156865,0,27.450980392156865,Unavailable MOE or zero percentage,Pass
Georgia place,1315552,"Chattahoochee Hills city, Georgia",2020-2024,B10050_004,Less than six months,0,14,18,34,0,77.77777777777779,0,77.77777777777779,Unavailable MOE or zero percentage,Pass
Georgia place,1315585,"Chattanooga Valley CDP, Georgia",2020-2024,B10050_004,Less than six months,0,14,0,14,NA,NA,NA,NA,Missing input or nonpositive denominator,Pass
Georgia place,1315648,"Chauncey city, Georgia",2020-2024,B10050_004,Less than six months,0,14,5,7,0,280,0,100,Unavailable MOE or zero percentage,Pass
Georgia place,1315844,"Cherry Log CDP, Georgia",2020-2024,B10050_004,Less than six months,0,14,0,14,NA,NA,NA,NA,Missing input or nonpositive denominator,Pass
Georgia place,1315900,"Chester town, Georgia",2020-2024,B10050_004,Less than six months,0,14,0,14,NA,NA,NA,NA,Missing input or nonpositive denominator,Pass
Georgia place,1315984,"Chickamauga city, Georgia",2020-2024,B10050_004,Less than six months,8,14,10,17,80,33.22649545167224,46.77350454832776,100,Caregiver count MOE exceeds 50% of estimate,Pass
Georgia place,1316460,"Clarkesville city, Georgia",2020-2024,B10050_004,Less than six months,0,14,0,14,NA,NA,NA,NA,Missing input or nonpositive denominator,Pass
Georgia place,1316544,"Clarkston city, Georgia",2020-2024,B10050_004,Less than six months,29,47,118,84,24.57627118644068,35.782612191606816,0,60.358883378047494,Percentage MOE exceeds 50% of estimate,Pass
Georgia place,1316600,"Claxton city, Georgia",2020-2024,B10050_004,Less than six months,10,16,16,20,62.5,62.421826110744306,0.07817388925569446,100,Percentage MOE exceeds 50% of estimate,Pass
Georgia place,1316656,"Clayton city, Georgia",2020-2024,B10050_004,Less than six months,5,8,7,9,71.42857142857143,68.02380943877125,3.4047619898001784,100,Percentage MOE exceeds 50% of estimate,Pass
Georgia place,1316796,"Clermont town, Georgia",2020-2024,B10050_004,Less than six months,0,14,8,12,0,175,0,100,Unavailable MOE or zero percentage,Pass
Georgia place,1316824,"Cleveland city, Georgia",2020-2024,B10050_004,Less than six months,0,14,37,57,0,37.83783783783784,0,37.83783783783784,Unavailable MOE or zero percentage,Pass
Georgia place,1316908,"Climax city, Georgia",2020-2024,B10050_004,Less than six months,0,14,9,14,0,155.55555555555557,0,100,Unavailable MOE or zero percentage,Pass
Georgia place,1317132,"Clyattville CDP, Georgia",2020-2024,B10050_004,Less than six months,0,14,0,14,NA,NA,NA,NA,Missing input or nonpositive denominator,Pass
Georgia place,1317272,"Cobbtown city, Georgia",2020-2024,B10050_004,Less than six months,0,14,12,21,0,116.66666666666669,0,100,Unavailable MOE or zero percentage,Pass
Georgia place,1317328,"Cochran city, Georgia",2020-2024,B10050_004,Less than six months,0,14,59,65,0,23.728813559322035,0,23.728813559322035,Unavailable MOE or zero percentage,Pass
Georgia place,1317468,"Cogdell CDP, Georgia",2020-2024,B10050_004,Less than six months,0,14,0,14,NA,NA,NA,NA,Missing input or nonpositive denominator,Pass
Georgia place,1317496,"Cohutta city, Georgia",2020-2024,B10050_004,Less than six months,0,14,13,16,0,107.6923076923077,0,100,Unavailable MOE or zero percentage,Pass
Georgia place,1317552,"Colbert city, Georgia",2020-2024,B10050_004,Less than six months,0,14,6,7,0,233.33333333333337,0,100,Unavailable MOE or zero percentage,Pass
Georgia place,1317580,"Coleman CDP, Georgia",2020-2024,B10050_004,Less than six months,0,14,0,14,NA,NA,NA,NA,Missing input or nonpositive denominator,Pass
Georgia place,1317776,"College Park city, Georgia",2020-2024,B10050_004,Less than six months,67,106,144,134,46.52777777777778,59.531445457428546,0,100,Percentage MOE exceeds 50% of estimate,Pass
Georgia place,1317832,"Collins city, Georgia",2020-2024,B10050_004,Less than six months,0,14,0,14,NA,NA,NA,NA,Missing input or nonpositive denominator,Pass
Georgia place,1318000,"Colquitt city, Georgia",2020-2024,B10050_004,Less than six months,9,13,19,23,47.368421052631575,37.32937513113135,10.039045921500223,84.69779618376293,Percentage MOE exceeds 50% of estimate,Pass
Georgia place,1319084,"Comer city, Georgia",2020-2024,B10050_004,Less than six months,0,14,0,14,NA,NA,NA,NA,Missing input or nonpositive denominator,Pass
Georgia place,1319168,"Concord city, Georgia",2020-2024,B10050_004,Less than six months,0,14,0,14,NA,NA,NA,NA,Missing input or nonpositive denominator,Pass
Georgia place,1319280,"Conley CDP, Georgia",2020-2024,B10050_004,Less than six months,0,20,78,107,0,25.64102564102564,0,25.64102564102564,Unavailable MOE or zero percentage,Pass
Georgia place,1319336,"Conyers city, Georgia",2020-2024,B10050_004,Less than six months,0,23,192,187,0,11.979166666666668,0,11.979166666666668,Unavailable MOE or zero percentage,Pass
Georgia place,1319392,"Coolidge city, Georgia",2020-2024,B10050_004,Less than six months,0,14,3,4,0,466.6666666666667,0,100,Unavailable MOE or zero percentage,Pass
Georgia place,1319616,"Cordele city, Georgia",2020-2024,B10050_004,Less than six months,10,22,180,183,5.555555555555555,10.83887164542294,0,16.394427200978495,Percentage MOE exceeds 50% of estimate,Pass
Georgia place,1319728,"Cornelia city, Georgia",2020-2024,B10050_004,Less than six months,0,14,13,22,0,107.6923076923077,0,100,Unavailable MOE or zero percentage,Pass
Georgia place,1319830,"Country Club Estates CDP, Georgia",2020-2024,B10050_004,Less than six months,91,109,91,109,100,169.39481131721686,0,100,Percentage MOE exceeds 50% of estimate,Pass
Georgia place,1320064,"Covington city, Georgia",2020-2024,B10050_004,Less than six months,0,23,56,61,0,41.07142857142857,0,41.07142857142857,Unavailable MOE or zero percentage,Pass
Georgia place,1320288,"Crawford city, Georgia",2020-2024,B10050_004,Less than six months,0,14,3,6,0,466.6666666666667,0,100,Unavailable MOE or zero percentage,Pass
Georgia place,1320316,"Crawfordville city, Georgia",2020-2024,B10050_004,Less than six months,0,14,6,10,0,233.33333333333337,0,100,Unavailable MOE or zero percentage,Pass
Georgia place,1320372,"Crescent CDP, Georgia",2020-2024,B10050_004,Less than six months,0,14,0,14,NA,NA,NA,NA,Missing input or nonpositive denominator,Pass
Georgia place,1320550,"Crooked Creek CDP, Georgia",2020-2024,B10050_004,Less than six months,0,14,0,14,NA,NA,NA,NA,Missing input or nonpositive denominator,Pass
Georgia place,1320848,"Culloden city, Georgia",2020-2024,B10050_004,Less than six months,0,14,0,14,NA,NA,NA,NA,Missing input or nonpositive denominator,Pass
Georgia place,1320932,"Cumming city, Georgia",2020-2024,B10050_004,Less than six months,0,20,37,51,0,54.054054054054056,0,54.054054054054056,Unavailable MOE or zero percentage,Pass
Georgia place,1321017,"Cusseta-Chattahoochee County unified government, Georgia",2020-2024,B10050_004,Less than six months,0,20,87,45,0,22.988505747126435,0,22.988505747126435,Unavailable MOE or zero percentage,Pass
Georgia place,1321072,"Cuthbert city, Georgia",2020-2024,B10050_004,Less than six months,0,14,35,58,0,40,0,40,Unavailable MOE or zero percentage,Pass
Georgia place,1321184,"Dacula city, Georgia",2020-2024,B10050_004,Less than six months,0,20,106,126,0,18.867924528301888,0,18.867924528301888,Unavailable MOE or zero percentage,Pass
Georgia place,1321240,"Dahlonega city, Georgia",2020-2024,B10050_004,Less than six months,0,20,7,9,0,285.7142857142857,0,100,Unavailable MOE or zero percentage,Pass
Georgia place,1321268,"Daisy city, Georgia",2020-2024,B10050_004,Less than six months,0,14,0,14,NA,NA,NA,NA,Missing input or nonpositive denominator,Pass
Georgia place,1321324,"Dallas city, Georgia",2020-2024,B10050_004,Less than six months,0,23,154,141,0,14.935064935064934,0,14.935064935064934,Unavailable MOE or zero percentage,Pass
Georgia place,1321380,"Dalton city, Georgia",2020-2024,B10050_004,Less than six months,20,39,291,204,6.872852233676976,12.506052456074682,0,19.378904689751657,Percentage MOE exceeds 50% of estimate,Pass
Georgia place,1321436,"Damascus city, Georgia",2020-2024,B10050_004,Less than six months,0,14,1,2,0,1400,0,100,Unavailable MOE or zero percentage,Pass
Georgia place,1321632,"Danielsville city, Georgia",2020-2024,B10050_004,Less than six months,1,4,5,7,20,74.93997598078079,0,94.9399759807808,Percentage MOE exceeds 50% of estimate,Pass
Georgia place,1321688,"Danville town, Georgia",2020-2024,B10050_004,Less than six months,2,5,17,19,11.76470588235294,26.30895765435344,0,38.07366353670638,Percentage MOE exceeds 50% of estimate,Pass
Georgia place,1321716,"Darien city, Georgia",2020-2024,B10050_004,Less than six months,0,14,20,25,0,70,0,70,Unavailable MOE or zero percentage,Pass
Georgia place,1321744,"Dasher town, Georgia",2020-2024,B10050_004,Less than six months,0,14,0,14,NA,NA,NA,NA,Missing input or nonpositive denominator,Pass
Georgia place,1321800,"Davisboro city, Georgia",2020-2024,B10050_004,Less than six months,0,14,14,18,0,100,0,100,Unavailable MOE or zero percentage,Pass
Georgia place,1321912,"Dawson city, Georgia",2020-2024,B10050_004,Less than six months,0,14,0,14,NA,NA,NA,NA,Missing input or nonpositive denominator,Pass
Georgia place,1321940,"Dawsonville city, Georgia",2020-2024,B10050_004,Less than six months,0,14,26,42,0,53.84615384615385,0,53.84615384615385,Unavailable MOE or zero percentage,Pass
Georgia place,1322024,"Dearing town, Georgia",2020-2024,B10050_004,Less than six months,0,14,16,32,0,87.5,0,87.5,Unavailable MOE or zero percentage,Pass
Georgia place,1322052,"Decatur city, Georgia",2020-2024,B10050_004,Less than six months,0,27,0,27,NA,NA,NA,NA,Missing input or nonpositive denominator,Pass
Georgia place,1322080,"Deenwood CDP, Georgia",2020-2024,B10050_004,Less than six months,0,14,14,17,0,100,0,100,Unavailable MOE or zero percentage,Pass
Georgia place,1322108,"Deepstep town, Georgia",2020-2024,B10050_004,Less than six months,0,14,0,14,NA,NA,NA,NA,Missing input or nonpositive denominator,Pass
Georgia place,1322304,"Demorest city, Georgia",2020-2024,B10050_004,Less than six months,0,14,15,27,0,93.33333333333331,0,93.33333333333331,Unavailable MOE or zero percentage,Pass
Georgia place,1322388,"Denton city, Georgia",2020-2024,B10050_004,Less than six months,0,14,56,74,0,25,0,25,Unavailable MOE or zero percentage,Pass
Georgia place,1322472,"De Soto city, Georgia",2020-2024,B10050_004,Less than six months,0,14,0,14,NA,NA,NA,NA,Missing input or nonpositive denominator,Pass
Georgia place,1322724,"Dewy Rose CDP, Georgia",2020-2024,B10050_004,Less than six months,0,14,0,14,NA,NA,NA,NA,Missing input or nonpositive denominator,Pass
Georgia place,1322752,"Dexter town, Georgia",2020-2024,B10050_004,Less than six months,3,5,28,35,10.714285714285714,11.811389781538352,0,22.525675495824068,Percentage MOE exceeds 50% of estimate,Pass
Georgia place,1322976,"Dillard city, Georgia",2020-2024,B10050_004,Less than six months,0,14,1,3,0,1400,0,100,Unavailable MOE or zero percentage,Pass
Georgia place,1323060,"Dixie CDP, Georgia",2020-2024,B10050_004,Less than six months,0,14,0,14,NA,NA,NA,NA,Missing input or nonpositive denominator,Pass
Georgia place,1323144,"Dixie Union CDP, Georgia",2020-2024,B10050_004,Less than six months,0,14,0,14,NA,NA,NA,NA,Missing input or nonpositive denominator,Pass
Georgia place,1323200,"Dock Junction CDP, Georgia",2020-2024,B10050_004,Less than six months,0,20,112,89,0,17.857142857142858,0,17.857142857142858,Unavailable MOE or zero percentage,Pass
Georgia place,1323284,"Doerun city, Georgia",2020-2024,B10050_004,Less than six months,6,7,16,13,37.5,31.396142652203313,6.103857347796687,68.89614265220331,Percentage MOE exceeds 50% of estimate,Pass
Georgia place,1323368,"Donalsonville city, Georgia",2020-2024,B10050_004,Less than six months,0,14,189,139,0,7.4074074074074066,0,7.4074074074074066,Unavailable MOE or zero percentage,Pass
Georgia place,1323480,"Dooling town, Georgia",2020-2024,B10050_004,Less than six months,0,14,0,14,NA,NA,NA,NA,Missing input or nonpositive denominator,Pass
Georgia place,1323536,"Doraville city, Georgia",2020-2024,B10050_004,Less than six months,0,23,33,57,0,69.6969696969697,0,69.6969696969697,Unavailable MOE or zero percentage,Pass
Georgia place,1323872,"Douglas city, Georgia",2020-2024,B10050_004,Less than six months,0,23,272,157,0,8.455882352941178,0,8.455882352941178,Unavailable MOE or zero percentage,Pass
Georgia place,1323900,"Douglasville city, Georgia",2020-2024,B10050_004,Less than six months,64,64,113,88,56.63716814159292,35.52966560578358,21.107502535809346,92.1668337473765,Percentage MOE exceeds 50% of estimate,Pass
Georgia place,1324264,"Druid Hills CDP, Georgia",2020-2024,B10050_004,Less than six months,0,20,0,20,NA,NA,NA,NA,Missing input or nonpositive denominator,Pass
Georgia place,1324376,"Dublin city, Georgia",2020-2024,B10050_004,Less than six months,10,17,57,48,17.543859649122805,25.90829962506066,0,43.452159274183465,Percentage MOE exceeds 50% of estimate,Pass
Georgia place,1324488,"Dudley city, Georgia",2020-2024,B10050_004,Less than six months,0,14,0,14,NA,NA,NA,NA,Missing input or nonpositive denominator,Pass
Georgia place,1324600,"Duluth city, Georgia",2020-2024,B10050_004,Less than six months,60,48,225,103,26.666666666666668,17.49543699084667,9.171229675819998,44.16210365751334,Percentage MOE exceeds 50% of estimate,Pass
Georgia place,1324768,"Dunwoody city, Georgia",2020-2024,B10050_004,Less than six months,0,34,48,60,0,70.83333333333334,0,70.83333333333334,Unavailable MOE or zero percentage,Pass
Georgia place,1324796,"Du Pont town, Georgia",2020-2024,B10050_004,Less than six months,0,14,0,14,NA,NA,NA,NA,Missing input or nonpositive denominator,Pass
Georgia place,1324876,"Dutch Island CDP, Georgia",2020-2024,B10050_004,Less than six months,0,14,0,14,NA,NA,NA,NA,Missing input or nonpositive denominator,Pass
Georgia place,1324964,"Eagle Grove CDP, Georgia",2020-2024,B10050_004,Less than six months,0,14,0,14,NA,NA,NA,NA,Missing input or nonpositive denominator,Pass
Georgia place,1325300,"East Dublin city, Georgia",2020-2024,B10050_004,Less than six months,0,14,5,7,0,280,0,100,Unavailable MOE or zero percentage,Pass
Georgia place,1325356,"East Ellijay city, Georgia",2020-2024,B10050_004,Less than six months,0,14,8,19,0,175,0,100,Unavailable MOE or zero percentage,Pass
Georgia place,1325440,"East Griffin CDP, Georgia",2020-2024,B10050_004,Less than six months,0,14,19,22,0,73.68421052631578,0,73.68421052631578,Unavailable MOE or zero percentage,Pass
Georgia place,1325552,"Eastman city, Georgia",2020-2024,B10050_004,Less than six months,0,20,11,17,0,181.8181818181818,0,100,Unavailable MOE or zero percentage,Pass
Georgia place,1325692,"East Newnan CDP, Georgia",2020-2024,B10050_004,Less than six months,0,14,0,14,NA,NA,NA,NA,Missing input or nonpositive denominator,Pass
Georgia place,1325720,"East Point city, Georgia",2020-2024,B10050_004,Less than six months,0,30,377,189,0,7.957559681697612,0,7.957559681697612,Unavailable MOE or zero percentage,Pass
Georgia place,1326084,"Eatonton city, Georgia",2020-2024,B10050_004,Less than six months,0,20,51,39,0,39.21568627450981,0,39.21568627450981,Unavailable MOE or zero percentage,Pass
Georgia place,1326156,"Echols County consolidated government, Georgia",2020-2024,B10050_004,Less than six months,0,14,162,148,0,8.641975308641975,0,8.641975308641975,Unavailable MOE or zero percentage,Pass
Georgia place,1326224,"Edge Hill city, Georgia",2020-2024,B10050_004,Less than six months,0,14,0,14,NA,NA,NA,NA,Missing input or nonpositive denominator,Pass
Georgia place,1326448,"Edison city, Georgia",2020-2024,B10050_004,Less than six months,0,14,0,14,NA,NA,NA,NA,Missing input or nonpositive denominator,Pass
Georgia place,1326616,"Elberton city, Georgia",2020-2024,B10050_004,Less than six months,0,14,22,31,0,63.63636363636363,0,63.63636363636363,Unavailable MOE or zero percentage,Pass
Georgia place,1326980,"Ellaville city, Georgia",2020-2024,B10050_004,Less than six months,0,14,4,6,0,350,0,100,Unavailable MOE or zero percentage,Pass
Georgia place,1327008,"Ellenton town, Georgia",2020-2024,B10050_004,Less than six months,0,14,0,14,NA,NA,NA,NA,Missing input or nonpositive denominator,Pass
Georgia place,1327064,"Ellerslie CDP, Georgia",2020-2024,B10050_004,Less than six months,0,14,0,14,NA,NA,NA,NA,Missing input or nonpositive denominator,Pass
Georgia place,1327092,"Ellijay city, Georgia",2020-2024,B10050_004,Less than six months,0,14,0,14,NA,NA,NA,NA,Missing input or nonpositive denominator,Pass
Georgia place,1327344,"Emerson city, Georgia",2020-2024,B10050_004,Less than six months,0,14,32,46,0,43.75,0,43.75,Unavailable MOE or zero percentage,Pass
Georgia place,1327512,"Empire CDP, Georgia",2020-2024,B10050_004,Less than six months,0,14,0,14,NA,NA,NA,NA,Missing input or nonpositive denominator,Pass
Georgia place,1327596,"Enigma town, Georgia",2020-2024,B10050_004,Less than six months,0,14,5,8,0,280,0,100,Unavailable MOE or zero percentage,Pass
Georgia place,1327708,"Ephesus city, Georgia",2020-2024,B10050_004,Less than six months,0,14,7,8,0,200,0,100,Unavailable MOE or zero percentage,Pass
Georgia place,1327736,"Epworth CDP, Georgia",2020-2024,B10050_004,Less than six months,0,14,0,14,NA,NA,NA,NA,Missing input or nonpositive denominator,Pass
Georgia place,1327932,"Eton city, Georgia",2020-2024,B10050_004,Less than six months,2,4,2,4,100,282.842712474619,0,100,Percentage MOE exceeds 50% of estimate,Pass
Georgia place,1327988,"Euharlee city, Georgia",2020-2024,B10050_004,Less than six months,0,14,0,14,NA,NA,NA,NA,Missing input or nonpositive denominator,Pass
Georgia place,1328016,"Eulonia CDP, Georgia",2020-2024,B10050_004,Less than six months,0,14,72,36,0,19.444444444444446,0,19.444444444444446,Unavailable MOE or zero percentage,Pass
Georgia place,1328044,"Evans CDP, Georgia",2020-2024,B10050_004,Less than six months,18,30,173,162,10.404624277456648,14.345190622053,0,24.749814899509648,Percentage MOE exceeds 50% of estimate,Pass
Georgia place,1328100,"Everett CDP, Georgia",2020-2024,B10050_004,Less than six months,0,14,0,14,NA,NA,NA,NA,Missing input or nonpositive denominator,Pass
Georgia place,1328296,"Experiment CDP, Georgia",2020-2024,B10050_004,Less than six months,27,43,49,53,55.10204081632652,64.41100896410485,0,100,Percentage MOE exceeds 50% of estimate,Pass
Georgia place,1328324,"Faceville CDP, Georgia",2020-2024,B10050_004,Less than six months,0,14,0,14,NA,NA,NA,NA,Missing input or nonpositive denominator,Pass
Georgia place,1328380,"Fairburn city, Georgia",2020-2024,B10050_004,Less than six months,0,23,194,211,0,11.855670103092782,0,11.855670103092782,Unavailable MOE or zero percentage,Pass
Georgia place,1328440,"Fairfield Plantation CDP, Georgia",2020-2024,B10050_004,Less than six months,35,54,59,68,59.32203389830508,60.846429490002286,0,100,Percentage MOE exceeds 50% of estimate,Pass
Georgia place,1328492,"Fairmount city, Georgia",2020-2024,B10050_004,Less than six months,0,14,14,14,0,100,0,100,Unavailable MOE or zero percentage,Pass
Georgia place,1328520,"Fair Oaks CDP, Georgia",2020-2024,B10050_004,Less than six months,0,20,35,44,0,57.14285714285714,0,57.14285714285714,Unavailable MOE or zero percentage,Pass
Georgia place,1328548,"Fairplay CDP, Georgia",2020-2024,B10050_004,Less than six months,0,14,6,10,0,233.33333333333337,0,100,Unavailable MOE or zero percentage,Pass
Georgia place,1328632,"Fairview CDP, Georgia",2020-2024,B10050_004,Less than six months,0,20,124,112,0,16.129032258064516,0,16.129032258064516,Unavailable MOE or zero percentage,Pass
Georgia place,1328744,"Fargo city, Georgia",2020-2024,B10050_004,Less than six months,0,14,0,14,NA,NA,NA,NA,Missing input or nonpositive denominator,Pass
Georgia place,1328968,"Fayetteville city, Georgia",2020-2024,B10050_004,Less than six months,48,34,138,100,34.78260869565217,35.246229825408456,0,70.028838521060635,Percentage MOE exceeds 50% of estimate,Pass
Georgia place,1329528,"Fitzgerald city, Georgia",2020-2024,B10050_004,Less than six months,0,20,26,27,0,76.92307692307693,0,76.92307692307693,Unavailable MOE or zero percentage,Pass
Georgia place,1330088,"Flemington city, Georgia",2020-2024,B10050_004,Less than six months,0,14,10,10,0,140,0,100,Unavailable MOE or zero percentage,Pass
Georgia place,1330312,"Flovilla city, Georgia",2020-2024,B10050_004,Less than six months,0,14,48,80,0,29.166666666666668,0,29.166666666666668,Unavailable MOE or zero percentage,Pass
Georgia place,1330340,"Flowery Branch city, Georgia",2020-2024,B10050_004,Less than six months,0,23,0,23,NA,NA,NA,NA,Missing input or nonpositive denominator,Pass
Georgia place,1330424,"Folkston city, Georgia",2020-2024,B10050_004,Less than six months,0,14,59,65,0,23.728813559322035,0,23.728813559322035,Unavailable MOE or zero percentage,Pass
Georgia place,1330536,"Forest Park city, Georgia",2020-2024,B10050_004,Less than six months,0,23,105,88,0,21.904761904761905,0,21.904761904761905,Unavailable MOE or zero percentage,Pass
Georgia place,1330732,"Forsyth city, Georgia",2020-2024,B10050_004,Less than six months,8,13,8,13,100,229.80970388562793,0,100,Percentage MOE exceeds 50% of estimate,Pass
Georgia place,1330816,"Fort Gaines city, Georgia",2020-2024,B10050_004,Less than six months,12,18,22,22,54.54545454545454,60.983672113630625,0,100,Percentage MOE exceeds 50% of estimate,Pass
Georgia place,1330956,"Fort Oglethorpe city, Georgia",2020-2024,B10050_004,Less than six months,0,23,15,24,0,153.33333333333334,0,100,Unavailable MOE or zero percentage,Pass
Georgia place,1331068,"Fort Stewart CDP, Georgia",2020-2024,B10050_004,Less than six months,0,20,0,20,NA,NA,NA,NA,Missing input or nonpositive denominator,Pass
Georgia place,1331096,"Fort Valley city, Georgia",2020-2024,B10050_004,Less than six months,20,35,87,84,22.988505747126435,33.55279681218183,0,56.541302559308264,Percentage MOE exceeds 50% of estimate,Pass
Georgia place,1331292,"Franklin city, Georgia",2020-2024,B10050_004,Less than six months,0,14,21,25,0,66.66666666666666,0,66.66666666666666,Unavailable MOE or zero percentage,Pass
Georgia place,1331320,"Franklin Springs city, Georgia",2020-2024,B10050_004,Less than six months,0,14,18,31,0,77.77777777777779,0,77.77777777777779,Unavailable MOE or zero percentage,Pass
Georgia place,1331684,"Funston city, Georgia",2020-2024,B10050_004,Less than six months,3,4,3,4,100,188.56180831641268,0,100,Percentage MOE exceeds 50% of estimate,Pass
Georgia place,1331908,"Gainesville city, Georgia",2020-2024,B10050_004,Less than six months,0,30,163,103,0,18.404907975460123,0,18.404907975460123,Unavailable MOE or zero percentage,Pass
Georgia place,1332048,"Garden City city, Georgia",2020-2024,B10050_004,Less than six months,0,23,183,176,0,12.568306010928962,0,12.568306010928962,Unavailable MOE or zero percentage,Pass
Georgia place,1332132,"Gardi CDP, Georgia",2020-2024,B10050_004,Less than six months,0,14,5,11,0,280,0,100,Unavailable MOE or zero percentage,Pass
Georgia place,1332188,"Garfield city, Georgia",2020-2024,B10050_004,Less than six months,0,14,0,14,NA,NA,NA,NA,Missing input or nonpositive denominator,Pass
Georgia place,1332384,"Gay town, Georgia",2020-2024,B10050_004,Less than six months,0,14,0,14,NA,NA,NA,NA,Missing input or nonpositive denominator,Pass
Georgia place,1332412,"Geneva town, Georgia",2020-2024,B10050_004,Less than six months,0,14,0,14,NA,NA,NA,NA,Missing input or nonpositive denominator,Pass
Georgia place,1332482,"Georgetown CDP, Georgia",2020-2024,B10050_004,Less than six months,0,23,102,130,0,22.54901960784314,0,22.54901960784314,Unavailable MOE or zero percentage,Pass
Georgia place,1332528,"Georgetown-Quitman County unified government, Georgia",2020-2024,B10050_004,Less than six months,17,19,42,34,40.476190476190474,31.190474129794826,9.285716346395647,71.6666646059853,Percentage MOE exceeds 50% of estimate,Pass
Georgia place,1332748,"Gibson city, Georgia",2020-2024,B10050_004,Less than six months,0,14,60,48,0,23.333333333333332,0,23.333333333333332,Unavailable MOE or zero percentage,Pass
Georgia place,1332860,"Gillsville city, Georgia",2020-2024,B10050_004,Less than six months,0,14,1,3,0,1400,0,100,Unavailable MOE or zero percentage,Pass
Georgia place,1332916,"Girard town, Georgia",2020-2024,B10050_004,Less than six months,0,14,2,4,0,700,0,100,Unavailable MOE or zero percentage,Pass
Georgia place,1333280,"Glenn CDP, Georgia",2020-2024,B10050_004,Less than six months,0,14,0,14,NA,NA,NA,NA,Missing input or nonpositive denominator,Pass
Georgia place,1333336,"Glennville city, Georgia",2020-2024,B10050_004,Less than six months,0,20,107,103,0,18.69158878504673,0,18.69158878504673,Unavailable MOE or zero percentage,Pass
Georgia place,1333392,"Glenwood city, Georgia",2020-2024,B10050_004,Less than six months,0,14,18,29,0,77.77777777777779,0,77.77777777777779,Unavailable MOE or zero percentage,Pass
Georgia place,1333672,"Godfrey CDP, Georgia",2020-2024,B10050_004,Less than six months,0,14,0,14,NA,NA,NA,NA,Missing input or nonpositive denominator,Pass
Georgia place,1333896,"Good Hope city, Georgia",2020-2024,B10050_004,Less than six months,0,14,12,20,0,116.66666666666669,0,100,Unavailable MOE or zero percentage,Pass
Georgia place,1333980,"Gordon city, Georgia",2020-2024,B10050_004,Less than six months,0,14,50,42,0,28.000000000000004,0,28.000000000000004,Unavailable MOE or zero percentage,Pass
Georgia place,1334176,"Gough CDP, Georgia",2020-2024,B10050_004,Less than six months,0,14,0,14,NA,NA,NA,NA,Missing input or nonpositive denominator,Pass
Georgia place,1334260,"Graham city, Georgia",2020-2024,B10050_004,Less than six months,0,14,18,34,0,77.77777777777779,0,77.77777777777779,Unavailable MOE or zero percentage,Pass
Georgia place,1334428,"Grantville city, Georgia",2020-2024,B10050_004,Less than six months,0,14,31,33,0,45.16129032258064,0,45.16129032258064,Unavailable MOE or zero percentage,Pass
Georgia place,1334512,"Gray city, Georgia",2020-2024,B10050_004,Less than six months,0,14,0,14,NA,NA,NA,NA,Missing input or nonpositive denominator,Pass
Georgia place,1334596,"Grayson city, Georgia",2020-2024,B10050_004,Less than six months,0,14,0,14,NA,NA,NA,NA,Missing input or nonpositive denominator,Pass
Georgia place,1334876,"Greensboro city, Georgia",2020-2024,B10050_004,Less than six months,0,14,58,94,0,24.13793103448276,0,24.13793103448276,Unavailable MOE or zero percentage,Pass
Georgia place,1335016,"Greenville city, Georgia",2020-2024,B10050_004,Less than six months,0,14,0,14,NA,NA,NA,NA,Missing input or nonpositive denominator,Pass
Georgia place,1335240,"Gresham Park CDP, Georgia",2020-2024,B10050_004,Less than six months,0,20,18,28,0,111.11111111111111,0,100,Unavailable MOE or zero percentage,Pass
Georgia place,1335324,"Griffin city, Georgia",2020-2024,B10050_004,Less than six months,8,13,289,162,2.768166089965398,4.222160811352453,0,6.990326901317852,Percentage MOE exceeds 50% of estimate,Pass
Georgia place,1335716,"Grovetown city, Georgia",2020-2024,B10050_004,Less than six months,9,19,96,114,9.375,16.363696259839593,0,25.738696259839593,Percentage MOE exceeds 50% of estimate,Pass
Georgia place,1335800,"Gumbranch city, Georgia",2020-2024,B10050_004,Less than six months,0,14,0,14,NA,NA,NA,NA,Missing input or nonpositive denominator,Pass
Georgia place,1335814,"Gumlog CDP, Georgia",2020-2024,B10050_004,Less than six months,0,14,22,30,0,63.63636363636363,0,63.63636363636363,Unavailable MOE or zero percentage,Pass
Georgia place,1335884,"Guyton city, Georgia",2020-2024,B10050_004,Less than six months,0,14,31,26,0,45.16129032258064,0,45.16129032258064,Unavailable MOE or zero percentage,Pass
Georgia place,1336024,"Hagan city, Georgia",2020-2024,B10050_004,Less than six months,0,14,0,14,NA,NA,NA,NA,Missing input or nonpositive denominator,Pass
Georgia place,1336052,"Hahira city, Georgia",2020-2024,B10050_004,Less than six months,23,38,23,38,100,233.65267552251137,0,100,Percentage MOE exceeds 50% of estimate,Pass
Georgia place,1336220,"Hamilton city, Georgia",2020-2024,B10050_004,Less than six months,0,14,5,9,0,280,0,100,Unavailable MOE or zero percentage,Pass
Georgia place,1336276,"Hampton city, Georgia",2020-2024,B10050_004,Less than six months,0,20,126,89,0,15.873015873015872,0,15.873015873015872,Unavailable MOE or zero percentage,Pass
Georgia place,1336416,"Hannahs Mill CDP, Georgia",2020-2024,B10050_004,Less than six months,0,14,57,66,0,24.561403508771928,0,24.561403508771928,Unavailable MOE or zero percentage,Pass
Georgia place,1336472,"Hapeville city, Georgia",2020-2024,B10050_004,Less than six months,0,20,0,20,NA,NA,NA,NA,Missing input or nonpositive denominator,Pass
Georgia place,1336528,"Haralson town, Georgia",2020-2024,B10050_004,Less than six months,0,14,0,14,NA,NA,NA,NA,Missing input or nonpositive denominator,Pass
Georgia place,1336668,"Hardwick CDP, Georgia",2020-2024,B10050_004,Less than six months,0,14,38,43,0,36.84210526315789,0,36.84210526315789,Unavailable MOE or zero percentage,Pass
Georgia place,1336696,"Harlem city, Georgia",2020-2024,B10050_004,Less than six months,0,14,165,141,0,8.484848484848486,0,8.484848484848486,Unavailable MOE or zero percentage,Pass
Georgia place,1336920,"Harrison town, Georgia",2020-2024,B10050_004,Less than six months,0,14,2,4,0,700,0,100,Unavailable MOE or zero percentage,Pass
Georgia place,1337144,"Hartwell city, Georgia",2020-2024,B10050_004,Less than six months,18,34,90,73,20,34.11744421846396,0,54.11744421846396,Percentage MOE exceeds 50% of estimate,Pass
Georgia place,1337396,"Hawkinsville city, Georgia",2020-2024,B10050_004,Less than six months,0,14,0,14,NA,NA,NA,NA,Missing input or nonpositive denominator,Pass
Georgia place,1337564,"Hazlehurst city, Georgia",2020-2024,B10050_004,Less than six months,0,14,49,67,0,28.57142857142857,0,28.57142857142857,Unavailable MOE or zero percentage,Pass
Georgia place,1337788,"Helen city, Georgia",2020-2024,B10050_004,Less than six months,0,14,0,14,NA,NA,NA,NA,Missing input or nonpositive denominator,Pass
Georgia place,1337910,"Henderson CDP, Georgia",2020-2024,B10050_004,Less than six months,0,14,0,14,NA,NA,NA,NA,Missing input or nonpositive denominator,Pass
Georgia place,1338040,"Hephzibah city, Georgia",2020-2024,B10050_004,Less than six months,0,14,39,37,0,35.8974358974359,0,35.8974358974359,Unavailable MOE or zero percentage,Pass
Georgia place,1338105,"Heron Bay CDP, Georgia",2020-2024,B10050_004,Less than six months,0,14,29,40,0,48.27586206896552,0,48.27586206896552,Unavailable MOE or zero percentage,Pass
Georgia place,1338124,"Hiawassee city, Georgia",2020-2024,B10050_004,Less than six months,0,14,80,84,0,17.5,0,17.5,Unavailable MOE or zero percentage,Pass
Georgia place,1338292,"Hickox CDP, Georgia",2020-2024,B10050_004,Less than six months,0,14,0,14,NA,NA,NA,NA,Missing input or nonpositive denominator,Pass
Georgia place,1338348,"Higgston town, Georgia",2020-2024,B10050_004,Less than six months,0,14,2,6,0,700,0,100,Unavailable MOE or zero percentage,Pass
Georgia place,1338866,"Hilltop CDP, Georgia",2020-2024,B10050_004,Less than six months,0,14,0,14,NA,NA,NA,NA,Missing input or nonpositive denominator,Pass
Georgia place,1338920,"Hiltonia town, Georgia",2020-2024,B10050_004,Less than six months,0,14,5,8,0,280,0,100,Unavailable MOE or zero percentage,Pass
Georgia place,1339076,"Hiram city, Georgia",2020-2024,B10050_004,Less than six months,0,20,13,27,0,153.84615384615387,0,100,Unavailable MOE or zero percentage,Pass
Georgia place,1339216,"Hoboken city, Georgia",2020-2024,B10050_004,Less than six months,0,14,3,5,0,466.6666666666667,0,100,Unavailable MOE or zero percentage,Pass
Georgia place,1339244,"Hogansville city, Georgia",2020-2024,B10050_004,Less than six months,11,18,11,18,100,231.416764751961,0,100,Percentage MOE exceeds 50% of estimate,Pass
Georgia place,1339524,"Holly Springs city, Georgia",2020-2024,B10050_004,Less than six months,0,23,48,64,0,47.91666666666667,0,47.91666666666667,Unavailable MOE or zero percentage,Pass
Georgia place,1339692,"Homeland city, Georgia",2020-2024,B10050_004,Less than six months,0,14,2,3,0,700,0,100,Unavailable MOE or zero percentage,Pass
Georgia place,1339720,"Homer town, Georgia",2020-2024,B10050_004,Less than six months,0,14,7,12,0,200,0,100,Unavailable MOE or zero percentage,Pass
Georgia place,1339748,"Homerville city, Georgia",2020-2024,B10050_004,Less than six months,0,14,14,18,0,100,0,100,Unavailable MOE or zero percentage,Pass
Georgia place,1340028,"Hortense CDP, Georgia",2020-2024,B10050_004,Less than six months,0,14,0,14,NA,NA,NA,NA,Missing input or nonpositive denominator,Pass
Georgia place,1340056,"Hoschton city, Georgia",2020-2024,B10050_004,Less than six months,4,9,34,32,11.76470588235294,24.043463675110168,0,35.80816955746311,Percentage MOE exceeds 50% of estimate,Pass
Georgia place,1340196,"Howard CDP, Georgia",2020-2024,B10050_004,Less than six months,0,14,0,14,NA,NA,NA,NA,Missing input or nonpositive denominator,Pass
Georgia place,1340532,"Hull city, Georgia",2020-2024,B10050_004,Less than six months,0,14,0,14,NA,NA,NA,NA,Missing input or nonpositive denominator,Pass
Georgia place,1340812,"Ideal city, Georgia",2020-2024,B10050_004,Less than six months,36,52,54,58,66.66666666666666,64.38718424891505,2.279482417751609,100,Percentage MOE exceeds 50% of estimate,Pass
Georgia place,1340840,"Ila city, Georgia",2020-2024,B10050_004,Less than six months,0,14,0,14,NA,NA,NA,NA,Missing input or nonpositive denominator,Pass
Georgia place,1341036,"Indian Springs CDP, Georgia",2020-2024,B10050_004,Less than six months,0,14,0,14,NA,NA,NA,NA,Missing input or nonpositive denominator,Pass
Georgia place,1341344,"Iron City town, Georgia",2020-2024,B10050_004,Less than six months,0,14,6,9,0,233.33333333333337,0,100,Unavailable MOE or zero percentage,Pass
Georgia place,1341347,"Irondale CDP, Georgia",2020-2024,B10050_004,Less than six months,84,132,275,225,30.545454545454547,40.98064366062532,0,71.52609820607987,Percentage MOE exceeds 50% of estimate,Pass
Georgia place,1341400,"Irwinton city, Georgia",2020-2024,B10050_004,Less than six months,3,4,5,5,60,52.91502622129182,7.084973778708182,100,Percentage MOE exceeds 50% of estimate,Pass
Georgia place,1341484,"Isle of Hope CDP, Georgia",2020-2024,B10050_004,Less than six months,0,14,0,14,NA,NA,NA,NA,Missing input or nonpositive denominator,Pass
Georgia place,1341540,"Ivey city, Georgia",2020-2024,B10050_004,Less than six months,0,14,16,18,0,87.5,0,87.5,Unavailable MOE or zero percentage,Pass
Georgia place,1341596,"Jackson city, Georgia",2020-2024,B10050_004,Less than six months,0,20,9,25,0,222.22222222222223,0,100,Unavailable MOE or zero percentage,Pass
Georgia place,1341708,"Jacksonville city, Georgia",2020-2024,B10050_004,Less than six months,0,14,0,14,NA,NA,NA,NA,Missing input or nonpositive denominator,Pass
Georgia place,1341792,"Jakin city, Georgia",2020-2024,B10050_004,Less than six months,0,14,2,3,0,700,0,100,Unavailable MOE or zero percentage,Pass
Georgia place,1341932,"Jasper city, Georgia",2020-2024,B10050_004,Less than six months,0,14,81,58,0,17.28395061728395,0,17.28395061728395,Unavailable MOE or zero percentage,Pass
Georgia place,1341988,"Jefferson city, Georgia",2020-2024,B10050_004,Less than six months,0,23,106,74,0,21.69811320754717,0,21.69811320754717,Unavailable MOE or zero percentage,Pass
Georgia place,1342100,"Jeffersonville city, Georgia",2020-2024,B10050_004,Less than six months,0,14,17,19,0,82.35294117647058,0,82.35294117647058,Unavailable MOE or zero percentage,Pass
Georgia place,1342128,"Jekyll Island CDP, Georgia",2020-2024,B10050_004,Less than six months,0,14,0,14,NA,NA,NA,NA,Missing input or nonpositive denominator,Pass
Georgia place,1342156,"Jenkinsburg city, Georgia",2020-2024,B10050_004,Less than six months,0,14,0,14,NA,NA,NA,NA,Missing input or nonpositive denominator,Pass
Georgia place,1342184,"Jersey city, Georgia",2020-2024,B10050_004,Less than six months,0,14,22,33,0,63.63636363636363,0,63.63636363636363,Unavailable MOE or zero percentage,Pass
Georgia place,1342268,"Jesup city, Georgia",2020-2024,B10050_004,Less than six months,0,20,15,26,0,133.33333333333331,0,100,Unavailable MOE or zero percentage,Pass
Georgia place,1342425,"Johns Creek city, Georgia",2020-2024,B10050_004,Less than six months,45,64,207,117,21.73913043478261,28.371400489943856,0,50.11053092472646,Percentage MOE exceeds 50% of estimate,Pass
Georgia place,1342604,"Jonesboro city, Georgia",2020-2024,B10050_004,Less than six months,0,20,0,20,NA,NA,NA,NA,Missing input or nonpositive denominator,Pass
Georgia place,1342772,"Juliette CDP, Georgia",2020-2024,B10050_004,Less than six months,0,14,0,14,NA,NA,NA,NA,Missing input or nonpositive denominator,Pass
Georgia place,1342800,"Junction City town, Georgia",2020-2024,B10050_004,Less than six months,0,14,2,4,0,700,0,100,Unavailable MOE or zero percentage,Pass
Georgia place,1343192,"Kennesaw city, Georgia",2020-2024,B10050_004,Less than six months,10,19,262,160,3.816793893129771,6.867112694477029,0,10.6839065876068,Percentage MOE exceeds 50% of estimate,Pass
Georgia place,1343210,"Kennesaw State University CDP, Georgia",2020-2024,B10050_004,Less than six months,0,14,0,14,NA,NA,NA,NA,Missing input or nonpositive denominator,Pass
Georgia place,1343360,"Keysville city, Georgia",2020-2024,B10050_004,Less than six months,0,14,3,7,0,466.6666666666667,0,100,Unavailable MOE or zero percentage,Pass
Georgia place,1343580,"Kings Bay Base CDP, Georgia",2020-2024,B10050_004,Less than six months,0,14,0,14,NA,NA,NA,NA,Missing input or nonpositive denominator,Pass
Georgia place,1343640,"Kingsland city, Georgia",2020-2024,B10050_004,Less than six months,54,74,89,82,60.67415730337079,61.54860909118837,0,100,Percentage MOE exceeds 50% of estimate,Pass
Georgia place,1343668,"Kingston city, Georgia",2020-2024,B10050_004,Less than six months,0,14,15,19,0,93.33333333333331,0,93.33333333333331,Unavailable MOE or zero percentage,Pass
Georgia place,1343892,"Kite city, Georgia",2020-2024,B10050_004,Less than six months,0,14,0,14,NA,NA,NA,NA,Missing input or nonpositive denominator,Pass
Georgia place,1344060,"Knoxville CDP, Georgia",2020-2024,B10050_004,Less than six months,0,14,0,14,NA,NA,NA,NA,Missing input or nonpositive denominator,Pass
Georgia place,1344312,"LaFayette city, Georgia",2020-2024,B10050_004,Less than six months,0,20,160,166,0,12.5,0,12.5,Unavailable MOE or zero percentage,Pass
Georgia place,1344508,"Lake City city, Georgia",2020-2024,B10050_004,Less than six months,5,10,11,14,45.45454545454545,70.1262923490791,0,100,Percentage MOE exceeds 50% of estimate,Pass
Georgia place,1344592,"Lakeland city, Georgia",2020-2024,B10050_004,Less than six months,0,14,61,59,0,22.950819672131143,0,22.950819672131143,Unavailable MOE or zero percentage,Pass
Georgia place,1344704,"Lake Park city, Georgia",2020-2024,B10050_004,Less than six months,0,14,0,14,NA,NA,NA,NA,Missing input or nonpositive denominator,Pass
Georgia place,1344900,"Lakeview CDP, Georgia",2020-2024,B10050_004,Less than six months,0,14,62,75,0,22.58064516129032,0,22.58064516129032,Unavailable MOE or zero percentage,Pass
Georgia place,1344956,"Lakeview Estates CDP, Georgia",2020-2024,B10050_004,Less than six months,0,14,45,79,0,31.11111111111111,0,31.11111111111111,Unavailable MOE or zero percentage,Pass
Georgia place,1345460,"Lavonia city, Georgia",2020-2024,B10050_004,Less than six months,0,14,0,14,NA,NA,NA,NA,Missing input or nonpositive denominator,Pass
Georgia place,1345488,"Lawrenceville city, Georgia",2020-2024,B10050_004,Less than six months,0,30,181,118,0,16.574585635359114,0,16.574585635359114,Unavailable MOE or zero percentage,Pass
Georgia place,1345600,"Leary city, Georgia",2020-2024,B10050_004,Less than six months,0,14,3,6,0,466.6666666666667,0,100,Unavailable MOE or zero percentage,Pass
Georgia place,1345768,"Leesburg city, Georgia",2020-2024,B10050_004,Less than six months,77,119,99,121,77.77777777777779,73.56489281709304,4.212884960684747,100,Percentage MOE exceeds 50% of estimate,Pass
Georgia place,1345936,"Lenox town, Georgia",2020-2024,B10050_004,Less than six months,0,14,0,14,NA,NA,NA,NA,Missing input or nonpositive denominator,Pass
Georgia place,1346020,"Leslie city, Georgia",2020-2024,B10050_004,Less than six months,0,14,1,3,0,1400,0,100,Unavailable MOE or zero percentage,Pass
Georgia place,1346188,"Lexington city, Georgia",2020-2024,B10050_004,Less than six months,0,14,0,14,NA,NA,NA,NA,Missing input or nonpositive denominator,Pass
Georgia place,1346356,"Lilburn city, Georgia",2020-2024,B10050_004,Less than six months,0,23,20,29,0,115,0,100,Unavailable MOE or zero percentage,Pass
Georgia place,1346384,"Lilly city, Georgia",2020-2024,B10050_004,Less than six months,0,14,3,5,0,466.6666666666667,0,100,Unavailable MOE or zero percentage,Pass
Georgia place,1346524,"Lincoln Park CDP, Georgia",2020-2024,B10050_004,Less than six months,0,14,0,14,NA,NA,NA,NA,Missing input or nonpositive denominator,Pass
Georgia place,1346552,"Lincolnton city, Georgia",2020-2024,B10050_004,Less than six months,0,14,3,6,0,466.6666666666667,0,100,Unavailable MOE or zero percentage,Pass
Georgia place,1346580,"Lindale CDP, Georgia",2020-2024,B10050_004,Less than six months,0,14,40,45,0,35,0,35,Unavailable MOE or zero percentage,Pass
Georgia place,1346832,"Lithia Springs CDP, Georgia",2020-2024,B10050_004,Less than six months,51,69,58,74,87.93103448275862,39.58125519147738,48.34977929128124,100,Caregiver count MOE exceeds 50% of estimate,Pass
Georgia place,1346860,"Lithonia city, Georgia",2020-2024,B10050_004,Less than six months,0,14,62,51,0,22.58064516129032,0,22.58064516129032,Unavailable MOE or zero percentage,Pass
Georgia place,1347140,"Locust Grove city, Georgia",2020-2024,B10050_004,Less than six months,0,23,215,143,0,10.69767441860465,0,10.69767441860465,Unavailable MOE or zero percentage,Pass
Georgia place,1347196,"Loganville city, Georgia",2020-2024,B10050_004,Less than six months,0,23,50,57,0,46,0,46,Unavailable MOE or zero percentage,Pass
Georgia place,1347252,"Lone Oak town, Georgia",2020-2024,B10050_004,Less than six months,0,14,33,37,0,42.42424242424242,0,42.42424242424242,Unavailable MOE or zero percentage,Pass
Georgia place,1347336,"Lookout Mountain city, Georgia",2020-2024,B10050_004,Less than six months,0,14,0,14,NA,NA,NA,NA,Missing input or nonpositive denominator,Pass
Georgia place,1347560,"Louisville city, Georgia",2020-2024,B10050_004,Less than six months,0,14,12,18,0,116.66666666666669,0,100,Unavailable MOE or zero percentage,Pass
Georgia place,1347616,"Lovejoy city, Georgia",2020-2024,B10050_004,Less than six months,0,23,116,87,0,19.82758620689655,0,19.82758620689655,Unavailable MOE or zero percentage,Pass
Georgia place,1347784,"Ludowici city, Georgia",2020-2024,B10050_004,Less than six months,0,14,21,24,0,66.66666666666666,0,66.66666666666666,Unavailable MOE or zero percentage,Pass
Georgia place,1347896,"Lula city, Georgia",2020-2024,B10050_004,Less than six months,0,14,43,38,0,32.55813953488372,0,32.55813953488372,Unavailable MOE or zero percentage,Pass
Georgia place,1347952,"Lumber City city, Georgia",2020-2024,B10050_004,Less than six months,0,14,2,3,0,700,0,100,Unavailable MOE or zero percentage,Pass
Georgia place,1347980,"Lumpkin city, Georgia",2020-2024,B10050_004,Less than six months,0,14,0,14,NA,NA,NA,NA,Missing input or nonpositive denominator,Pass
Georgia place,1348008,"Luthersville city, Georgia",2020-2024,B10050_004,Less than six months,0,14,7,13,0,200,0,100,Unavailable MOE or zero percentage,Pass
Georgia place,1348092,"Lyerly town, Georgia",2020-2024,B10050_004,Less than six months,0,14,5,6,0,280,0,100,Unavailable MOE or zero percentage,Pass
Georgia place,1348232,"Lyons city, Georgia",2020-2024,B10050_004,Less than six months,0,14,85,98,0,16.470588235294116,0,16.470588235294116,Unavailable MOE or zero percentage,Pass
Georgia place,1348428,"McCaysville city, Georgia",2020-2024,B10050_004,Less than six months,9,16,32,41,28.125,34.66219142001968,0,62.78719142001968,Percentage MOE exceeds 50% of estimate,Pass
Georgia place,1348624,"McDonough city, Georgia",2020-2024,B10050_004,Less than six months,0,30,203,155,0,14.77832512315271,0,14.77832512315271,Unavailable MOE or zero percentage,Pass
Georgia place,1348848,"McIntyre town, Georgia",2020-2024,B10050_004,Less than six months,0,14,0,14,NA,NA,NA,NA,Missing input or nonpositive denominator,Pass
Georgia place,1349100,"McRae-Helena city, Georgia",2020-2024,B10050_004,Less than six months,0,20,33,43,0,60.60606060606061,0,60.60606060606061,Unavailable MOE or zero percentage,Pass
Georgia place,1349196,"Madison city, Georgia",2020-2024,B10050_004,Less than six months,0,14,0,14,NA,NA,NA,NA,Missing input or nonpositive denominator,Pass
Georgia place,1349504,"Manassas city, Georgia",2020-2024,B10050_004,Less than six months,0,14,0,14,NA,NA,NA,NA,Missing input or nonpositive denominator,Pass
Georgia place,1349532,"Manchester city, Georgia",2020-2024,B10050_004,Less than six months,0,14,17,18,0,82.35294117647058,0,82.35294117647058,Unavailable MOE or zero percentage,Pass
Georgia place,1349588,"Manor CDP, Georgia",2020-2024,B10050_004,Less than six months,0,14,0,14,NA,NA,NA,NA,Missing input or nonpositive denominator,Pass
Georgia place,1349616,"Mansfield city, Georgia",2020-2024,B10050_004,Less than six months,0,14,0,14,NA,NA,NA,NA,Missing input or nonpositive denominator,Pass
Georgia place,1349924,"Marshallville city, Georgia",2020-2024,B10050_004,Less than six months,0,14,11,17,0,127.27272727272728,0,100,Unavailable MOE or zero percentage,Pass
Georgia place,1350008,"Martin town, Georgia",2020-2024,B10050_004,Less than six months,0,14,0,14,NA,NA,NA,NA,Missing input or nonpositive denominator,Pass
Georgia place,1350036,"Martinez CDP, Georgia",2020-2024,B10050_004,Less than six months,14,23,214,115,6.5420560747663545,10.15642124812942,0,16.698477322895776,Percentage MOE exceeds 50% of estimate,Pass
Georgia place,1350176,"Matthews CDP, Georgia",2020-2024,B10050_004,Less than six months,0,14,0,14,NA,NA,NA,NA,Missing input or nonpositive denominator,Pass
Georgia place,1350260,"Maxeys town, Georgia",2020-2024,B10050_004,Less than six months,0,14,0,14,NA,NA,NA,NA,Missing input or nonpositive denominator,Pass
Georgia place,1350484,"Maysville town, Georgia",2020-2024,B10050_004,Less than six months,0,14,22,22,0,63.63636363636363,0,63.63636363636363,Unavailable MOE or zero percentage,Pass
Georgia place,1350596,"Meansville city, Georgia",2020-2024,B10050_004,Less than six months,0,14,13,23,0,107.6923076923077,0,100,Unavailable MOE or zero percentage,Pass
Georgia place,1350680,"Meigs city, Georgia",2020-2024,B10050_004,Less than six months,4,6,38,31,10.526315789473683,13.250150407868585,0,23.776466197342263,Percentage MOE exceeds 50% of estimate,Pass
Georgia place,1350820,"Mendes CDP, Georgia",2020-2024,B10050_004,Less than six months,0,14,0,14,NA,NA,NA,NA,Missing input or nonpositive denominator,Pass
Georgia place,1350848,"Menlo city, Georgia",2020-2024,B10050_004,Less than six months,0,14,4,7,0,350,0,100,Unavailable MOE or zero percentage,Pass
Georgia place,1350960,"Mershon CDP, Georgia",2020-2024,B10050_004,Less than six months,0,14,0,14,NA,NA,NA,NA,Missing input or nonpositive denominator,Pass
Georgia place,1351072,"Metter city, Georgia",2020-2024,B10050_004,Less than six months,5,8,34,36,14.705882352941178,17.64027279796662,0,32.3461551509078,Percentage MOE exceeds 50% of estimate,Pass
Georgia place,1351240,"Midville city, Georgia",2020-2024,B10050_004,Less than six months,2,4,2,4,100,282.842712474619,0,100,Percentage MOE exceeds 50% of estimate,Pass
Georgia place,1351352,"Midway city, Georgia",2020-2024,B10050_004,Less than six months,0,14,5,8,0,280,0,100,Unavailable MOE or zero percentage,Pass
Georgia place,1351408,"Milan city, Georgia",2020-2024,B10050_004,Less than six months,0,14,10,13,0,140,0,100,Unavailable MOE or zero percentage,Pass
Georgia place,1351492,"Milledgeville city, Georgia",2020-2024,B10050_004,Less than six months,0,23,70,98,0,32.857142857142854,0,32.857142857142854,Unavailable MOE or zero percentage,Pass
Georgia place,1351520,"Millen city, Georgia",2020-2024,B10050_004,Less than six months,0,14,29,47,0,48.27586206896552,0,48.27586206896552,Unavailable MOE or zero percentage,Pass
Georgia place,1351576,"Millwood CDP, Georgia",2020-2024,B10050_004,Less than six months,0,14,0,14,NA,NA,NA,NA,Missing input or nonpositive denominator,Pass
Georgia place,1351604,"Milner city, Georgia",2020-2024,B10050_004,Less than six months,0,14,0,14,NA,NA,NA,NA,Missing input or nonpositive denominator,Pass
Georgia place,1351660,"Milstead CDP, Georgia",2020-2024,B10050_004,Less than six months,0,14,0,14,NA,NA,NA,NA,Missing input or nonpositive denominator,Pass
Georgia place,1351670,"Milton city, Georgia",2020-2024,B10050_004,Less than six months,0,30,71,61,0,42.25352112676056,0,42.25352112676056,Unavailable MOE or zero percentage,Pass
Georgia place,1351744,"Mineral Bluff CDP, Georgia",2020-2024,B10050_004,Less than six months,0,14,0,14,NA,NA,NA,NA,Missing input or nonpositive denominator,Pass
Georgia place,1351968,"Mitchell town, Georgia",2020-2024,B10050_004,Less than six months,0,14,0,14,NA,NA,NA,NA,Missing input or nonpositive denominator,Pass
Georgia place,1352108,"Molena city, Georgia",2020-2024,B10050_004,Less than six months,0,14,7,10,0,200,0,100,Unavailable MOE or zero percentage,Pass
Georgia place,1352192,"Monroe city, Georgia",2020-2024,B10050_004,Less than six months,8,14,232,131,3.4482758620689653,5.711727860446402,0,9.160003722515366,Percentage MOE exceeds 50% of estimate,Pass
Georgia place,1352304,"Montezuma city, Georgia",2020-2024,B10050_004,Less than six months,0,14,113,84,0,12.389380530973453,0,12.389380530973453,Unavailable MOE or zero percentage,Pass
Georgia place,1352332,"Montgomery CDP, Georgia",2020-2024,B10050_004,Less than six months,0,14,0,14,NA,NA,NA,NA,Missing input or nonpositive denominator,Pass
Georgia place,1352416,"Monticello city, Georgia",2020-2024,B10050_004,Less than six months,0,14,36,34,0,38.88888888888889,0,38.88888888888889,Unavailable MOE or zero percentage,Pass
Georgia place,1352500,"Montrose town, Georgia",2020-2024,B10050_004,Less than six months,0,14,0,14,NA,NA,NA,NA,Missing input or nonpositive denominator,Pass
Georgia place,1352556,"Moody AFB CDP, Georgia",2020-2024,B10050_004,Less than six months,0,14,0,14,NA,NA,NA,NA,Missing input or nonpositive denominator,Pass
Georgia place,1352668,"Moreland town, Georgia",2020-2024,B10050_004,Less than six months,11,19,13,19,84.61538461538461,77.89104223386667,6.724342381517943,100,Percentage MOE exceeds 50% of estimate,Pass
Georgia place,1352696,"Morgan city, Georgia",2020-2024,B10050_004,Less than six months,0,14,0,14,NA,NA,NA,NA,Missing input or nonpositive denominator,Pass
Georgia place,1352724,"Morganton city, Georgia",2020-2024,B10050_004,Less than six months,0,14,3,5,0,466.6666666666667,0,100,Unavailable MOE or zero percentage,Pass
Georgia place,1353004,"Morrow city, Georgia",2020-2024,B10050_004,Less than six months,0,20,11,21,0,181.8181818181818,0,100,Unavailable MOE or zero percentage,Pass
Georgia place,1353032,"Morven city, Georgia",2020-2024,B10050_004,Less than six months,0,14,2,6,0,700,0,100,Unavailable MOE or zero percentage,Pass
Georgia place,1353060,"Moultrie city, Georgia",2020-2024,B10050_004,Less than six months,63,60,196,111,32.142857142857146,24.611937868344235,7.530919274512911,56.75479501120138,Percentage MOE exceeds 50% of estimate,Pass
Georgia place,1353116,"Mountain City town, Georgia",2020-2024,B10050_004,Less than six months,0,14,0,14,NA,NA,NA,NA,Missing input or nonpositive denominator,Pass
Georgia place,1353172,"Mountain Park city, Georgia",2020-2024,B10050_004,Less than six months,0,14,3,5,0,466.6666666666667,0,100,Unavailable MOE or zero percentage,Pass
Georgia place,1353186,"Mountain Park CDP, Georgia",2020-2024,B10050_004,Less than six months,0,23,70,68,0,32.857142857142854,0,32.857142857142854,Unavailable MOE or zero percentage,Pass
Georgia place,1353284,"Mount Airy town, Georgia",2020-2024,B10050_004,Less than six months,0,14,74,58,0,18.91891891891892,0,18.91891891891892,Unavailable MOE or zero percentage,Pass
Georgia place,1353508,"Mount Vernon city, Georgia",2020-2024,B10050_004,Less than six months,0,14,29,37,0,48.27586206896552,0,48.27586206896552,Unavailable MOE or zero percentage,Pass
Georgia place,1353620,"Mount Zion city, Georgia",2020-2024,B10050_004,Less than six months,0,14,41,54,0,34.146341463414636,0,34.146341463414636,Unavailable MOE or zero percentage,Pass
Georgia place,1354012,"Musella CDP, Georgia",2020-2024,B10050_004,Less than six months,0,14,0,14,NA,NA,NA,NA,Missing input or nonpositive denominator,Pass
Georgia place,1354124,"Nahunta city, Georgia",2020-2024,B10050_004,Less than six months,0,14,24,22,0,58.333333333333336,0,58.333333333333336,Unavailable MOE or zero percentage,Pass
Georgia place,1354264,"Nashville city, Georgia",2020-2024,B10050_004,Less than six months,2,5,27,42,7.4074074074074066,14.497049344698384,0,21.90445675210579,Percentage MOE exceeds 50% of estimate,Pass
Georgia place,1354404,"Naylor CDP, Georgia",2020-2024,B10050_004,Less than six months,0,14,0,14,NA,NA,NA,NA,Missing input or nonpositive denominator,Pass
Georgia place,1354572,"Nelson city, Georgia",2020-2024,B10050_004,Less than six months,0,14,14,23,0,100,0,100,Unavailable MOE or zero percentage,Pass
Georgia place,1354656,"Newborn town, Georgia",2020-2024,B10050_004,Less than six months,0,14,15,23,0,93.33333333333331,0,93.33333333333331,Unavailable MOE or zero percentage,Pass
Georgia place,1354768,"New England CDP, Georgia",2020-2024,B10050_004,Less than six months,0,14,0,14,NA,NA,NA,NA,Missing input or nonpositive denominator,Pass
Georgia place,1354992,"Newington town, Georgia",2020-2024,B10050_004,Less than six months,0,14,4,6,0,350,0,100,Unavailable MOE or zero percentage,Pass
Georgia place,1355020,"Newnan city, Georgia",2020-2024,B10050_004,Less than six months,16,31,623,316,2.568218298555377,4.802383469659561,0,7.370601768214938,Percentage MOE exceeds 50% of estimate,Pass
Georgia place,1355244,"Newton city, Georgia",2020-2024,B10050_004,Less than six months,0,14,10,15,0,140,0,100,Unavailable MOE or zero percentage,Pass
Georgia place,1355440,"Nicholls city, Georgia",2020-2024,B10050_004,Less than six months,2,3,4,5,50,41.4578098794425,8.5421901205575,91.4578098794425,Percentage MOE exceeds 50% of estimate,Pass
Georgia place,1355468,"Nicholson city, Georgia",2020-2024,B10050_004,Less than six months,0,14,65,60,0,21.53846153846154,0,21.53846153846154,Unavailable MOE or zero percentage,Pass
Georgia place,1355776,"Norcross city, Georgia",2020-2024,B10050_004,Less than six months,0,23,59,94,0,38.983050847457626,0,38.983050847457626,Unavailable MOE or zero percentage,Pass
Georgia place,1355860,"Norman Park city, Georgia",2020-2024,B10050_004,Less than six months,0,14,3,5,0,466.6666666666667,0,100,Unavailable MOE or zero percentage,Pass
Georgia place,1355944,"Norristown CDP, Georgia",2020-2024,B10050_004,Less than six months,0,14,0,14,NA,NA,NA,NA,Missing input or nonpositive denominator,Pass
Georgia place,1356112,"North Decatur CDP, Georgia",2020-2024,B10050_004,Less than six months,0,23,0,23,NA,NA,NA,NA,Missing input or nonpositive denominator,Pass
Georgia place,1356168,"North Druid Hills CDP, Georgia",2020-2024,B10050_004,Less than six months,0,23,30,44,0,76.66666666666667,0,76.66666666666667,Unavailable MOE or zero percentage,Pass
Georgia place,1356308,"North High Shoals town, Georgia",2020-2024,B10050_004,Less than six months,0,14,2,3,0,700,0,100,Unavailable MOE or zero percentage,Pass
Georgia place,1356560,"Norwood city, Georgia",2020-2024,B10050_004,Less than six months,0,14,0,14,NA,NA,NA,NA,Missing input or nonpositive denominator,Pass
Georgia place,1356644,"Nunez city, Georgia",2020-2024,B10050_004,Less than six months,0,14,0,14,NA,NA,NA,NA,Missing input or nonpositive denominator,Pass
Georgia place,1357232,"Oak Park town, Georgia",2020-2024,B10050_004,Less than six months,0,14,3,5,0,466.6666666666667,0,100,Unavailable MOE or zero percentage,Pass
Georgia place,1357260,"Oakwood city, Georgia",2020-2024,B10050_004,Less than six months,0,20,144,150,0,13.88888888888889,0,13.88888888888889,Unavailable MOE or zero percentage,Pass
Georgia place,1357372,"Ochlocknee town, Georgia",2020-2024,B10050_004,Less than six months,0,14,13,17,0,107.6923076923077,0,100,Unavailable MOE or zero percentage,Pass
Georgia place,1357428,"Ocilla city, Georgia",2020-2024,B10050_004,Less than six months,13,25,52,84,25,26.085884550481804,0,51.08588455048181,Percentage MOE exceeds 50% of estimate,Pass
Georgia place,1357456,"Oconee city, Georgia",2020-2024,B10050_004,Less than six months,0,14,21,35,0,66.66666666666666,0,66.66666666666666,Unavailable MOE or zero percentage,Pass
Georgia place,1357540,"Odum city, Georgia",2020-2024,B10050_004,Less than six months,0,14,0,14,NA,NA,NA,NA,Missing input or nonpositive denominator,Pass
Georgia place,1357568,"Offerman city, Georgia",2020-2024,B10050_004,Less than six months,0,14,11,16,0,127.27272727272728,0,100,Unavailable MOE or zero percentage,Pass
Georgia place,1357736,"Oglethorpe city, Georgia",2020-2024,B10050_004,Less than six months,0,14,0,14,NA,NA,NA,NA,Missing input or nonpositive denominator,Pass
Georgia place,1357876,"Ohoopee CDP, Georgia",2020-2024,B10050_004,Less than six months,0,14,0,14,NA,NA,NA,NA,Missing input or nonpositive denominator,Pass
Georgia place,1358100,"Oliver city, Georgia",2020-2024,B10050_004,Less than six months,0,14,1,4,0,1400,0,100,Unavailable MOE or zero percentage,Pass
Georgia place,1358184,"Omega city, Georgia",2020-2024,B10050_004,Less than six months,0,14,0,14,NA,NA,NA,NA,Missing input or nonpositive denominator,Pass
Georgia place,1358296,"Orchard Hill town, Georgia",2020-2024,B10050_004,Less than six months,0,14,0,14,NA,NA,NA,NA,Missing input or nonpositive denominator,Pass
Georgia place,1358744,"Oxford city, Georgia",2020-2024,B10050_004,Less than six months,0,14,28,39,0,50,0,50,Unavailable MOE or zero percentage,Pass
Georgia place,1358884,"Palmetto city, Georgia",2020-2024,B10050_004,Less than six months,0,14,154,191,0,9.090909090909092,0,9.090909090909092,Unavailable MOE or zero percentage,Pass
Georgia place,1359080,"Panthersville CDP, Georgia",2020-2024,B10050_004,Less than six months,0,20,46,43,0,43.47826086956522,0,43.47826086956522,Unavailable MOE or zero percentage,Pass
Georgia place,1359416,"Parrott town, Georgia",2020-2024,B10050_004,Less than six months,0,14,0,14,NA,NA,NA,NA,Missing input or nonpositive denominator,Pass
Georgia place,1359500,"Patterson city, Georgia",2020-2024,B10050_004,Less than six months,0,14,6,9,0,233.33333333333337,0,100,Unavailable MOE or zero percentage,Pass
Georgia place,1359556,"Pavo city, Georgia",2020-2024,B10050_004,Less than six months,0,14,6,12,0,233.33333333333337,0,100,Unavailable MOE or zero percentage,Pass
Georgia place,1359724,"Peachtree City city, Georgia",2020-2024,B10050_004,Less than six months,20,32,126,114,15.873015873015872,20.94640304147266,0,36.81941891448853,Percentage MOE exceeds 50% of estimate,Pass
Georgia place,1359735,"Peachtree Corners city, Georgia",2020-2024,B10050_004,Less than six months,0,30,91,87,0,32.967032967032964,0,32.967032967032964,Unavailable MOE or zero percentage,Pass
Georgia place,1359808,"Pearson city, Georgia",2020-2024,B10050_004,Less than six months,0,14,15,28,0,93.33333333333331,0,93.33333333333331,Unavailable MOE or zero percentage,Pass
Georgia place,1359976,"Pelham city, Georgia",2020-2024,B10050_004,Less than six months,0,14,39,37,0,35.8974358974359,0,35.8974358974359,Unavailable MOE or zero percentage,Pass
Georgia place,1360004,"Pembroke city, Georgia",2020-2024,B10050_004,Less than six months,0,14,33,34,0,42.42424242424242,0,42.42424242424242,Unavailable MOE or zero percentage,Pass
Georgia place,1360032,"Pendergrass town, Georgia",2020-2024,B10050_004,Less than six months,0,14,0,14,NA,NA,NA,NA,Missing input or nonpositive denominator,Pass
Georgia place,1360312,"Perkins CDP, Georgia",2020-2024,B10050_004,Less than six months,0,14,0,14,NA,NA,NA,NA,Missing input or nonpositive denominator,Pass
Georgia place,1360340,"Perry city, Georgia",2020-2024,B10050_004,Less than six months,105,122,120,124,87.5,46.48588495446763,41.01411504553237,100,Percentage MOE exceeds 50% of estimate,Pass
Georgia place,1360508,"Phillipsburg CDP, Georgia",2020-2024,B10050_004,Less than six months,0,14,0,14,NA,NA,NA,NA,Missing input or nonpositive denominator,Pass
Georgia place,1360984,"Pinehurst city, Georgia",2020-2024,B10050_004,Less than six months,0,14,14,31,0,100,0,100,Unavailable MOE or zero percentage,Pass
Georgia place,1361040,"Pine Lake city, Georgia",2020-2024,B10050_004,Less than six months,0,14,0,14,NA,NA,NA,NA,Missing input or nonpositive denominator,Pass
Georgia place,1361124,"Pine Mountain town, Georgia",2020-2024,B10050_004,Less than six months,0,14,11,16,0,127.27272727272728,0,100,Unavailable MOE or zero percentage,Pass
Georgia place,1361320,"Pineview town, Georgia",2020-2024,B10050_004,Less than six months,0,14,0,14,NA,NA,NA,NA,Missing input or nonpositive denominator,Pass
Georgia place,1361376,"Piney Grove CDP, Georgia",2020-2024,B10050_004,Less than six months,0,14,0,14,NA,NA,NA,NA,Missing input or nonpositive denominator,Pass
Georgia place,1361544,"Pitts city, Georgia",2020-2024,B10050_004,Less than six months,0,14,0,14,NA,NA,NA,NA,Missing input or nonpositive denominator,Pass
Georgia place,1361628,"Plains city, Georgia",2020-2024,B10050_004,Less than six months,0,14,5,9,0,280,0,100,Unavailable MOE or zero percentage,Pass
Georgia place,1361684,"Plainville city, Georgia",2020-2024,B10050_004,Less than six months,0,14,0,14,NA,NA,NA,NA,Missing input or nonpositive denominator,Pass
Georgia place,1362104,"Pooler city, Georgia",2020-2024,B10050_004,Less than six months,0,27,107,99,0,25.233644859813083,0,25.233644859813083,Unavailable MOE or zero percentage,Pass
Georgia place,1362216,"Portal town, Georgia",2020-2024,B10050_004,Less than six months,0,14,5,8,0,280,0,100,Unavailable MOE or zero percentage,Pass
Georgia place,1362244,"Porterdale city, Georgia",2020-2024,B10050_004,Less than six months,0,14,15,32,0,93.33333333333331,0,93.33333333333331,Unavailable MOE or zero percentage,Pass
Georgia place,1362328,"Port Wentworth city, Georgia",2020-2024,B10050_004,Less than six months,0,23,128,144,0,17.96875,0,17.96875,Unavailable MOE or zero percentage,Pass
Georgia place,1362496,"Poulan city, Georgia",2020-2024,B10050_004,Less than six months,0,14,13,21,0,107.6923076923077,0,100,Unavailable MOE or zero percentage,Pass
Georgia place,1362524,"Powder Springs city, Georgia",2020-2024,B10050_004,Less than six months,30,44,135,101,22.22222222222222,28.033361602430872,0,50.255583824653094,Percentage MOE exceeds 50% of estimate,Pass
Georgia place,1363000,"Pulaski town, Georgia",2020-2024,B10050_004,Less than six months,0,14,0,14,NA,NA,NA,NA,Missing input or nonpositive denominator,Pass
Georgia place,1363084,"Putney CDP, Georgia",2020-2024,B10050_004,Less than six months,0,14,0,14,NA,NA,NA,NA,Missing input or nonpositive denominator,Pass
Georgia place,1363224,"Quitman city, Georgia",2020-2024,B10050_004,Less than six months,0,14,33,35,0,42.42424242424242,0,42.42424242424242,Unavailable MOE or zero percentage,Pass
Georgia place,1363560,"Ranger CDP, Georgia",2020-2024,B10050_004,Less than six months,0,14,0,14,NA,NA,NA,NA,Missing input or nonpositive denominator,Pass
Georgia place,1363588,"Raoul CDP, Georgia",2020-2024,B10050_004,Less than six months,0,14,1,3,0,1400,0,100,Unavailable MOE or zero percentage,Pass
Georgia place,1363728,"Ray City city, Georgia",2020-2024,B10050_004,Less than six months,0,14,32,26,0,43.75,0,43.75,Unavailable MOE or zero percentage,Pass
Georgia place,1363756,"Rayle town, Georgia",2020-2024,B10050_004,Less than six months,0,14,0,14,NA,NA,NA,NA,Missing input or nonpositive denominator,Pass
Georgia place,1363840,"Rebecca town, Georgia",2020-2024,B10050_004,Less than six months,0,14,0,14,NA,NA,NA,NA,Missing input or nonpositive denominator,Pass
Georgia place,1363952,"Redan CDP, Georgia",2020-2024,B10050_004,Less than six months,22,35,245,136,8.979591836734693,13.387886227283872,0,22.367478064018563,Percentage MOE exceeds 50% of estimate,Pass
Georgia place,1364288,"Reed Creek CDP, Georgia",2020-2024,B10050_004,Less than six months,17,37,17,37,100,307.7994223988501,0,100,Percentage MOE exceeds 50% of estimate,Pass
Georgia place,1364372,"Register town, Georgia",2020-2024,B10050_004,Less than six months,0,14,0,14,NA,NA,NA,NA,Missing input or nonpositive denominator,Pass
Georgia place,1364512,"Reidsville city, Georgia",2020-2024,B10050_004,Less than six months,0,14,36,59,0,38.88888888888889,0,38.88888888888889,Unavailable MOE or zero percentage,Pass
Georgia place,1364596,"Remerton city, Georgia",2020-2024,B10050_004,Less than six months,0,14,0,14,NA,NA,NA,NA,Missing input or nonpositive denominator,Pass
Georgia place,1364680,"Rentz city, Georgia",2020-2024,B10050_004,Less than six months,0,14,9,16,0,155.55555555555557,0,100,Unavailable MOE or zero percentage,Pass
Georgia place,1364736,"Resaca town, Georgia",2020-2024,B10050_004,Less than six months,0,14,11,21,0,127.27272727272728,0,100,Unavailable MOE or zero percentage,Pass
Georgia place,1364792,"Rest Haven town, Georgia",2020-2024,B10050_004,Less than six months,0,14,0,14,NA,NA,NA,NA,Missing input or nonpositive denominator,Pass
Georgia place,1364876,"Reynolds city, Georgia",2020-2024,B10050_004,Less than six months,0,14,11,20,0,127.27272727272728,0,100,Unavailable MOE or zero percentage,Pass
Georgia place,1364932,"Rhine town, Georgia",2020-2024,B10050_004,Less than six months,0,14,0,14,NA,NA,NA,NA,Missing input or nonpositive denominator,Pass
Georgia place,1364960,"Riceboro city, Georgia",2020-2024,B10050_004,Less than six months,0,14,14,19,0,100,0,100,Unavailable MOE or zero percentage,Pass
Georgia place,1365016,"Richland city, Georgia",2020-2024,B10050_004,Less than six months,0,14,10,13,0,140,0,100,Unavailable MOE or zero percentage,Pass
Georgia place,1365044,"Richmond Hill city, Georgia",2020-2024,B10050_004,Less than six months,11,18,38,38,28.947368421052634,37.49422854940791,0,66.44159697046054,Percentage MOE exceeds 50% of estimate,Pass
Georgia place,1365156,"Riddleville town, Georgia",2020-2024,B10050_004,Less than six months,0,14,4,8,0,350,0,100,Unavailable MOE or zero percentage,Pass
Georgia place,1365296,"Rincon city, Georgia",2020-2024,B10050_004,Less than six months,0,23,10,19,0,229.99999999999997,0,100,Unavailable MOE or zero percentage,Pass
Georgia place,1365324,"Ringgold city, Georgia",2020-2024,B10050_004,Less than six months,34,53,39,53,87.17948717948718,66.57222736691443,20.60725981257275,100,Percentage MOE exceeds 50% of estimate,Pass
Georgia place,1365464,"Riverdale city, Georgia",2020-2024,B10050_004,Less than six months,0,23,120,117,0,19.166666666666668,0,19.166666666666668,Unavailable MOE or zero percentage,Pass
Georgia place,1365856,"Roberta city, Georgia",2020-2024,B10050_004,Less than six months,0,14,7,10,0,200,0,100,Unavailable MOE or zero percentage,Pass
Georgia place,1365968,"Robins AFB CDP, Georgia",2020-2024,B10050_004,Less than six months,0,14,0,14,NA,NA,NA,NA,Missing input or nonpositive denominator,Pass
Georgia place,1366024,"Rochelle city, Georgia",2020-2024,B10050_004,Less than six months,0,14,38,29,0,36.84210526315789,0,36.84210526315789,Unavailable MOE or zero percentage,Pass
Georgia place,1366220,"Rockingham CDP, Georgia",2020-2024,B10050_004,Less than six months,0,14,0,14,NA,NA,NA,NA,Missing input or nonpositive denominator,Pass
Georgia place,1366276,"Rockmart city, Georgia",2020-2024,B10050_004,Less than six months,0,20,49,79,0,40.81632653061224,0,40.81632653061224,Unavailable MOE or zero percentage,Pass
Georgia place,1366304,"Rock Spring CDP, Georgia",2020-2024,B10050_004,Less than six months,0,14,0,14,NA,NA,NA,NA,Missing input or nonpositive denominator,Pass
Georgia place,1366444,"Rocky Ford town, Georgia",2020-2024,B10050_004,Less than six months,0,14,5,7,0,280,0,100,Unavailable MOE or zero percentage,Pass
Georgia place,1366668,"Rome city, Georgia",2020-2024,B10050_004,Less than six months,0,30,253,186,0,11.857707509881422,0,11.857707509881422,Unavailable MOE or zero percentage,Pass
Georgia place,1366696,"Roopville town, Georgia",2020-2024,B10050_004,Less than six months,0,14,9,17,0,155.55555555555557,0,100,Unavailable MOE or zero percentage,Pass
Georgia place,1367256,"Rossville city, Georgia",2020-2024,B10050_004,Less than six months,0,14,25,39,0,56.00000000000001,0,56.00000000000001,Unavailable MOE or zero percentage,Pass
Georgia place,1367284,"Roswell city, Georgia",2020-2024,B10050_004,Less than six months,0,34,207,147,0,16.425120772946862,0,16.425120772946862,Unavailable MOE or zero percentage,Pass
Georgia place,1367452,"Royston city, Georgia",2020-2024,B10050_004,Less than six months,0,14,2,6,0,700,0,100,Unavailable MOE or zero percentage,Pass
Georgia place,1367676,"Russell CDP, Georgia",2020-2024,B10050_004,Less than six months,0,14,0,14,NA,NA,NA,NA,Missing input or nonpositive denominator,Pass
Georgia place,1367760,"Rutledge city, Georgia",2020-2024,B10050_004,Less than six months,0,14,5,8,0,280,0,100,Unavailable MOE or zero percentage,Pass
Georgia place,1367984,"St. Marys city, Georgia",2020-2024,B10050_004,Less than six months,0,23,127,108,0,18.11023622047244,0,18.11023622047244,Unavailable MOE or zero percentage,Pass
Georgia place,1368040,"St. Simons CDP, Georgia",2020-2024,B10050_004,Less than six months,17,27,35,34,48.57142857142857,61.03049537810962,0,100,Percentage MOE exceeds 50% of estimate,Pass
Georgia place,1368096,"Sale City city, Georgia",2020-2024,B10050_004,Less than six months,0,14,0,14,NA,NA,NA,NA,Missing input or nonpositive denominator,Pass
Georgia place,1368129,"Salem CDP, Georgia",2020-2024,B10050_004,Less than six months,0,14,0,14,NA,NA,NA,NA,Missing input or nonpositive denominator,Pass
Georgia place,1368208,"Sandersville city, Georgia",2020-2024,B10050_004,Less than six months,0,20,214,120,0,9.345794392523365,0,9.345794392523365,Unavailable MOE or zero percentage,Pass
Georgia place,1368516,"Sandy Springs city, Georgia",2020-2024,B10050_004,Less than six months,20,35,111,92,18.01801801801802,27.770803411450594,0,45.78882142946861,Percentage MOE exceeds 50% of estimate,Pass
Georgia place,1368600,"Santa Claus city, Georgia",2020-2024,B10050_004,Less than six months,0,14,0,14,NA,NA,NA,NA,Missing input or nonpositive denominator,Pass
Georgia place,1368740,"Sardis city, Georgia",2020-2024,B10050_004,Less than six months,0,14,16,24,0,87.5,0,87.5,Unavailable MOE or zero percentage,Pass
Georgia place,1368796,"Sasser town, Georgia",2020-2024,B10050_004,Less than six months,0,14,2,4,0,700,0,100,Unavailable MOE or zero percentage,Pass
Georgia place,1368805,"Satilla CDP, Georgia",2020-2024,B10050_004,Less than six months,0,14,0,14,NA,NA,NA,NA,Missing input or nonpositive denominator,Pass
Georgia place,1368880,"Sautee-Nacoochee CDP, Georgia",2020-2024,B10050_004,Less than six months,0,14,0,14,NA,NA,NA,NA,Missing input or nonpositive denominator,Pass
Georgia place,1369336,"Scotland city, Georgia",2020-2024,B10050_004,Less than six months,0,14,0,14,NA,NA,NA,NA,Missing input or nonpositive denominator,Pass
Georgia place,1369392,"Scottdale CDP, Georgia",2020-2024,B10050_004,Less than six months,20,33,101,91,19.8019801980198,27.372016156974055,0,47.17399635499386,Percentage MOE exceeds 50% of estimate,Pass
Georgia place,1369448,"Screven city, Georgia",2020-2024,B10050_004,Less than six months,1,3,23,23,4.3478260869565215,12.297509238026914,0,16.645335324983435,Percentage MOE exceeds 50% of estimate,Pass
Georgia place,1369672,"Senoia city, Georgia",2020-2024,B10050_004,Less than six months,0,20,0,20,NA,NA,NA,NA,Missing input or nonpositive denominator,Pass
Georgia place,1369728,"Seville CDP, Georgia",2020-2024,B10050_004,Less than six months,0,14,0,14,NA,NA,NA,NA,Missing input or nonpositive denominator,Pass
Georgia place,1369784,"Shady Dale town, Georgia",2020-2024,B10050_004,Less than six months,0,14,5,8,0,280,0,100,Unavailable MOE or zero percentage,Pass
Georgia place,1369868,"Shannon CDP, Georgia",2020-2024,B10050_004,Less than six months,2,10,62,103,3.225806451612903,15.212718015815549,0,18.43852446742845,Percentage MOE exceeds 50% of estimate,Pass
Georgia place,1369896,"Sharon city, Georgia",2020-2024,B10050_004,Less than six months,0,14,1,2,0,1400,0,100,Unavailable MOE or zero percentage,Pass
Georgia place,1369980,"Sharpsburg town, Georgia",2020-2024,B10050_004,Less than six months,0,14,2,3,0,700,0,100,Unavailable MOE or zero percentage,Pass
Georgia place,1370120,"Shellman city, Georgia",2020-2024,B10050_004,Less than six months,0,14,45,42,0,31.11111111111111,0,31.11111111111111,Unavailable MOE or zero percentage,Pass
Georgia place,1370428,"Shiloh city, Georgia",2020-2024,B10050_004,Less than six months,0,14,9,17,0,155.55555555555557,0,100,Unavailable MOE or zero percentage,Pass
Georgia place,1370932,"Siloam town, Georgia",2020-2024,B10050_004,Less than six months,4,6,4,6,100,212.13203435596424,0,100,Percentage MOE exceeds 50% of estimate,Pass
Georgia place,1371184,"Skidaway Island CDP, Georgia",2020-2024,B10050_004,Less than six months,0,20,5,9,0,400,0,100,Unavailable MOE or zero percentage,Pass
Georgia place,1371282,"Sky Valley city, Georgia",2020-2024,B10050_004,Less than six months,0,14,0,14,NA,NA,NA,NA,Missing input or nonpositive denominator,Pass
Georgia place,1371296,"Smarr CDP, Georgia",2020-2024,B10050_004,Less than six months,0,14,0,14,NA,NA,NA,NA,Missing input or nonpositive denominator,Pass
Georgia place,1371464,"Smithville city, Georgia",2020-2024,B10050_004,Less than six months,0,14,11,23,0,127.27272727272728,0,100,Unavailable MOE or zero percentage,Pass
Georgia place,1371492,"Smyrna city, Georgia",2020-2024,B10050_004,Less than six months,0,34,203,118,0,16.748768472906402,0,16.748768472906402,Unavailable MOE or zero percentage,Pass
Georgia place,1371604,"Snellville city, Georgia",2020-2024,B10050_004,Less than six months,0,27,93,132,0,29.03225806451613,0,29.03225806451613,Unavailable MOE or zero percentage,Pass
Georgia place,1371660,"Social Circle city, Georgia",2020-2024,B10050_004,Less than six months,0,20,31,60,0,64.51612903225806,0,64.51612903225806,Unavailable MOE or zero percentage,Pass
Georgia place,1371772,"Soperton city, Georgia",2020-2024,B10050_004,Less than six months,0,14,18,23,0,77.77777777777779,0,77.77777777777779,Unavailable MOE or zero percentage,Pass
Georgia place,1372556,"Sparks town, Georgia",2020-2024,B10050_004,Less than six months,0,14,19,21,0,73.68421052631578,0,73.68421052631578,Unavailable MOE or zero percentage,Pass
Georgia place,1372584,"Sparta city, Georgia",2020-2024,B10050_004,Less than six months,0,14,5,13,0,280,0,100,Unavailable MOE or zero percentage,Pass
Georgia place,1372780,"Springfield city, Georgia",2020-2024,B10050_004,Less than six months,0,14,7,11,0,200,0,100,Unavailable MOE or zero percentage,Pass
Georgia place,1373004,"Stapleton city, Georgia",2020-2024,B10050_004,Less than six months,0,14,6,8,0,233.33333333333337,0,100,Unavailable MOE or zero percentage,Pass
Georgia place,1373256,"Statesboro city, Georgia",2020-2024,B10050_004,Less than six months,60,84,245,157,24.489795918367346,30.48320003060773,0,54.97299594897507,Percentage MOE exceeds 50% of estimate,Pass
Georgia place,1373312,"Statham city, Georgia",2020-2024,B10050_004,Less than six months,0,14,0,14,NA,NA,NA,NA,Missing input or nonpositive denominator,Pass
Georgia place,1373452,"Sterling CDP, Georgia",2020-2024,B10050_004,Less than six months,0,14,0,14,NA,NA,NA,NA,Missing input or nonpositive denominator,Pass
Georgia place,1373620,"Stillmore city, Georgia",2020-2024,B10050_004,Less than six months,0,14,8,13,0,175,0,100,Unavailable MOE or zero percentage,Pass
Georgia place,1373760,"Stockton CDP, Georgia",2020-2024,B10050_004,Less than six months,0,14,0,14,NA,NA,NA,NA,Missing input or nonpositive denominator,Pass
Georgia place,1373816,"Stone Mountain city, Georgia",2020-2024,B10050_004,Less than six months,0,20,20,35,0,100,0,100,Unavailable MOE or zero percentage,Pass
Georgia place,1374180,"Sugar Hill city, Georgia",2020-2024,B10050_004,Less than six months,0,27,63,71,0,42.857142857142854,0,42.857142857142854,Unavailable MOE or zero percentage,Pass
Georgia place,1374348,"Summertown city, Georgia",2020-2024,B10050_004,Less than six months,0,14,8,17,0,175,0,100,Unavailable MOE or zero percentage,Pass
Georgia place,1374376,"Summerville city, Georgia",2020-2024,B10050_004,Less than six months,26,43,103,73,25.24271844660194,37.71990066864367,0,62.96261911524561,Percentage MOE exceeds 50% of estimate,Pass
Georgia place,1374432,"Sumner town, Georgia",2020-2024,B10050_004,Less than six months,0,14,0,14,NA,NA,NA,NA,Missing input or nonpositive denominator,Pass
Georgia place,1374572,"Sunny Side CDP, Georgia",2020-2024,B10050_004,Less than six months,0,14,5,7,0,280,0,100,Unavailable MOE or zero percentage,Pass
Georgia place,1374628,"Sunnyside CDP, Georgia",2020-2024,B10050_004,Less than six months,0,14,0,14,NA,NA,NA,NA,Missing input or nonpositive denominator,Pass
Georgia place,1374768,"Sunset Village CDP, Georgia",2020-2024,B10050_004,Less than six months,0,14,0,14,NA,NA,NA,NA,Missing input or nonpositive denominator,Pass
Georgia place,1374852,"Surrency town, Georgia",2020-2024,B10050_004,Less than six months,0,14,0,14,NA,NA,NA,NA,Missing input or nonpositive denominator,Pass
Georgia place,1374936,"Suwanee city, Georgia",2020-2024,B10050_004,Less than six months,0,27,88,66,0,30.681818181818183,0,30.681818181818183,Unavailable MOE or zero percentage,Pass
Georgia place,1374964,"Swainsboro city, Georgia",2020-2024,B10050_004,Less than six months,0,20,31,14,0,64.51612903225806,0,64.51612903225806,Unavailable MOE or zero percentage,Pass
Georgia place,1375104,"Sycamore city, Georgia",2020-2024,B10050_004,Less than six months,0,14,11,17,0,127.27272727272728,0,100,Unavailable MOE or zero percentage,Pass
Georgia place,1375160,"Sylvania city, Georgia",2020-2024,B10050_004,Less than six months,0,14,8,14,0,175,0,100,Unavailable MOE or zero percentage,Pass
Georgia place,1375188,"Sylvester city, Georgia",2020-2024,B10050_004,Less than six months,0,20,77,70,0,25.97402597402597,0,25.97402597402597,Unavailable MOE or zero percentage,Pass
Georgia place,1375239,"Talahi Island CDP, Georgia",2020-2024,B10050_004,Less than six months,0,14,0,14,NA,NA,NA,NA,Missing input or nonpositive denominator,Pass
Georgia place,1375244,"Talbotton city, Georgia",2020-2024,B10050_004,Less than six months,0,14,6,10,0,233.33333333333337,0,100,Unavailable MOE or zero percentage,Pass
Georgia place,1375272,"Talking Rock town, Georgia",2020-2024,B10050_004,Less than six months,0,14,0,14,NA,NA,NA,NA,Missing input or nonpositive denominator,Pass
Georgia place,1375300,"Tallapoosa city, Georgia",2020-2024,B10050_004,Less than six months,0,14,8,41,0,175,0,100,Unavailable MOE or zero percentage,Pass
Georgia place,1375328,"Tallulah Falls town, Georgia",2020-2024,B10050_004,Less than six months,0,14,0,14,NA,NA,NA,NA,Missing input or nonpositive denominator,Pass
Georgia place,1375412,"Talmo town, Georgia",2020-2024,B10050_004,Less than six months,0,14,0,14,NA,NA,NA,NA,Missing input or nonpositive denominator,Pass
Georgia place,1375496,"Tarrytown town, Georgia",2020-2024,B10050_004,Less than six months,0,14,0,14,NA,NA,NA,NA,Missing input or nonpositive denominator,Pass
Georgia place,1375580,"Tate City CDP, Georgia",2020-2024,B10050_004,Less than six months,0,14,0,14,NA,NA,NA,NA,Missing input or nonpositive denominator,Pass
Georgia place,1375664,"Taylorsville town, Georgia",2020-2024,B10050_004,Less than six months,0,14,4,6,0,350,0,100,Unavailable MOE or zero percentage,Pass
Georgia place,1375692,"Tazewell CDP, Georgia",2020-2024,B10050_004,Less than six months,0,14,0,14,NA,NA,NA,NA,Missing input or nonpositive denominator,Pass
Georgia place,1375832,"Temple city, Georgia",2020-2024,B10050_004,Less than six months,0,20,86,90,0,23.25581395348837,0,23.25581395348837,Unavailable MOE or zero percentage,Pass
Georgia place,1375888,"Tennille city, Georgia",2020-2024,B10050_004,Less than six months,5,8,23,28,21.73913043478261,22.570603488240906,0,44.309733923023515,Percentage MOE exceeds 50% of estimate,Pass
Georgia place,1376112,"The Rock CDP, Georgia",2020-2024,B10050_004,Less than six months,0,14,0,14,NA,NA,NA,NA,Missing input or nonpositive denominator,Pass
Georgia place,1376168,"Thomaston city, Georgia",2020-2024,B10050_004,Less than six months,0,20,75,101,0,26.666666666666668,0,26.666666666666668,Unavailable MOE or zero percentage,Pass
Georgia place,1376224,"Thomasville city, Georgia",2020-2024,B10050_004,Less than six months,0,23,110,75,0,20.909090909090907,0,20.909090909090907,Unavailable MOE or zero percentage,Pass
Georgia place,1376280,"Thomson city, Georgia",2020-2024,B10050_004,Less than six months,19,30,147,155,12.925170068027212,15.19061935550337,0,28.115789423530583,Percentage MOE exceeds 50% of estimate,Pass
Georgia place,1376364,"Thunderbolt town, Georgia",2020-2024,B10050_004,Less than six months,0,14,38,33,0,36.84210526315789,0,36.84210526315789,Unavailable MOE or zero percentage,Pass
Georgia place,1376476,"Tifton city, Georgia",2020-2024,B10050_004,Less than six months,19,26,122,94,15.57377049180328,17.61226514714338,0,33.186035638946656,Percentage MOE exceeds 50% of estimate,Pass
Georgia place,1376504,"Tiger town, Georgia",2020-2024,B10050_004,Less than six months,0,14,3,3,0,466.6666666666667,0,100,Unavailable MOE or zero percentage,Pass
Georgia place,1376532,"Tignall town, Georgia",2020-2024,B10050_004,Less than six months,0,14,17,27,0,82.35294117647058,0,82.35294117647058,Unavailable MOE or zero percentage,Pass
Georgia place,1376756,"Toccoa city, Georgia",2020-2024,B10050_004,Less than six months,0,20,95,86,0,21.052631578947366,0,21.052631578947366,Unavailable MOE or zero percentage,Pass
Georgia place,1376952,"Toomsboro city, Georgia",2020-2024,B10050_004,Less than six months,0,14,9,12,0,155.55555555555557,0,100,Unavailable MOE or zero percentage,Pass
Georgia place,1377372,"Trenton city, Georgia",2020-2024,B10050_004,Less than six months,0,14,23,32,0,60.86956521739131,0,60.86956521739131,Unavailable MOE or zero percentage,Pass
Georgia place,1377540,"Trion town, Georgia",2020-2024,B10050_004,Less than six months,0,14,8,12,0,175,0,100,Unavailable MOE or zero percentage,Pass
Georgia place,1377652,"Tucker city, Georgia",2020-2024,B10050_004,Less than six months,0,30,185,158,0,16.216216216216218,0,16.216216216216218,Unavailable MOE or zero percentage,Pass
Georgia place,1377736,"Tunnel Hill city, Georgia",2020-2024,B10050_004,Less than six months,0,14,7,9,0,200,0,100,Unavailable MOE or zero percentage,Pass
Georgia place,1377764,"Turin town, Georgia",2020-2024,B10050_004,Less than six months,0,14,0,14,NA,NA,NA,NA,Missing input or nonpositive denominator,Pass
Georgia place,1377988,"Twin City city, Georgia",2020-2024,B10050_004,Less than six months,0,14,9,15,0,155.55555555555557,0,100,Unavailable MOE or zero percentage,Pass
Georgia place,1378036,"Tybee Island city, Georgia",2020-2024,B10050_004,Less than six months,0,14,16,30,0,87.5,0,87.5,Unavailable MOE or zero percentage,Pass
Georgia place,1378044,"Tyrone town, Georgia",2020-2024,B10050_004,Less than six months,0,20,0,20,NA,NA,NA,NA,Missing input or nonpositive denominator,Pass
Georgia place,1378100,"Ty Ty city, Georgia",2020-2024,B10050_004,Less than six months,0,14,29,36,0,48.27586206896552,0,48.27586206896552,Unavailable MOE or zero percentage,Pass
Georgia place,1378156,"Unadilla city, Georgia",2020-2024,B10050_004,Less than six months,0,14,0,14,NA,NA,NA,NA,Missing input or nonpositive denominator,Pass
Georgia place,1378324,"Union City city, Georgia",2020-2024,B10050_004,Less than six months,0,27,249,170,0,10.843373493975903,0,10.843373493975903,Unavailable MOE or zero percentage,Pass
Georgia place,1378380,"Union Point city, Georgia",2020-2024,B10050_004,Less than six months,5,10,14,16,35.714285714285715,58.61798618916356,0,94.33227190344928,Percentage MOE exceeds 50% of estimate,Pass
Georgia place,1378464,"Unionville CDP, Georgia",2020-2024,B10050_004,Less than six months,0,14,19,21,0,73.68421052631578,0,73.68421052631578,Unavailable MOE or zero percentage,Pass
Georgia place,1378744,"Uvalda city, Georgia",2020-2024,B10050_004,Less than six months,0,14,23,24,0,60.86956521739131,0,60.86956521739131,Unavailable MOE or zero percentage,Pass
Georgia place,1378800,"Valdosta city, Georgia",2020-2024,B10050_004,Less than six months,0,34,325,184,0,10.461538461538462,0,10.461538461538462,Unavailable MOE or zero percentage,Pass
Georgia place,1378996,"Varnell city, Georgia",2020-2024,B10050_004,Less than six months,2,4,2,4,100,282.842712474619,0,100,Percentage MOE exceeds 50% of estimate,Pass
Georgia place,1379164,"Vernonburg town, Georgia",2020-2024,B10050_004,Less than six months,0,14,0,14,NA,NA,NA,NA,Missing input or nonpositive denominator,Pass
Georgia place,1379388,"Vidalia city, Georgia",2020-2024,B10050_004,Less than six months,0,23,65,75,0,35.38461538461539,0,35.38461538461539,Unavailable MOE or zero percentage,Pass
Georgia place,1379416,"Vidette city, Georgia",2020-2024,B10050_004,Less than six months,0,14,0,14,NA,NA,NA,NA,Missing input or nonpositive denominator,Pass
Georgia place,1379444,"Vienna city, Georgia",2020-2024,B10050_004,Less than six months,0,14,35,42,0,40,0,40,Unavailable MOE or zero percentage,Pass
Georgia place,1379528,"Villa Rica city, Georgia",2020-2024,B10050_004,Less than six months,0,23,215,219,0,10.69767441860465,0,10.69767441860465,Unavailable MOE or zero percentage,Pass
Georgia place,1379612,"Vinings CDP, Georgia",2020-2024,B10050_004,Less than six months,0,23,57,77,0,40.35087719298245,0,40.35087719298245,Unavailable MOE or zero percentage,Pass
Georgia place,1379808,"Waco city, Georgia",2020-2024,B10050_004,Less than six months,0,14,25,24,0,56.00000000000001,0,56.00000000000001,Unavailable MOE or zero percentage,Pass
Georgia place,1379864,"Wadley city, Georgia",2020-2024,B10050_004,Less than six months,18,24,49,42,36.734693877551024,37.51768616243828,0,74.2523800399893,Percentage MOE exceeds 50% of estimate,Pass
Georgia place,1379948,"Waleska city, Georgia",2020-2024,B10050_004,Less than six months,0,14,2,4,0,700,0,100,Unavailable MOE or zero percentage,Pass
Georgia place,1380228,"Walnut Grove city, Georgia",2020-2024,B10050_004,Less than six months,0,14,22,21,0,63.63636363636363,0,63.63636363636363,Unavailable MOE or zero percentage,Pass
Georgia place,1380256,"Walthourville city, Georgia",2020-2024,B10050_004,Less than six months,0,14,120,127,0,11.666666666666666,0,11.666666666666666,Unavailable MOE or zero percentage,Pass
Georgia place,1380368,"Waresboro CDP, Georgia",2020-2024,B10050_004,Less than six months,0,14,0,14,NA,NA,NA,NA,Missing input or nonpositive denominator,Pass
Georgia place,1380480,"Warm Springs city, Georgia",2020-2024,B10050_004,Less than six months,8,17,8,17,100,300.5203820042827,0,100,Percentage MOE exceeds 50% of estimate,Pass
Georgia place,1380592,"Warrenton city, Georgia",2020-2024,B10050_004,Less than six months,0,14,98,88,0,14.285714285714285,0,14.285714285714285,Unavailable MOE or zero percentage,Pass
Georgia place,1380648,"Warthen CDP, Georgia",2020-2024,B10050_004,Less than six months,0,14,0,14,NA,NA,NA,NA,Missing input or nonpositive denominator,Pass
Georgia place,1380676,"Warwick city, Georgia",2020-2024,B10050_004,Less than six months,0,14,1,4,0,1400,0,100,Unavailable MOE or zero percentage,Pass
Georgia place,1380704,"Washington city, Georgia",2020-2024,B10050_004,Less than six months,0,14,58,48,0,24.13793103448276,0,24.13793103448276,Unavailable MOE or zero percentage,Pass
Georgia place,1380788,"Watkinsville city, Georgia",2020-2024,B10050_004,Less than six months,0,14,28,34,0,50,0,50,Unavailable MOE or zero percentage,Pass
Georgia place,1380816,"Waverly CDP, Georgia",2020-2024,B10050_004,Less than six months,0,14,0,14,NA,NA,NA,NA,Missing input or nonpositive denominator,Pass
Georgia place,1380844,"Waverly Hall town, Georgia",2020-2024,B10050_004,Less than six months,0,14,2,22,0,700,0,100,Unavailable MOE or zero percentage,Pass
Georgia place,1380956,"Waycross city, Georgia",2020-2024,B10050_004,Less than six months,15,22,139,100,10.79136690647482,13.792445818758624,0,24.583812725233443,Percentage MOE exceeds 50% of estimate,Pass
Georgia place,1380984,"Waynesboro city, Georgia",2020-2024,B10050_004,Less than six months,0,20,43,71,0,46.51162790697674,0,46.51162790697674,Unavailable MOE or zero percentage,Pass
Georgia place,1381012,"Waynesville CDP, Georgia",2020-2024,B10050_004,Less than six months,0,14,0,14,NA,NA,NA,NA,Missing input or nonpositive denominator,Pass
Georgia place,1381128,"Webster County unified government, Georgia",2020-2024,B10050_004,Less than six months,0,14,6,9,0,233.33333333333337,0,100,Unavailable MOE or zero percentage,Pass
Georgia place,1381208,"Wenona CDP, Georgia",2020-2024,B10050_004,Less than six months,0,14,0,14,NA,NA,NA,NA,Missing input or nonpositive denominator,Pass
Georgia place,1381488,"West Brow CDP, Georgia",2020-2024,B10050_004,Less than six months,0,14,0,14,NA,NA,NA,NA,Missing input or nonpositive denominator,Pass
Georgia place,1382132,"West Point city, Georgia",2020-2024,B10050_004,Less than six months,89,160,162,192,54.93827160493827,74.26327961488516,0,100,Percentage MOE exceeds 50% of estimate,Pass
Georgia place,1382412,"Whigham city, Georgia",2020-2024,B10050_004,Less than six months,0,14,0,14,NA,NA,NA,NA,Missing input or nonpositive denominator,Pass
Georgia place,1382468,"White city, Georgia",2020-2024,B10050_004,Less than six months,0,14,0,14,NA,NA,NA,NA,Missing input or nonpositive denominator,Pass
Georgia place,1382636,"Whitemarsh Island CDP, Georgia",2020-2024,B10050_004,Less than six months,0,20,36,42,0,55.55555555555556,0,55.55555555555556,Unavailable MOE or zero percentage,Pass
Georgia place,1382692,"White Plains city, Georgia",2020-2024,B10050_004,Less than six months,0,14,16,23,0,87.5,0,87.5,Unavailable MOE or zero percentage,Pass
Georgia place,1382720,"Whitesburg city, Georgia",2020-2024,B10050_004,Less than six months,0,14,5,15,0,280,0,100,Unavailable MOE or zero percentage,Pass
Georgia place,1382916,"Wildwood CDP, Georgia",2020-2024,B10050_004,Less than six months,0,14,31,37,0,45.16129032258064,0,45.16129032258064,Unavailable MOE or zero percentage,Pass
Georgia place,1382972,"Willacoochee city, Georgia",2020-2024,B10050_004,Less than six months,0,14,11,12,0,127.27272727272728,0,100,Unavailable MOE or zero percentage,Pass
Georgia place,1383084,"Williamson city, Georgia",2020-2024,B10050_004,Less than six months,0,14,0,14,NA,NA,NA,NA,Missing input or nonpositive denominator,Pass
Georgia place,1383168,"Wilmington Island CDP, Georgia",2020-2024,B10050_004,Less than six months,0,23,0,23,NA,NA,NA,NA,Missing input or nonpositive denominator,Pass
Georgia place,1383420,"Winder city, Georgia",2020-2024,B10050_004,Less than six months,0,23,45,47,0,51.11111111111111,0,51.11111111111111,Unavailable MOE or zero percentage,Pass
Georgia place,1383728,"Winterville city, Georgia",2020-2024,B10050_004,Less than six months,0,14,18,26,0,77.77777777777779,0,77.77777777777779,Unavailable MOE or zero percentage,Pass
Georgia place,1383868,"Woodbine city, Georgia",2020-2024,B10050_004,Less than six months,0,14,20,23,0,70,0,70,Unavailable MOE or zero percentage,Pass
Georgia place,1383896,"Woodbury city, Georgia",2020-2024,B10050_004,Less than six months,9,16,23,30,39.130434782608695,47.268052059146406,0,86.3984868417551,Percentage MOE exceeds 50% of estimate,Pass
Georgia place,1383952,"Woodland city, Georgia",2020-2024,B10050_004,Less than six months,0,14,0,14,NA,NA,NA,NA,Missing input or nonpositive denominator,Pass
Georgia place,1384176,"Woodstock city, Georgia",2020-2024,B10050_004,Less than six months,0,30,0,30,NA,NA,NA,NA,Missing input or nonpositive denominator,Pass
Georgia place,1384260,"Woodville city, Georgia",2020-2024,B10050_004,Less than six months,0,14,0,14,NA,NA,NA,NA,Missing input or nonpositive denominator,Pass
Georgia place,1384288,"Woolsey town, Georgia",2020-2024,B10050_004,Less than six months,0,14,0,14,NA,NA,NA,NA,Missing input or nonpositive denominator,Pass
Georgia place,1384456,"Wrens city, Georgia",2020-2024,B10050_004,Less than six months,0,14,64,97,0,21.875,0,21.875,Unavailable MOE or zero percentage,Pass
Georgia place,1384512,"Wrightsville city, Georgia",2020-2024,B10050_004,Less than six months,3,5,21,23,14.285714285714285,17.946810827582205,0,32.23252511329649,Percentage MOE exceeds 50% of estimate,Pass
Georgia place,1384708,"Yatesville town, Georgia",2020-2024,B10050_004,Less than six months,0,14,0,14,NA,NA,NA,NA,Missing input or nonpositive denominator,Pass
Georgia place,1384832,"Yonah CDP, Georgia",2020-2024,B10050_004,Less than six months,0,14,0,14,NA,NA,NA,NA,Missing input or nonpositive denominator,Pass
Georgia place,1384960,"Young Harris city, Georgia",2020-2024,B10050_004,Less than six months,0,14,0,14,NA,NA,NA,NA,Missing input or nonpositive denominator,Pass
Georgia place,1385128,"Zebulon city, Georgia",2020-2024,B10050_004,Less than six months,0,14,76,67,0,18.421052631578945,0,18.421052631578945,Unavailable MOE or zero percentage,Pass
State/DC,38,North Dakota,2020-2024,B10050_005,Six to eleven months,317,149,3769,378,8.41071902361369,3.8622622324376734,4.548456791176017,12.272981256051365,Retained,Pass
State/DC,21,Kentucky,2020-2024,B10050_005,Six to eleven months,3330,483,48988,2074,6.7975830815709974,0.943019861247722,5.854563220323275,7.74060294281872,Retained,Pass
State/DC,28,Mississippi,2020-2024,B10050_005,Six to eleven months,3614,668,36688,1822,9.850632359354556,1.753808393124502,8.096823966230055,11.604440752479055,Retained,Pass
State/DC,22,Louisiana,2020-2024,B10050_005,Six to eleven months,4300,927,50347,2275,8.5407273521759,1.8003222558914136,6.740405096284486,10.341049608067314,Retained,Pass
State/DC,54,West Virginia,2020-2024,B10050_005,Six to eleven months,1132,308,18349,1423,6.169273529892638,1.6089371063576476,4.56033642353499,7.778210636250286,Retained,Pass
State/DC,01,Alabama,2020-2024,B10050_005,Six to eleven months,3522,594,52977,2341,6.648168072937312,1.082071073144049,5.566096999793263,7.730239146081361,Retained,Pass
State/DC,56,Wyoming,2020-2024,B10050_005,Six to eleven months,359,142,3627,518,9.897987317342157,3.650968820872741,6.2470184964694155,13.548956138214898,Retained,Pass
State/DC,30,Montana,2020-2024,B10050_005,Six to eleven months,610,194,7359,656,8.289169724147301,2.530552780873081,5.758616943274221,10.819722505020382,Retained,Pass
State/DC,05,Arkansas,2020-2024,B10050_005,Six to eleven months,2380,434,31874,1664,7.466900922381879,1.304618987436816,6.162281934945064,8.771519909818695,Retained,Pass
State/DC,46,South Dakota,2020-2024,B10050_005,Six to eleven months,351,131,5865,536,5.9846547314578,2.1655904743065375,3.8190642571512625,8.150245205764337,Retained,Pass
State/DC,40,Oklahoma,2020-2024,B10050_005,Six to eleven months,2273,314,37439,1444,6.071209166911509,0.8053455221223123,5.265863644789197,6.876554689033822,Retained,Pass
State/DC,47,Tennessee,2020-2024,B10050_005,Six to eleven months,5249,767,68870,3229,7.621605924205024,1.0548067933783356,6.566799130826689,8.67641271758336,Retained,Pass
State/DC,35,New Mexico,2020-2024,B10050_005,Six to eleven months,1423,297,20650,1621,6.891041162227602,1.3326544472465354,5.558386714981067,8.223695609474138,Retained,Pass
State/DC,45,South Carolina,2020-2024,B10050_005,Six to eleven months,4088,674,47484,2479,8.609215735826805,1.3463850793225862,7.262830656504218,9.95560081514939,Retained,Pass
State/DC,29,Missouri,2020-2024,B10050_005,Six to eleven months,3105,578,42245,2090,7.349982246419695,1.319003896268042,6.030978350151653,8.668986142687737,Retained,Pass
State/DC,18,Indiana,2020-2024,B10050_005,Six to eleven months,4005,537,48111,2309,8.324499594687286,1.0422174963216018,7.282282098365684,9.366717091008889,Retained,Pass
State/DC,39,Ohio,2020-2024,B10050_005,Six to eleven months,4944,614,78003,2399,6.338217760855351,0.7626302379238833,5.575587522931468,7.100847998779234,Retained,Pass
State/DC,20,Kansas,2020-2024,B10050_005,Six to eleven months,1604,390,17439,1284,9.19777510178336,2.1313650223628304,7.066410079420528,11.329140124146187,Retained,Pass
State/DC,37,North Carolina,2020-2024,B10050_005,Six to eleven months,6136,797,77588,2759,7.908439449399392,0.9879762424007696,6.9204632069986225,8.896415691800161,Retained,Pass
State/DC,19,Iowa,2020-2024,B10050_005,Six to eleven months,1231,245,12823,869,9.599937612103252,1.796456052090667,7.803481560012585,11.39639366419392,Retained,Pass
State/DC,02,Alaska,2020-2024,B10050_005,Six to eleven months,586,183,6195,579,9.459241323648104,2.8185958865951637,6.640645437052939,12.277837210243266,Retained,Pass
State/DC,50,Vermont,2020-2024,B10050_005,Six to eleven months,102,46,2530,424,4.0316205533596845,1.6879796988816278,2.343640854478057,5.719600252241312,Retained,Pass
State/DC,13,Georgia,2020-2024,B10050_005,Six to eleven months,7160,894,89880,3211,7.966177125055631,0.9530757173154972,7.013101407740134,8.919252842371128,Retained,Pass
State/DC,10,Delaware,2020-2024,B10050_005,Six to eleven months,503,265,8033,985,6.261670608738952,3.208297132904772,3.05337347583418,9.469967741643725,Percentage MOE exceeds 50% of estimate,Pass
State/DC,55,Wisconsin,2020-2024,B10050_005,Six to eleven months,1936,404,21035,1567,9.20370810553839,1.7940595370909047,7.409648568447484,10.997767642629292,Retained,Pass
State/DC,51,Virginia,2020-2024,B10050_005,Six to eleven months,4254,624,56987,2457,7.464860406759437,1.04661805488952,6.4182423518699165,8.511478461648956,Retained,Pass
State/DC,23,Maine,2020-2024,B10050_005,Six to eleven months,684,268,5742,808,11.912225705329153,4.355965598968417,7.556260106360735,16.26819130429757,Retained,Pass
State/DC,16,Idaho,2020-2024,B10050_005,Six to eleven months,919,241,10858,898,8.46380548904034,2.1062922385973204,6.357513250443019,10.57009772763766,Retained,Pass
State/DC,42,Pennsylvania,2020-2024,B10050_005,Six to eleven months,5840,785,72511,2898,8.053950435106398,1.0336340345705437,7.020316400535854,9.08758446967694,Retained,Pass
State/DC,11,District of Columbia,2020-2024,B10050_005,Six to eleven months,88,48,2984,674,2.949061662198391,1.464181082048781,1.48488058014961,4.413242744247173,Retained,Pass
State/DC,08,Colorado,2020-2024,B10050_005,Six to eleven months,2698,571,31034,1903,8.693690790745634,1.7609955598816502,6.932695230863985,10.454686350627284,Retained,Pass
State/DC,31,Nebraska,2020-2024,B10050_005,Six to eleven months,684,193,7846,748,8.717817996431302,2.3151934189073637,6.402624577523938,11.033011415338668,Retained,Pass
State/DC,48,Texas,2020-2024,B10050_005,Six to eleven months,19200,1505,235377,4783,8.157126652136785,0.6175406637907098,7.539585988346076,8.774667315927495,Retained,Pass
State/DC,26,Michigan,2020-2024,B10050_005,Six to eleven months,4916,590,50342,2123,9.765205991021414,1.0972488300267975,8.667957160994616,10.862454821048212,Retained,Pass
State/DC,04,Arizona,2020-2024,B10050_005,Six to eleven months,4755,763,47546,2431,10.000841290539688,1.5211161206817985,8.47972516985789,11.521957411221486,Retained,Pass
State/DC,27,Minnesota,2020-2024,B10050_005,Six to eleven months,1545,314,18407,1195,8.393545933612213,1.6164984831512332,6.77704745046098,10.010044416763446,Retained,Pass
State/DC,17,Illinois,2020-2024,B10050_005,Six to eleven months,7004,826,65182,2235,10.745297781596143,1.21247684705803,9.532820934538115,11.957774628654176,Retained,Pass
State/DC,12,Florida,2020-2024,B10050_005,Six to eleven months,10808,1095,132601,3865,8.15076809375495,0.790872867580376,7.359895226174574,8.941640961335326,Retained,Pass
State/DC,53,Washington,2020-2024,B10050_005,Six to eleven months,3234,495,38725,1990,8.351194318915429,1.2040502987121646,7.147144020203264,9.555244617627594,Retained,Pass
State/DC,41,Oregon,2020-2024,B10050_005,Six to eleven months,1706,391,18763,1300,9.09236262857752,1.9863868797040176,7.105975748873503,11.078749508281538,Retained,Pass
State/DC,32,Nevada,2020-2024,B10050_005,Six to eleven months,1625,320,20958,1323,7.7536024429812,1.4462863965132022,6.307316046467998,9.199888839494404,Retained,Pass
State/DC,24,Maryland,2020-2024,B10050_005,Six to eleven months,3283,593,37200,1948,8.825268817204302,1.5256265845114656,7.299642232692836,10.350895401715768,Retained,Pass
State/DC,09,Connecticut,2020-2024,B10050_005,Six to eleven months,1177,336,15662,1281,7.515004469416422,2.055382468347667,5.459622001068755,9.57038693776409,Retained,Pass
State/DC,33,New Hampshire,2020-2024,B10050_005,Six to eleven months,515,220,5647,677,9.1198866654861,3.7393065152282254,5.380580150257874,12.859193180714325,Retained,Pass
State/DC,44,Rhode Island,2020-2024,B10050_005,Six to eleven months,653,281,5226,947,12.49521622655951,4.876975076969149,7.618241149590361,17.37219130352866,Retained,Pass
State/DC,36,New York,2020-2024,B10050_005,Six to eleven months,7739,862,97966,2848,7.899679480636139,0.8493985775511594,7.050280903084979,8.749078058187298,Retained,Pass
State/DC,49,Utah,2020-2024,B10050_005,Six to eleven months,897,221,14948,1218,6.000802782981001,1.3952626545598743,4.605540128421127,7.396065437540876,Retained,Pass
State/DC,25,Massachusetts,2020-2024,B10050_005,Six to eleven months,1521,403,27413,1923,5.548462408346405,1.4176450890794745,4.1308173192669315,6.966107497425879,Retained,Pass
State/DC,34,New Jersey,2020-2024,B10050_005,Six to eleven months,2625,421,40539,2258,6.475246059350255,0.9738654079145947,5.50138065143566,7.449111467264849,Retained,Pass
State/DC,15,Hawaii,2020-2024,B10050_005,Six to eleven months,688,174,10432,892,6.595092024539877,1.5697238946998309,5.0253681298400465,8.164815919239707,Retained,Pass
State/DC,06,California,2020-2024,B10050_005,Six to eleven months,17380,1090,209799,4504,8.284119562057016,0.48815786924564186,7.795961692811375,8.772277431302658,Retained,Pass
United States,1,United States,2020-2024,B10050_005,Six to eleven months,170698,3981,2118863,17781,8.056113113495304,0.17529940010714232,7.880813713388162,8.231412513602447,Retained,Pass
Georgia county,13251,"Screven County, Georgia",2020-2024,B10050_005,Six to eleven months,17,20,242,111,7.024793388429752,7.610473978389544,0,14.635267366819296,Percentage MOE exceeds 50% of estimate,Pass
Georgia county,13303,"Washington County, Georgia",2020-2024,B10050_005,Six to eleven months,46,44,588,215,7.82312925170068,6.914675604967218,0.908453646733463,14.737804856667898,Percentage MOE exceeds 50% of estimate,Pass
Georgia county,13131,"Grady County, Georgia",2020-2024,B10050_005,Six to eleven months,0,27,496,196,0,5.443548387096774,0,5.443548387096774,Unavailable MOE or zero percentage,Pass
Georgia county,13033,"Burke County, Georgia",2020-2024,B10050_005,Six to eleven months,0,27,500,219,0,5.4,0,5.4,Unavailable MOE or zero percentage,Pass
Georgia county,13191,"McIntosh County, Georgia",2020-2024,B10050_005,Six to eleven months,35,66,312,151,11.21794871794872,20.445268388012977,0,31.663217105961696,Percentage MOE exceeds 50% of estimate,Pass
Georgia county,13145,"Harris County, Georgia",2020-2024,B10050_005,Six to eleven months,12,18,480,214,2.5,3.5805312445300013,0,6.080531244530001,Percentage MOE exceeds 50% of estimate,Pass
Georgia county,13263,"Talbot County, Georgia",2020-2024,B10050_005,Six to eleven months,0,20,160,77,0,12.5,0,12.5,Unavailable MOE or zero percentage,Pass
Georgia county,13177,"Lee County, Georgia",2020-2024,B10050_005,Six to eleven months,49,81,616,308,7.954545454545454,12.5334242788023,0,20.487969733347754,Percentage MOE exceeds 50% of estimate,Pass
Georgia county,13267,"Tattnall County, Georgia",2020-2024,B10050_005,Six to eleven months,27,39,352,176,7.670454545454546,10.394583168452105,0,18.065037713906648,Percentage MOE exceeds 50% of estimate,Pass
Georgia county,13195,"Madison County, Georgia",2020-2024,B10050_005,Six to eleven months,20,31,482,231,4.149377593360995,6.116380262498265,0,10.26575785585926,Percentage MOE exceeds 50% of estimate,Pass
Georgia county,13209,"Montgomery County, Georgia",2020-2024,B10050_005,Six to eleven months,0,20,195,80,0,10.256410256410255,0,10.256410256410255,Unavailable MOE or zero percentage,Pass
Georgia county,13103,"Effingham County, Georgia",2020-2024,B10050_005,Six to eleven months,252,334,772,368,32.64248704663213,40.36925774406147,0,73.0117447906936,Percentage MOE exceeds 50% of estimate,Pass
Georgia county,13031,"Bulloch County, Georgia",2020-2024,B10050_005,Six to eleven months,192,146,1046,351,18.35564053537285,12.525358015430127,5.830282519942722,30.88099855080298,Percentage MOE exceeds 50% of estimate,Pass
Georgia county,13291,"Union County, Georgia",2020-2024,B10050_005,Six to eleven months,25,32,379,187,6.596306068601583,7.790773069817615,0,14.3870791384192,Percentage MOE exceeds 50% of estimate,Pass
Georgia county,13279,"Toombs County, Georgia",2020-2024,B10050_005,Six to eleven months,51,49,494,235,10.323886639676113,8.617866574544578,1.7060200651315345,18.94175321422069,Percentage MOE exceeds 50% of estimate,Pass
Georgia county,13095,"Dougherty County, Georgia",2020-2024,B10050_005,Six to eleven months,83,80,855,221,9.707602339181287,9.013996780680433,0.693605558500856,18.72159911986172,Percentage MOE exceeds 50% of estimate,Pass
Georgia county,13299,"Ware County, Georgia",2020-2024,B10050_005,Six to eleven months,44,50,384,186,11.458333333333332,11.778716201903764,0,23.237049535237094,Percentage MOE exceeds 50% of estimate,Pass
Georgia county,13069,"Coffee County, Georgia",2020-2024,B10050_005,Six to eleven months,117,99,613,278,19.086460032626427,13.634566363217326,5.451893669409101,32.72102639584375,Percentage MOE exceeds 50% of estimate,Pass
Georgia county,13127,"Glynn County, Georgia",2020-2024,B10050_005,Six to eleven months,70,80,838,259,8.353221957040573,9.190816976680386,0,17.54403893372096,Percentage MOE exceeds 50% of estimate,Pass
Georgia county,13001,"Appling County, Georgia",2020-2024,B10050_005,Six to eleven months,33,35,250,124,13.2,12.374739276445384,0.8252607235546172,25.574739276445385,Percentage MOE exceeds 50% of estimate,Pass
Georgia county,13055,"Chattooga County, Georgia",2020-2024,B10050_005,Six to eleven months,30,33,463,175,6.479481641468683,6.69346090288681,0,13.172942544355491,Percentage MOE exceeds 50% of estimate,Pass
Georgia county,13285,"Troup County, Georgia",2020-2024,B10050_005,Six to eleven months,23,29,784,305,2.933673469387755,3.5185096174306714,0,6.452183086818426,Percentage MOE exceeds 50% of estimate,Pass
Georgia county,13199,"Meriwether County, Georgia",2020-2024,B10050_005,Six to eleven months,84,99,393,187,21.374045801526716,23.046527642715397,0,44.42057344424211,Percentage MOE exceeds 50% of estimate,Pass
Georgia county,13295,"Walker County, Georgia",2020-2024,B10050_005,Six to eleven months,98,106,1090,346,8.990825688073395,9.296559994084449,0,18.28738568215784,Percentage MOE exceeds 50% of estimate,Pass
Georgia county,13017,"Ben Hill County, Georgia",2020-2024,B10050_005,Six to eleven months,0,23,184,92,0,12.5,0,12.5,Unavailable MOE or zero percentage,Pass
Georgia county,13213,"Murray County, Georgia",2020-2024,B10050_005,Six to eleven months,125,195,642,272,19.470404984423677,29.232196077541317,0,48.702601061965,Percentage MOE exceeds 50% of estimate,Pass
Georgia county,13179,"Liberty County, Georgia",2020-2024,B10050_005,Six to eleven months,19,32,679,222,2.798232695139912,4.6231579501285,0,7.421390645268412,Percentage MOE exceeds 50% of estimate,Pass
Georgia county,13047,"Catoosa County, Georgia",2020-2024,B10050_005,Six to eleven months,86,121,798,370,10.776942355889725,14.315916584950203,0,25.09285894083993,Percentage MOE exceeds 50% of estimate,Pass
Georgia county,13215,"Muscogee County, Georgia",2020-2024,B10050_005,Six to eleven months,230,181,2052,420,11.20857699805068,8.517097676035124,2.6914793220155566,19.72567467408581,Percentage MOE exceeds 50% of estimate,Pass
Georgia county,13077,"Coweta County, Georgia",2020-2024,B10050_005,Six to eleven months,80,82,1744,527,4.587155963302752,4.492867920692879,0.09428804260987356,9.080023883995633,Percentage MOE exceeds 50% of estimate,Pass
Georgia county,13233,"Polk County, Georgia",2020-2024,B10050_005,Six to eleven months,28,41,648,245,4.320987654320987,6.112606822220208,0,10.433594476541195,Percentage MOE exceeds 50% of estimate,Pass
Georgia county,13137,"Habersham County, Georgia",2020-2024,B10050_005,Six to eleven months,6,10,525,200,1.1428571428571428,1.854337419036824,0,2.997194561893967,Percentage MOE exceeds 50% of estimate,Pass
Georgia county,13051,"Chatham County, Georgia",2020-2024,B10050_005,Six to eleven months,215,145,2176,440,9.880514705882351,6.357043885584831,3.523470820297522,16.237558591467184,Percentage MOE exceeds 50% of estimate,Pass
Georgia county,13255,"Spalding County, Georgia",2020-2024,B10050_005,Six to eleven months,61,75,957,279,6.374085684430512,7.613490183967872,0,13.987575868398384,Percentage MOE exceeds 50% of estimate,Pass
Georgia county,13261,"Sumter County, Georgia",2020-2024,B10050_005,Six to eleven months,0,27,272,133,0,9.926470588235292,0,9.926470588235292,Unavailable MOE or zero percentage,Pass
Georgia county,13313,"Whitfield County, Georgia",2020-2024,B10050_005,Six to eleven months,64,61,906,287,7.06401766004415,6.350153368901275,0.7138642911428752,13.414171028945423,Percentage MOE exceeds 50% of estimate,Pass
Georgia county,13129,"Gordon County, Georgia",2020-2024,B10050_005,Six to eleven months,118,100,520,192,22.692307692307693,17.309532092577236,5.382775599730458,40.00183978488493,Percentage MOE exceeds 50% of estimate,Pass
Georgia county,13021,"Bibb County, Georgia",2020-2024,B10050_005,Six to eleven months,206,165,1048,315,19.65648854961832,14.593675298610204,5.062813251008116,34.250163848228524,Percentage MOE exceeds 50% of estimate,Pass
Georgia county,13277,"Tift County, Georgia",2020-2024,B10050_005,Six to eleven months,41,47,296,147,13.85135135135135,14.310971386804836,0,28.16232273815619,Percentage MOE exceeds 50% of estimate,Pass
Georgia county,13071,"Colquitt County, Georgia",2020-2024,B10050_005,Six to eleven months,40,38,469,159,8.528784648187633,7.568862663189985,0.9599219849976484,16.097647311377617,Percentage MOE exceeds 50% of estimate,Pass
Georgia county,13245,"Richmond County, Georgia",2020-2024,B10050_005,Six to eleven months,59,43,2037,515,2.896416298478154,1.9798649463890787,0.9165513520890752,4.876281244867233,Percentage MOE exceeds 50% of estimate,Pass
Georgia county,13029,"Bryan County, Georgia",2020-2024,B10050_005,Six to eleven months,0,30,318,144,0,9.433962264150944,0,9.433962264150944,Unavailable MOE or zero percentage,Pass
Georgia county,13035,"Butts County, Georgia",2020-2024,B10050_005,Six to eleven months,69,90,254,126,27.165354330708663,32.77052477661718,0,59.935879107325846,Percentage MOE exceeds 50% of estimate,Pass
Georgia county,13187,"Lumpkin County, Georgia",2020-2024,B10050_005,Six to eleven months,52,54,293,122,17.747440273037544,16.883666923589026,0.8637733494485182,34.63110719662657,Percentage MOE exceeds 50% of estimate,Pass
Georgia county,13257,"Stephens County, Georgia",2020-2024,B10050_005,Six to eleven months,0,27,272,127,0,9.926470588235292,0,9.926470588235292,Unavailable MOE or zero percentage,Pass
Georgia county,13063,"Clayton County, Georgia",2020-2024,B10050_005,Six to eleven months,217,220,3318,626,6.5400843881856545,6.514676940969004,0.02540744721665078,13.054761329154658,Percentage MOE exceeds 50% of estimate,Pass
Georgia county,13115,"Floyd County, Georgia",2020-2024,B10050_005,Six to eleven months,0,34,973,328,0,3.494347379239465,0,3.494347379239465,Unavailable MOE or zero percentage,Pass
Georgia county,13297,"Walton County, Georgia",2020-2024,B10050_005,Six to eleven months,243,176,1033,328,23.523717328170378,15.313220853561718,8.210496474608659,38.836938181732094,Percentage MOE exceeds 50% of estimate,Pass
Georgia county,13149,"Heard County, Georgia",2020-2024,B10050_005,Six to eleven months,20,25,230,115,8.695652173913043,9.962121075990956,0,18.657773249903997,Percentage MOE exceeds 50% of estimate,Pass
Georgia county,13107,"Emanuel County, Georgia",2020-2024,B10050_005,Six to eleven months,56,73,193,91,29.015544041450777,35.26294505603954,0,64.27848909749031,Percentage MOE exceeds 50% of estimate,Pass
Georgia county,13275,"Thomas County, Georgia",2020-2024,B10050_005,Six to eleven months,0,30,467,152,0,6.423982869379015,0,6.423982869379015,Unavailable MOE or zero percentage,Pass
Georgia county,13175,"Laurens County, Georgia",2020-2024,B10050_005,Six to eleven months,45,74,364,165,12.362637362637363,19.542039843622067,0,31.90467720625943,Percentage MOE exceeds 50% of estimate,Pass
Georgia county,13185,"Lowndes County, Georgia",2020-2024,B10050_005,Six to eleven months,17,25,664,210,2.5602409638554215,3.6769607859221143,0,6.237201749777537,Percentage MOE exceeds 50% of estimate,Pass
Georgia county,13207,"Monroe County, Georgia",2020-2024,B10050_005,Six to eleven months,0,27,293,120,0,9.215017064846416,0,9.215017064846416,Unavailable MOE or zero percentage,Pass
Georgia county,13153,"Houston County, Georgia",2020-2024,B10050_005,Six to eleven months,30,37,1344,372,2.232142857142857,2.6827541556182326,0,4.91489701276109,Percentage MOE exceeds 50% of estimate,Pass
Georgia county,13157,"Jackson County, Georgia",2020-2024,B10050_005,Six to eleven months,77,58,741,236,10.39136302294197,7.09316699190626,3.29819603103571,17.484530014848232,Percentage MOE exceeds 50% of estimate,Pass
Georgia county,13089,"DeKalb County, Georgia",2020-2024,B10050_005,Six to eleven months,800,303,5526,731,14.477017734346726,5.137864266670131,9.339153467676596,19.614882001016856,Retained,Pass
Georgia county,13015,"Bartow County, Georgia",2020-2024,B10050_005,Six to eleven months,165,194,1447,485,11.402902557014514,12.850736142620235,0,24.25363869963475,Percentage MOE exceeds 50% of estimate,Pass
Georgia county,13121,"Fulton County, Georgia",2020-2024,B10050_005,Six to eleven months,382,137,5388,924,7.0898292501855975,2.233151846331124,4.856677403854473,9.322981096516722,Retained,Pass
Georgia county,13247,"Rockdale County, Georgia",2020-2024,B10050_005,Six to eleven months,24,44,926,335,2.591792656587473,4.658189661920401,0,7.249982318507875,Percentage MOE exceeds 50% of estimate,Pass
Georgia county,13045,"Carroll County, Georgia",2020-2024,B10050_005,Six to eleven months,243,219,1097,294,22.151321786690975,19.060408470872403,3.090913315818572,41.211730257563374,Percentage MOE exceeds 50% of estimate,Pass
Georgia county,13217,"Newton County, Georgia",2020-2024,B10050_005,Six to eleven months,81,68,923,326,8.775731310942579,6.6835311101372215,2.0922002008053573,15.4592624210798,Percentage MOE exceeds 50% of estimate,Pass
Georgia county,13223,"Paulding County, Georgia",2020-2024,B10050_005,Six to eleven months,41,54,1575,513,2.6031746031746033,3.322075048461258,0,5.925249651635861,Percentage MOE exceeds 50% of estimate,Pass
Georgia county,13151,"Henry County, Georgia",2020-2024,B10050_005,Six to eleven months,102,72,2267,659,4.499338332598148,2.894189512388829,1.605148820209319,7.393527844986977,Percentage MOE exceeds 50% of estimate,Pass
Georgia county,13139,"Hall County, Georgia",2020-2024,B10050_005,Six to eleven months,49,40,1680,422,2.9166666666666665,2.265430312071079,0.6512363545955875,5.1820969787377456,Percentage MOE exceeds 50% of estimate,Pass
Georgia county,13097,"Douglas County, Georgia",2020-2024,B10050_005,Six to eleven months,87,74,1495,395,5.8193979933110365,4.70496898729686,1.1144290060141762,10.524366980607898,Percentage MOE exceeds 50% of estimate,Pass
Georgia county,13067,"Cobb County, Georgia",2020-2024,B10050_005,Six to eleven months,364,211,3775,755,9.642384105960264,5.246180889867754,4.39620321609251,14.88856499582802,Percentage MOE exceeds 50% of estimate,Pass
Georgia county,13135,"Gwinnett County, Georgia",2020-2024,B10050_005,Six to eleven months,514,260,6214,1006,8.271644673318313,3.9640208530862497,4.307623820232063,12.235665526404564,Retained,Pass
Georgia county,13073,"Columbia County, Georgia",2020-2024,B10050_005,Six to eleven months,57,69,962,348,5.925155925155925,6.844808062075923,0,12.769963987231847,Percentage MOE exceeds 50% of estimate,Pass
Georgia county,13057,"Cherokee County, Georgia",2020-2024,B10050_005,Six to eleven months,46,38,995,301,4.623115577889447,3.5538073453466033,1.0693082325428436,8.17692292323605,Percentage MOE exceeds 50% of estimate,Pass
Georgia county,13113,"Fayette County, Georgia",2020-2024,B10050_005,Six to eleven months,34,53,553,226,6.148282097649186,9.248846500621331,0,15.397128598270516,Percentage MOE exceeds 50% of estimate,Pass
Georgia county,13117,"Forsyth County, Georgia",2020-2024,B10050_005,Six to eleven months,27,34,983,260,2.746693794506612,3.3816424775301392,0,6.128336272036751,Percentage MOE exceeds 50% of estimate,Pass
Georgia county,13013,"Barrow County, Georgia",2020-2024,B10050_005,Six to eleven months,30,37,385,144,7.792207792207792,9.157802548879973,0,16.95001034108776,Percentage MOE exceeds 50% of estimate,Pass
Georgia county,13003,"Atkinson County, Georgia",2020-2024,B10050_005,Six to eleven months,12,18,94,64,12.76595744680851,17.06270302426023,0,29.82866047106874,Percentage MOE exceeds 50% of estimate,Pass
Georgia county,13005,"Bacon County, Georgia",2020-2024,B10050_005,Six to eleven months,0,23,35,29,0,65.71428571428571,0,65.71428571428571,Unavailable MOE or zero percentage,Pass
Georgia county,13007,"Baker County, Georgia",2020-2024,B10050_005,Six to eleven months,0,14,27,27,0,51.85185185185185,0,51.85185185185185,Unavailable MOE or zero percentage,Pass
Georgia county,13009,"Baldwin County, Georgia",2020-2024,B10050_005,Six to eleven months,0,30,298,161,0,10.06711409395973,0,10.06711409395973,Unavailable MOE or zero percentage,Pass
Georgia county,13011,"Banks County, Georgia",2020-2024,B10050_005,Six to eleven months,0,23,233,127,0,9.871244635193133,0,9.871244635193133,Unavailable MOE or zero percentage,Pass
Georgia county,13019,"Berrien County, Georgia",2020-2024,B10050_005,Six to eleven months,2,19,300,168,0.6666666666666667,6.322320249191221,0,6.988986915857888,Percentage MOE exceeds 50% of estimate,Pass
Georgia county,13023,"Bleckley County, Georgia",2020-2024,B10050_005,Six to eleven months,0,23,205,145,0,11.219512195121952,0,11.219512195121952,Unavailable MOE or zero percentage,Pass
Georgia county,13025,"Brantley County, Georgia",2020-2024,B10050_005,Six to eleven months,26,43,491,255,5.295315682281059,8.314631227162208,0,13.609946909443266,Percentage MOE exceeds 50% of estimate,Pass
Georgia county,13027,"Brooks County, Georgia",2020-2024,B10050_005,Six to eleven months,0,23,227,124,0,10.13215859030837,0,10.13215859030837,Unavailable MOE or zero percentage,Pass
Georgia county,13037,"Calhoun County, Georgia",2020-2024,B10050_005,Six to eleven months,5,9,8,12,62.5,62.18671481916375,0.3132851808362531,100,Percentage MOE exceeds 50% of estimate,Pass
Georgia county,13039,"Camden County, Georgia",2020-2024,B10050_005,Six to eleven months,54,86,312,170,17.307692307692307,25.90069346812229,0,43.2083857758146,Percentage MOE exceeds 50% of estimate,Pass
Georgia county,13043,"Candler County, Georgia",2020-2024,B10050_005,Six to eleven months,47,49,117,71,40.17094017094017,34.05456419657945,6.116375974360722,74.22550436751962,Percentage MOE exceeds 50% of estimate,Pass
Georgia county,13049,"Charlton County, Georgia",2020-2024,B10050_005,Six to eleven months,10,16,137,87,7.2992700729927,10.719565602282517,0,18.018835675275213,Percentage MOE exceeds 50% of estimate,Pass
Georgia county,13053,"Chattahoochee County, Georgia",2020-2024,B10050_005,Six to eleven months,0,20,87,45,0,22.988505747126435,0,22.988505747126435,Unavailable MOE or zero percentage,Pass
Georgia county,13059,"Clarke County, Georgia",2020-2024,B10050_005,Six to eleven months,13,24,269,136,4.83271375464684,8.580859525334366,0,13.413573279981208,Percentage MOE exceeds 50% of estimate,Pass
Georgia county,13061,"Clay County, Georgia",2020-2024,B10050_005,Six to eleven months,0,14,36,29,0,38.88888888888889,0,38.88888888888889,Unavailable MOE or zero percentage,Pass
Georgia county,13065,"Clinch County, Georgia",2020-2024,B10050_005,Six to eleven months,0,20,46,52,0,43.47826086956522,0,43.47826086956522,Unavailable MOE or zero percentage,Pass
Georgia county,13075,"Cook County, Georgia",2020-2024,B10050_005,Six to eleven months,39,38,191,127,20.418848167539267,14.54267658663498,5.876171580904286,34.96152475417425,Percentage MOE exceeds 50% of estimate,Pass
Georgia county,13079,"Crawford County, Georgia",2020-2024,B10050_005,Six to eleven months,69,98,115,109,60,63.465394765204245,0,100,Percentage MOE exceeds 50% of estimate,Pass
Georgia county,13081,"Crisp County, Georgia",2020-2024,B10050_005,Six to eleven months,0,23,252,200,0,9.126984126984128,0,9.126984126984128,Unavailable MOE or zero percentage,Pass
Georgia county,13083,"Dade County, Georgia",2020-2024,B10050_005,Six to eleven months,11,16,242,186,4.545454545454546,5.613156294882293,0,10.158610840336838,Percentage MOE exceeds 50% of estimate,Pass
Georgia county,13085,"Dawson County, Georgia",2020-2024,B10050_005,Six to eleven months,0,30,175,134,0,17.142857142857142,0,17.142857142857142,Unavailable MOE or zero percentage,Pass
Georgia county,13087,"Decatur County, Georgia",2020-2024,B10050_005,Six to eleven months,0,27,259,157,0,10.424710424710424,0,10.424710424710424,Unavailable MOE or zero percentage,Pass
Georgia county,13091,"Dodge County, Georgia",2020-2024,B10050_005,Six to eleven months,0,23,179,94,0,12.849162011173185,0,12.849162011173185,Unavailable MOE or zero percentage,Pass
Georgia county,13093,"Dooly County, Georgia",2020-2024,B10050_005,Six to eleven months,0,23,57,56,0,40.35087719298245,0,40.35087719298245,Unavailable MOE or zero percentage,Pass
Georgia county,13099,"Early County, Georgia",2020-2024,B10050_005,Six to eleven months,0,23,111,73,0,20.72072072072072,0,20.72072072072072,Unavailable MOE or zero percentage,Pass
Georgia county,13101,"Echols County, Georgia",2020-2024,B10050_005,Six to eleven months,0,14,162,148,0,8.641975308641975,0,8.641975308641975,Unavailable MOE or zero percentage,Pass
Georgia county,13105,"Elbert County, Georgia",2020-2024,B10050_005,Six to eleven months,0,23,162,119,0,14.19753086419753,0,14.19753086419753,Unavailable MOE or zero percentage,Pass
Georgia county,13109,"Evans County, Georgia",2020-2024,B10050_005,Six to eleven months,0,23,22,23,0,104.54545454545456,0,100,Unavailable MOE or zero percentage,Pass
Georgia county,13111,"Fannin County, Georgia",2020-2024,B10050_005,Six to eleven months,2,3,220,148,0.9090909090909092,1.218805137859819,0,2.127896046950728,Percentage MOE exceeds 50% of estimate,Pass
Georgia county,13119,"Franklin County, Georgia",2020-2024,B10050_005,Six to eleven months,38,39,301,198,12.624584717607974,9.945526080878867,2.6790586367291063,22.57011079848684,Percentage MOE exceeds 50% of estimate,Pass
Georgia county,13123,"Gilmer County, Georgia",2020-2024,B10050_005,Six to eleven months,34,34,351,208,9.686609686609684,7.802586765977342,1.8840229206323436,17.489196452587027,Percentage MOE exceeds 50% of estimate,Pass
Georgia county,13125,"Glascock County, Georgia",2020-2024,B10050_005,Six to eleven months,0,14,69,49,0,20.28985507246377,0,20.28985507246377,Unavailable MOE or zero percentage,Pass
Georgia county,13133,"Greene County, Georgia",2020-2024,B10050_005,Six to eleven months,3,6,171,119,1.7543859649122806,3.2895154321838307,0,5.0439013970961115,Percentage MOE exceeds 50% of estimate,Pass
Georgia county,13141,"Hancock County, Georgia",2020-2024,B10050_005,Six to eleven months,0,20,140,108,0,14.285714285714285,0,14.285714285714285,Unavailable MOE or zero percentage,Pass
Georgia county,13143,"Haralson County, Georgia",2020-2024,B10050_005,Six to eleven months,0,30,288,160,0,10.416666666666668,0,10.416666666666668,Unavailable MOE or zero percentage,Pass
Georgia county,13147,"Hart County, Georgia",2020-2024,B10050_005,Six to eleven months,0,27,165,112,0,16.363636363636363,0,16.363636363636363,Unavailable MOE or zero percentage,Pass
Georgia county,13155,"Irwin County, Georgia",2020-2024,B10050_005,Six to eleven months,0,20,93,89,0,21.50537634408602,0,21.50537634408602,Unavailable MOE or zero percentage,Pass
Georgia county,13159,"Jasper County, Georgia",2020-2024,B10050_005,Six to eleven months,0,23,113,76,0,20.35398230088496,0,20.35398230088496,Unavailable MOE or zero percentage,Pass
Georgia county,13161,"Jeff Davis County, Georgia",2020-2024,B10050_005,Six to eleven months,0,23,144,120,0,15.97222222222222,0,15.97222222222222,Unavailable MOE or zero percentage,Pass
Georgia county,13163,"Jefferson County, Georgia",2020-2024,B10050_005,Six to eleven months,0,23,306,169,0,7.516339869281046,0,7.516339869281046,Unavailable MOE or zero percentage,Pass
Georgia county,13165,"Jenkins County, Georgia",2020-2024,B10050_005,Six to eleven months,0,20,102,81,0,19.607843137254903,0,19.607843137254903,Unavailable MOE or zero percentage,Pass
Georgia county,13167,"Johnson County, Georgia",2020-2024,B10050_005,Six to eleven months,0,20,65,42,0,30.76923076923077,0,30.76923076923077,Unavailable MOE or zero percentage,Pass
Georgia county,13169,"Jones County, Georgia",2020-2024,B10050_005,Six to eleven months,0,27,281,154,0,9.608540925266905,0,9.608540925266905,Unavailable MOE or zero percentage,Pass
Georgia county,13171,"Lamar County, Georgia",2020-2024,B10050_005,Six to eleven months,0,23,135,95,0,17.037037037037038,0,17.037037037037038,Unavailable MOE or zero percentage,Pass
Georgia county,13173,"Lanier County, Georgia",2020-2024,B10050_005,Six to eleven months,61,59,223,158,27.3542600896861,18.010248519265232,9.344011570420868,45.36450860895133,Percentage MOE exceeds 50% of estimate,Pass
Georgia county,13181,"Lincoln County, Georgia",2020-2024,B10050_005,Six to eleven months,0,20,109,86,0,18.34862385321101,0,18.34862385321101,Unavailable MOE or zero percentage,Pass
Georgia county,13183,"Long County, Georgia",2020-2024,B10050_005,Six to eleven months,0,23,330,230,0,6.969696969696971,0,6.969696969696971,Unavailable MOE or zero percentage,Pass
Georgia county,13189,"McDuffie County, Georgia",2020-2024,B10050_005,Six to eleven months,0,27,232,177,0,11.637931034482758,0,11.637931034482758,Unavailable MOE or zero percentage,Pass
Georgia county,13193,"Macon County, Georgia",2020-2024,B10050_005,Six to eleven months,0,23,242,122,0,9.50413223140496,0,9.50413223140496,Unavailable MOE or zero percentage,Pass
Georgia county,13197,"Marion County, Georgia",2020-2024,B10050_005,Six to eleven months,13,19,85,85,15.294117647058824,16.301654659471783,0,31.59577230653061,Percentage MOE exceeds 50% of estimate,Pass
Georgia county,13201,"Miller County, Georgia",2020-2024,B10050_005,Six to eleven months,10,17,32,29,31.25,44.9469189700734,0,76.1969189700734,Percentage MOE exceeds 50% of estimate,Pass
Georgia county,13205,"Mitchell County, Georgia",2020-2024,B10050_005,Six to eleven months,0,27,229,135,0,11.790393013100436,0,11.790393013100436,Unavailable MOE or zero percentage,Pass
Georgia county,13211,"Morgan County, Georgia",2020-2024,B10050_005,Six to eleven months,0,27,195,106,0,13.846153846153848,0,13.846153846153848,Unavailable MOE or zero percentage,Pass
Georgia county,13219,"Oconee County, Georgia",2020-2024,B10050_005,Six to eleven months,0,30,127,90,0,23.62204724409449,0,23.62204724409449,Unavailable MOE or zero percentage,Pass
Georgia county,13221,"Oglethorpe County, Georgia",2020-2024,B10050_005,Six to eleven months,0,23,68,58,0,33.82352941176471,0,33.82352941176471,Unavailable MOE or zero percentage,Pass
Georgia county,13225,"Peach County, Georgia",2020-2024,B10050_005,Six to eleven months,0,27,473,243,0,5.708245243128964,0,5.708245243128964,Unavailable MOE or zero percentage,Pass
Georgia county,13227,"Pickens County, Georgia",2020-2024,B10050_005,Six to eleven months,0,30,313,174,0,9.584664536741212,0,9.584664536741212,Unavailable MOE or zero percentage,Pass
Georgia county,13229,"Pierce County, Georgia",2020-2024,B10050_005,Six to eleven months,1,2,136,88,0.7352941176470588,1.391497226829188,0,2.1267913444762465,Percentage MOE exceeds 50% of estimate,Pass
Georgia county,13231,"Pike County, Georgia",2020-2024,B10050_005,Six to eleven months,0,23,226,115,0,10.17699115044248,0,10.17699115044248,Unavailable MOE or zero percentage,Pass
Georgia county,13235,"Pulaski County, Georgia",2020-2024,B10050_005,Six to eleven months,0,20,87,102,0,22.988505747126435,0,22.988505747126435,Unavailable MOE or zero percentage,Pass
Georgia county,13237,"Putnam County, Georgia",2020-2024,B10050_005,Six to eleven months,7,10,228,116,3.070175438596491,4.098388048579911,0,7.168563487176401,Percentage MOE exceeds 50% of estimate,Pass
Georgia county,13239,"Quitman County, Georgia",2020-2024,B10050_005,Six to eleven months,0,14,42,34,0,33.33333333333333,0,33.33333333333333,Unavailable MOE or zero percentage,Pass
Georgia county,13241,"Rabun County, Georgia",2020-2024,B10050_005,Six to eleven months,0,23,112,57,0,20.535714285714285,0,20.535714285714285,Unavailable MOE or zero percentage,Pass
Georgia county,13243,"Randolph County, Georgia",2020-2024,B10050_005,Six to eleven months,25,42,110,79,22.727272727272727,34.51714506931423,0,57.24441779658696,Percentage MOE exceeds 50% of estimate,Pass
Georgia county,13249,"Schley County, Georgia",2020-2024,B10050_005,Six to eleven months,0,14,105,91,0,13.333333333333334,0,13.333333333333334,Unavailable MOE or zero percentage,Pass
Georgia county,13253,"Seminole County, Georgia",2020-2024,B10050_005,Six to eleven months,0,20,259,162,0,7.722007722007722,0,7.722007722007722,Unavailable MOE or zero percentage,Pass
Georgia county,13259,"Stewart County, Georgia",2020-2024,B10050_005,Six to eleven months,3,6,13,14,23.076923076923077,38.89154254474552,0,61.9684656216686,Percentage MOE exceeds 50% of estimate,Pass
Georgia county,13265,"Taliaferro County, Georgia",2020-2024,B10050_005,Six to eleven months,0,14,7,10,0,200,0,100,Unavailable MOE or zero percentage,Pass
Georgia county,13269,"Taylor County, Georgia",2020-2024,B10050_005,Six to eleven months,0,20,56,46,0,35.714285714285715,0,35.714285714285715,Unavailable MOE or zero percentage,Pass
Georgia county,13271,"Telfair County, Georgia",2020-2024,B10050_005,Six to eleven months,22,24,91,69,24.175824175824175,18.961493309809867,5.214330866014308,43.13731748563404,Percentage MOE exceeds 50% of estimate,Pass
Georgia county,13273,"Terrell County, Georgia",2020-2024,B10050_005,Six to eleven months,0,20,53,45,0,37.735849056603776,0,37.735849056603776,Unavailable MOE or zero percentage,Pass
Georgia county,13281,"Towns County, Georgia",2020-2024,B10050_005,Six to eleven months,19,21,264,134,7.196969696969697,7.066139732351587,0.13082996461811014,14.263109429321284,Percentage MOE exceeds 50% of estimate,Pass
Georgia county,13283,"Treutlen County, Georgia",2020-2024,B10050_005,Six to eleven months,0,20,94,65,0,21.27659574468085,0,21.27659574468085,Unavailable MOE or zero percentage,Pass
Georgia county,13287,"Turner County, Georgia",2020-2024,B10050_005,Six to eleven months,0,20,74,52,0,27.027027027027028,0,27.027027027027028,Unavailable MOE or zero percentage,Pass
Georgia county,13289,"Twiggs County, Georgia",2020-2024,B10050_005,Six to eleven months,0,20,73,40,0,27.3972602739726,0,27.3972602739726,Unavailable MOE or zero percentage,Pass
Georgia county,13293,"Upson County, Georgia",2020-2024,B10050_005,Six to eleven months,12,20,182,127,6.593406593406594,9.97948598319282,0,16.572892576599415,Percentage MOE exceeds 50% of estimate,Pass
Georgia county,13301,"Warren County, Georgia",2020-2024,B10050_005,Six to eleven months,0,20,127,98,0,15.748031496062993,0,15.748031496062993,Unavailable MOE or zero percentage,Pass
Georgia county,13305,"Wayne County, Georgia",2020-2024,B10050_005,Six to eleven months,0,30,278,165,0,10.79136690647482,0,10.79136690647482,Unavailable MOE or zero percentage,Pass
Georgia county,13307,"Webster County, Georgia",2020-2024,B10050_005,Six to eleven months,0,14,6,9,0,233.33333333333337,0,100,Unavailable MOE or zero percentage,Pass
Georgia county,13309,"Wheeler County, Georgia",2020-2024,B10050_005,Six to eleven months,3,7,89,71,3.3707865168539324,7.391201696583197,0,10.76198821343713,Percentage MOE exceeds 50% of estimate,Pass
Georgia county,13311,"White County, Georgia",2020-2024,B10050_005,Six to eleven months,56,57,314,253,17.8343949044586,11.092195460635532,6.742199443823067,28.92659036509413,Percentage MOE exceeds 50% of estimate,Pass
Georgia county,13315,"Wilcox County, Georgia",2020-2024,B10050_005,Six to eleven months,0,20,94,52,0,21.27659574468085,0,21.27659574468085,Unavailable MOE or zero percentage,Pass
Georgia county,13317,"Wilkes County, Georgia",2020-2024,B10050_005,Six to eleven months,5,24,148,102,3.3783783783783785,16.04819281338591,0,19.42657119176429,Percentage MOE exceeds 50% of estimate,Pass
Georgia county,13319,"Wilkinson County, Georgia",2020-2024,B10050_005,Six to eleven months,0,20,125,66,0,16,0,16,Unavailable MOE or zero percentage,Pass
Georgia county,13321,"Worth County, Georgia",2020-2024,B10050_005,Six to eleven months,0,27,351,199,0,7.6923076923076925,0,7.6923076923076925,Unavailable MOE or zero percentage,Pass
Georgia place,1311560,"Brunswick city, Georgia",2020-2024,B10050_005,Six to eleven months,62,74,460,218,13.478260869565217,14.76447466099072,0,28.242735530555937,Percentage MOE exceeds 50% of estimate,Pass
Georgia place,1319112,"Commerce city, Georgia",2020-2024,B10050_005,Six to eleven months,5,10,250,116,2,3.89086314331409,0,5.89086314331409,Percentage MOE exceeds 50% of estimate,Pass
Georgia place,1344340,"LaGrange city, Georgia",2020-2024,B10050_005,Six to eleven months,0,30,558,238,0,5.376344086021505,0,5.376344086021505,Unavailable MOE or zero percentage,Pass
Georgia place,1338964,"Hinesville city, Georgia",2020-2024,B10050_005,Six to eleven months,19,32,407,180,4.668304668304668,7.586491774715082,0,12.25479644301975,Percentage MOE exceeds 50% of estimate,Pass
Georgia place,1301052,"Albany city, Georgia",2020-2024,B10050_005,Six to eleven months,83,80,782,218,10.61381074168798,9.79294873791514,0.8208620037728398,20.406759479603117,Percentage MOE exceeds 50% of estimate,Pass
Georgia place,1319000,"Columbus city, Georgia",2020-2024,B10050_005,Six to eleven months,230,181,2052,420,11.20857699805068,8.517097676035124,2.6914793220155566,19.72567467408581,Percentage MOE exceeds 50% of estimate,Pass
Georgia place,1304000,"Atlanta city, Georgia",2020-2024,B10050_005,Six to eleven months,317,130,2563,482,12.368318376902067,4.507411672515343,7.860906704386726,16.875730049417413,Retained,Pass
Georgia place,1369000,"Savannah city, Georgia",2020-2024,B10050_005,Six to eleven months,215,145,1238,274,17.366720516962843,11.063784457789556,6.3029360591732875,28.4305049747524,Percentage MOE exceeds 50% of estimate,Pass
Georgia place,1373704,"Stockbridge city, Georgia",2020-2024,B10050_005,Six to eleven months,69,56,284,128,24.295774647887324,16.398313390813684,7.89746125707364,40.69408803870101,Percentage MOE exceeds 50% of estimate,Pass
Georgia place,1349008,"Macon-Bibb County, Georgia",2020-2024,B10050_005,Six to eleven months,206,165,1048,315,19.65648854961832,14.593675298610204,5.062813251008116,34.250163848228524,Percentage MOE exceeds 50% of estimate,Pass
Georgia place,1373784,"Stonecrest city, Georgia",2020-2024,B10050_005,Six to eleven months,103,123,853,333,12.075029308323565,13.627415240257076,0,25.702444548580637,Percentage MOE exceeds 50% of estimate,Pass
Georgia place,1304204,"Augusta-Richmond County consolidated government (balance), Georgia",2020-2024,B10050_005,Six to eleven months,57,43,1973,505,2.889001520527116,2.0501430775193756,0.8388584430077404,4.939144598046491,Percentage MOE exceeds 50% of estimate,Pass
Georgia place,1380508,"Warner Robins city, Georgia",2020-2024,B10050_005,Six to eleven months,22,35,670,255,3.2835820895522385,5.072191297700127,0,8.355773387252366,Percentage MOE exceeds 50% of estimate,Pass
Georgia place,1372122,"South Fulton city, Georgia",2020-2024,B10050_005,Six to eleven months,0,34,968,360,0,3.512396694214876,0,3.512396694214876,Unavailable MOE or zero percentage,Pass
Georgia place,1349756,"Marietta city, Georgia",2020-2024,B10050_005,Six to eleven months,22,26,186,86,11.827956989247312,12.86429544928374,0,24.692252438531053,Percentage MOE exceeds 50% of estimate,Pass
Georgia place,1348288,"Mableton city, Georgia",2020-2024,B10050_005,Six to eleven months,124,166,431,212,28.770301624129928,35.82102789197737,0,64.5913295161073,Percentage MOE exceeds 50% of estimate,Pass
Georgia place,1300184,"Abbeville city, Georgia",2020-2024,B10050_005,Six to eleven months,0,14,9,10,0,155.55555555555557,0,100,Unavailable MOE or zero percentage,Pass
Georgia place,1300408,"Acworth city, Georgia",2020-2024,B10050_005,Six to eleven months,11,20,329,436,3.343465045592705,4.161984138970333,0,7.505449184563038,Percentage MOE exceeds 50% of estimate,Pass
Georgia place,1300436,"Adairsville city, Georgia",2020-2024,B10050_005,Six to eleven months,0,14,14,23,0,100,0,100,Unavailable MOE or zero percentage,Pass
Georgia place,1300576,"Adel city, Georgia",2020-2024,B10050_005,Six to eleven months,25,30,93,99,26.881720430107524,14.88978982440602,11.991930605701503,41.771510254513544,Percentage MOE exceeds 50% of estimate,Pass
Georgia place,1300660,"Adrian city, Georgia",2020-2024,B10050_005,Six to eleven months,0,14,11,14,0,127.27272727272728,0,100,Unavailable MOE or zero percentage,Pass
Georgia place,1300828,"Ailey city, Georgia",2020-2024,B10050_005,Six to eleven months,0,14,0,14,NA,NA,NA,NA,Missing input or nonpositive denominator,Pass
Georgia place,1300996,"Alamo town, Georgia",2020-2024,B10050_005,Six to eleven months,3,7,3,7,100,329.9831645537222,0,100,Percentage MOE exceeds 50% of estimate,Pass
Georgia place,1301024,"Alapaha town, Georgia",2020-2024,B10050_005,Six to eleven months,0,14,28,34,0,50,0,50,Unavailable MOE or zero percentage,Pass
Georgia place,1301248,"Aldora town, Georgia",2020-2024,B10050_005,Six to eleven months,0,14,0,14,NA,NA,NA,NA,Missing input or nonpositive denominator,Pass
Georgia place,1301472,"Allenhurst city, Georgia",2020-2024,B10050_005,Six to eleven months,0,14,18,24,0,77.77777777777779,0,77.77777777777779,Unavailable MOE or zero percentage,Pass
Georgia place,1301500,"Allentown city, Georgia",2020-2024,B10050_005,Six to eleven months,0,14,0,14,NA,NA,NA,NA,Missing input or nonpositive denominator,Pass
Georgia place,1301612,"Alma city, Georgia",2020-2024,B10050_005,Six to eleven months,0,14,18,24,0,77.77777777777779,0,77.77777777777779,Unavailable MOE or zero percentage,Pass
Georgia place,1301696,"Alpharetta city, Georgia",2020-2024,B10050_005,Six to eleven months,0,34,237,165,0,14.345991561181432,0,14.345991561181432,Unavailable MOE or zero percentage,Pass
Georgia place,1301808,"Alston town, Georgia",2020-2024,B10050_005,Six to eleven months,0,14,9,15,0,155.55555555555557,0,100,Unavailable MOE or zero percentage,Pass
Georgia place,1301948,"Alto town, Georgia",2020-2024,B10050_005,Six to eleven months,0,14,11,16,0,127.27272727272728,0,100,Unavailable MOE or zero percentage,Pass
Georgia place,1302060,"Ambrose city, Georgia",2020-2024,B10050_005,Six to eleven months,0,14,0,14,NA,NA,NA,NA,Missing input or nonpositive denominator,Pass
Georgia place,1302116,"Americus city, Georgia",2020-2024,B10050_005,Six to eleven months,0,23,8,25,0,287.5,0,100,Unavailable MOE or zero percentage,Pass
Georgia place,1302256,"Andersonville city, Georgia",2020-2024,B10050_005,Six to eleven months,0,14,1,4,0,1400,0,100,Unavailable MOE or zero percentage,Pass
Georgia place,1302364,"Antioch CDP, Georgia",2020-2024,B10050_005,Six to eleven months,0,14,0,14,NA,NA,NA,NA,Missing input or nonpositive denominator,Pass
Georgia place,1302536,"Appling CDP, Georgia",2020-2024,B10050_005,Six to eleven months,0,14,0,14,NA,NA,NA,NA,Missing input or nonpositive denominator,Pass
Georgia place,1302564,"Arabi town, Georgia",2020-2024,B10050_005,Six to eleven months,0,14,2,4,0,700,0,100,Unavailable MOE or zero percentage,Pass
Georgia place,1302592,"Aragon city, Georgia",2020-2024,B10050_005,Six to eleven months,23,40,48,53,47.91666666666667,64.38314569909518,0,100,Percentage MOE exceeds 50% of estimate,Pass
Georgia place,1302648,"Arcade city, Georgia",2020-2024,B10050_005,Six to eleven months,0,14,34,32,0,41.17647058823529,0,41.17647058823529,Unavailable MOE or zero percentage,Pass
Georgia place,1302844,"Argyle town, Georgia",2020-2024,B10050_005,Six to eleven months,0,14,28,50,0,50,0,50,Unavailable MOE or zero percentage,Pass
Georgia place,1302928,"Arlington city, Georgia",2020-2024,B10050_005,Six to eleven months,5,9,5,9,100,254.5584412271571,0,100,Percentage MOE exceeds 50% of estimate,Pass
Georgia place,1303124,"Arnoldsville city, Georgia",2020-2024,B10050_005,Six to eleven months,0,14,0,14,NA,NA,NA,NA,Missing input or nonpositive denominator,Pass
Georgia place,1303236,"Ashburn city, Georgia",2020-2024,B10050_005,Six to eleven months,0,14,25,33,0,56.00000000000001,0,56.00000000000001,Unavailable MOE or zero percentage,Pass
Georgia place,1303440,"Athens-Clarke County unified government (balance), Georgia",2020-2024,B10050_005,Six to eleven months,13,24,251,134,5.179282868525896,9.153234347648011,0,14.332517216173908,Percentage MOE exceeds 50% of estimate,Pass
Georgia place,1304084,"Attapulgus city, Georgia",2020-2024,B10050_005,Six to eleven months,0,14,13,19,0,107.6923076923077,0,100,Unavailable MOE or zero percentage,Pass
Georgia place,1304140,"Auburn city, Georgia",2020-2024,B10050_005,Six to eleven months,0,20,79,50,0,25.31645569620253,0,25.31645569620253,Unavailable MOE or zero percentage,Pass
Georgia place,1304252,"Austell city, Georgia",2020-2024,B10050_005,Six to eleven months,0,20,25,41,0,80,0,80,Unavailable MOE or zero percentage,Pass
Georgia place,1304392,"Avalon town, Georgia",2020-2024,B10050_005,Six to eleven months,0,14,16,22,0,87.5,0,87.5,Unavailable MOE or zero percentage,Pass
Georgia place,1304448,"Avera city, Georgia",2020-2024,B10050_005,Six to eleven months,0,14,4,5,0,350,0,100,Unavailable MOE or zero percentage,Pass
Georgia place,1304644,"Avondale Estates city, Georgia",2020-2024,B10050_005,Six to eleven months,0,14,17,25,0,82.35294117647058,0,82.35294117647058,Unavailable MOE or zero percentage,Pass
Georgia place,1304700,"Axson CDP, Georgia",2020-2024,B10050_005,Six to eleven months,0,14,0,14,NA,NA,NA,NA,Missing input or nonpositive denominator,Pass
Georgia place,1304840,"Baconton city, Georgia",2020-2024,B10050_005,Six to eleven months,0,14,2,4,0,700,0,100,Unavailable MOE or zero percentage,Pass
Georgia place,1304896,"Bainbridge city, Georgia",2020-2024,B10050_005,Six to eleven months,0,23,134,123,0,17.16417910447761,0,17.16417910447761,Unavailable MOE or zero percentage,Pass
Georgia place,1304980,"Baldwin city, Georgia",2020-2024,B10050_005,Six to eleven months,0,14,0,14,NA,NA,NA,NA,Missing input or nonpositive denominator,Pass
Georgia place,1305036,"Ball Ground city, Georgia",2020-2024,B10050_005,Six to eleven months,10,17,15,19,66.66666666666666,75.58822822975534,0,100,Percentage MOE exceeds 50% of estimate,Pass
Georgia place,1305344,"Barnesville city, Georgia",2020-2024,B10050_005,Six to eleven months,0,20,54,59,0,37.03703703703704,0,37.03703703703704,Unavailable MOE or zero percentage,Pass
Georgia place,1305680,"Bartow town, Georgia",2020-2024,B10050_005,Six to eleven months,0,14,3,5,0,466.6666666666667,0,100,Unavailable MOE or zero percentage,Pass
Georgia place,1305708,"Barwick city, Georgia",2020-2024,B10050_005,Six to eleven months,0,14,7,9,0,200,0,100,Unavailable MOE or zero percentage,Pass
Georgia place,1306016,"Baxley city, Georgia",2020-2024,B10050_005,Six to eleven months,0,14,20,32,0,70,0,70,Unavailable MOE or zero percentage,Pass
Georgia place,1306688,"Bellville city, Georgia",2020-2024,B10050_005,Six to eleven months,0,14,0,14,NA,NA,NA,NA,Missing input or nonpositive denominator,Pass
Georgia place,1306884,"Belvedere Park CDP, Georgia",2020-2024,B10050_005,Six to eleven months,0,23,59,50,0,38.983050847457626,0,38.983050847457626,Unavailable MOE or zero percentage,Pass
Georgia place,1306968,"Bemiss CDP, Georgia",2020-2024,B10050_005,Six to eleven months,0,20,44,63,0,45.45454545454545,0,45.45454545454545,Unavailable MOE or zero percentage,Pass
Georgia place,1307248,"Berkeley Lake city, Georgia",2020-2024,B10050_005,Six to eleven months,0,14,14,19,0,100,0,100,Unavailable MOE or zero percentage,Pass
Georgia place,1307304,"Berlin city, Georgia",2020-2024,B10050_005,Six to eleven months,11,17,26,29,42.30769230769231,45.25829492302664,0,87.56598723071895,Percentage MOE exceeds 50% of estimate,Pass
Georgia place,1307380,"Berry College CDP, Georgia",2020-2024,B10050_005,Six to eleven months,0,14,0,14,NA,NA,NA,NA,Missing input or nonpositive denominator,Pass
Georgia place,1307612,"Bethlehem town, Georgia",2020-2024,B10050_005,Six to eleven months,0,14,0,14,NA,NA,NA,NA,Missing input or nonpositive denominator,Pass
Georgia place,1307640,"Between town, Georgia",2020-2024,B10050_005,Six to eleven months,0,14,0,14,NA,NA,NA,NA,Missing input or nonpositive denominator,Pass
Georgia place,1308200,"Bishop town, Georgia",2020-2024,B10050_005,Six to eleven months,0,14,11,20,0,127.27272727272728,0,100,Unavailable MOE or zero percentage,Pass
Georgia place,1308284,"Blackshear city, Georgia",2020-2024,B10050_005,Six to eleven months,0,14,33,39,0,42.42424242424242,0,42.42424242424242,Unavailable MOE or zero percentage,Pass
Georgia place,1308480,"Blairsville city, Georgia",2020-2024,B10050_005,Six to eleven months,0,14,27,42,0,51.85185185185185,0,51.85185185185185,Unavailable MOE or zero percentage,Pass
Georgia place,1308536,"Blakely city, Georgia",2020-2024,B10050_005,Six to eleven months,0,20,40,48,0,50,0,50,Unavailable MOE or zero percentage,Pass
Georgia place,1308844,"Bloomingdale city, Georgia",2020-2024,B10050_005,Six to eleven months,0,14,15,23,0,93.33333333333331,0,93.33333333333331,Unavailable MOE or zero percentage,Pass
Georgia place,1308928,"Blue Ridge city, Georgia",2020-2024,B10050_005,Six to eleven months,0,14,12,15,0,116.66666666666669,0,100,Unavailable MOE or zero percentage,Pass
Georgia place,1308956,"Bluffton town, Georgia",2020-2024,B10050_005,Six to eleven months,0,14,9,15,0,155.55555555555557,0,100,Unavailable MOE or zero percentage,Pass
Georgia place,1309040,"Blythe city, Georgia",2020-2024,B10050_005,Six to eleven months,2,4,25,23,8,14.206702643470791,0,22.20670264347079,Percentage MOE exceeds 50% of estimate,Pass
Georgia place,1309068,"Bogart town, Georgia",2020-2024,B10050_005,Six to eleven months,0,14,0,14,NA,NA,NA,NA,Missing input or nonpositive denominator,Pass
Georgia place,1309152,"Bolingbroke CDP, Georgia",2020-2024,B10050_005,Six to eleven months,0,14,0,14,NA,NA,NA,NA,Missing input or nonpositive denominator,Pass
Georgia place,1309272,"Bonanza CDP, Georgia",2020-2024,B10050_005,Six to eleven months,0,14,0,14,NA,NA,NA,NA,Missing input or nonpositive denominator,Pass
Georgia place,1309460,"Boston city, Georgia",2020-2024,B10050_005,Six to eleven months,0,14,15,19,0,93.33333333333331,0,93.33333333333331,Unavailable MOE or zero percentage,Pass
Georgia place,1309488,"Bostwick city, Georgia",2020-2024,B10050_005,Six to eleven months,0,14,0,14,NA,NA,NA,NA,Missing input or nonpositive denominator,Pass
Georgia place,1309544,"Bowdon city, Georgia",2020-2024,B10050_005,Six to eleven months,0,14,15,17,0,93.33333333333331,0,93.33333333333331,Unavailable MOE or zero percentage,Pass
Georgia place,1309656,"Bowersville town, Georgia",2020-2024,B10050_005,Six to eleven months,0,14,2,5,0,700,0,100,Unavailable MOE or zero percentage,Pass
Georgia place,1309712,"Bowman city, Georgia",2020-2024,B10050_005,Six to eleven months,0,14,4,7,0,350,0,100,Unavailable MOE or zero percentage,Pass
Georgia place,1309768,"Box Springs CDP, Georgia",2020-2024,B10050_005,Six to eleven months,0,14,20,28,0,70,0,70,Unavailable MOE or zero percentage,Pass
Georgia place,1309852,"Boykin CDP, Georgia",2020-2024,B10050_005,Six to eleven months,0,14,0,14,NA,NA,NA,NA,Missing input or nonpositive denominator,Pass
Georgia place,1310076,"Braselton town, Georgia",2020-2024,B10050_005,Six to eleven months,0,23,44,44,0,52.27272727272727,0,52.27272727272727,Unavailable MOE or zero percentage,Pass
Georgia place,1310104,"Braswell town, Georgia",2020-2024,B10050_005,Six to eleven months,0,14,11,17,0,127.27272727272728,0,100,Unavailable MOE or zero percentage,Pass
Georgia place,1310132,"Bremen city, Georgia",2020-2024,B10050_005,Six to eleven months,0,20,32,42,0,62.5,0,62.5,Unavailable MOE or zero percentage,Pass
Georgia place,1310608,"Brinson town, Georgia",2020-2024,B10050_005,Six to eleven months,0,14,6,9,0,233.33333333333337,0,100,Unavailable MOE or zero percentage,Pass
Georgia place,1310664,"Bristol CDP, Georgia",2020-2024,B10050_005,Six to eleven months,0,14,0,14,NA,NA,NA,NA,Missing input or nonpositive denominator,Pass
Georgia place,1310860,"Bronwood town, Georgia",2020-2024,B10050_005,Six to eleven months,0,14,16,16,0,87.5,0,87.5,Unavailable MOE or zero percentage,Pass
Georgia place,1310944,"Brookhaven city, Georgia",2020-2024,B10050_005,Six to eleven months,8,13,84,58,9.523809523809524,14.009610016844883,0,23.533419540654407,Percentage MOE exceeds 50% of estimate,Pass
Georgia place,1311000,"Brooklet city, Georgia",2020-2024,B10050_005,Six to eleven months,0,14,9,14,0,155.55555555555557,0,100,Unavailable MOE or zero percentage,Pass
Georgia place,1311056,"Brooks town, Georgia",2020-2024,B10050_005,Six to eleven months,0,14,3,5,0,466.6666666666667,0,100,Unavailable MOE or zero percentage,Pass
Georgia place,1311504,"Broxton city, Georgia",2020-2024,B10050_005,Six to eleven months,18,26,18,26,100,204.2752923427804,0,100,Percentage MOE exceeds 50% of estimate,Pass
Georgia place,1311616,"Buchanan city, Georgia",2020-2024,B10050_005,Six to eleven months,0,14,93,125,0,15.053763440860216,0,15.053763440860216,Unavailable MOE or zero percentage,Pass
Georgia place,1311626,"Buckhead CDP, Georgia",2020-2024,B10050_005,Six to eleven months,0,14,0,14,NA,NA,NA,NA,Missing input or nonpositive denominator,Pass
Georgia place,1311672,"Buckhead town, Georgia",2020-2024,B10050_005,Six to eleven months,0,14,4,7,0,350,0,100,Unavailable MOE or zero percentage,Pass
Georgia place,1311728,"Buena Vista city, Georgia",2020-2024,B10050_005,Six to eleven months,3,4,28,28,10.714285714285714,9.44911182523068,1.265173889055033,20.163397539516396,Percentage MOE exceeds 50% of estimate,Pass
Georgia place,1311784,"Buford city, Georgia",2020-2024,B10050_005,Six to eleven months,0,23,244,319,0,9.42622950819672,0,9.42622950819672,Unavailable MOE or zero percentage,Pass
Georgia place,1312120,"Butler city, Georgia",2020-2024,B10050_005,Six to eleven months,0,14,17,22,0,82.35294117647058,0,82.35294117647058,Unavailable MOE or zero percentage,Pass
Georgia place,1312232,"Byromville town, Georgia",2020-2024,B10050_005,Six to eleven months,0,14,5,7,0,280,0,100,Unavailable MOE or zero percentage,Pass
Georgia place,1312260,"Byron city, Georgia",2020-2024,B10050_005,Six to eleven months,0,20,207,157,0,9.66183574879227,0,9.66183574879227,Unavailable MOE or zero percentage,Pass
Georgia place,1312344,"Cadwell town, Georgia",2020-2024,B10050_005,Six to eleven months,0,14,11,15,0,127.27272727272728,0,100,Unavailable MOE or zero percentage,Pass
Georgia place,1312400,"Cairo city, Georgia",2020-2024,B10050_005,Six to eleven months,0,23,235,139,0,9.787234042553193,0,9.787234042553193,Unavailable MOE or zero percentage,Pass
Georgia place,1312456,"Calhoun city, Georgia",2020-2024,B10050_005,Six to eleven months,53,77,171,136,30.994152046783626,37.68281000420862,0,68.67696205099224,Percentage MOE exceeds 50% of estimate,Pass
Georgia place,1312484,"Calvary CDP, Georgia",2020-2024,B10050_005,Six to eleven months,0,14,0,14,NA,NA,NA,NA,Missing input or nonpositive denominator,Pass
Georgia place,1312512,"Camak town, Georgia",2020-2024,B10050_005,Six to eleven months,0,14,0,14,NA,NA,NA,NA,Missing input or nonpositive denominator,Pass
Georgia place,1312624,"Camilla city, Georgia",2020-2024,B10050_005,Six to eleven months,0,20,59,63,0,33.89830508474576,0,33.89830508474576,Unavailable MOE or zero percentage,Pass
Georgia place,1312834,"Candler-McAfee CDP, Georgia",2020-2024,B10050_005,Six to eleven months,76,106,371,194,20.485175202156334,26.48737820424683,0,46.972553406403165,Percentage MOE exceeds 50% of estimate,Pass
Georgia place,1312932,"Canon city, Georgia",2020-2024,B10050_005,Six to eleven months,0,14,4,7,0,350,0,100,Unavailable MOE or zero percentage,Pass
Georgia place,1312960,"Canoochee CDP, Georgia",2020-2024,B10050_005,Six to eleven months,0,14,0,14,NA,NA,NA,NA,Missing input or nonpositive denominator,Pass
Georgia place,1312988,"Canton city, Georgia",2020-2024,B10050_005,Six to eleven months,0,30,111,93,0,27.027027027027028,0,27.027027027027028,Unavailable MOE or zero percentage,Pass
Georgia place,1313184,"Carl town, Georgia",2020-2024,B10050_005,Six to eleven months,0,14,0,14,NA,NA,NA,NA,Missing input or nonpositive denominator,Pass
Georgia place,1313212,"Carlton city, Georgia",2020-2024,B10050_005,Six to eleven months,0,14,3,5,0,466.6666666666667,0,100,Unavailable MOE or zero percentage,Pass
Georgia place,1313352,"Carnesville city, Georgia",2020-2024,B10050_005,Six to eleven months,0,14,0,14,NA,NA,NA,NA,Missing input or nonpositive denominator,Pass
Georgia place,1313492,"Carrollton city, Georgia",2020-2024,B10050_005,Six to eleven months,0,27,126,132,0,21.428571428571427,0,21.428571428571427,Unavailable MOE or zero percentage,Pass
Georgia place,1313688,"Cartersville city, Georgia",2020-2024,B10050_005,Six to eleven months,0,27,401,318,0,6.733167082294264,0,6.733167082294264,Unavailable MOE or zero percentage,Pass
Georgia place,1314024,"Cataula CDP, Georgia",2020-2024,B10050_005,Six to eleven months,0,14,0,14,NA,NA,NA,NA,Missing input or nonpositive denominator,Pass
Georgia place,1314108,"Cave Spring city, Georgia",2020-2024,B10050_005,Six to eleven months,0,14,4,8,0,350,0,100,Unavailable MOE or zero percentage,Pass
Georgia place,1314192,"Cecil city, Georgia",2020-2024,B10050_005,Six to eleven months,0,14,0,14,NA,NA,NA,NA,Missing input or nonpositive denominator,Pass
Georgia place,1314472,"Cedar Springs CDP, Georgia",2020-2024,B10050_005,Six to eleven months,0,14,0,14,NA,NA,NA,NA,Missing input or nonpositive denominator,Pass
Georgia place,1314500,"Cedartown city, Georgia",2020-2024,B10050_005,Six to eleven months,5,11,218,146,2.293577981651376,4.806383367742259,0,7.099961349393635,Percentage MOE exceeds 50% of estimate,Pass
Georgia place,1314920,"Centerville city, Georgia",2020-2024,B10050_005,Six to eleven months,0,20,0,20,NA,NA,NA,NA,Missing input or nonpositive denominator,Pass
Georgia place,1315026,"Centralhatchee town, Georgia",2020-2024,B10050_005,Six to eleven months,0,14,25,30,0,56.00000000000001,0,56.00000000000001,Unavailable MOE or zero percentage,Pass
Georgia place,1315172,"Chamblee city, Georgia",2020-2024,B10050_005,Six to eleven months,0,30,270,145,0,11.11111111111111,0,11.11111111111111,Unavailable MOE or zero percentage,Pass
Georgia place,1315508,"Chatsworth city, Georgia",2020-2024,B10050_005,Six to eleven months,0,14,51,71,0,27.450980392156865,0,27.450980392156865,Unavailable MOE or zero percentage,Pass
Georgia place,1315552,"Chattahoochee Hills city, Georgia",2020-2024,B10050_005,Six to eleven months,0,14,18,34,0,77.77777777777779,0,77.77777777777779,Unavailable MOE or zero percentage,Pass
Georgia place,1315585,"Chattanooga Valley CDP, Georgia",2020-2024,B10050_005,Six to eleven months,0,14,0,14,NA,NA,NA,NA,Missing input or nonpositive denominator,Pass
Georgia place,1315648,"Chauncey city, Georgia",2020-2024,B10050_005,Six to eleven months,0,14,5,7,0,280,0,100,Unavailable MOE or zero percentage,Pass
Georgia place,1315844,"Cherry Log CDP, Georgia",2020-2024,B10050_005,Six to eleven months,0,14,0,14,NA,NA,NA,NA,Missing input or nonpositive denominator,Pass
Georgia place,1315900,"Chester town, Georgia",2020-2024,B10050_005,Six to eleven months,0,14,0,14,NA,NA,NA,NA,Missing input or nonpositive denominator,Pass
Georgia place,1315984,"Chickamauga city, Georgia",2020-2024,B10050_005,Six to eleven months,0,14,10,17,0,140,0,100,Unavailable MOE or zero percentage,Pass
Georgia place,1316460,"Clarkesville city, Georgia",2020-2024,B10050_005,Six to eleven months,0,14,0,14,NA,NA,NA,NA,Missing input or nonpositive denominator,Pass
Georgia place,1316544,"Clarkston city, Georgia",2020-2024,B10050_005,Six to eleven months,27,39,118,84,22.88135593220339,28.75840395733708,0,51.63975988954047,Percentage MOE exceeds 50% of estimate,Pass
Georgia place,1316600,"Claxton city, Georgia",2020-2024,B10050_005,Six to eleven months,0,14,16,20,0,87.5,0,87.5,Unavailable MOE or zero percentage,Pass
Georgia place,1316656,"Clayton city, Georgia",2020-2024,B10050_005,Six to eleven months,0,14,7,9,0,200,0,100,Unavailable MOE or zero percentage,Pass
Georgia place,1316796,"Clermont town, Georgia",2020-2024,B10050_005,Six to eleven months,8,12,8,12,100,212.13203435596424,0,100,Percentage MOE exceeds 50% of estimate,Pass
Georgia place,1316824,"Cleveland city, Georgia",2020-2024,B10050_005,Six to eleven months,29,45,37,57,78.37837837837837,14.575563899181189,63.80281447919718,92.95394227755956,Caregiver count MOE exceeds 50% of estimate,Pass
Georgia place,1316908,"Climax city, Georgia",2020-2024,B10050_005,Six to eleven months,0,14,9,14,0,155.55555555555557,0,100,Unavailable MOE or zero percentage,Pass
Georgia place,1317132,"Clyattville CDP, Georgia",2020-2024,B10050_005,Six to eleven months,0,14,0,14,NA,NA,NA,NA,Missing input or nonpositive denominator,Pass
Georgia place,1317272,"Cobbtown city, Georgia",2020-2024,B10050_005,Six to eleven months,0,14,12,21,0,116.66666666666669,0,100,Unavailable MOE or zero percentage,Pass
Georgia place,1317328,"Cochran city, Georgia",2020-2024,B10050_005,Six to eleven months,0,14,59,65,0,23.728813559322035,0,23.728813559322035,Unavailable MOE or zero percentage,Pass
Georgia place,1317468,"Cogdell CDP, Georgia",2020-2024,B10050_005,Six to eleven months,0,14,0,14,NA,NA,NA,NA,Missing input or nonpositive denominator,Pass
Georgia place,1317496,"Cohutta city, Georgia",2020-2024,B10050_005,Six to eleven months,0,14,13,16,0,107.6923076923077,0,100,Unavailable MOE or zero percentage,Pass
Georgia place,1317552,"Colbert city, Georgia",2020-2024,B10050_005,Six to eleven months,0,14,6,7,0,233.33333333333337,0,100,Unavailable MOE or zero percentage,Pass
Georgia place,1317580,"Coleman CDP, Georgia",2020-2024,B10050_005,Six to eleven months,0,14,0,14,NA,NA,NA,NA,Missing input or nonpositive denominator,Pass
Georgia place,1317776,"College Park city, Georgia",2020-2024,B10050_005,Six to eleven months,0,23,144,134,0,15.97222222222222,0,15.97222222222222,Unavailable MOE or zero percentage,Pass
Georgia place,1317832,"Collins city, Georgia",2020-2024,B10050_005,Six to eleven months,0,14,0,14,NA,NA,NA,NA,Missing input or nonpositive denominator,Pass
Georgia place,1318000,"Colquitt city, Georgia",2020-2024,B10050_005,Six to eleven months,10,17,19,23,52.63157894736842,62.819841749238314,0,100,Percentage MOE exceeds 50% of estimate,Pass
Georgia place,1319084,"Comer city, Georgia",2020-2024,B10050_005,Six to eleven months,0,14,0,14,NA,NA,NA,NA,Missing input or nonpositive denominator,Pass
Georgia place,1319168,"Concord city, Georgia",2020-2024,B10050_005,Six to eleven months,0,14,0,14,NA,NA,NA,NA,Missing input or nonpositive denominator,Pass
Georgia place,1319280,"Conley CDP, Georgia",2020-2024,B10050_005,Six to eleven months,0,20,78,107,0,25.64102564102564,0,25.64102564102564,Unavailable MOE or zero percentage,Pass
Georgia place,1319336,"Conyers city, Georgia",2020-2024,B10050_005,Six to eleven months,0,23,192,187,0,11.979166666666668,0,11.979166666666668,Unavailable MOE or zero percentage,Pass
Georgia place,1319392,"Coolidge city, Georgia",2020-2024,B10050_005,Six to eleven months,0,14,3,4,0,466.6666666666667,0,100,Unavailable MOE or zero percentage,Pass
Georgia place,1319616,"Cordele city, Georgia",2020-2024,B10050_005,Six to eleven months,0,20,180,183,0,11.11111111111111,0,11.11111111111111,Unavailable MOE or zero percentage,Pass
Georgia place,1319728,"Cornelia city, Georgia",2020-2024,B10050_005,Six to eleven months,0,14,13,22,0,107.6923076923077,0,100,Unavailable MOE or zero percentage,Pass
Georgia place,1319830,"Country Club Estates CDP, Georgia",2020-2024,B10050_005,Six to eleven months,0,20,91,109,0,21.978021978021975,0,21.978021978021975,Unavailable MOE or zero percentage,Pass
Georgia place,1320064,"Covington city, Georgia",2020-2024,B10050_005,Six to eleven months,5,24,56,61,8.928571428571429,41.739000743762134,0,50.66757217233357,Percentage MOE exceeds 50% of estimate,Pass
Georgia place,1320288,"Crawford city, Georgia",2020-2024,B10050_005,Six to eleven months,0,14,3,6,0,466.6666666666667,0,100,Unavailable MOE or zero percentage,Pass
Georgia place,1320316,"Crawfordville city, Georgia",2020-2024,B10050_005,Six to eleven months,0,14,6,10,0,233.33333333333337,0,100,Unavailable MOE or zero percentage,Pass
Georgia place,1320372,"Crescent CDP, Georgia",2020-2024,B10050_005,Six to eleven months,0,14,0,14,NA,NA,NA,NA,Missing input or nonpositive denominator,Pass
Georgia place,1320550,"Crooked Creek CDP, Georgia",2020-2024,B10050_005,Six to eleven months,0,14,0,14,NA,NA,NA,NA,Missing input or nonpositive denominator,Pass
Georgia place,1320848,"Culloden city, Georgia",2020-2024,B10050_005,Six to eleven months,0,14,0,14,NA,NA,NA,NA,Missing input or nonpositive denominator,Pass
Georgia place,1320932,"Cumming city, Georgia",2020-2024,B10050_005,Six to eleven months,0,20,37,51,0,54.054054054054056,0,54.054054054054056,Unavailable MOE or zero percentage,Pass
Georgia place,1321017,"Cusseta-Chattahoochee County unified government, Georgia",2020-2024,B10050_005,Six to eleven months,0,20,87,45,0,22.988505747126435,0,22.988505747126435,Unavailable MOE or zero percentage,Pass
Georgia place,1321072,"Cuthbert city, Georgia",2020-2024,B10050_005,Six to eleven months,0,14,35,58,0,40,0,40,Unavailable MOE or zero percentage,Pass
Georgia place,1321184,"Dacula city, Georgia",2020-2024,B10050_005,Six to eleven months,72,113,106,126,67.9245283018868,69.60847585031003,0,100,Percentage MOE exceeds 50% of estimate,Pass
Georgia place,1321240,"Dahlonega city, Georgia",2020-2024,B10050_005,Six to eleven months,0,20,7,9,0,285.7142857142857,0,100,Unavailable MOE or zero percentage,Pass
Georgia place,1321268,"Daisy city, Georgia",2020-2024,B10050_005,Six to eleven months,0,14,0,14,NA,NA,NA,NA,Missing input or nonpositive denominator,Pass
Georgia place,1321324,"Dallas city, Georgia",2020-2024,B10050_005,Six to eleven months,0,23,154,141,0,14.935064935064934,0,14.935064935064934,Unavailable MOE or zero percentage,Pass
Georgia place,1321380,"Dalton city, Georgia",2020-2024,B10050_005,Six to eleven months,0,30,291,204,0,10.309278350515465,0,10.309278350515465,Unavailable MOE or zero percentage,Pass
Georgia place,1321436,"Damascus city, Georgia",2020-2024,B10050_005,Six to eleven months,0,14,1,2,0,1400,0,100,Unavailable MOE or zero percentage,Pass
Georgia place,1321632,"Danielsville city, Georgia",2020-2024,B10050_005,Six to eleven months,0,14,5,7,0,280,0,100,Unavailable MOE or zero percentage,Pass
Georgia place,1321688,"Danville town, Georgia",2020-2024,B10050_005,Six to eleven months,0,14,17,19,0,82.35294117647058,0,82.35294117647058,Unavailable MOE or zero percentage,Pass
Georgia place,1321716,"Darien city, Georgia",2020-2024,B10050_005,Six to eleven months,0,14,20,25,0,70,0,70,Unavailable MOE or zero percentage,Pass
Georgia place,1321744,"Dasher town, Georgia",2020-2024,B10050_005,Six to eleven months,0,14,0,14,NA,NA,NA,NA,Missing input or nonpositive denominator,Pass
Georgia place,1321800,"Davisboro city, Georgia",2020-2024,B10050_005,Six to eleven months,0,14,14,18,0,100,0,100,Unavailable MOE or zero percentage,Pass
Georgia place,1321912,"Dawson city, Georgia",2020-2024,B10050_005,Six to eleven months,0,14,0,14,NA,NA,NA,NA,Missing input or nonpositive denominator,Pass
Georgia place,1321940,"Dawsonville city, Georgia",2020-2024,B10050_005,Six to eleven months,0,14,26,42,0,53.84615384615385,0,53.84615384615385,Unavailable MOE or zero percentage,Pass
Georgia place,1322024,"Dearing town, Georgia",2020-2024,B10050_005,Six to eleven months,0,14,16,32,0,87.5,0,87.5,Unavailable MOE or zero percentage,Pass
Georgia place,1322052,"Decatur city, Georgia",2020-2024,B10050_005,Six to eleven months,0,27,0,27,NA,NA,NA,NA,Missing input or nonpositive denominator,Pass
Georgia place,1322080,"Deenwood CDP, Georgia",2020-2024,B10050_005,Six to eleven months,8,14,14,17,57.14285714285714,72.00930107909123,0,100,Percentage MOE exceeds 50% of estimate,Pass
Georgia place,1322108,"Deepstep town, Georgia",2020-2024,B10050_005,Six to eleven months,0,14,0,14,NA,NA,NA,NA,Missing input or nonpositive denominator,Pass
Georgia place,1322304,"Demorest city, Georgia",2020-2024,B10050_005,Six to eleven months,0,14,15,27,0,93.33333333333331,0,93.33333333333331,Unavailable MOE or zero percentage,Pass
Georgia place,1322388,"Denton city, Georgia",2020-2024,B10050_005,Six to eleven months,0,14,56,74,0,25,0,25,Unavailable MOE or zero percentage,Pass
Georgia place,1322472,"De Soto city, Georgia",2020-2024,B10050_005,Six to eleven months,0,14,0,14,NA,NA,NA,NA,Missing input or nonpositive denominator,Pass
Georgia place,1322724,"Dewy Rose CDP, Georgia",2020-2024,B10050_005,Six to eleven months,0,14,0,14,NA,NA,NA,NA,Missing input or nonpositive denominator,Pass
Georgia place,1322752,"Dexter town, Georgia",2020-2024,B10050_005,Six to eleven months,0,14,28,35,0,50,0,50,Unavailable MOE or zero percentage,Pass
Georgia place,1322976,"Dillard city, Georgia",2020-2024,B10050_005,Six to eleven months,0,14,1,3,0,1400,0,100,Unavailable MOE or zero percentage,Pass
Georgia place,1323060,"Dixie CDP, Georgia",2020-2024,B10050_005,Six to eleven months,0,14,0,14,NA,NA,NA,NA,Missing input or nonpositive denominator,Pass
Georgia place,1323144,"Dixie Union CDP, Georgia",2020-2024,B10050_005,Six to eleven months,0,14,0,14,NA,NA,NA,NA,Missing input or nonpositive denominator,Pass
Georgia place,1323200,"Dock Junction CDP, Georgia",2020-2024,B10050_005,Six to eleven months,0,20,112,89,0,17.857142857142858,0,17.857142857142858,Unavailable MOE or zero percentage,Pass
Georgia place,1323284,"Doerun city, Georgia",2020-2024,B10050_005,Six to eleven months,0,14,16,13,0,87.5,0,87.5,Unavailable MOE or zero percentage,Pass
Georgia place,1323368,"Donalsonville city, Georgia",2020-2024,B10050_005,Six to eleven months,0,14,189,139,0,7.4074074074074066,0,7.4074074074074066,Unavailable MOE or zero percentage,Pass
Georgia place,1323480,"Dooling town, Georgia",2020-2024,B10050_005,Six to eleven months,0,14,0,14,NA,NA,NA,NA,Missing input or nonpositive denominator,Pass
Georgia place,1323536,"Doraville city, Georgia",2020-2024,B10050_005,Six to eleven months,0,23,33,57,0,69.6969696969697,0,69.6969696969697,Unavailable MOE or zero percentage,Pass
Georgia place,1323872,"Douglas city, Georgia",2020-2024,B10050_005,Six to eleven months,99,96,272,157,36.39705882352941,28.360423402117213,8.0366354214122,64.75748222564663,Percentage MOE exceeds 50% of estimate,Pass
Georgia place,1323900,"Douglasville city, Georgia",2020-2024,B10050_005,Six to eleven months,19,30,113,88,16.8141592920354,23.094882827941216,0,39.90904211997662,Percentage MOE exceeds 50% of estimate,Pass
Georgia place,1324264,"Druid Hills CDP, Georgia",2020-2024,B10050_005,Six to eleven months,0,20,0,20,NA,NA,NA,NA,Missing input or nonpositive denominator,Pass
Georgia place,1324376,"Dublin city, Georgia",2020-2024,B10050_005,Six to eleven months,0,23,57,48,0,40.35087719298245,0,40.35087719298245,Unavailable MOE or zero percentage,Pass
Georgia place,1324488,"Dudley city, Georgia",2020-2024,B10050_005,Six to eleven months,0,14,0,14,NA,NA,NA,NA,Missing input or nonpositive denominator,Pass
Georgia place,1324600,"Duluth city, Georgia",2020-2024,B10050_005,Six to eleven months,13,23,225,103,5.777777777777778,9.874114071646796,0,15.651891849424576,Percentage MOE exceeds 50% of estimate,Pass
Georgia place,1324768,"Dunwoody city, Georgia",2020-2024,B10050_005,Six to eleven months,0,34,48,60,0,70.83333333333334,0,70.83333333333334,Unavailable MOE or zero percentage,Pass
Georgia place,1324796,"Du Pont town, Georgia",2020-2024,B10050_005,Six to eleven months,0,14,0,14,NA,NA,NA,NA,Missing input or nonpositive denominator,Pass
Georgia place,1324876,"Dutch Island CDP, Georgia",2020-2024,B10050_005,Six to eleven months,0,14,0,14,NA,NA,NA,NA,Missing input or nonpositive denominator,Pass
Georgia place,1324964,"Eagle Grove CDP, Georgia",2020-2024,B10050_005,Six to eleven months,0,14,0,14,NA,NA,NA,NA,Missing input or nonpositive denominator,Pass
Georgia place,1325300,"East Dublin city, Georgia",2020-2024,B10050_005,Six to eleven months,0,14,5,7,0,280,0,100,Unavailable MOE or zero percentage,Pass
Georgia place,1325356,"East Ellijay city, Georgia",2020-2024,B10050_005,Six to eleven months,0,14,8,19,0,175,0,100,Unavailable MOE or zero percentage,Pass
Georgia place,1325440,"East Griffin CDP, Georgia",2020-2024,B10050_005,Six to eleven months,0,14,19,22,0,73.68421052631578,0,73.68421052631578,Unavailable MOE or zero percentage,Pass
Georgia place,1325552,"Eastman city, Georgia",2020-2024,B10050_005,Six to eleven months,0,20,11,17,0,181.8181818181818,0,100,Unavailable MOE or zero percentage,Pass
Georgia place,1325692,"East Newnan CDP, Georgia",2020-2024,B10050_005,Six to eleven months,0,14,0,14,NA,NA,NA,NA,Missing input or nonpositive denominator,Pass
Georgia place,1325720,"East Point city, Georgia",2020-2024,B10050_005,Six to eleven months,0,30,377,189,0,7.957559681697612,0,7.957559681697612,Unavailable MOE or zero percentage,Pass
Georgia place,1326084,"Eatonton city, Georgia",2020-2024,B10050_005,Six to eleven months,0,20,51,39,0,39.21568627450981,0,39.21568627450981,Unavailable MOE or zero percentage,Pass
Georgia place,1326156,"Echols County consolidated government, Georgia",2020-2024,B10050_005,Six to eleven months,0,14,162,148,0,8.641975308641975,0,8.641975308641975,Unavailable MOE or zero percentage,Pass
Georgia place,1326224,"Edge Hill city, Georgia",2020-2024,B10050_005,Six to eleven months,0,14,0,14,NA,NA,NA,NA,Missing input or nonpositive denominator,Pass
Georgia place,1326448,"Edison city, Georgia",2020-2024,B10050_005,Six to eleven months,0,14,0,14,NA,NA,NA,NA,Missing input or nonpositive denominator,Pass
Georgia place,1326616,"Elberton city, Georgia",2020-2024,B10050_005,Six to eleven months,0,14,22,31,0,63.63636363636363,0,63.63636363636363,Unavailable MOE or zero percentage,Pass
Georgia place,1326980,"Ellaville city, Georgia",2020-2024,B10050_005,Six to eleven months,0,14,4,6,0,350,0,100,Unavailable MOE or zero percentage,Pass
Georgia place,1327008,"Ellenton town, Georgia",2020-2024,B10050_005,Six to eleven months,0,14,0,14,NA,NA,NA,NA,Missing input or nonpositive denominator,Pass
Georgia place,1327064,"Ellerslie CDP, Georgia",2020-2024,B10050_005,Six to eleven months,0,14,0,14,NA,NA,NA,NA,Missing input or nonpositive denominator,Pass
Georgia place,1327092,"Ellijay city, Georgia",2020-2024,B10050_005,Six to eleven months,0,14,0,14,NA,NA,NA,NA,Missing input or nonpositive denominator,Pass
Georgia place,1327344,"Emerson city, Georgia",2020-2024,B10050_005,Six to eleven months,6,10,32,46,18.75,15.814283187497782,2.9357168125022177,34.56428318749778,Percentage MOE exceeds 50% of estimate,Pass
Georgia place,1327512,"Empire CDP, Georgia",2020-2024,B10050_005,Six to eleven months,0,14,0,14,NA,NA,NA,NA,Missing input or nonpositive denominator,Pass
Georgia place,1327596,"Enigma town, Georgia",2020-2024,B10050_005,Six to eleven months,0,14,5,8,0,280,0,100,Unavailable MOE or zero percentage,Pass
Georgia place,1327708,"Ephesus city, Georgia",2020-2024,B10050_005,Six to eleven months,0,14,7,8,0,200,0,100,Unavailable MOE or zero percentage,Pass
Georgia place,1327736,"Epworth CDP, Georgia",2020-2024,B10050_005,Six to eleven months,0,14,0,14,NA,NA,NA,NA,Missing input or nonpositive denominator,Pass
Georgia place,1327932,"Eton city, Georgia",2020-2024,B10050_005,Six to eleven months,0,14,2,4,0,700,0,100,Unavailable MOE or zero percentage,Pass
Georgia place,1327988,"Euharlee city, Georgia",2020-2024,B10050_005,Six to eleven months,0,14,0,14,NA,NA,NA,NA,Missing input or nonpositive denominator,Pass
Georgia place,1328016,"Eulonia CDP, Georgia",2020-2024,B10050_005,Six to eleven months,0,14,72,36,0,19.444444444444446,0,19.444444444444446,Unavailable MOE or zero percentage,Pass
Georgia place,1328044,"Evans CDP, Georgia",2020-2024,B10050_005,Six to eleven months,0,30,173,162,0,17.341040462427745,0,17.341040462427745,Unavailable MOE or zero percentage,Pass
Georgia place,1328100,"Everett CDP, Georgia",2020-2024,B10050_005,Six to eleven months,0,14,0,14,NA,NA,NA,NA,Missing input or nonpositive denominator,Pass
Georgia place,1328296,"Experiment CDP, Georgia",2020-2024,B10050_005,Six to eleven months,0,14,49,53,0,28.57142857142857,0,28.57142857142857,Unavailable MOE or zero percentage,Pass
Georgia place,1328324,"Faceville CDP, Georgia",2020-2024,B10050_005,Six to eleven months,0,14,0,14,NA,NA,NA,NA,Missing input or nonpositive denominator,Pass
Georgia place,1328380,"Fairburn city, Georgia",2020-2024,B10050_005,Six to eleven months,0,23,194,211,0,11.855670103092782,0,11.855670103092782,Unavailable MOE or zero percentage,Pass
Georgia place,1328440,"Fairfield Plantation CDP, Georgia",2020-2024,B10050_005,Six to eleven months,24,41,59,68,40.67796610169492,51.29375162041138,0,91.97171772210628,Percentage MOE exceeds 50% of estimate,Pass
Georgia place,1328492,"Fairmount city, Georgia",2020-2024,B10050_005,Six to eleven months,0,14,14,14,0,100,0,100,Unavailable MOE or zero percentage,Pass
Georgia place,1328520,"Fair Oaks CDP, Georgia",2020-2024,B10050_005,Six to eleven months,11,17,35,44,31.428571428571427,28.251149479218125,3.1774219493533025,59.67972090778955,Percentage MOE exceeds 50% of estimate,Pass
Georgia place,1328548,"Fairplay CDP, Georgia",2020-2024,B10050_005,Six to eleven months,0,14,6,10,0,233.33333333333337,0,100,Unavailable MOE or zero percentage,Pass
Georgia place,1328632,"Fairview CDP, Georgia",2020-2024,B10050_005,Six to eleven months,20,32,124,112,16.129032258064516,21.30121387208988,0,37.4302461301544,Percentage MOE exceeds 50% of estimate,Pass
Georgia place,1328744,"Fargo city, Georgia",2020-2024,B10050_005,Six to eleven months,0,14,0,14,NA,NA,NA,NA,Missing input or nonpositive denominator,Pass
Georgia place,1328968,"Fayetteville city, Georgia",2020-2024,B10050_005,Six to eleven months,0,23,138,100,0,16.666666666666664,0,16.666666666666664,Unavailable MOE or zero percentage,Pass
Georgia place,1329528,"Fitzgerald city, Georgia",2020-2024,B10050_005,Six to eleven months,0,20,26,27,0,76.92307692307693,0,76.92307692307693,Unavailable MOE or zero percentage,Pass
Georgia place,1330088,"Flemington city, Georgia",2020-2024,B10050_005,Six to eleven months,0,14,10,10,0,140,0,100,Unavailable MOE or zero percentage,Pass
Georgia place,1330312,"Flovilla city, Georgia",2020-2024,B10050_005,Six to eleven months,48,80,48,80,100,235.70226039551585,0,100,Percentage MOE exceeds 50% of estimate,Pass
Georgia place,1330340,"Flowery Branch city, Georgia",2020-2024,B10050_005,Six to eleven months,0,23,0,23,NA,NA,NA,NA,Missing input or nonpositive denominator,Pass
Georgia place,1330424,"Folkston city, Georgia",2020-2024,B10050_005,Six to eleven months,0,14,59,65,0,23.728813559322035,0,23.728813559322035,Unavailable MOE or zero percentage,Pass
Georgia place,1330536,"Forest Park city, Georgia",2020-2024,B10050_005,Six to eleven months,0,23,105,88,0,21.904761904761905,0,21.904761904761905,Unavailable MOE or zero percentage,Pass
Georgia place,1330732,"Forsyth city, Georgia",2020-2024,B10050_005,Six to eleven months,0,14,8,13,0,175,0,100,Unavailable MOE or zero percentage,Pass
Georgia place,1330816,"Fort Gaines city, Georgia",2020-2024,B10050_005,Six to eleven months,0,14,22,22,0,63.63636363636363,0,63.63636363636363,Unavailable MOE or zero percentage,Pass
Georgia place,1330956,"Fort Oglethorpe city, Georgia",2020-2024,B10050_005,Six to eleven months,0,23,15,24,0,153.33333333333334,0,100,Unavailable MOE or zero percentage,Pass
Georgia place,1331068,"Fort Stewart CDP, Georgia",2020-2024,B10050_005,Six to eleven months,0,20,0,20,NA,NA,NA,NA,Missing input or nonpositive denominator,Pass
Georgia place,1331096,"Fort Valley city, Georgia",2020-2024,B10050_005,Six to eleven months,0,20,87,84,0,22.988505747126435,0,22.988505747126435,Unavailable MOE or zero percentage,Pass
Georgia place,1331292,"Franklin city, Georgia",2020-2024,B10050_005,Six to eleven months,0,14,21,25,0,66.66666666666666,0,66.66666666666666,Unavailable MOE or zero percentage,Pass
Georgia place,1331320,"Franklin Springs city, Georgia",2020-2024,B10050_005,Six to eleven months,0,14,18,31,0,77.77777777777779,0,77.77777777777779,Unavailable MOE or zero percentage,Pass
Georgia place,1331684,"Funston city, Georgia",2020-2024,B10050_005,Six to eleven months,0,14,3,4,0,466.6666666666667,0,100,Unavailable MOE or zero percentage,Pass
Georgia place,1331908,"Gainesville city, Georgia",2020-2024,B10050_005,Six to eleven months,16,30,163,103,9.8159509202454,17.328212077057852,0,27.14416299730325,Percentage MOE exceeds 50% of estimate,Pass
Georgia place,1332048,"Garden City city, Georgia",2020-2024,B10050_005,Six to eleven months,0,23,183,176,0,12.568306010928962,0,12.568306010928962,Unavailable MOE or zero percentage,Pass
Georgia place,1332132,"Gardi CDP, Georgia",2020-2024,B10050_005,Six to eleven months,0,14,5,11,0,280,0,100,Unavailable MOE or zero percentage,Pass
Georgia place,1332188,"Garfield city, Georgia",2020-2024,B10050_005,Six to eleven months,0,14,0,14,NA,NA,NA,NA,Missing input or nonpositive denominator,Pass
Georgia place,1332384,"Gay town, Georgia",2020-2024,B10050_005,Six to eleven months,0,14,0,14,NA,NA,NA,NA,Missing input or nonpositive denominator,Pass
Georgia place,1332412,"Geneva town, Georgia",2020-2024,B10050_005,Six to eleven months,0,14,0,14,NA,NA,NA,NA,Missing input or nonpositive denominator,Pass
Georgia place,1332482,"Georgetown CDP, Georgia",2020-2024,B10050_005,Six to eleven months,0,23,102,130,0,22.54901960784314,0,22.54901960784314,Unavailable MOE or zero percentage,Pass
Georgia place,1332528,"Georgetown-Quitman County unified government, Georgia",2020-2024,B10050_005,Six to eleven months,0,14,42,34,0,33.33333333333333,0,33.33333333333333,Unavailable MOE or zero percentage,Pass
Georgia place,1332748,"Gibson city, Georgia",2020-2024,B10050_005,Six to eleven months,0,14,60,48,0,23.333333333333332,0,23.333333333333332,Unavailable MOE or zero percentage,Pass
Georgia place,1332860,"Gillsville city, Georgia",2020-2024,B10050_005,Six to eleven months,0,14,1,3,0,1400,0,100,Unavailable MOE or zero percentage,Pass
Georgia place,1332916,"Girard town, Georgia",2020-2024,B10050_005,Six to eleven months,0,14,2,4,0,700,0,100,Unavailable MOE or zero percentage,Pass
Georgia place,1333280,"Glenn CDP, Georgia",2020-2024,B10050_005,Six to eleven months,0,14,0,14,NA,NA,NA,NA,Missing input or nonpositive denominator,Pass
Georgia place,1333336,"Glennville city, Georgia",2020-2024,B10050_005,Six to eleven months,0,20,107,103,0,18.69158878504673,0,18.69158878504673,Unavailable MOE or zero percentage,Pass
Georgia place,1333392,"Glenwood city, Georgia",2020-2024,B10050_005,Six to eleven months,0,14,18,29,0,77.77777777777779,0,77.77777777777779,Unavailable MOE or zero percentage,Pass
Georgia place,1333672,"Godfrey CDP, Georgia",2020-2024,B10050_005,Six to eleven months,0,14,0,14,NA,NA,NA,NA,Missing input or nonpositive denominator,Pass
Georgia place,1333896,"Good Hope city, Georgia",2020-2024,B10050_005,Six to eleven months,0,14,12,20,0,116.66666666666669,0,100,Unavailable MOE or zero percentage,Pass
Georgia place,1333980,"Gordon city, Georgia",2020-2024,B10050_005,Six to eleven months,0,14,50,42,0,28.000000000000004,0,28.000000000000004,Unavailable MOE or zero percentage,Pass
Georgia place,1334176,"Gough CDP, Georgia",2020-2024,B10050_005,Six to eleven months,0,14,0,14,NA,NA,NA,NA,Missing input or nonpositive denominator,Pass
Georgia place,1334260,"Graham city, Georgia",2020-2024,B10050_005,Six to eleven months,0,14,18,34,0,77.77777777777779,0,77.77777777777779,Unavailable MOE or zero percentage,Pass
Georgia place,1334428,"Grantville city, Georgia",2020-2024,B10050_005,Six to eleven months,0,14,31,33,0,45.16129032258064,0,45.16129032258064,Unavailable MOE or zero percentage,Pass
Georgia place,1334512,"Gray city, Georgia",2020-2024,B10050_005,Six to eleven months,0,14,0,14,NA,NA,NA,NA,Missing input or nonpositive denominator,Pass
Georgia place,1334596,"Grayson city, Georgia",2020-2024,B10050_005,Six to eleven months,0,14,0,14,NA,NA,NA,NA,Missing input or nonpositive denominator,Pass
Georgia place,1334876,"Greensboro city, Georgia",2020-2024,B10050_005,Six to eleven months,0,14,58,94,0,24.13793103448276,0,24.13793103448276,Unavailable MOE or zero percentage,Pass
Georgia place,1335016,"Greenville city, Georgia",2020-2024,B10050_005,Six to eleven months,0,14,0,14,NA,NA,NA,NA,Missing input or nonpositive denominator,Pass
Georgia place,1335240,"Gresham Park CDP, Georgia",2020-2024,B10050_005,Six to eleven months,0,20,18,28,0,111.11111111111111,0,100,Unavailable MOE or zero percentage,Pass
Georgia place,1335324,"Griffin city, Georgia",2020-2024,B10050_005,Six to eleven months,0,27,289,162,0,9.342560553633218,0,9.342560553633218,Unavailable MOE or zero percentage,Pass
Georgia place,1335716,"Grovetown city, Georgia",2020-2024,B10050_005,Six to eleven months,0,23,96,114,0,23.958333333333336,0,23.958333333333336,Unavailable MOE or zero percentage,Pass
Georgia place,1335800,"Gumbranch city, Georgia",2020-2024,B10050_005,Six to eleven months,0,14,0,14,NA,NA,NA,NA,Missing input or nonpositive denominator,Pass
Georgia place,1335814,"Gumlog CDP, Georgia",2020-2024,B10050_005,Six to eleven months,0,14,22,30,0,63.63636363636363,0,63.63636363636363,Unavailable MOE or zero percentage,Pass
Georgia place,1335884,"Guyton city, Georgia",2020-2024,B10050_005,Six to eleven months,0,14,31,26,0,45.16129032258064,0,45.16129032258064,Unavailable MOE or zero percentage,Pass
Georgia place,1336024,"Hagan city, Georgia",2020-2024,B10050_005,Six to eleven months,0,14,0,14,NA,NA,NA,NA,Missing input or nonpositive denominator,Pass
Georgia place,1336052,"Hahira city, Georgia",2020-2024,B10050_005,Six to eleven months,0,14,23,38,0,60.86956521739131,0,60.86956521739131,Unavailable MOE or zero percentage,Pass
Georgia place,1336220,"Hamilton city, Georgia",2020-2024,B10050_005,Six to eleven months,0,14,5,9,0,280,0,100,Unavailable MOE or zero percentage,Pass
Georgia place,1336276,"Hampton city, Georgia",2020-2024,B10050_005,Six to eleven months,0,20,126,89,0,15.873015873015872,0,15.873015873015872,Unavailable MOE or zero percentage,Pass
Georgia place,1336416,"Hannahs Mill CDP, Georgia",2020-2024,B10050_005,Six to eleven months,0,14,57,66,0,24.561403508771928,0,24.561403508771928,Unavailable MOE or zero percentage,Pass
Georgia place,1336472,"Hapeville city, Georgia",2020-2024,B10050_005,Six to eleven months,0,20,0,20,NA,NA,NA,NA,Missing input or nonpositive denominator,Pass
Georgia place,1336528,"Haralson town, Georgia",2020-2024,B10050_005,Six to eleven months,0,14,0,14,NA,NA,NA,NA,Missing input or nonpositive denominator,Pass
Georgia place,1336668,"Hardwick CDP, Georgia",2020-2024,B10050_005,Six to eleven months,0,14,38,43,0,36.84210526315789,0,36.84210526315789,Unavailable MOE or zero percentage,Pass
Georgia place,1336696,"Harlem city, Georgia",2020-2024,B10050_005,Six to eleven months,0,14,165,141,0,8.484848484848486,0,8.484848484848486,Unavailable MOE or zero percentage,Pass
Georgia place,1336920,"Harrison town, Georgia",2020-2024,B10050_005,Six to eleven months,0,14,2,4,0,700,0,100,Unavailable MOE or zero percentage,Pass
Georgia place,1337144,"Hartwell city, Georgia",2020-2024,B10050_005,Six to eleven months,0,14,90,73,0,15.555555555555555,0,15.555555555555555,Unavailable MOE or zero percentage,Pass
Georgia place,1337396,"Hawkinsville city, Georgia",2020-2024,B10050_005,Six to eleven months,0,14,0,14,NA,NA,NA,NA,Missing input or nonpositive denominator,Pass
Georgia place,1337564,"Hazlehurst city, Georgia",2020-2024,B10050_005,Six to eleven months,0,14,49,67,0,28.57142857142857,0,28.57142857142857,Unavailable MOE or zero percentage,Pass
Georgia place,1337788,"Helen city, Georgia",2020-2024,B10050_005,Six to eleven months,0,14,0,14,NA,NA,NA,NA,Missing input or nonpositive denominator,Pass
Georgia place,1337910,"Henderson CDP, Georgia",2020-2024,B10050_005,Six to eleven months,0,14,0,14,NA,NA,NA,NA,Missing input or nonpositive denominator,Pass
Georgia place,1338040,"Hephzibah city, Georgia",2020-2024,B10050_005,Six to eleven months,0,14,39,37,0,35.8974358974359,0,35.8974358974359,Unavailable MOE or zero percentage,Pass
Georgia place,1338105,"Heron Bay CDP, Georgia",2020-2024,B10050_005,Six to eleven months,29,40,29,40,100,195.06393963766828,0,100,Percentage MOE exceeds 50% of estimate,Pass
Georgia place,1338124,"Hiawassee city, Georgia",2020-2024,B10050_005,Six to eleven months,9,13,80,84,11.25,11.159182037676416,0.09081796232358386,22.409182037676416,Percentage MOE exceeds 50% of estimate,Pass
Georgia place,1338292,"Hickox CDP, Georgia",2020-2024,B10050_005,Six to eleven months,0,14,0,14,NA,NA,NA,NA,Missing input or nonpositive denominator,Pass
Georgia place,1338348,"Higgston town, Georgia",2020-2024,B10050_005,Six to eleven months,0,14,2,6,0,700,0,100,Unavailable MOE or zero percentage,Pass
Georgia place,1338866,"Hilltop CDP, Georgia",2020-2024,B10050_005,Six to eleven months,0,14,0,14,NA,NA,NA,NA,Missing input or nonpositive denominator,Pass
Georgia place,1338920,"Hiltonia town, Georgia",2020-2024,B10050_005,Six to eleven months,0,14,5,8,0,280,0,100,Unavailable MOE or zero percentage,Pass
Georgia place,1339076,"Hiram city, Georgia",2020-2024,B10050_005,Six to eleven months,0,20,13,27,0,153.84615384615387,0,100,Unavailable MOE or zero percentage,Pass
Georgia place,1339216,"Hoboken city, Georgia",2020-2024,B10050_005,Six to eleven months,0,14,3,5,0,466.6666666666667,0,100,Unavailable MOE or zero percentage,Pass
Georgia place,1339244,"Hogansville city, Georgia",2020-2024,B10050_005,Six to eleven months,0,14,11,18,0,127.27272727272728,0,100,Unavailable MOE or zero percentage,Pass
Georgia place,1339524,"Holly Springs city, Georgia",2020-2024,B10050_005,Six to eleven months,0,23,48,64,0,47.91666666666667,0,47.91666666666667,Unavailable MOE or zero percentage,Pass
Georgia place,1339692,"Homeland city, Georgia",2020-2024,B10050_005,Six to eleven months,2,3,2,3,100,212.13203435596424,0,100,Percentage MOE exceeds 50% of estimate,Pass
Georgia place,1339720,"Homer town, Georgia",2020-2024,B10050_005,Six to eleven months,0,14,7,12,0,200,0,100,Unavailable MOE or zero percentage,Pass
Georgia place,1339748,"Homerville city, Georgia",2020-2024,B10050_005,Six to eleven months,0,14,14,18,0,100,0,100,Unavailable MOE or zero percentage,Pass
Georgia place,1340028,"Hortense CDP, Georgia",2020-2024,B10050_005,Six to eleven months,0,14,0,14,NA,NA,NA,NA,Missing input or nonpositive denominator,Pass
Georgia place,1340056,"Hoschton city, Georgia",2020-2024,B10050_005,Six to eleven months,30,31,34,32,88.23529411764706,37.63880494192727,50.59648917571979,100,Caregiver count MOE exceeds 50% of estimate,Pass
Georgia place,1340196,"Howard CDP, Georgia",2020-2024,B10050_005,Six to eleven months,0,14,0,14,NA,NA,NA,NA,Missing input or nonpositive denominator,Pass
Georgia place,1340532,"Hull city, Georgia",2020-2024,B10050_005,Six to eleven months,0,14,0,14,NA,NA,NA,NA,Missing input or nonpositive denominator,Pass
Georgia place,1340812,"Ideal city, Georgia",2020-2024,B10050_005,Six to eleven months,0,14,54,58,0,25.925925925925924,0,25.925925925925924,Unavailable MOE or zero percentage,Pass
Georgia place,1340840,"Ila city, Georgia",2020-2024,B10050_005,Six to eleven months,0,14,0,14,NA,NA,NA,NA,Missing input or nonpositive denominator,Pass
Georgia place,1341036,"Indian Springs CDP, Georgia",2020-2024,B10050_005,Six to eleven months,0,14,0,14,NA,NA,NA,NA,Missing input or nonpositive denominator,Pass
Georgia place,1341344,"Iron City town, Georgia",2020-2024,B10050_005,Six to eleven months,0,14,6,9,0,233.33333333333337,0,100,Unavailable MOE or zero percentage,Pass
Georgia place,1341347,"Irondale CDP, Georgia",2020-2024,B10050_005,Six to eleven months,116,187,275,225,42.18181818181818,58.590907779459656,0,100,Percentage MOE exceeds 50% of estimate,Pass
Georgia place,1341400,"Irwinton city, Georgia",2020-2024,B10050_005,Six to eleven months,0,14,5,5,0,280,0,100,Unavailable MOE or zero percentage,Pass
Georgia place,1341484,"Isle of Hope CDP, Georgia",2020-2024,B10050_005,Six to eleven months,0,14,0,14,NA,NA,NA,NA,Missing input or nonpositive denominator,Pass
Georgia place,1341540,"Ivey city, Georgia",2020-2024,B10050_005,Six to eleven months,0,14,16,18,0,87.5,0,87.5,Unavailable MOE or zero percentage,Pass
Georgia place,1341596,"Jackson city, Georgia",2020-2024,B10050_005,Six to eleven months,0,20,9,25,0,222.22222222222223,0,100,Unavailable MOE or zero percentage,Pass
Georgia place,1341708,"Jacksonville city, Georgia",2020-2024,B10050_005,Six to eleven months,0,14,0,14,NA,NA,NA,NA,Missing input or nonpositive denominator,Pass
Georgia place,1341792,"Jakin city, Georgia",2020-2024,B10050_005,Six to eleven months,0,14,2,3,0,700,0,100,Unavailable MOE or zero percentage,Pass
Georgia place,1341932,"Jasper city, Georgia",2020-2024,B10050_005,Six to eleven months,0,14,81,58,0,17.28395061728395,0,17.28395061728395,Unavailable MOE or zero percentage,Pass
Georgia place,1341988,"Jefferson city, Georgia",2020-2024,B10050_005,Six to eleven months,0,23,106,74,0,21.69811320754717,0,21.69811320754717,Unavailable MOE or zero percentage,Pass
Georgia place,1342100,"Jeffersonville city, Georgia",2020-2024,B10050_005,Six to eleven months,0,14,17,19,0,82.35294117647058,0,82.35294117647058,Unavailable MOE or zero percentage,Pass
Georgia place,1342128,"Jekyll Island CDP, Georgia",2020-2024,B10050_005,Six to eleven months,0,14,0,14,NA,NA,NA,NA,Missing input or nonpositive denominator,Pass
Georgia place,1342156,"Jenkinsburg city, Georgia",2020-2024,B10050_005,Six to eleven months,0,14,0,14,NA,NA,NA,NA,Missing input or nonpositive denominator,Pass
Georgia place,1342184,"Jersey city, Georgia",2020-2024,B10050_005,Six to eleven months,0,14,22,33,0,63.63636363636363,0,63.63636363636363,Unavailable MOE or zero percentage,Pass
Georgia place,1342268,"Jesup city, Georgia",2020-2024,B10050_005,Six to eleven months,0,20,15,26,0,133.33333333333331,0,100,Unavailable MOE or zero percentage,Pass
Georgia place,1342425,"Johns Creek city, Georgia",2020-2024,B10050_005,Six to eleven months,0,34,207,117,0,16.425120772946862,0,16.425120772946862,Unavailable MOE or zero percentage,Pass
Georgia place,1342604,"Jonesboro city, Georgia",2020-2024,B10050_005,Six to eleven months,0,20,0,20,NA,NA,NA,NA,Missing input or nonpositive denominator,Pass
Georgia place,1342772,"Juliette CDP, Georgia",2020-2024,B10050_005,Six to eleven months,0,14,0,14,NA,NA,NA,NA,Missing input or nonpositive denominator,Pass
Georgia place,1342800,"Junction City town, Georgia",2020-2024,B10050_005,Six to eleven months,0,14,2,4,0,700,0,100,Unavailable MOE or zero percentage,Pass
Georgia place,1343192,"Kennesaw city, Georgia",2020-2024,B10050_005,Six to eleven months,0,30,262,160,0,11.450381679389311,0,11.450381679389311,Unavailable MOE or zero percentage,Pass
Georgia place,1343210,"Kennesaw State University CDP, Georgia",2020-2024,B10050_005,Six to eleven months,0,14,0,14,NA,NA,NA,NA,Missing input or nonpositive denominator,Pass
Georgia place,1343360,"Keysville city, Georgia",2020-2024,B10050_005,Six to eleven months,0,14,3,7,0,466.6666666666667,0,100,Unavailable MOE or zero percentage,Pass
Georgia place,1343580,"Kings Bay Base CDP, Georgia",2020-2024,B10050_005,Six to eleven months,0,14,0,14,NA,NA,NA,NA,Missing input or nonpositive denominator,Pass
Georgia place,1343640,"Kingsland city, Georgia",2020-2024,B10050_005,Six to eleven months,0,23,89,82,0,25.842696629213485,0,25.842696629213485,Unavailable MOE or zero percentage,Pass
Georgia place,1343668,"Kingston city, Georgia",2020-2024,B10050_005,Six to eleven months,0,14,15,19,0,93.33333333333331,0,93.33333333333331,Unavailable MOE or zero percentage,Pass
Georgia place,1343892,"Kite city, Georgia",2020-2024,B10050_005,Six to eleven months,0,14,0,14,NA,NA,NA,NA,Missing input or nonpositive denominator,Pass
Georgia place,1344060,"Knoxville CDP, Georgia",2020-2024,B10050_005,Six to eleven months,0,14,0,14,NA,NA,NA,NA,Missing input or nonpositive denominator,Pass
Georgia place,1344312,"LaFayette city, Georgia",2020-2024,B10050_005,Six to eleven months,0,20,160,166,0,12.5,0,12.5,Unavailable MOE or zero percentage,Pass
Georgia place,1344508,"Lake City city, Georgia",2020-2024,B10050_005,Six to eleven months,0,14,11,14,0,127.27272727272728,0,100,Unavailable MOE or zero percentage,Pass
Georgia place,1344592,"Lakeland city, Georgia",2020-2024,B10050_005,Six to eleven months,61,59,61,59,100,136.78459045903708,0,100,Percentage MOE exceeds 50% of estimate,Pass
Georgia place,1344704,"Lake Park city, Georgia",2020-2024,B10050_005,Six to eleven months,0,14,0,14,NA,NA,NA,NA,Missing input or nonpositive denominator,Pass
Georgia place,1344900,"Lakeview CDP, Georgia",2020-2024,B10050_005,Six to eleven months,0,14,62,75,0,22.58064516129032,0,22.58064516129032,Unavailable MOE or zero percentage,Pass
Georgia place,1344956,"Lakeview Estates CDP, Georgia",2020-2024,B10050_005,Six to eleven months,0,14,45,79,0,31.11111111111111,0,31.11111111111111,Unavailable MOE or zero percentage,Pass
Georgia place,1345460,"Lavonia city, Georgia",2020-2024,B10050_005,Six to eleven months,0,14,0,14,NA,NA,NA,NA,Missing input or nonpositive denominator,Pass
Georgia place,1345488,"Lawrenceville city, Georgia",2020-2024,B10050_005,Six to eleven months,13,21,181,118,7.18232044198895,10.615386769060214,0,17.797707211049165,Percentage MOE exceeds 50% of estimate,Pass
Georgia place,1345600,"Leary city, Georgia",2020-2024,B10050_005,Six to eleven months,0,14,3,6,0,466.6666666666667,0,100,Unavailable MOE or zero percentage,Pass
Georgia place,1345768,"Leesburg city, Georgia",2020-2024,B10050_005,Six to eleven months,0,14,99,121,0,14.14141414141414,0,14.14141414141414,Unavailable MOE or zero percentage,Pass
Georgia place,1345936,"Lenox town, Georgia",2020-2024,B10050_005,Six to eleven months,0,14,0,14,NA,NA,NA,NA,Missing input or nonpositive denominator,Pass
Georgia place,1346020,"Leslie city, Georgia",2020-2024,B10050_005,Six to eleven months,0,14,1,3,0,1400,0,100,Unavailable MOE or zero percentage,Pass
Georgia place,1346188,"Lexington city, Georgia",2020-2024,B10050_005,Six to eleven months,0,14,0,14,NA,NA,NA,NA,Missing input or nonpositive denominator,Pass
Georgia place,1346356,"Lilburn city, Georgia",2020-2024,B10050_005,Six to eleven months,15,27,20,29,75,79.99023377888078,0,100,Percentage MOE exceeds 50% of estimate,Pass
Georgia place,1346384,"Lilly city, Georgia",2020-2024,B10050_005,Six to eleven months,0,14,3,5,0,466.6666666666667,0,100,Unavailable MOE or zero percentage,Pass
Georgia place,1346524,"Lincoln Park CDP, Georgia",2020-2024,B10050_005,Six to eleven months,0,14,0,14,NA,NA,NA,NA,Missing input or nonpositive denominator,Pass
Georgia place,1346552,"Lincolnton city, Georgia",2020-2024,B10050_005,Six to eleven months,0,14,3,6,0,466.6666666666667,0,100,Unavailable MOE or zero percentage,Pass
Georgia place,1346580,"Lindale CDP, Georgia",2020-2024,B10050_005,Six to eleven months,0,14,40,45,0,35,0,35,Unavailable MOE or zero percentage,Pass
Georgia place,1346832,"Lithia Springs CDP, Georgia",2020-2024,B10050_005,Six to eleven months,0,23,58,74,0,39.6551724137931,0,39.6551724137931,Unavailable MOE or zero percentage,Pass
Georgia place,1346860,"Lithonia city, Georgia",2020-2024,B10050_005,Six to eleven months,22,30,62,51,35.483870967741936,38.59211866115695,0,74.0759896288989,Percentage MOE exceeds 50% of estimate,Pass
Georgia place,1347140,"Locust Grove city, Georgia",2020-2024,B10050_005,Six to eleven months,0,23,215,143,0,10.69767441860465,0,10.69767441860465,Unavailable MOE or zero percentage,Pass
Georgia place,1347196,"Loganville city, Georgia",2020-2024,B10050_005,Six to eleven months,0,23,50,57,0,46,0,46,Unavailable MOE or zero percentage,Pass
Georgia place,1347252,"Lone Oak town, Georgia",2020-2024,B10050_005,Six to eleven months,0,14,33,37,0,42.42424242424242,0,42.42424242424242,Unavailable MOE or zero percentage,Pass
Georgia place,1347336,"Lookout Mountain city, Georgia",2020-2024,B10050_005,Six to eleven months,0,14,0,14,NA,NA,NA,NA,Missing input or nonpositive denominator,Pass
Georgia place,1347560,"Louisville city, Georgia",2020-2024,B10050_005,Six to eleven months,0,14,12,18,0,116.66666666666669,0,100,Unavailable MOE or zero percentage,Pass
Georgia place,1347616,"Lovejoy city, Georgia",2020-2024,B10050_005,Six to eleven months,20,24,116,87,17.24137931034483,16.15085689240965,1.0905224179351798,33.392236202754475,Percentage MOE exceeds 50% of estimate,Pass
Georgia place,1347784,"Ludowici city, Georgia",2020-2024,B10050_005,Six to eleven months,0,14,21,24,0,66.66666666666666,0,66.66666666666666,Unavailable MOE or zero percentage,Pass
Georgia place,1347896,"Lula city, Georgia",2020-2024,B10050_005,Six to eleven months,0,14,43,38,0,32.55813953488372,0,32.55813953488372,Unavailable MOE or zero percentage,Pass
Georgia place,1347952,"Lumber City city, Georgia",2020-2024,B10050_005,Six to eleven months,0,14,2,3,0,700,0,100,Unavailable MOE or zero percentage,Pass
Georgia place,1347980,"Lumpkin city, Georgia",2020-2024,B10050_005,Six to eleven months,0,14,0,14,NA,NA,NA,NA,Missing input or nonpositive denominator,Pass
Georgia place,1348008,"Luthersville city, Georgia",2020-2024,B10050_005,Six to eleven months,0,14,7,13,0,200,0,100,Unavailable MOE or zero percentage,Pass
Georgia place,1348092,"Lyerly town, Georgia",2020-2024,B10050_005,Six to eleven months,0,14,5,6,0,280,0,100,Unavailable MOE or zero percentage,Pass
Georgia place,1348232,"Lyons city, Georgia",2020-2024,B10050_005,Six to eleven months,0,14,85,98,0,16.470588235294116,0,16.470588235294116,Unavailable MOE or zero percentage,Pass
Georgia place,1348428,"McCaysville city, Georgia",2020-2024,B10050_005,Six to eleven months,0,14,32,41,0,43.75,0,43.75,Unavailable MOE or zero percentage,Pass
Georgia place,1348624,"McDonough city, Georgia",2020-2024,B10050_005,Six to eleven months,0,30,203,155,0,14.77832512315271,0,14.77832512315271,Unavailable MOE or zero percentage,Pass
Georgia place,1348848,"McIntyre town, Georgia",2020-2024,B10050_005,Six to eleven months,0,14,0,14,NA,NA,NA,NA,Missing input or nonpositive denominator,Pass
Georgia place,1349100,"McRae-Helena city, Georgia",2020-2024,B10050_005,Six to eleven months,0,20,33,43,0,60.60606060606061,0,60.60606060606061,Unavailable MOE or zero percentage,Pass
Georgia place,1349196,"Madison city, Georgia",2020-2024,B10050_005,Six to eleven months,0,14,0,14,NA,NA,NA,NA,Missing input or nonpositive denominator,Pass
Georgia place,1349504,"Manassas city, Georgia",2020-2024,B10050_005,Six to eleven months,0,14,0,14,NA,NA,NA,NA,Missing input or nonpositive denominator,Pass
Georgia place,1349532,"Manchester city, Georgia",2020-2024,B10050_005,Six to eleven months,0,14,17,18,0,82.35294117647058,0,82.35294117647058,Unavailable MOE or zero percentage,Pass
Georgia place,1349588,"Manor CDP, Georgia",2020-2024,B10050_005,Six to eleven months,0,14,0,14,NA,NA,NA,NA,Missing input or nonpositive denominator,Pass
Georgia place,1349616,"Mansfield city, Georgia",2020-2024,B10050_005,Six to eleven months,0,14,0,14,NA,NA,NA,NA,Missing input or nonpositive denominator,Pass
Georgia place,1349924,"Marshallville city, Georgia",2020-2024,B10050_005,Six to eleven months,0,14,11,17,0,127.27272727272728,0,100,Unavailable MOE or zero percentage,Pass
Georgia place,1350008,"Martin town, Georgia",2020-2024,B10050_005,Six to eleven months,0,14,0,14,NA,NA,NA,NA,Missing input or nonpositive denominator,Pass
Georgia place,1350036,"Martinez CDP, Georgia",2020-2024,B10050_005,Six to eleven months,10,16,214,115,4.672897196261682,7.042320134189102,0,11.715217330450784,Percentage MOE exceeds 50% of estimate,Pass
Georgia place,1350176,"Matthews CDP, Georgia",2020-2024,B10050_005,Six to eleven months,0,14,0,14,NA,NA,NA,NA,Missing input or nonpositive denominator,Pass
Georgia place,1350260,"Maxeys town, Georgia",2020-2024,B10050_005,Six to eleven months,0,14,0,14,NA,NA,NA,NA,Missing input or nonpositive denominator,Pass
Georgia place,1350484,"Maysville town, Georgia",2020-2024,B10050_005,Six to eleven months,0,14,22,22,0,63.63636363636363,0,63.63636363636363,Unavailable MOE or zero percentage,Pass
Georgia place,1350596,"Meansville city, Georgia",2020-2024,B10050_005,Six to eleven months,0,14,13,23,0,107.6923076923077,0,100,Unavailable MOE or zero percentage,Pass
Georgia place,1350680,"Meigs city, Georgia",2020-2024,B10050_005,Six to eleven months,0,14,38,31,0,36.84210526315789,0,36.84210526315789,Unavailable MOE or zero percentage,Pass
Georgia place,1350820,"Mendes CDP, Georgia",2020-2024,B10050_005,Six to eleven months,0,14,0,14,NA,NA,NA,NA,Missing input or nonpositive denominator,Pass
Georgia place,1350848,"Menlo city, Georgia",2020-2024,B10050_005,Six to eleven months,4,7,4,7,100,247.48737341529164,0,100,Percentage MOE exceeds 50% of estimate,Pass
Georgia place,1350960,"Mershon CDP, Georgia",2020-2024,B10050_005,Six to eleven months,0,14,0,14,NA,NA,NA,NA,Missing input or nonpositive denominator,Pass
Georgia place,1351072,"Metter city, Georgia",2020-2024,B10050_005,Six to eleven months,20,27,34,36,58.82352941176471,49.26423120277072,9.559298208993994,100,Percentage MOE exceeds 50% of estimate,Pass
Georgia place,1351240,"Midville city, Georgia",2020-2024,B10050_005,Six to eleven months,0,14,2,4,0,700,0,100,Unavailable MOE or zero percentage,Pass
Georgia place,1351352,"Midway city, Georgia",2020-2024,B10050_005,Six to eleven months,0,14,5,8,0,280,0,100,Unavailable MOE or zero percentage,Pass
Georgia place,1351408,"Milan city, Georgia",2020-2024,B10050_005,Six to eleven months,0,14,10,13,0,140,0,100,Unavailable MOE or zero percentage,Pass
Georgia place,1351492,"Milledgeville city, Georgia",2020-2024,B10050_005,Six to eleven months,0,23,70,98,0,32.857142857142854,0,32.857142857142854,Unavailable MOE or zero percentage,Pass
Georgia place,1351520,"Millen city, Georgia",2020-2024,B10050_005,Six to eleven months,0,14,29,47,0,48.27586206896552,0,48.27586206896552,Unavailable MOE or zero percentage,Pass
Georgia place,1351576,"Millwood CDP, Georgia",2020-2024,B10050_005,Six to eleven months,0,14,0,14,NA,NA,NA,NA,Missing input or nonpositive denominator,Pass
Georgia place,1351604,"Milner city, Georgia",2020-2024,B10050_005,Six to eleven months,0,14,0,14,NA,NA,NA,NA,Missing input or nonpositive denominator,Pass
Georgia place,1351660,"Milstead CDP, Georgia",2020-2024,B10050_005,Six to eleven months,0,14,0,14,NA,NA,NA,NA,Missing input or nonpositive denominator,Pass
Georgia place,1351670,"Milton city, Georgia",2020-2024,B10050_005,Six to eleven months,3,7,71,61,4.225352112676056,9.16647974135817,0,13.391831854034226,Percentage MOE exceeds 50% of estimate,Pass
Georgia place,1351744,"Mineral Bluff CDP, Georgia",2020-2024,B10050_005,Six to eleven months,0,14,0,14,NA,NA,NA,NA,Missing input or nonpositive denominator,Pass
Georgia place,1351968,"Mitchell town, Georgia",2020-2024,B10050_005,Six to eleven months,0,14,0,14,NA,NA,NA,NA,Missing input or nonpositive denominator,Pass
Georgia place,1352108,"Molena city, Georgia",2020-2024,B10050_005,Six to eleven months,0,14,7,10,0,200,0,100,Unavailable MOE or zero percentage,Pass
Georgia place,1352192,"Monroe city, Georgia",2020-2024,B10050_005,Six to eleven months,132,134,232,131,56.896551724137936,47.99915092869155,8.89740079544638,100,Percentage MOE exceeds 50% of estimate,Pass
Georgia place,1352304,"Montezuma city, Georgia",2020-2024,B10050_005,Six to eleven months,0,14,113,84,0,12.389380530973453,0,12.389380530973453,Unavailable MOE or zero percentage,Pass
Georgia place,1352332,"Montgomery CDP, Georgia",2020-2024,B10050_005,Six to eleven months,0,14,0,14,NA,NA,NA,NA,Missing input or nonpositive denominator,Pass
Georgia place,1352416,"Monticello city, Georgia",2020-2024,B10050_005,Six to eleven months,0,14,36,34,0,38.88888888888889,0,38.88888888888889,Unavailable MOE or zero percentage,Pass
Georgia place,1352500,"Montrose town, Georgia",2020-2024,B10050_005,Six to eleven months,0,14,0,14,NA,NA,NA,NA,Missing input or nonpositive denominator,Pass
Georgia place,1352556,"Moody AFB CDP, Georgia",2020-2024,B10050_005,Six to eleven months,0,14,0,14,NA,NA,NA,NA,Missing input or nonpositive denominator,Pass
Georgia place,1352668,"Moreland town, Georgia",2020-2024,B10050_005,Six to eleven months,0,14,13,19,0,107.6923076923077,0,100,Unavailable MOE or zero percentage,Pass
Georgia place,1352696,"Morgan city, Georgia",2020-2024,B10050_005,Six to eleven months,0,14,0,14,NA,NA,NA,NA,Missing input or nonpositive denominator,Pass
Georgia place,1352724,"Morganton city, Georgia",2020-2024,B10050_005,Six to eleven months,2,3,3,5,66.66666666666666,149.48471163415235,0,100,Percentage MOE exceeds 50% of estimate,Pass
Georgia place,1353004,"Morrow city, Georgia",2020-2024,B10050_005,Six to eleven months,0,20,11,21,0,181.8181818181818,0,100,Unavailable MOE or zero percentage,Pass
Georgia place,1353032,"Morven city, Georgia",2020-2024,B10050_005,Six to eleven months,0,14,2,6,0,700,0,100,Unavailable MOE or zero percentage,Pass
Georgia place,1353060,"Moultrie city, Georgia",2020-2024,B10050_005,Six to eleven months,6,9,196,111,3.061224489795918,4.2519893115458425,0,7.31321380134176,Percentage MOE exceeds 50% of estimate,Pass
Georgia place,1353116,"Mountain City town, Georgia",2020-2024,B10050_005,Six to eleven months,0,14,0,14,NA,NA,NA,NA,Missing input or nonpositive denominator,Pass
Georgia place,1353172,"Mountain Park city, Georgia",2020-2024,B10050_005,Six to eleven months,0,14,3,5,0,466.6666666666667,0,100,Unavailable MOE or zero percentage,Pass
Georgia place,1353186,"Mountain Park CDP, Georgia",2020-2024,B10050_005,Six to eleven months,0,23,70,68,0,32.857142857142854,0,32.857142857142854,Unavailable MOE or zero percentage,Pass
Georgia place,1353284,"Mount Airy town, Georgia",2020-2024,B10050_005,Six to eleven months,0,14,74,58,0,18.91891891891892,0,18.91891891891892,Unavailable MOE or zero percentage,Pass
Georgia place,1353508,"Mount Vernon city, Georgia",2020-2024,B10050_005,Six to eleven months,0,14,29,37,0,48.27586206896552,0,48.27586206896552,Unavailable MOE or zero percentage,Pass
Georgia place,1353620,"Mount Zion city, Georgia",2020-2024,B10050_005,Six to eleven months,0,14,41,54,0,34.146341463414636,0,34.146341463414636,Unavailable MOE or zero percentage,Pass
Georgia place,1354012,"Musella CDP, Georgia",2020-2024,B10050_005,Six to eleven months,0,14,0,14,NA,NA,NA,NA,Missing input or nonpositive denominator,Pass
Georgia place,1354124,"Nahunta city, Georgia",2020-2024,B10050_005,Six to eleven months,0,14,24,22,0,58.333333333333336,0,58.333333333333336,Unavailable MOE or zero percentage,Pass
Georgia place,1354264,"Nashville city, Georgia",2020-2024,B10050_005,Six to eleven months,0,14,27,42,0,51.85185185185185,0,51.85185185185185,Unavailable MOE or zero percentage,Pass
Georgia place,1354404,"Naylor CDP, Georgia",2020-2024,B10050_005,Six to eleven months,0,14,0,14,NA,NA,NA,NA,Missing input or nonpositive denominator,Pass
Georgia place,1354572,"Nelson city, Georgia",2020-2024,B10050_005,Six to eleven months,0,14,14,23,0,100,0,100,Unavailable MOE or zero percentage,Pass
Georgia place,1354656,"Newborn town, Georgia",2020-2024,B10050_005,Six to eleven months,10,21,15,23,66.66666666666666,95.65885888902616,0,100,Percentage MOE exceeds 50% of estimate,Pass
Georgia place,1354768,"New England CDP, Georgia",2020-2024,B10050_005,Six to eleven months,0,14,0,14,NA,NA,NA,NA,Missing input or nonpositive denominator,Pass
Georgia place,1354992,"Newington town, Georgia",2020-2024,B10050_005,Six to eleven months,0,14,4,6,0,350,0,100,Unavailable MOE or zero percentage,Pass
Georgia place,1355020,"Newnan city, Georgia",2020-2024,B10050_005,Six to eleven months,0,30,623,316,0,4.815409309791333,0,4.815409309791333,Unavailable MOE or zero percentage,Pass
Georgia place,1355244,"Newton city, Georgia",2020-2024,B10050_005,Six to eleven months,0,14,10,15,0,140,0,100,Unavailable MOE or zero percentage,Pass
Georgia place,1355440,"Nicholls city, Georgia",2020-2024,B10050_005,Six to eleven months,0,14,4,5,0,350,0,100,Unavailable MOE or zero percentage,Pass
Georgia place,1355468,"Nicholson city, Georgia",2020-2024,B10050_005,Six to eleven months,0,14,65,60,0,21.53846153846154,0,21.53846153846154,Unavailable MOE or zero percentage,Pass
Georgia place,1355776,"Norcross city, Georgia",2020-2024,B10050_005,Six to eleven months,0,23,59,94,0,38.983050847457626,0,38.983050847457626,Unavailable MOE or zero percentage,Pass
Georgia place,1355860,"Norman Park city, Georgia",2020-2024,B10050_005,Six to eleven months,0,14,3,5,0,466.6666666666667,0,100,Unavailable MOE or zero percentage,Pass
Georgia place,1355944,"Norristown CDP, Georgia",2020-2024,B10050_005,Six to eleven months,0,14,0,14,NA,NA,NA,NA,Missing input or nonpositive denominator,Pass
Georgia place,1356112,"North Decatur CDP, Georgia",2020-2024,B10050_005,Six to eleven months,0,23,0,23,NA,NA,NA,NA,Missing input or nonpositive denominator,Pass
Georgia place,1356168,"North Druid Hills CDP, Georgia",2020-2024,B10050_005,Six to eleven months,30,44,30,44,100,207.41798914805392,0,100,Percentage MOE exceeds 50% of estimate,Pass
Georgia place,1356308,"North High Shoals town, Georgia",2020-2024,B10050_005,Six to eleven months,0,14,2,3,0,700,0,100,Unavailable MOE or zero percentage,Pass
Georgia place,1356560,"Norwood city, Georgia",2020-2024,B10050_005,Six to eleven months,0,14,0,14,NA,NA,NA,NA,Missing input or nonpositive denominator,Pass
Georgia place,1356644,"Nunez city, Georgia",2020-2024,B10050_005,Six to eleven months,0,14,0,14,NA,NA,NA,NA,Missing input or nonpositive denominator,Pass
Georgia place,1357232,"Oak Park town, Georgia",2020-2024,B10050_005,Six to eleven months,0,14,3,5,0,466.6666666666667,0,100,Unavailable MOE or zero percentage,Pass
Georgia place,1357260,"Oakwood city, Georgia",2020-2024,B10050_005,Six to eleven months,0,20,144,150,0,13.88888888888889,0,13.88888888888889,Unavailable MOE or zero percentage,Pass
Georgia place,1357372,"Ochlocknee town, Georgia",2020-2024,B10050_005,Six to eleven months,0,14,13,17,0,107.6923076923077,0,100,Unavailable MOE or zero percentage,Pass
Georgia place,1357428,"Ocilla city, Georgia",2020-2024,B10050_005,Six to eleven months,0,14,52,84,0,26.923076923076923,0,26.923076923076923,Unavailable MOE or zero percentage,Pass
Georgia place,1357456,"Oconee city, Georgia",2020-2024,B10050_005,Six to eleven months,0,14,21,35,0,66.66666666666666,0,66.66666666666666,Unavailable MOE or zero percentage,Pass
Georgia place,1357540,"Odum city, Georgia",2020-2024,B10050_005,Six to eleven months,0,14,0,14,NA,NA,NA,NA,Missing input or nonpositive denominator,Pass
Georgia place,1357568,"Offerman city, Georgia",2020-2024,B10050_005,Six to eleven months,0,14,11,16,0,127.27272727272728,0,100,Unavailable MOE or zero percentage,Pass
Georgia place,1357736,"Oglethorpe city, Georgia",2020-2024,B10050_005,Six to eleven months,0,14,0,14,NA,NA,NA,NA,Missing input or nonpositive denominator,Pass
Georgia place,1357876,"Ohoopee CDP, Georgia",2020-2024,B10050_005,Six to eleven months,0,14,0,14,NA,NA,NA,NA,Missing input or nonpositive denominator,Pass
Georgia place,1358100,"Oliver city, Georgia",2020-2024,B10050_005,Six to eleven months,1,4,1,4,100,565.685424949238,0,100,Percentage MOE exceeds 50% of estimate,Pass
Georgia place,1358184,"Omega city, Georgia",2020-2024,B10050_005,Six to eleven months,0,14,0,14,NA,NA,NA,NA,Missing input or nonpositive denominator,Pass
Georgia place,1358296,"Orchard Hill town, Georgia",2020-2024,B10050_005,Six to eleven months,0,14,0,14,NA,NA,NA,NA,Missing input or nonpositive denominator,Pass
Georgia place,1358744,"Oxford city, Georgia",2020-2024,B10050_005,Six to eleven months,28,39,28,39,100,196.9797461876811,0,100,Percentage MOE exceeds 50% of estimate,Pass
Georgia place,1358884,"Palmetto city, Georgia",2020-2024,B10050_005,Six to eleven months,0,14,154,191,0,9.090909090909092,0,9.090909090909092,Unavailable MOE or zero percentage,Pass
Georgia place,1359080,"Panthersville CDP, Georgia",2020-2024,B10050_005,Six to eleven months,0,20,46,43,0,43.47826086956522,0,43.47826086956522,Unavailable MOE or zero percentage,Pass
Georgia place,1359416,"Parrott town, Georgia",2020-2024,B10050_005,Six to eleven months,0,14,0,14,NA,NA,NA,NA,Missing input or nonpositive denominator,Pass
Georgia place,1359500,"Patterson city, Georgia",2020-2024,B10050_005,Six to eleven months,1,2,6,9,16.666666666666664,22.04792759220492,0,38.714594258871585,Percentage MOE exceeds 50% of estimate,Pass
Georgia place,1359556,"Pavo city, Georgia",2020-2024,B10050_005,Six to eleven months,0,14,6,12,0,233.33333333333337,0,100,Unavailable MOE or zero percentage,Pass
Georgia place,1359724,"Peachtree City city, Georgia",2020-2024,B10050_005,Six to eleven months,34,53,126,114,26.984126984126984,34.25322916714731,0,61.2373561512743,Percentage MOE exceeds 50% of estimate,Pass
Georgia place,1359735,"Peachtree Corners city, Georgia",2020-2024,B10050_005,Six to eleven months,0,30,91,87,0,32.967032967032964,0,32.967032967032964,Unavailable MOE or zero percentage,Pass
Georgia place,1359808,"Pearson city, Georgia",2020-2024,B10050_005,Six to eleven months,0,14,15,28,0,93.33333333333331,0,93.33333333333331,Unavailable MOE or zero percentage,Pass
Georgia place,1359976,"Pelham city, Georgia",2020-2024,B10050_005,Six to eleven months,0,14,39,37,0,35.8974358974359,0,35.8974358974359,Unavailable MOE or zero percentage,Pass
Georgia place,1360004,"Pembroke city, Georgia",2020-2024,B10050_005,Six to eleven months,0,14,33,34,0,42.42424242424242,0,42.42424242424242,Unavailable MOE or zero percentage,Pass
Georgia place,1360032,"Pendergrass town, Georgia",2020-2024,B10050_005,Six to eleven months,0,14,0,14,NA,NA,NA,NA,Missing input or nonpositive denominator,Pass
Georgia place,1360312,"Perkins CDP, Georgia",2020-2024,B10050_005,Six to eleven months,0,14,0,14,NA,NA,NA,NA,Missing input or nonpositive denominator,Pass
Georgia place,1360340,"Perry city, Georgia",2020-2024,B10050_005,Six to eleven months,8,12,120,124,6.666666666666667,7.248669524577818,0,13.915336191244483,Percentage MOE exceeds 50% of estimate,Pass
Georgia place,1360508,"Phillipsburg CDP, Georgia",2020-2024,B10050_005,Six to eleven months,0,14,0,14,NA,NA,NA,NA,Missing input or nonpositive denominator,Pass
Georgia place,1360984,"Pinehurst city, Georgia",2020-2024,B10050_005,Six to eleven months,0,14,14,31,0,100,0,100,Unavailable MOE or zero percentage,Pass
Georgia place,1361040,"Pine Lake city, Georgia",2020-2024,B10050_005,Six to eleven months,0,14,0,14,NA,NA,NA,NA,Missing input or nonpositive denominator,Pass
Georgia place,1361124,"Pine Mountain town, Georgia",2020-2024,B10050_005,Six to eleven months,0,14,11,16,0,127.27272727272728,0,100,Unavailable MOE or zero percentage,Pass
Georgia place,1361320,"Pineview town, Georgia",2020-2024,B10050_005,Six to eleven months,0,14,0,14,NA,NA,NA,NA,Missing input or nonpositive denominator,Pass
Georgia place,1361376,"Piney Grove CDP, Georgia",2020-2024,B10050_005,Six to eleven months,0,14,0,14,NA,NA,NA,NA,Missing input or nonpositive denominator,Pass
Georgia place,1361544,"Pitts city, Georgia",2020-2024,B10050_005,Six to eleven months,0,14,0,14,NA,NA,NA,NA,Missing input or nonpositive denominator,Pass
Georgia place,1361628,"Plains city, Georgia",2020-2024,B10050_005,Six to eleven months,0,14,5,9,0,280,0,100,Unavailable MOE or zero percentage,Pass
Georgia place,1361684,"Plainville city, Georgia",2020-2024,B10050_005,Six to eleven months,0,14,0,14,NA,NA,NA,NA,Missing input or nonpositive denominator,Pass
Georgia place,1362104,"Pooler city, Georgia",2020-2024,B10050_005,Six to eleven months,0,27,107,99,0,25.233644859813083,0,25.233644859813083,Unavailable MOE or zero percentage,Pass
Georgia place,1362216,"Portal town, Georgia",2020-2024,B10050_005,Six to eleven months,0,14,5,8,0,280,0,100,Unavailable MOE or zero percentage,Pass
Georgia place,1362244,"Porterdale city, Georgia",2020-2024,B10050_005,Six to eleven months,0,14,15,32,0,93.33333333333331,0,93.33333333333331,Unavailable MOE or zero percentage,Pass
Georgia place,1362328,"Port Wentworth city, Georgia",2020-2024,B10050_005,Six to eleven months,0,23,128,144,0,17.96875,0,17.96875,Unavailable MOE or zero percentage,Pass
Georgia place,1362496,"Poulan city, Georgia",2020-2024,B10050_005,Six to eleven months,0,14,13,21,0,107.6923076923077,0,100,Unavailable MOE or zero percentage,Pass
Georgia place,1362524,"Powder Springs city, Georgia",2020-2024,B10050_005,Six to eleven months,0,23,135,101,0,17.037037037037038,0,17.037037037037038,Unavailable MOE or zero percentage,Pass
Georgia place,1363000,"Pulaski town, Georgia",2020-2024,B10050_005,Six to eleven months,0,14,0,14,NA,NA,NA,NA,Missing input or nonpositive denominator,Pass
Georgia place,1363084,"Putney CDP, Georgia",2020-2024,B10050_005,Six to eleven months,0,14,0,14,NA,NA,NA,NA,Missing input or nonpositive denominator,Pass
Georgia place,1363224,"Quitman city, Georgia",2020-2024,B10050_005,Six to eleven months,0,14,33,35,0,42.42424242424242,0,42.42424242424242,Unavailable MOE or zero percentage,Pass
Georgia place,1363560,"Ranger CDP, Georgia",2020-2024,B10050_005,Six to eleven months,0,14,0,14,NA,NA,NA,NA,Missing input or nonpositive denominator,Pass
Georgia place,1363588,"Raoul CDP, Georgia",2020-2024,B10050_005,Six to eleven months,0,14,1,3,0,1400,0,100,Unavailable MOE or zero percentage,Pass
Georgia place,1363728,"Ray City city, Georgia",2020-2024,B10050_005,Six to eleven months,0,14,32,26,0,43.75,0,43.75,Unavailable MOE or zero percentage,Pass
Georgia place,1363756,"Rayle town, Georgia",2020-2024,B10050_005,Six to eleven months,0,14,0,14,NA,NA,NA,NA,Missing input or nonpositive denominator,Pass
Georgia place,1363840,"Rebecca town, Georgia",2020-2024,B10050_005,Six to eleven months,0,14,0,14,NA,NA,NA,NA,Missing input or nonpositive denominator,Pass
Georgia place,1363952,"Redan CDP, Georgia",2020-2024,B10050_005,Six to eleven months,97,101,245,136,39.59183673469388,34.877609447569554,4.714227287124324,74.46944618226343,Percentage MOE exceeds 50% of estimate,Pass
Georgia place,1364288,"Reed Creek CDP, Georgia",2020-2024,B10050_005,Six to eleven months,0,14,17,37,0,82.35294117647058,0,82.35294117647058,Unavailable MOE or zero percentage,Pass
Georgia place,1364372,"Register town, Georgia",2020-2024,B10050_005,Six to eleven months,0,14,0,14,NA,NA,NA,NA,Missing input or nonpositive denominator,Pass
Georgia place,1364512,"Reidsville city, Georgia",2020-2024,B10050_005,Six to eleven months,0,14,36,59,0,38.88888888888889,0,38.88888888888889,Unavailable MOE or zero percentage,Pass
Georgia place,1364596,"Remerton city, Georgia",2020-2024,B10050_005,Six to eleven months,0,14,0,14,NA,NA,NA,NA,Missing input or nonpositive denominator,Pass
Georgia place,1364680,"Rentz city, Georgia",2020-2024,B10050_005,Six to eleven months,0,14,9,16,0,155.55555555555557,0,100,Unavailable MOE or zero percentage,Pass
Georgia place,1364736,"Resaca town, Georgia",2020-2024,B10050_005,Six to eleven months,0,14,11,21,0,127.27272727272728,0,100,Unavailable MOE or zero percentage,Pass
Georgia place,1364792,"Rest Haven town, Georgia",2020-2024,B10050_005,Six to eleven months,0,14,0,14,NA,NA,NA,NA,Missing input or nonpositive denominator,Pass
Georgia place,1364876,"Reynolds city, Georgia",2020-2024,B10050_005,Six to eleven months,0,14,11,20,0,127.27272727272728,0,100,Unavailable MOE or zero percentage,Pass
Georgia place,1364932,"Rhine town, Georgia",2020-2024,B10050_005,Six to eleven months,0,14,0,14,NA,NA,NA,NA,Missing input or nonpositive denominator,Pass
Georgia place,1364960,"Riceboro city, Georgia",2020-2024,B10050_005,Six to eleven months,0,14,14,19,0,100,0,100,Unavailable MOE or zero percentage,Pass
Georgia place,1365016,"Richland city, Georgia",2020-2024,B10050_005,Six to eleven months,0,14,10,13,0,140,0,100,Unavailable MOE or zero percentage,Pass
Georgia place,1365044,"Richmond Hill city, Georgia",2020-2024,B10050_005,Six to eleven months,0,23,38,38,0,60.526315789473685,0,60.526315789473685,Unavailable MOE or zero percentage,Pass
Georgia place,1365156,"Riddleville town, Georgia",2020-2024,B10050_005,Six to eleven months,4,8,4,8,100,282.842712474619,0,100,Percentage MOE exceeds 50% of estimate,Pass
Georgia place,1365296,"Rincon city, Georgia",2020-2024,B10050_005,Six to eleven months,0,23,10,19,0,229.99999999999997,0,100,Unavailable MOE or zero percentage,Pass
Georgia place,1365324,"Ringgold city, Georgia",2020-2024,B10050_005,Six to eleven months,0,14,39,53,0,35.8974358974359,0,35.8974358974359,Unavailable MOE or zero percentage,Pass
Georgia place,1365464,"Riverdale city, Georgia",2020-2024,B10050_005,Six to eleven months,0,23,120,117,0,19.166666666666668,0,19.166666666666668,Unavailable MOE or zero percentage,Pass
Georgia place,1365856,"Roberta city, Georgia",2020-2024,B10050_005,Six to eleven months,0,14,7,10,0,200,0,100,Unavailable MOE or zero percentage,Pass
Georgia place,1365968,"Robins AFB CDP, Georgia",2020-2024,B10050_005,Six to eleven months,0,14,0,14,NA,NA,NA,NA,Missing input or nonpositive denominator,Pass
Georgia place,1366024,"Rochelle city, Georgia",2020-2024,B10050_005,Six to eleven months,0,14,38,29,0,36.84210526315789,0,36.84210526315789,Unavailable MOE or zero percentage,Pass
Georgia place,1366220,"Rockingham CDP, Georgia",2020-2024,B10050_005,Six to eleven months,0,14,0,14,NA,NA,NA,NA,Missing input or nonpositive denominator,Pass
Georgia place,1366276,"Rockmart city, Georgia",2020-2024,B10050_005,Six to eleven months,0,20,49,79,0,40.81632653061224,0,40.81632653061224,Unavailable MOE or zero percentage,Pass
Georgia place,1366304,"Rock Spring CDP, Georgia",2020-2024,B10050_005,Six to eleven months,0,14,0,14,NA,NA,NA,NA,Missing input or nonpositive denominator,Pass
Georgia place,1366444,"Rocky Ford town, Georgia",2020-2024,B10050_005,Six to eleven months,0,14,5,7,0,280,0,100,Unavailable MOE or zero percentage,Pass
Georgia place,1366668,"Rome city, Georgia",2020-2024,B10050_005,Six to eleven months,0,30,253,186,0,11.857707509881422,0,11.857707509881422,Unavailable MOE or zero percentage,Pass
Georgia place,1366696,"Roopville town, Georgia",2020-2024,B10050_005,Six to eleven months,9,17,9,17,100,267.1292284482513,0,100,Percentage MOE exceeds 50% of estimate,Pass
Georgia place,1367256,"Rossville city, Georgia",2020-2024,B10050_005,Six to eleven months,0,14,25,39,0,56.00000000000001,0,56.00000000000001,Unavailable MOE or zero percentage,Pass
Georgia place,1367284,"Roswell city, Georgia",2020-2024,B10050_005,Six to eleven months,48,26,207,147,23.18840579710145,20.710616547510018,2.4777892495914315,43.89902234461147,Percentage MOE exceeds 50% of estimate,Pass
Georgia place,1367452,"Royston city, Georgia",2020-2024,B10050_005,Six to eleven months,0,14,2,6,0,700,0,100,Unavailable MOE or zero percentage,Pass
Georgia place,1367676,"Russell CDP, Georgia",2020-2024,B10050_005,Six to eleven months,0,14,0,14,NA,NA,NA,NA,Missing input or nonpositive denominator,Pass
Georgia place,1367760,"Rutledge city, Georgia",2020-2024,B10050_005,Six to eleven months,0,14,5,8,0,280,0,100,Unavailable MOE or zero percentage,Pass
Georgia place,1367984,"St. Marys city, Georgia",2020-2024,B10050_005,Six to eleven months,54,86,127,108,42.51968503937008,57.25464217653526,0,99.77432721590534,Percentage MOE exceeds 50% of estimate,Pass
Georgia place,1368040,"St. Simons CDP, Georgia",2020-2024,B10050_005,Six to eleven months,0,23,35,34,0,65.71428571428571,0,65.71428571428571,Unavailable MOE or zero percentage,Pass
Georgia place,1368096,"Sale City city, Georgia",2020-2024,B10050_005,Six to eleven months,0,14,0,14,NA,NA,NA,NA,Missing input or nonpositive denominator,Pass
Georgia place,1368129,"Salem CDP, Georgia",2020-2024,B10050_005,Six to eleven months,0,14,0,14,NA,NA,NA,NA,Missing input or nonpositive denominator,Pass
Georgia place,1368208,"Sandersville city, Georgia",2020-2024,B10050_005,Six to eleven months,15,25,214,120,7.009345794392523,11.00118962879592,0,18.010535423188443,Percentage MOE exceeds 50% of estimate,Pass
Georgia place,1368516,"Sandy Springs city, Georgia",2020-2024,B10050_005,Six to eleven months,14,31,111,92,12.612612612612612,25.897671297441715,0,38.510283910054326,Percentage MOE exceeds 50% of estimate,Pass
Georgia place,1368600,"Santa Claus city, Georgia",2020-2024,B10050_005,Six to eleven months,0,14,0,14,NA,NA,NA,NA,Missing input or nonpositive denominator,Pass
Georgia place,1368740,"Sardis city, Georgia",2020-2024,B10050_005,Six to eleven months,0,14,16,24,0,87.5,0,87.5,Unavailable MOE or zero percentage,Pass
Georgia place,1368796,"Sasser town, Georgia",2020-2024,B10050_005,Six to eleven months,0,14,2,4,0,700,0,100,Unavailable MOE or zero percentage,Pass
Georgia place,1368805,"Satilla CDP, Georgia",2020-2024,B10050_005,Six to eleven months,0,14,0,14,NA,NA,NA,NA,Missing input or nonpositive denominator,Pass
Georgia place,1368880,"Sautee-Nacoochee CDP, Georgia",2020-2024,B10050_005,Six to eleven months,0,14,0,14,NA,NA,NA,NA,Missing input or nonpositive denominator,Pass
Georgia place,1369336,"Scotland city, Georgia",2020-2024,B10050_005,Six to eleven months,0,14,0,14,NA,NA,NA,NA,Missing input or nonpositive denominator,Pass
Georgia place,1369392,"Scottdale CDP, Georgia",2020-2024,B10050_005,Six to eleven months,70,82,101,91,69.3069306930693,51.88593549515763,17.420995197911672,100,Percentage MOE exceeds 50% of estimate,Pass
Georgia place,1369448,"Screven city, Georgia",2020-2024,B10050_005,Six to eleven months,0,14,23,23,0,60.86956521739131,0,60.86956521739131,Unavailable MOE or zero percentage,Pass
Georgia place,1369672,"Senoia city, Georgia",2020-2024,B10050_005,Six to eleven months,0,20,0,20,NA,NA,NA,NA,Missing input or nonpositive denominator,Pass
Georgia place,1369728,"Seville CDP, Georgia",2020-2024,B10050_005,Six to eleven months,0,14,0,14,NA,NA,NA,NA,Missing input or nonpositive denominator,Pass
Georgia place,1369784,"Shady Dale town, Georgia",2020-2024,B10050_005,Six to eleven months,0,14,5,8,0,280,0,100,Unavailable MOE or zero percentage,Pass
Georgia place,1369868,"Shannon CDP, Georgia",2020-2024,B10050_005,Six to eleven months,0,14,62,103,0,22.58064516129032,0,22.58064516129032,Unavailable MOE or zero percentage,Pass
Georgia place,1369896,"Sharon city, Georgia",2020-2024,B10050_005,Six to eleven months,0,14,1,2,0,1400,0,100,Unavailable MOE or zero percentage,Pass
Georgia place,1369980,"Sharpsburg town, Georgia",2020-2024,B10050_005,Six to eleven months,0,14,2,3,0,700,0,100,Unavailable MOE or zero percentage,Pass
Georgia place,1370120,"Shellman city, Georgia",2020-2024,B10050_005,Six to eleven months,25,42,45,42,55.55555555555556,77.60474579975582,0,100,Percentage MOE exceeds 50% of estimate,Pass
Georgia place,1370428,"Shiloh city, Georgia",2020-2024,B10050_005,Six to eleven months,0,14,9,17,0,155.55555555555557,0,100,Unavailable MOE or zero percentage,Pass
Georgia place,1370932,"Siloam town, Georgia",2020-2024,B10050_005,Six to eleven months,0,14,4,6,0,350,0,100,Unavailable MOE or zero percentage,Pass
Georgia place,1371184,"Skidaway Island CDP, Georgia",2020-2024,B10050_005,Six to eleven months,0,20,5,9,0,400,0,100,Unavailable MOE or zero percentage,Pass
Georgia place,1371282,"Sky Valley city, Georgia",2020-2024,B10050_005,Six to eleven months,0,14,0,14,NA,NA,NA,NA,Missing input or nonpositive denominator,Pass
Georgia place,1371296,"Smarr CDP, Georgia",2020-2024,B10050_005,Six to eleven months,0,14,0,14,NA,NA,NA,NA,Missing input or nonpositive denominator,Pass
Georgia place,1371464,"Smithville city, Georgia",2020-2024,B10050_005,Six to eleven months,0,14,11,23,0,127.27272727272728,0,100,Unavailable MOE or zero percentage,Pass
Georgia place,1371492,"Smyrna city, Georgia",2020-2024,B10050_005,Six to eleven months,0,34,203,118,0,16.748768472906402,0,16.748768472906402,Unavailable MOE or zero percentage,Pass
Georgia place,1371604,"Snellville city, Georgia",2020-2024,B10050_005,Six to eleven months,0,27,93,132,0,29.03225806451613,0,29.03225806451613,Unavailable MOE or zero percentage,Pass
Georgia place,1371660,"Social Circle city, Georgia",2020-2024,B10050_005,Six to eleven months,0,20,31,60,0,64.51612903225806,0,64.51612903225806,Unavailable MOE or zero percentage,Pass
Georgia place,1371772,"Soperton city, Georgia",2020-2024,B10050_005,Six to eleven months,0,14,18,23,0,77.77777777777779,0,77.77777777777779,Unavailable MOE or zero percentage,Pass
Georgia place,1372556,"Sparks town, Georgia",2020-2024,B10050_005,Six to eleven months,4,8,19,21,21.052631578947366,35.09160691881023,0,56.1442384977576,Percentage MOE exceeds 50% of estimate,Pass
Georgia place,1372584,"Sparta city, Georgia",2020-2024,B10050_005,Six to eleven months,0,14,5,13,0,280,0,100,Unavailable MOE or zero percentage,Pass
Georgia place,1372780,"Springfield city, Georgia",2020-2024,B10050_005,Six to eleven months,0,14,7,11,0,200,0,100,Unavailable MOE or zero percentage,Pass
Georgia place,1373004,"Stapleton city, Georgia",2020-2024,B10050_005,Six to eleven months,0,14,6,8,0,233.33333333333337,0,100,Unavailable MOE or zero percentage,Pass
Georgia place,1373256,"Statesboro city, Georgia",2020-2024,B10050_005,Six to eleven months,53,74,245,157,21.63265306122449,26.83497816784643,0,48.46763122907092,Percentage MOE exceeds 50% of estimate,Pass
Georgia place,1373312,"Statham city, Georgia",2020-2024,B10050_005,Six to eleven months,0,14,0,14,NA,NA,NA,NA,Missing input or nonpositive denominator,Pass
Georgia place,1373452,"Sterling CDP, Georgia",2020-2024,B10050_005,Six to eleven months,0,14,0,14,NA,NA,NA,NA,Missing input or nonpositive denominator,Pass
Georgia place,1373620,"Stillmore city, Georgia",2020-2024,B10050_005,Six to eleven months,0,14,8,13,0,175,0,100,Unavailable MOE or zero percentage,Pass
Georgia place,1373760,"Stockton CDP, Georgia",2020-2024,B10050_005,Six to eleven months,0,14,0,14,NA,NA,NA,NA,Missing input or nonpositive denominator,Pass
Georgia place,1373816,"Stone Mountain city, Georgia",2020-2024,B10050_005,Six to eleven months,0,20,20,35,0,100,0,100,Unavailable MOE or zero percentage,Pass
Georgia place,1374180,"Sugar Hill city, Georgia",2020-2024,B10050_005,Six to eleven months,29,48,63,71,46.03174603174603,55.80108103562886,0,100,Percentage MOE exceeds 50% of estimate,Pass
Georgia place,1374348,"Summertown city, Georgia",2020-2024,B10050_005,Six to eleven months,0,14,8,17,0,175,0,100,Unavailable MOE or zero percentage,Pass
Georgia place,1374376,"Summerville city, Georgia",2020-2024,B10050_005,Six to eleven months,0,14,103,73,0,13.592233009708735,0,13.592233009708735,Unavailable MOE or zero percentage,Pass
Georgia place,1374432,"Sumner town, Georgia",2020-2024,B10050_005,Six to eleven months,0,14,0,14,NA,NA,NA,NA,Missing input or nonpositive denominator,Pass
Georgia place,1374572,"Sunny Side CDP, Georgia",2020-2024,B10050_005,Six to eleven months,0,14,5,7,0,280,0,100,Unavailable MOE or zero percentage,Pass
Georgia place,1374628,"Sunnyside CDP, Georgia",2020-2024,B10050_005,Six to eleven months,0,14,0,14,NA,NA,NA,NA,Missing input or nonpositive denominator,Pass
Georgia place,1374768,"Sunset Village CDP, Georgia",2020-2024,B10050_005,Six to eleven months,0,14,0,14,NA,NA,NA,NA,Missing input or nonpositive denominator,Pass
Georgia place,1374852,"Surrency town, Georgia",2020-2024,B10050_005,Six to eleven months,0,14,0,14,NA,NA,NA,NA,Missing input or nonpositive denominator,Pass
Georgia place,1374936,"Suwanee city, Georgia",2020-2024,B10050_005,Six to eleven months,0,27,88,66,0,30.681818181818183,0,30.681818181818183,Unavailable MOE or zero percentage,Pass
Georgia place,1374964,"Swainsboro city, Georgia",2020-2024,B10050_005,Six to eleven months,0,20,31,14,0,64.51612903225806,0,64.51612903225806,Unavailable MOE or zero percentage,Pass
Georgia place,1375104,"Sycamore city, Georgia",2020-2024,B10050_005,Six to eleven months,0,14,11,17,0,127.27272727272728,0,100,Unavailable MOE or zero percentage,Pass
Georgia place,1375160,"Sylvania city, Georgia",2020-2024,B10050_005,Six to eleven months,8,14,8,14,100,247.48737341529164,0,100,Percentage MOE exceeds 50% of estimate,Pass
Georgia place,1375188,"Sylvester city, Georgia",2020-2024,B10050_005,Six to eleven months,0,20,77,70,0,25.97402597402597,0,25.97402597402597,Unavailable MOE or zero percentage,Pass
Georgia place,1375239,"Talahi Island CDP, Georgia",2020-2024,B10050_005,Six to eleven months,0,14,0,14,NA,NA,NA,NA,Missing input or nonpositive denominator,Pass
Georgia place,1375244,"Talbotton city, Georgia",2020-2024,B10050_005,Six to eleven months,0,14,6,10,0,233.33333333333337,0,100,Unavailable MOE or zero percentage,Pass
Georgia place,1375272,"Talking Rock town, Georgia",2020-2024,B10050_005,Six to eleven months,0,14,0,14,NA,NA,NA,NA,Missing input or nonpositive denominator,Pass
Georgia place,1375300,"Tallapoosa city, Georgia",2020-2024,B10050_005,Six to eleven months,0,14,8,41,0,175,0,100,Unavailable MOE or zero percentage,Pass
Georgia place,1375328,"Tallulah Falls town, Georgia",2020-2024,B10050_005,Six to eleven months,0,14,0,14,NA,NA,NA,NA,Missing input or nonpositive denominator,Pass
Georgia place,1375412,"Talmo town, Georgia",2020-2024,B10050_005,Six to eleven months,0,14,0,14,NA,NA,NA,NA,Missing input or nonpositive denominator,Pass
Georgia place,1375496,"Tarrytown town, Georgia",2020-2024,B10050_005,Six to eleven months,0,14,0,14,NA,NA,NA,NA,Missing input or nonpositive denominator,Pass
Georgia place,1375580,"Tate City CDP, Georgia",2020-2024,B10050_005,Six to eleven months,0,14,0,14,NA,NA,NA,NA,Missing input or nonpositive denominator,Pass
Georgia place,1375664,"Taylorsville town, Georgia",2020-2024,B10050_005,Six to eleven months,0,14,4,6,0,350,0,100,Unavailable MOE or zero percentage,Pass
Georgia place,1375692,"Tazewell CDP, Georgia",2020-2024,B10050_005,Six to eleven months,0,14,0,14,NA,NA,NA,NA,Missing input or nonpositive denominator,Pass
Georgia place,1375832,"Temple city, Georgia",2020-2024,B10050_005,Six to eleven months,0,20,86,90,0,23.25581395348837,0,23.25581395348837,Unavailable MOE or zero percentage,Pass
Georgia place,1375888,"Tennille city, Georgia",2020-2024,B10050_005,Six to eleven months,0,14,23,28,0,60.86956521739131,0,60.86956521739131,Unavailable MOE or zero percentage,Pass
Georgia place,1376112,"The Rock CDP, Georgia",2020-2024,B10050_005,Six to eleven months,0,14,0,14,NA,NA,NA,NA,Missing input or nonpositive denominator,Pass
Georgia place,1376168,"Thomaston city, Georgia",2020-2024,B10050_005,Six to eleven months,0,20,75,101,0,26.666666666666668,0,26.666666666666668,Unavailable MOE or zero percentage,Pass
Georgia place,1376224,"Thomasville city, Georgia",2020-2024,B10050_005,Six to eleven months,0,23,110,75,0,20.909090909090907,0,20.909090909090907,Unavailable MOE or zero percentage,Pass
Georgia place,1376280,"Thomson city, Georgia",2020-2024,B10050_005,Six to eleven months,0,20,147,155,0,13.60544217687075,0,13.60544217687075,Unavailable MOE or zero percentage,Pass
Georgia place,1376364,"Thunderbolt town, Georgia",2020-2024,B10050_005,Six to eleven months,0,14,38,33,0,36.84210526315789,0,36.84210526315789,Unavailable MOE or zero percentage,Pass
Georgia place,1376476,"Tifton city, Georgia",2020-2024,B10050_005,Six to eleven months,41,47,122,94,33.60655737704918,28.52484386777222,5.081713509276959,62.1314012448214,Percentage MOE exceeds 50% of estimate,Pass
Georgia place,1376504,"Tiger town, Georgia",2020-2024,B10050_005,Six to eleven months,0,14,3,3,0,466.6666666666667,0,100,Unavailable MOE or zero percentage,Pass
Georgia place,1376532,"Tignall town, Georgia",2020-2024,B10050_005,Six to eleven months,0,14,17,27,0,82.35294117647058,0,82.35294117647058,Unavailable MOE or zero percentage,Pass
Georgia place,1376756,"Toccoa city, Georgia",2020-2024,B10050_005,Six to eleven months,0,20,95,86,0,21.052631578947366,0,21.052631578947366,Unavailable MOE or zero percentage,Pass
Georgia place,1376952,"Toomsboro city, Georgia",2020-2024,B10050_005,Six to eleven months,0,14,9,12,0,155.55555555555557,0,100,Unavailable MOE or zero percentage,Pass
Georgia place,1377372,"Trenton city, Georgia",2020-2024,B10050_005,Six to eleven months,0,14,23,32,0,60.86956521739131,0,60.86956521739131,Unavailable MOE or zero percentage,Pass
Georgia place,1377540,"Trion town, Georgia",2020-2024,B10050_005,Six to eleven months,0,14,8,12,0,175,0,100,Unavailable MOE or zero percentage,Pass
Georgia place,1377652,"Tucker city, Georgia",2020-2024,B10050_005,Six to eleven months,23,53,185,158,12.432432432432432,26.608340739305515,0,39.040773171737946,Percentage MOE exceeds 50% of estimate,Pass
Georgia place,1377736,"Tunnel Hill city, Georgia",2020-2024,B10050_005,Six to eleven months,0,14,7,9,0,200,0,100,Unavailable MOE or zero percentage,Pass
Georgia place,1377764,"Turin town, Georgia",2020-2024,B10050_005,Six to eleven months,0,14,0,14,NA,NA,NA,NA,Missing input or nonpositive denominator,Pass
Georgia place,1377988,"Twin City city, Georgia",2020-2024,B10050_005,Six to eleven months,0,14,9,15,0,155.55555555555557,0,100,Unavailable MOE or zero percentage,Pass
Georgia place,1378036,"Tybee Island city, Georgia",2020-2024,B10050_005,Six to eleven months,0,14,16,30,0,87.5,0,87.5,Unavailable MOE or zero percentage,Pass
Georgia place,1378044,"Tyrone town, Georgia",2020-2024,B10050_005,Six to eleven months,0,20,0,20,NA,NA,NA,NA,Missing input or nonpositive denominator,Pass
Georgia place,1378100,"Ty Ty city, Georgia",2020-2024,B10050_005,Six to eleven months,0,14,29,36,0,48.27586206896552,0,48.27586206896552,Unavailable MOE or zero percentage,Pass
Georgia place,1378156,"Unadilla city, Georgia",2020-2024,B10050_005,Six to eleven months,0,14,0,14,NA,NA,NA,NA,Missing input or nonpositive denominator,Pass
Georgia place,1378324,"Union City city, Georgia",2020-2024,B10050_005,Six to eleven months,0,27,249,170,0,10.843373493975903,0,10.843373493975903,Unavailable MOE or zero percentage,Pass
Georgia place,1378380,"Union Point city, Georgia",2020-2024,B10050_005,Six to eleven months,0,14,14,16,0,100,0,100,Unavailable MOE or zero percentage,Pass
Georgia place,1378464,"Unionville CDP, Georgia",2020-2024,B10050_005,Six to eleven months,0,14,19,21,0,73.68421052631578,0,73.68421052631578,Unavailable MOE or zero percentage,Pass
Georgia place,1378744,"Uvalda city, Georgia",2020-2024,B10050_005,Six to eleven months,0,14,23,24,0,60.86956521739131,0,60.86956521739131,Unavailable MOE or zero percentage,Pass
Georgia place,1378800,"Valdosta city, Georgia",2020-2024,B10050_005,Six to eleven months,9,21,325,184,2.769230769230769,6.268448695881965,0,9.037679465112737,Percentage MOE exceeds 50% of estimate,Pass
Georgia place,1378996,"Varnell city, Georgia",2020-2024,B10050_005,Six to eleven months,0,14,2,4,0,700,0,100,Unavailable MOE or zero percentage,Pass
Georgia place,1379164,"Vernonburg town, Georgia",2020-2024,B10050_005,Six to eleven months,0,14,0,14,NA,NA,NA,NA,Missing input or nonpositive denominator,Pass
Georgia place,1379388,"Vidalia city, Georgia",2020-2024,B10050_005,Six to eleven months,0,23,65,75,0,35.38461538461539,0,35.38461538461539,Unavailable MOE or zero percentage,Pass
Georgia place,1379416,"Vidette city, Georgia",2020-2024,B10050_005,Six to eleven months,0,14,0,14,NA,NA,NA,NA,Missing input or nonpositive denominator,Pass
Georgia place,1379444,"Vienna city, Georgia",2020-2024,B10050_005,Six to eleven months,0,14,35,42,0,40,0,40,Unavailable MOE or zero percentage,Pass
Georgia place,1379528,"Villa Rica city, Georgia",2020-2024,B10050_005,Six to eleven months,0,23,215,219,0,10.69767441860465,0,10.69767441860465,Unavailable MOE or zero percentage,Pass
Georgia place,1379612,"Vinings CDP, Georgia",2020-2024,B10050_005,Six to eleven months,0,23,57,77,0,40.35087719298245,0,40.35087719298245,Unavailable MOE or zero percentage,Pass
Georgia place,1379808,"Waco city, Georgia",2020-2024,B10050_005,Six to eleven months,0,14,25,24,0,56.00000000000001,0,56.00000000000001,Unavailable MOE or zero percentage,Pass
Georgia place,1379864,"Wadley city, Georgia",2020-2024,B10050_005,Six to eleven months,0,14,49,42,0,28.57142857142857,0,28.57142857142857,Unavailable MOE or zero percentage,Pass
Georgia place,1379948,"Waleska city, Georgia",2020-2024,B10050_005,Six to eleven months,0,14,2,4,0,700,0,100,Unavailable MOE or zero percentage,Pass
Georgia place,1380228,"Walnut Grove city, Georgia",2020-2024,B10050_005,Six to eleven months,0,14,22,21,0,63.63636363636363,0,63.63636363636363,Unavailable MOE or zero percentage,Pass
Georgia place,1380256,"Walthourville city, Georgia",2020-2024,B10050_005,Six to eleven months,0,14,120,127,0,11.666666666666666,0,11.666666666666666,Unavailable MOE or zero percentage,Pass
Georgia place,1380368,"Waresboro CDP, Georgia",2020-2024,B10050_005,Six to eleven months,0,14,0,14,NA,NA,NA,NA,Missing input or nonpositive denominator,Pass
Georgia place,1380480,"Warm Springs city, Georgia",2020-2024,B10050_005,Six to eleven months,0,14,8,17,0,175,0,100,Unavailable MOE or zero percentage,Pass
Georgia place,1380592,"Warrenton city, Georgia",2020-2024,B10050_005,Six to eleven months,0,14,98,88,0,14.285714285714285,0,14.285714285714285,Unavailable MOE or zero percentage,Pass
Georgia place,1380648,"Warthen CDP, Georgia",2020-2024,B10050_005,Six to eleven months,0,14,0,14,NA,NA,NA,NA,Missing input or nonpositive denominator,Pass
Georgia place,1380676,"Warwick city, Georgia",2020-2024,B10050_005,Six to eleven months,0,14,1,4,0,1400,0,100,Unavailable MOE or zero percentage,Pass
Georgia place,1380704,"Washington city, Georgia",2020-2024,B10050_005,Six to eleven months,5,24,58,48,8.620689655172415,40.75963906897227,0,49.38032872414468,Percentage MOE exceeds 50% of estimate,Pass
Georgia place,1380788,"Watkinsville city, Georgia",2020-2024,B10050_005,Six to eleven months,0,14,28,34,0,50,0,50,Unavailable MOE or zero percentage,Pass
Georgia place,1380816,"Waverly CDP, Georgia",2020-2024,B10050_005,Six to eleven months,0,14,0,14,NA,NA,NA,NA,Missing input or nonpositive denominator,Pass
Georgia place,1380844,"Waverly Hall town, Georgia",2020-2024,B10050_005,Six to eleven months,0,14,2,22,0,700,0,100,Unavailable MOE or zero percentage,Pass
Georgia place,1380956,"Waycross city, Georgia",2020-2024,B10050_005,Six to eleven months,36,50,139,100,25.899280575539567,30.769400367911253,0,56.66868094345082,Percentage MOE exceeds 50% of estimate,Pass
Georgia place,1380984,"Waynesboro city, Georgia",2020-2024,B10050_005,Six to eleven months,0,20,43,71,0,46.51162790697674,0,46.51162790697674,Unavailable MOE or zero percentage,Pass
Georgia place,1381012,"Waynesville CDP, Georgia",2020-2024,B10050_005,Six to eleven months,0,14,0,14,NA,NA,NA,NA,Missing input or nonpositive denominator,Pass
Georgia place,1381128,"Webster County unified government, Georgia",2020-2024,B10050_005,Six to eleven months,0,14,6,9,0,233.33333333333337,0,100,Unavailable MOE or zero percentage,Pass
Georgia place,1381208,"Wenona CDP, Georgia",2020-2024,B10050_005,Six to eleven months,0,14,0,14,NA,NA,NA,NA,Missing input or nonpositive denominator,Pass
Georgia place,1381488,"West Brow CDP, Georgia",2020-2024,B10050_005,Six to eleven months,0,14,0,14,NA,NA,NA,NA,Missing input or nonpositive denominator,Pass
Georgia place,1382132,"West Point city, Georgia",2020-2024,B10050_005,Six to eleven months,0,14,162,192,0,8.641975308641975,0,8.641975308641975,Unavailable MOE or zero percentage,Pass
Georgia place,1382412,"Whigham city, Georgia",2020-2024,B10050_005,Six to eleven months,0,14,0,14,NA,NA,NA,NA,Missing input or nonpositive denominator,Pass
Georgia place,1382468,"White city, Georgia",2020-2024,B10050_005,Six to eleven months,0,14,0,14,NA,NA,NA,NA,Missing input or nonpositive denominator,Pass
Georgia place,1382636,"Whitemarsh Island CDP, Georgia",2020-2024,B10050_005,Six to eleven months,0,20,36,42,0,55.55555555555556,0,55.55555555555556,Unavailable MOE or zero percentage,Pass
Georgia place,1382692,"White Plains city, Georgia",2020-2024,B10050_005,Six to eleven months,3,6,16,23,18.75,26.072572806195687,0,44.82257280619569,Percentage MOE exceeds 50% of estimate,Pass
Georgia place,1382720,"Whitesburg city, Georgia",2020-2024,B10050_005,Six to eleven months,0,14,5,15,0,280,0,100,Unavailable MOE or zero percentage,Pass
Georgia place,1382916,"Wildwood CDP, Georgia",2020-2024,B10050_005,Six to eleven months,0,14,31,37,0,45.16129032258064,0,45.16129032258064,Unavailable MOE or zero percentage,Pass
Georgia place,1382972,"Willacoochee city, Georgia",2020-2024,B10050_005,Six to eleven months,0,14,11,12,0,127.27272727272728,0,100,Unavailable MOE or zero percentage,Pass
Georgia place,1383084,"Williamson city, Georgia",2020-2024,B10050_005,Six to eleven months,0,14,0,14,NA,NA,NA,NA,Missing input or nonpositive denominator,Pass
Georgia place,1383168,"Wilmington Island CDP, Georgia",2020-2024,B10050_005,Six to eleven months,0,23,0,23,NA,NA,NA,NA,Missing input or nonpositive denominator,Pass
Georgia place,1383420,"Winder city, Georgia",2020-2024,B10050_005,Six to eleven months,0,23,45,47,0,51.11111111111111,0,51.11111111111111,Unavailable MOE or zero percentage,Pass
Georgia place,1383728,"Winterville city, Georgia",2020-2024,B10050_005,Six to eleven months,0,14,18,26,0,77.77777777777779,0,77.77777777777779,Unavailable MOE or zero percentage,Pass
Georgia place,1383868,"Woodbine city, Georgia",2020-2024,B10050_005,Six to eleven months,0,14,20,23,0,70,0,70,Unavailable MOE or zero percentage,Pass
Georgia place,1383896,"Woodbury city, Georgia",2020-2024,B10050_005,Six to eleven months,0,14,23,30,0,60.86956521739131,0,60.86956521739131,Unavailable MOE or zero percentage,Pass
Georgia place,1383952,"Woodland city, Georgia",2020-2024,B10050_005,Six to eleven months,0,14,0,14,NA,NA,NA,NA,Missing input or nonpositive denominator,Pass
Georgia place,1384176,"Woodstock city, Georgia",2020-2024,B10050_005,Six to eleven months,0,30,0,30,NA,NA,NA,NA,Missing input or nonpositive denominator,Pass
Georgia place,1384260,"Woodville city, Georgia",2020-2024,B10050_005,Six to eleven months,0,14,0,14,NA,NA,NA,NA,Missing input or nonpositive denominator,Pass
Georgia place,1384288,"Woolsey town, Georgia",2020-2024,B10050_005,Six to eleven months,0,14,0,14,NA,NA,NA,NA,Missing input or nonpositive denominator,Pass
Georgia place,1384456,"Wrens city, Georgia",2020-2024,B10050_005,Six to eleven months,0,14,64,97,0,21.875,0,21.875,Unavailable MOE or zero percentage,Pass
Georgia place,1384512,"Wrightsville city, Georgia",2020-2024,B10050_005,Six to eleven months,0,14,21,23,0,66.66666666666666,0,66.66666666666666,Unavailable MOE or zero percentage,Pass
Georgia place,1384708,"Yatesville town, Georgia",2020-2024,B10050_005,Six to eleven months,0,14,0,14,NA,NA,NA,NA,Missing input or nonpositive denominator,Pass
Georgia place,1384832,"Yonah CDP, Georgia",2020-2024,B10050_005,Six to eleven months,0,14,0,14,NA,NA,NA,NA,Missing input or nonpositive denominator,Pass
Georgia place,1384960,"Young Harris city, Georgia",2020-2024,B10050_005,Six to eleven months,0,14,0,14,NA,NA,NA,NA,Missing input or nonpositive denominator,Pass
Georgia place,1385128,"Zebulon city, Georgia",2020-2024,B10050_005,Six to eleven months,0,14,76,67,0,18.421052631578945,0,18.421052631578945,Unavailable MOE or zero percentage,Pass
State/DC,38,North Dakota,2020-2024,B10050_006,One or two years,815,209,3769,378,21.623772884054127,5.103572243507233,16.520200640546893,26.72734512756136,Retained,Pass
State/DC,21,Kentucky,2020-2024,B10050_006,One or two years,8253,861,48988,2074,16.846982934596227,1.6063435786582907,15.240639355937937,18.453326513254517,Retained,Pass
State/DC,28,Mississippi,2020-2024,B10050_006,One or two years,6380,778,36688,1822,17.389882250327084,1.936761350476769,15.453120899850315,19.326643600803852,Retained,Pass
State/DC,22,Louisiana,2020-2024,B10050_006,One or two years,9432,935,50347,2275,18.73398613621467,1.6529564410222009,17.08102969519247,20.386942577236873,Retained,Pass
State/DC,54,West Virginia,2020-2024,B10050_006,One or two years,3551,629,18349,1423,19.35255327265791,3.0819737020618465,16.270579570596063,22.43452697471976,Retained,Pass
State/DC,01,Alabama,2020-2024,B10050_006,One or two years,9991,1216,52977,2341,18.859127545916152,2.138706980505685,16.720420565410468,20.997834526421837,Retained,Pass
State/DC,56,Wyoming,2020-2024,B10050_006,One or two years,714,195,3627,518,19.685690653432587,4.582655754955787,15.1030348984768,24.268346408388375,Retained,Pass
State/DC,30,Montana,2020-2024,B10050_006,One or two years,1493,348,7359,656,20.288082619921184,4.369409750817996,15.918672869103188,24.65749237073918,Retained,Pass
State/DC,05,Arkansas,2020-2024,B10050_006,One or two years,5600,786,31874,1664,17.56917864089854,2.289035897908134,15.280142742990405,19.85821453880667,Retained,Pass
State/DC,46,South Dakota,2020-2024,B10050_006,One or two years,1197,252,5865,536,20.40920716112532,3.870721729890015,16.538485431235305,24.279928891015334,Retained,Pass
State/DC,40,Oklahoma,2020-2024,B10050_006,One or two years,6591,476,37439,1444,17.604636875984937,1.07490473593488,16.529732140050058,18.679541611919817,Retained,Pass
State/DC,47,Tennessee,2020-2024,B10050_006,One or two years,13209,1283,68870,3229,19.179613765064616,1.6315232134095632,17.548090551655054,20.811136978474178,Retained,Pass
State/DC,35,New Mexico,2020-2024,B10050_006,One or two years,3431,543,20650,1621,16.61501210653753,2.2832850351255845,14.331727071411947,18.89829714166311,Retained,Pass
State/DC,45,South Carolina,2020-2024,B10050_006,One or two years,7407,1001,47484,2479,15.598938589840788,1.9444250660843163,13.65451352375647,17.543363655925106,Retained,Pass
State/DC,29,Missouri,2020-2024,B10050_006,One or two years,6807,835,42245,2090,16.113149485146174,1.8086815428231504,14.304467942323024,17.921831027969326,Retained,Pass
State/DC,18,Indiana,2020-2024,B10050_006,One or two years,10202,1108,48111,2309,21.20512980399493,2.0659446895474214,19.139185114447507,23.27107449354235,Retained,Pass
State/DC,39,Ohio,2020-2024,B10050_006,One or two years,12873,894,78003,2399,16.50321141494558,1.0275944824055427,15.475616932540037,17.530805897351122,Retained,Pass
State/DC,20,Kansas,2020-2024,B10050_006,One or two years,3902,565,17439,1284,22.375136189001665,2.789743795794533,19.58539239320713,25.16487998479619,Retained,Pass
State/DC,37,North Carolina,2020-2024,B10050_006,One or two years,14176,1257,77588,2759,18.270866628860137,1.484113860346203,16.78675276851393,19.754980489206336,Retained,Pass
State/DC,19,Iowa,2020-2024,B10050_006,One or two years,2735,487,12823,869,21.32886220073306,3.512049233072654,17.816812967660407,24.84091143380571,Retained,Pass
State/DC,02,Alaska,2020-2024,B10050_006,One or two years,1048,289,6195,579,16.91686844229217,4.388947663602605,12.527920778689566,21.305816105894777,Retained,Pass
State/DC,50,Vermont,2020-2024,B10050_006,One or two years,476,262,2530,424,18.814229249011856,9.864045989291128,8.950183259720728,28.678275238302984,Percentage MOE exceeds 50% of estimate,Pass
State/DC,13,Georgia,2020-2024,B10050_006,One or two years,18732,1453,89880,3211,20.8411214953271,1.4349317703907671,19.406189724936333,22.27605326571787,Retained,Pass
State/DC,10,Delaware,2020-2024,B10050_006,One or two years,1295,389,8033,985,16.121000871405453,4.420693031907608,11.700307839497846,20.54169390331306,Retained,Pass
State/DC,55,Wisconsin,2020-2024,B10050_006,One or two years,3737,528,21035,1567,17.765628714048017,2.132861235525223,15.632767478522794,19.89848994957324,Retained,Pass
State/DC,51,Virginia,2020-2024,B10050_006,One or two years,11736,1164,56987,2457,20.594170600312353,1.8394823846469808,18.75468821566537,22.433652984959338,Retained,Pass
State/DC,23,Maine,2020-2024,B10050_006,One or two years,1321,286,5742,808,23.00592128178335,3.7852939798575713,19.22062730192578,26.79121526164092,Retained,Pass
State/DC,16,Idaho,2020-2024,B10050_006,One or two years,2515,502,10858,898,23.162645054337816,4.207777462203766,18.95486759213405,27.37042251654158,Retained,Pass
State/DC,42,Pennsylvania,2020-2024,B10050_006,One or two years,13147,965,72511,2898,18.131042186702707,1.116254625837327,17.01478756086538,19.247296812540036,Retained,Pass
State/DC,11,District of Columbia,2020-2024,B10050_006,One or two years,388,170,2984,674,13.002680965147452,4.8816816893115655,8.120999275835889,17.884362654459018,Retained,Pass
State/DC,08,Colorado,2020-2024,B10050_006,One or two years,5450,918,31034,1903,17.56138428820004,2.755069130183051,14.806315158016988,20.31645341838309,Retained,Pass
State/DC,31,Nebraska,2020-2024,B10050_006,One or two years,1574,356,7846,748,20.061177670150396,4.114570908490464,15.946606761659933,24.17574857864086,Retained,Pass
State/DC,48,Texas,2020-2024,B10050_006,One or two years,45148,2389,235377,4783,19.18114344222247,0.9371427957619548,18.24400064646052,20.118286237984428,Retained,Pass
State/DC,26,Michigan,2020-2024,B10050_006,One or two years,10198,963,50342,2123,20.257439116443525,1.7115604320753697,18.545878684368155,21.968999548518894,Retained,Pass
State/DC,04,Arizona,2020-2024,B10050_006,One or two years,8845,972,47546,2431,18.603037058848273,1.8095853645399576,16.793451694308317,20.41262242338823,Retained,Pass
State/DC,27,Minnesota,2020-2024,B10050_006,One or two years,3986,509,18407,1195,21.65480523713805,2.3812191430795004,19.273586094058544,24.036024380217548,Retained,Pass
State/DC,17,Illinois,2020-2024,B10050_006,One or two years,12153,958,65182,2235,18.644717866895768,1.3234057006509137,17.321312166244855,19.96812356754668,Retained,Pass
State/DC,12,Florida,2020-2024,B10050_006,One or two years,25893,1981,132601,3865,19.527002058808,1.381287176420385,18.145714882387615,20.908289235228388,Retained,Pass
State/DC,53,Washington,2020-2024,B10050_006,One or two years,6951,724,38725,1990,17.94964493221433,1.6262116338561683,16.32343329835816,19.5758565660705,Retained,Pass
State/DC,41,Oregon,2020-2024,B10050_006,One or two years,4014,709,18763,1300,21.393167403933273,3.4758687646275397,17.917298639305734,24.86903616856081,Retained,Pass
State/DC,32,Nevada,2020-2024,B10050_006,One or two years,4395,726,20958,1323,20.970512453478385,3.201151087073723,17.769361366404663,24.171663540552107,Retained,Pass
State/DC,24,Maryland,2020-2024,B10050_006,One or two years,7076,973,37200,1948,19.021505376344088,2.418503292880268,16.60300208346382,21.440008669224355,Retained,Pass
State/DC,09,Connecticut,2020-2024,B10050_006,One or two years,2699,685,15662,1281,17.232792746775637,4.140305950948376,13.09248679582726,21.37309869772401,Retained,Pass
State/DC,33,New Hampshire,2020-2024,B10050_006,One or two years,920,265,5647,677,16.291836373295553,4.266975727667221,12.024860645628332,20.558812100962776,Retained,Pass
State/DC,44,Rhode Island,2020-2024,B10050_006,One or two years,852,311,5226,947,16.303099885189436,5.16593022032448,11.137169664864956,21.469030105513916,Retained,Pass
State/DC,36,New York,2020-2024,B10050_006,One or two years,19122,1318,97966,2848,19.519016801747547,1.2198418817201613,18.299174920027387,20.738858683467708,Retained,Pass
State/DC,49,Utah,2020-2024,B10050_006,One or two years,3773,613,14948,1218,25.24083489430024,3.547856546284516,21.69297834801572,28.788691440584756,Retained,Pass
State/DC,25,Massachusetts,2020-2024,B10050_006,One or two years,4489,700,27413,1923,16.37544230839383,2.2805621124623023,14.094880195931529,18.65600442085613,Retained,Pass
State/DC,34,New Jersey,2020-2024,B10050_006,One or two years,7165,765,40539,2258,17.674338291521742,1.6099366506747494,16.06440164084699,19.284274942196493,Retained,Pass
State/DC,15,Hawaii,2020-2024,B10050_006,One or two years,1660,314,10432,892,15.912576687116564,2.6848874428818665,13.227689244234698,18.597464129998432,Retained,Pass
State/DC,06,California,2020-2024,B10050_006,One or two years,39646,1813,209799,4504,18.89713487671533,0.7630147294388687,18.134120147276462,19.6601496061542,Retained,Pass
United States,1,United States,2020-2024,B10050_006,One or two years,399163,5472,2118863,17781,18.83854689991755,0.20421049064490723,18.63433640927264,19.042757390562457,Retained,Pass
Georgia county,13251,"Screven County, Georgia",2020-2024,B10050_006,One or two years,22,48,242,111,9.090909090909092,19.391455387871208,0,28.482364478780298,Percentage MOE exceeds 50% of estimate,Pass
Georgia county,13303,"Washington County, Georgia",2020-2024,B10050_006,One or two years,117,104,588,215,19.897959183673468,16.121353919540216,3.776605264133252,36.01931310321368,Percentage MOE exceeds 50% of estimate,Pass
Georgia county,13131,"Grady County, Georgia",2020-2024,B10050_006,One or two years,102,64,496,196,20.56451612903226,10.022797647551103,10.541718481481157,30.587313776583365,Retained,Pass
Georgia county,13033,"Burke County, Georgia",2020-2024,B10050_006,One or two years,130,94,500,219,26,14.95839082254505,11.04160917745495,40.95839082254505,Percentage MOE exceeds 50% of estimate,Pass
Georgia county,13191,"McIntosh County, Georgia",2020-2024,B10050_006,One or two years,10,22,312,151,3.205128205128205,6.878543271265694,0,10.0836714763939,Percentage MOE exceeds 50% of estimate,Pass
Georgia county,13145,"Harris County, Georgia",2020-2024,B10050_006,One or two years,110,89,480,214,22.916666666666664,15.472751208884262,7.443915457782403,38.389417875550926,Percentage MOE exceeds 50% of estimate,Pass
Georgia county,13263,"Talbot County, Georgia",2020-2024,B10050_006,One or two years,58,20,160,77,36.25,21.46133565793742,14.788664342062582,57.71133565793742,Percentage MOE exceeds 50% of estimate,Pass
Georgia county,13177,"Lee County, Georgia",2020-2024,B10050_006,One or two years,270,212,616,308,43.83116883116883,26.535629074691453,17.29553975647738,70.36679790586028,Percentage MOE exceeds 50% of estimate,Pass
Georgia county,13267,"Tattnall County, Georgia",2020-2024,B10050_006,One or two years,48,59,352,176,13.636363636363637,15.311946566149848,0,28.948310202513483,Percentage MOE exceeds 50% of estimate,Pass
Georgia county,13195,"Madison County, Georgia",2020-2024,B10050_006,One or two years,248,177,482,231,51.45228215767634,27.21130001632823,24.240982141348113,78.66358217400457,Percentage MOE exceeds 50% of estimate,Pass
Georgia county,13209,"Montgomery County, Georgia",2020-2024,B10050_006,One or two years,166,77,195,80,85.12820512820512,18.42618240268953,66.70202272551559,100,Retained,Pass
Georgia county,13103,"Effingham County, Georgia",2020-2024,B10050_006,One or two years,165,141,772,368,21.373056994818658,15.158611569624556,6.214445425194098,36.53166856444321,Percentage MOE exceeds 50% of estimate,Pass
Georgia county,13031,"Bulloch County, Georgia",2020-2024,B10050_006,One or two years,165,129,1046,351,15.77437858508604,11.138950251333728,4.635428333752312,26.91332883641977,Percentage MOE exceeds 50% of estimate,Pass
Georgia county,13291,"Union County, Georgia",2020-2024,B10050_006,One or two years,14,23,379,187,3.6939313984168862,5.788441639355835,0,9.48237303777272,Percentage MOE exceeds 50% of estimate,Pass
Georgia county,13279,"Toombs County, Georgia",2020-2024,B10050_006,One or two years,43,61,494,235,8.704453441295547,11.633203494514037,0,20.337656935809584,Percentage MOE exceeds 50% of estimate,Pass
Georgia county,13095,"Dougherty County, Georgia",2020-2024,B10050_006,One or two years,221,137,855,221,25.84795321637427,14.564034284753602,11.283918931620669,40.41198750112787,Percentage MOE exceeds 50% of estimate,Pass
Georgia county,13299,"Ware County, Georgia",2020-2024,B10050_006,One or two years,172,125,384,186,44.79166666666667,24.267741867321497,20.523924799345178,69.05940853398816,Percentage MOE exceeds 50% of estimate,Pass
Georgia county,13069,"Coffee County, Georgia",2020-2024,B10050_006,One or two years,119,123,613,278,19.412724306688418,18.03073068751852,1.3819936191698972,37.44345499420694,Percentage MOE exceeds 50% of estimate,Pass
Georgia county,13127,"Glynn County, Georgia",2020-2024,B10050_006,One or two years,170,130,838,259,20.286396181384248,14.189624427234357,6.096771754149891,34.476020608618605,Percentage MOE exceeds 50% of estimate,Pass
Georgia county,13001,"Appling County, Georgia",2020-2024,B10050_006,One or two years,32,46,250,124,12.8,17.26999532599821,0,30.06999532599821,Percentage MOE exceeds 50% of estimate,Pass
Georgia county,13055,"Chattooga County, Georgia",2020-2024,B10050_006,One or two years,209,131,463,175,45.14038876889849,22.57064131621129,22.5697474526872,67.71103008510978,Percentage MOE exceeds 50% of estimate,Pass
Georgia county,13285,"Troup County, Georgia",2020-2024,B10050_006,One or two years,108,116,784,305,13.77551020408163,13.791276202956285,0,27.566786407037913,Percentage MOE exceeds 50% of estimate,Pass
Georgia county,13199,"Meriwether County, Georgia",2020-2024,B10050_006,One or two years,156,103,393,187,39.69465648854962,18.16988896551249,21.524767523037127,57.86454545406211,Retained,Pass
Georgia county,13295,"Walker County, Georgia",2020-2024,B10050_006,One or two years,174,116,1090,346,15.96330275229358,9.358388482302743,6.604914269990836,25.32169123459632,Percentage MOE exceeds 50% of estimate,Pass
Georgia county,13017,"Ben Hill County, Georgia",2020-2024,B10050_006,One or two years,13,19,184,92,7.065217391304348,9.70302775617235,0,16.768245147476698,Percentage MOE exceeds 50% of estimate,Pass
Georgia county,13213,"Murray County, Georgia",2020-2024,B10050_006,One or two years,95,85,642,272,14.797507788161992,11.661456266864334,3.1360515212976576,26.45896405502633,Percentage MOE exceeds 50% of estimate,Pass
Georgia county,13179,"Liberty County, Georgia",2020-2024,B10050_006,One or two years,51,46,679,222,7.511045655375552,6.31390863756555,1.197137017810002,13.824954292941102,Percentage MOE exceeds 50% of estimate,Pass
Georgia county,13047,"Catoosa County, Georgia",2020-2024,B10050_006,One or two years,259,295,798,370,32.45614035087719,33.76581232547592,0,66.22195267635311,Percentage MOE exceeds 50% of estimate,Pass
Georgia county,13215,"Muscogee County, Georgia",2020-2024,B10050_006,One or two years,504,232,2052,420,24.561403508771928,10.126894292485709,14.43450921628622,34.68829780125763,Retained,Pass
Georgia county,13077,"Coweta County, Georgia",2020-2024,B10050_006,One or two years,74,87,1744,527,4.2431192660550465,4.820940179927686,0,9.064059445982732,Percentage MOE exceeds 50% of estimate,Pass
Georgia county,13233,"Polk County, Georgia",2020-2024,B10050_006,One or two years,181,144,648,245,27.9320987654321,19.55243664310497,8.379662122327133,47.48453540853707,Percentage MOE exceeds 50% of estimate,Pass
Georgia county,13137,"Habersham County, Georgia",2020-2024,B10050_006,One or two years,75,51,525,200,14.285714285714285,8.046742064106924,6.23897222160736,22.332456349821207,Percentage MOE exceeds 50% of estimate,Pass
Georgia county,13051,"Chatham County, Georgia",2020-2024,B10050_006,One or two years,374,203,2176,440,17.1875,8.657514911191122,8.529985088808878,25.84501491119112,Percentage MOE exceeds 50% of estimate,Pass
Georgia county,13255,"Spalding County, Georgia",2020-2024,B10050_006,One or two years,208,129,957,279,21.73458725182863,11.89748268678637,9.837104565042258,33.632069938615,Percentage MOE exceeds 50% of estimate,Pass
Georgia county,13261,"Sumter County, Georgia",2020-2024,B10050_006,One or two years,150,130,272,133,55.14705882352941,39.46075047529456,15.686308348234853,94.60780929882398,Percentage MOE exceeds 50% of estimate,Pass
Georgia county,13313,"Whitfield County, Georgia",2020-2024,B10050_006,One or two years,185,92,906,287,20.41942604856512,7.827778588948102,12.591647459617018,28.247204637513224,Retained,Pass
Georgia county,13129,"Gordon County, Georgia",2020-2024,B10050_006,One or two years,170,128,520,192,32.69230769230769,21.45245850505735,11.23984918725034,54.14476619736504,Percentage MOE exceeds 50% of estimate,Pass
Georgia county,13021,"Bibb County, Georgia",2020-2024,B10050_006,One or two years,235,139,1048,315,22.423664122137403,11.423219006262116,11.000445115875287,33.84688312839952,Percentage MOE exceeds 50% of estimate,Pass
Georgia county,13277,"Tift County, Georgia",2020-2024,B10050_006,One or two years,80,73,296,147,27.027027027027028,20.68977111716971,6.337255909857319,47.71679814419674,Percentage MOE exceeds 50% of estimate,Pass
Georgia county,13071,"Colquitt County, Georgia",2020-2024,B10050_006,One or two years,101,88,469,159,21.535181236673772,17.284679656324993,4.250501580348779,38.81986089299876,Percentage MOE exceeds 50% of estimate,Pass
Georgia county,13245,"Richmond County, Georgia",2020-2024,B10050_006,One or two years,289,171,2037,515,14.187530682376044,7.589788037835859,6.597742644540183,21.777318720211905,Percentage MOE exceeds 50% of estimate,Pass
Georgia county,13029,"Bryan County, Georgia",2020-2024,B10050_006,One or two years,54,39,318,144,16.9811320754717,9.554052712810078,7.427079362661621,26.535184788281775,Percentage MOE exceeds 50% of estimate,Pass
Georgia county,13035,"Butts County, Georgia",2020-2024,B10050_006,One or two years,108,90,254,126,42.51968503937008,28.47123800754601,14.048447031824075,70.9909230469161,Percentage MOE exceeds 50% of estimate,Pass
Georgia county,13187,"Lumpkin County, Georgia",2020-2024,B10050_006,One or two years,40,46,293,122,13.651877133105804,14.634441820442731,0,28.286318953548538,Percentage MOE exceeds 50% of estimate,Pass
Georgia county,13257,"Stephens County, Georgia",2020-2024,B10050_006,One or two years,15,21,272,127,5.514705882352941,7.278562375201095,0,12.793268257554036,Percentage MOE exceeds 50% of estimate,Pass
Georgia county,13063,"Clayton County, Georgia",2020-2024,B10050_006,One or two years,836,380,3318,626,25.19590114526823,10.4195334507716,14.776367694496637,35.61543459603983,Retained,Pass
Georgia county,13115,"Floyd County, Georgia",2020-2024,B10050_006,One or two years,396,229,973,328,40.69886947584789,19.122988308715662,21.57588116713223,59.821857784563555,Retained,Pass
Georgia county,13297,"Walton County, Georgia",2020-2024,B10050_006,One or two years,206,212,1033,328,19.94191674733785,19.521503613705356,0.42041313363249344,39.463420361043205,Percentage MOE exceeds 50% of estimate,Pass
Georgia county,13149,"Heard County, Georgia",2020-2024,B10050_006,One or two years,40,27,230,115,17.391304347826086,7.8862422379204595,9.5050621099056265,25.277546585746546,Retained,Pass
Georgia county,13107,"Emanuel County, Georgia",2020-2024,B10050_006,One or two years,85,41,193,91,44.04145077720207,4.480482669995048,39.560968107207025,48.52193344719712,Retained,Pass
Georgia county,13275,"Thomas County, Georgia",2020-2024,B10050_006,One or two years,69,62,467,152,14.775160599571734,12.374627048449629,2.4005335511221055,27.149787648021363,Percentage MOE exceeds 50% of estimate,Pass
Georgia county,13175,"Laurens County, Georgia",2020-2024,B10050_006,One or two years,14,17,364,165,3.8461538461538463,4.332708772372533,0,8.178862618526379,Percentage MOE exceeds 50% of estimate,Pass
Georgia county,13185,"Lowndes County, Georgia",2020-2024,B10050_006,One or two years,269,138,664,210,40.51204819277108,16.363901707931632,24.14814648483945,56.875949900702715,Retained,Pass
Georgia county,13207,"Monroe County, Georgia",2020-2024,B10050_006,One or two years,119,69,293,120,40.61433447098976,16.67012852094403,23.94420595004573,57.28446299193379,Retained,Pass
Georgia county,13153,"Houston County, Georgia",2020-2024,B10050_006,One or two years,329,197,1344,372,24.479166666666664,12.997773179867792,11.481393486798872,37.47693984653446,Percentage MOE exceeds 50% of estimate,Pass
Georgia county,13157,"Jackson County, Georgia",2020-2024,B10050_006,One or two years,37,33,741,236,4.993252361673414,4.159820385513103,0.8334319761603108,9.153072747186515,Percentage MOE exceeds 50% of estimate,Pass
Georgia county,13089,"DeKalb County, Georgia",2020-2024,B10050_006,One or two years,935,389,5526,731,16.920014477017734,6.6741383700544405,10.245876106963294,23.594152847072177,Retained,Pass
Georgia county,13015,"Bartow County, Georgia",2020-2024,B10050_006,One or two years,355,208,1447,485,24.53351762266759,11.79023431901618,12.743283303651408,36.32375194168377,Retained,Pass
Georgia county,13121,"Fulton County, Georgia",2020-2024,B10050_006,One or two years,879,394,5388,924,16.31403118040089,6.75618577974454,9.557845400656348,23.07021696014543,Retained,Pass
Georgia county,13247,"Rockdale County, Georgia",2020-2024,B10050_006,One or two years,106,62,926,335,11.447084233261338,5.26113187986083,6.185952353400507,16.70821611312217,Retained,Pass
Georgia county,13045,"Carroll County, Georgia",2020-2024,B10050_006,One or two years,152,106,1097,294,13.855970829535098,8.92067116357986,4.935299665955238,22.776641993114957,Percentage MOE exceeds 50% of estimate,Pass
Georgia county,13217,"Newton County, Georgia",2020-2024,B10050_006,One or two years,20,32,923,326,2.1668472372697725,3.381429170998996,0,5.5482764082687686,Percentage MOE exceeds 50% of estimate,Pass
Georgia county,13223,"Paulding County, Georgia",2020-2024,B10050_006,One or two years,514,334,1575,513,32.63492063492063,18.34992037689679,14.285000258023842,50.98484101181742,Percentage MOE exceeds 50% of estimate,Pass
Georgia county,13151,"Henry County, Georgia",2020-2024,B10050_006,One or two years,349,188,2267,659,15.394794883105426,6.981774313459859,8.413020569645568,22.376569196565285,Retained,Pass
Georgia county,13139,"Hall County, Georgia",2020-2024,B10050_006,One or two years,391,204,1680,422,23.27380952380953,10.642903789160522,12.630905734649003,33.916713312970046,Retained,Pass
Georgia county,13097,"Douglas County, Georgia",2020-2024,B10050_006,One or two years,302,244,1495,395,20.20066889632107,15.42370115109972,4.77696774522135,35.62437004742079,Percentage MOE exceeds 50% of estimate,Pass
Georgia county,13067,"Cobb County, Georgia",2020-2024,B10050_006,One or two years,726,255,3775,755,19.2317880794702,5.552937127390961,13.678850952079236,24.78472520686116,Retained,Pass
Georgia county,13135,"Gwinnett County, Georgia",2020-2024,B10050_006,One or two years,1299,395,6214,1006,20.904409398133247,5.380825110795465,15.523584287337782,26.28523450892871,Retained,Pass
Georgia county,13073,"Columbia County, Georgia",2020-2024,B10050_006,One or two years,93,95,962,348,9.667359667359667,9.23530313893606,0.4320565284236082,18.902662806295726,Percentage MOE exceeds 50% of estimate,Pass
Georgia county,13057,"Cherokee County, Georgia",2020-2024,B10050_006,One or two years,112,70,995,301,11.256281407035177,6.156179051554828,5.100102355480349,17.412460458590004,Percentage MOE exceeds 50% of estimate,Pass
Georgia county,13113,"Fayette County, Georgia",2020-2024,B10050_006,One or two years,73,73,553,226,13.200723327305605,12.048006763969289,1.152716563336318,25.248730091274897,Percentage MOE exceeds 50% of estimate,Pass
Georgia county,13117,"Forsyth County, Georgia",2020-2024,B10050_006,One or two years,229,106,983,260,23.296032553407937,8.849471596901,14.446560956506938,32.14550415030894,Retained,Pass
Georgia county,13013,"Barrow County, Georgia",2020-2024,B10050_006,One or two years,130,73,385,144,33.76623376623377,14.14277305674566,19.623460709488107,47.90900682297943,Retained,Pass
Georgia county,13003,"Atkinson County, Georgia",2020-2024,B10050_006,One or two years,27,28,94,64,28.723404255319153,22.468379603336388,6.255024651982765,51.19178385865554,Percentage MOE exceeds 50% of estimate,Pass
Georgia county,13005,"Bacon County, Georgia",2020-2024,B10050_006,One or two years,0,23,35,29,0,65.71428571428571,0,65.71428571428571,Unavailable MOE or zero percentage,Pass
Georgia county,13007,"Baker County, Georgia",2020-2024,B10050_006,One or two years,10,15,27,27,37.03703703703704,41.40866624999611,0,78.44570328703315,Percentage MOE exceeds 50% of estimate,Pass
Georgia county,13009,"Baldwin County, Georgia",2020-2024,B10050_006,One or two years,124,106,298,161,41.61073825503356,27.565636939383147,14.045101315650411,69.1763751944167,Percentage MOE exceeds 50% of estimate,Pass
Georgia county,13011,"Banks County, Georgia",2020-2024,B10050_006,One or two years,77,65,233,127,33.047210300429185,21.302097268574265,11.74511303185492,54.34930756900345,Percentage MOE exceeds 50% of estimate,Pass
Georgia county,13019,"Berrien County, Georgia",2020-2024,B10050_006,One or two years,68,71,300,168,22.666666666666664,19.97474405342907,2.691922613237594,42.641410720095735,Percentage MOE exceeds 50% of estimate,Pass
Georgia county,13023,"Bleckley County, Georgia",2020-2024,B10050_006,One or two years,18,26,205,145,8.780487804878048,11.058264693661068,0,19.838752498539115,Percentage MOE exceeds 50% of estimate,Pass
Georgia county,13025,"Brantley County, Georgia",2020-2024,B10050_006,One or two years,200,205,491,255,40.73319755600815,35.99538935142425,4.737808204583899,76.7285869074324,Percentage MOE exceeds 50% of estimate,Pass
Georgia county,13027,"Brooks County, Georgia",2020-2024,B10050_006,One or two years,79,82,227,124,34.801762114537446,30.71630347373764,4.085458640799807,65.51806558827508,Percentage MOE exceeds 50% of estimate,Pass
Georgia county,13037,"Calhoun County, Georgia",2020-2024,B10050_006,One or two years,0,20,8,12,0,250,0,100,Unavailable MOE or zero percentage,Pass
Georgia county,13039,"Camden County, Georgia",2020-2024,B10050_006,One or two years,71,51,312,170,22.756410256410255,10.651453318538792,12.104956937871464,33.40786357494905,Caregiver count MOE exceeds 50% of estimate,Pass
Georgia county,13043,"Candler County, Georgia",2020-2024,B10050_006,One or two years,20,30,117,71,17.094017094017094,23.449029834899356,0,40.54304692891645,Percentage MOE exceeds 50% of estimate,Pass
Georgia county,13049,"Charlton County, Georgia",2020-2024,B10050_006,One or two years,0,23,137,87,0,16.78832116788321,0,16.78832116788321,Unavailable MOE or zero percentage,Pass
Georgia county,13053,"Chattahoochee County, Georgia",2020-2024,B10050_006,One or two years,0,20,87,45,0,22.988505747126435,0,22.988505747126435,Unavailable MOE or zero percentage,Pass
Georgia county,13059,"Clarke County, Georgia",2020-2024,B10050_006,One or two years,48,40,269,136,17.843866171003718,11.82063062172817,6.023235549275547,29.66449679273189,Percentage MOE exceeds 50% of estimate,Pass
Georgia county,13061,"Clay County, Georgia",2020-2024,B10050_006,One or two years,2,5,36,29,5.555555555555555,13.148111922514287,0,18.70366747806985,Percentage MOE exceeds 50% of estimate,Pass
Georgia county,13065,"Clinch County, Georgia",2020-2024,B10050_006,One or two years,0,20,46,52,0,43.47826086956522,0,43.47826086956522,Unavailable MOE or zero percentage,Pass
Georgia county,13075,"Cook County, Georgia",2020-2024,B10050_006,One or two years,68,91,191,127,35.602094240837694,41.34678834196704,0,76.94888258280474,Percentage MOE exceeds 50% of estimate,Pass
Georgia county,13079,"Crawford County, Georgia",2020-2024,B10050_006,One or two years,0,23,115,109,0,20,0,20,Unavailable MOE or zero percentage,Pass
Georgia county,13081,"Crisp County, Georgia",2020-2024,B10050_006,One or two years,78,107,252,200,30.952380952380953,34.6326519394554,0,65.58503289183635,Percentage MOE exceeds 50% of estimate,Pass
Georgia county,13083,"Dade County, Georgia",2020-2024,B10050_006,One or two years,133,163,242,186,54.958677685950406,52.463766719329705,2.4949109666207008,100,Percentage MOE exceeds 50% of estimate,Pass
Georgia county,13085,"Dawson County, Georgia",2020-2024,B10050_006,One or two years,0,30,175,134,0,17.142857142857142,0,17.142857142857142,Unavailable MOE or zero percentage,Pass
Georgia county,13087,"Decatur County, Georgia",2020-2024,B10050_006,One or two years,75,67,259,157,28.95752895752895,19.001813873011617,9.955715084517337,47.95934283054057,Percentage MOE exceeds 50% of estimate,Pass
Georgia county,13091,"Dodge County, Georgia",2020-2024,B10050_006,One or two years,23,24,179,94,12.849162011173185,11.58617718862624,1.2629848225469456,24.435339199799422,Percentage MOE exceeds 50% of estimate,Pass
Georgia county,13093,"Dooly County, Georgia",2020-2024,B10050_006,One or two years,24,36,57,56,42.10526315789473,47.72552981103524,0,89.83079296892997,Percentage MOE exceeds 50% of estimate,Pass
Georgia county,13099,"Early County, Georgia",2020-2024,B10050_006,One or two years,0,23,111,73,0,20.72072072072072,0,20.72072072072072,Unavailable MOE or zero percentage,Pass
Georgia county,13101,"Echols County, Georgia",2020-2024,B10050_006,One or two years,120,140,162,148,74.07407407407408,53.74747863728309,20.32659543679099,100,Percentage MOE exceeds 50% of estimate,Pass
Georgia county,13105,"Elbert County, Georgia",2020-2024,B10050_006,One or two years,0,23,162,119,0,14.19753086419753,0,14.19753086419753,Unavailable MOE or zero percentage,Pass
Georgia county,13109,"Evans County, Georgia",2020-2024,B10050_006,One or two years,6,10,22,23,27.27272727272727,35.39998498913613,0,62.67271226186339,Percentage MOE exceeds 50% of estimate,Pass
Georgia county,13111,"Fannin County, Georgia",2020-2024,B10050_006,One or two years,69,58,220,148,31.363636363636367,15.807156533168571,15.556479830467794,47.17079289680494,Percentage MOE exceeds 50% of estimate,Pass
Georgia county,13119,"Franklin County, Georgia",2020-2024,B10050_006,One or two years,9,13,301,198,2.990033222591362,3.845081928297555,0,6.835115150888917,Percentage MOE exceeds 50% of estimate,Pass
Georgia county,13123,"Gilmer County, Georgia",2020-2024,B10050_006,One or two years,81,81,351,208,23.076923076923077,18.58851553071073,4.4884075462123505,41.6654386076338,Percentage MOE exceeds 50% of estimate,Pass
Georgia county,13125,"Glascock County, Georgia",2020-2024,B10050_006,One or two years,0,14,69,49,0,20.28985507246377,0,20.28985507246377,Unavailable MOE or zero percentage,Pass
Georgia county,13133,"Greene County, Georgia",2020-2024,B10050_006,One or two years,15,15,171,119,8.771929824561402,6.2994075851067,2.472522239454702,15.071337409668104,Percentage MOE exceeds 50% of estimate,Pass
Georgia county,13141,"Hancock County, Georgia",2020-2024,B10050_006,One or two years,0,20,140,108,0,14.285714285714285,0,14.285714285714285,Unavailable MOE or zero percentage,Pass
Georgia county,13143,"Haralson County, Georgia",2020-2024,B10050_006,One or two years,108,95,288,160,37.5,25.574513650444853,11.925486349555149,63.07451365044486,Percentage MOE exceeds 50% of estimate,Pass
Georgia county,13147,"Hart County, Georgia",2020-2024,B10050_006,One or two years,28,33,165,112,16.969696969696972,16.349822005459057,0.6198749642379155,33.31951897515603,Percentage MOE exceeds 50% of estimate,Pass
Georgia county,13155,"Irwin County, Georgia",2020-2024,B10050_006,One or two years,0,20,93,89,0,21.50537634408602,0,21.50537634408602,Unavailable MOE or zero percentage,Pass
Georgia county,13159,"Jasper County, Georgia",2020-2024,B10050_006,One or two years,55,40,113,76,48.67256637168141,13.469212287567514,35.2033540841139,62.14177865924893,Caregiver count MOE exceeds 50% of estimate,Pass
Georgia county,13161,"Jeff Davis County, Georgia",2020-2024,B10050_006,One or two years,0,23,144,120,0,15.97222222222222,0,15.97222222222222,Unavailable MOE or zero percentage,Pass
Georgia county,13163,"Jefferson County, Georgia",2020-2024,B10050_006,One or two years,23,32,306,169,7.516339869281046,9.59829895843507,0,17.114638827716114,Percentage MOE exceeds 50% of estimate,Pass
Georgia county,13165,"Jenkins County, Georgia",2020-2024,B10050_006,One or two years,24,38,102,81,23.52941176470588,32.23032685708349,0,55.75973862178937,Percentage MOE exceeds 50% of estimate,Pass
Georgia county,13167,"Johnson County, Georgia",2020-2024,B10050_006,One or two years,15,20,65,42,23.076923076923077,26.91468755434928,0,49.99161063127236,Percentage MOE exceeds 50% of estimate,Pass
Georgia county,13169,"Jones County, Georgia",2020-2024,B10050_006,One or two years,87,86,281,154,30.96085409252669,25.470695244562116,5.490158847964576,56.43154933708881,Percentage MOE exceeds 50% of estimate,Pass
Georgia county,13171,"Lamar County, Georgia",2020-2024,B10050_006,One or two years,81,71,135,95,60,31.357052575580337,28.642947424419663,91.35705257558034,Percentage MOE exceeds 50% of estimate,Pass
Georgia county,13173,"Lanier County, Georgia",2020-2024,B10050_006,One or two years,121,131,223,158,54.26008968609865,44.41772654612925,9.8423631399694,98.67781623222793,Percentage MOE exceeds 50% of estimate,Pass
Georgia county,13181,"Lincoln County, Georgia",2020-2024,B10050_006,One or two years,24,38,109,86,22.018348623853218,30.225650852895008,0,52.24399947674822,Percentage MOE exceeds 50% of estimate,Pass
Georgia county,13183,"Long County, Georgia",2020-2024,B10050_006,One or two years,6,12,330,230,1.818181818181818,3.4084160502967595,0,5.226597868478578,Percentage MOE exceeds 50% of estimate,Pass
Georgia county,13189,"McDuffie County, Georgia",2020-2024,B10050_006,One or two years,0,27,232,177,0,11.637931034482758,0,11.637931034482758,Unavailable MOE or zero percentage,Pass
Georgia county,13193,"Macon County, Georgia",2020-2024,B10050_006,One or two years,52,67,242,122,21.487603305785125,25.478751352223806,0,46.96635465800893,Percentage MOE exceeds 50% of estimate,Pass
Georgia county,13197,"Marion County, Georgia",2020-2024,B10050_006,One or two years,0,20,85,85,0,23.52941176470588,0,23.52941176470588,Unavailable MOE or zero percentage,Pass
Georgia county,13201,"Miller County, Georgia",2020-2024,B10050_006,One or two years,0,20,32,29,0,62.5,0,62.5,Unavailable MOE or zero percentage,Pass
Georgia county,13205,"Mitchell County, Georgia",2020-2024,B10050_006,One or two years,132,123,229,135,57.64192139737992,41.59621356694137,16.045707830438545,99.23813496432128,Percentage MOE exceeds 50% of estimate,Pass
Georgia county,13211,"Morgan County, Georgia",2020-2024,B10050_006,One or two years,39,28,195,106,20,9.379990453475836,10.620009546524164,29.37999045347583,Caregiver count MOE exceeds 50% of estimate,Pass
Georgia county,13219,"Oconee County, Georgia",2020-2024,B10050_006,One or two years,40,54,127,90,31.496062992125985,36.190319466836065,0,67.68638245896204,Percentage MOE exceeds 50% of estimate,Pass
Georgia county,13221,"Oglethorpe County, Georgia",2020-2024,B10050_006,One or two years,55,57,68,58,80.88235294117648,47.61360327314137,33.268749668035106,100,Percentage MOE exceeds 50% of estimate,Pass
Georgia county,13225,"Peach County, Georgia",2020-2024,B10050_006,One or two years,98,110,473,243,20.718816067653275,20.676929959274435,0.04188610837883999,41.39574602692771,Percentage MOE exceeds 50% of estimate,Pass
Georgia county,13227,"Pickens County, Georgia",2020-2024,B10050_006,One or two years,28,31,313,174,8.945686900958465,8.565133281158317,0.380553619800148,17.51082018211678,Percentage MOE exceeds 50% of estimate,Pass
Georgia county,13229,"Pierce County, Georgia",2020-2024,B10050_006,One or two years,10,16,136,88,7.352941176470589,10.759729640983329,0,18.112670817453917,Percentage MOE exceeds 50% of estimate,Pass
Georgia county,13231,"Pike County, Georgia",2020-2024,B10050_006,One or two years,104,71,226,115,46.017699115044245,20.943913960604092,25.073785154440152,66.96161307564833,Caregiver count MOE exceeds 50% of estimate,Pass
Georgia county,13235,"Pulaski County, Georgia",2020-2024,B10050_006,One or two years,69,102,87,102,79.3103448275862,71.41019487637259,7.900149951213621,100,Percentage MOE exceeds 50% of estimate,Pass
Georgia county,13237,"Putnam County, Georgia",2020-2024,B10050_006,One or two years,110,98,228,116,48.24561403508772,35.28434107082784,12.961272964259877,83.52995510591556,Percentage MOE exceeds 50% of estimate,Pass
Georgia county,13239,"Quitman County, Georgia",2020-2024,B10050_006,One or two years,0,14,42,34,0,33.33333333333333,0,33.33333333333333,Unavailable MOE or zero percentage,Pass
Georgia county,13241,"Rabun County, Georgia",2020-2024,B10050_006,One or two years,24,25,112,57,21.428571428571427,19.475979950526735,1.952591478044692,40.904551379098166,Percentage MOE exceeds 50% of estimate,Pass
Georgia county,13243,"Randolph County, Georgia",2020-2024,B10050_006,One or two years,38,59,110,79,34.54545454545455,47.55341738457761,0,82.09887193003215,Percentage MOE exceeds 50% of estimate,Pass
Georgia county,13249,"Schley County, Georgia",2020-2024,B10050_006,One or two years,11,19,105,91,10.476190476190476,15.652564373896116,0,26.12875485008659,Percentage MOE exceeds 50% of estimate,Pass
Georgia county,13253,"Seminole County, Georgia",2020-2024,B10050_006,One or two years,65,71,259,162,25.096525096525095,22.473760682402062,2.6227644141230293,47.57028577892716,Percentage MOE exceeds 50% of estimate,Pass
Georgia county,13259,"Stewart County, Georgia",2020-2024,B10050_006,One or two years,10,13,13,14,76.92307692307693,56.01334828184078,20.909728641236157,100,Percentage MOE exceeds 50% of estimate,Pass
Georgia county,13265,"Taliaferro County, Georgia",2020-2024,B10050_006,One or two years,0,14,7,10,0,200,0,100,Unavailable MOE or zero percentage,Pass
Georgia county,13269,"Taylor County, Georgia",2020-2024,B10050_006,One or two years,0,20,56,46,0,35.714285714285715,0,35.714285714285715,Unavailable MOE or zero percentage,Pass
Georgia county,13271,"Telfair County, Georgia",2020-2024,B10050_006,One or two years,8,14,91,69,8.791208791208792,13.8655212493672,0,22.656730040575994,Percentage MOE exceeds 50% of estimate,Pass
Georgia county,13273,"Terrell County, Georgia",2020-2024,B10050_006,One or two years,0,20,53,45,0,37.735849056603776,0,37.735849056603776,Unavailable MOE or zero percentage,Pass
Georgia county,13281,"Towns County, Georgia",2020-2024,B10050_006,One or two years,56,82,264,134,21.21212121212121,29.13482727567412,0,50.34694848779533,Percentage MOE exceeds 50% of estimate,Pass
Georgia county,13283,"Treutlen County, Georgia",2020-2024,B10050_006,One or two years,0,20,94,65,0,21.27659574468085,0,21.27659574468085,Unavailable MOE or zero percentage,Pass
Georgia county,13287,"Turner County, Georgia",2020-2024,B10050_006,One or two years,8,14,74,52,10.81081081081081,17.326694315655665,0,28.137505126466476,Percentage MOE exceeds 50% of estimate,Pass
Georgia county,13289,"Twiggs County, Georgia",2020-2024,B10050_006,One or two years,18,22,73,40,24.65753424657534,26.938660429707873,0,51.59619467628322,Percentage MOE exceeds 50% of estimate,Pass
Georgia county,13293,"Upson County, Georgia",2020-2024,B10050_006,One or two years,0,27,182,127,0,14.835164835164836,0,14.835164835164836,Unavailable MOE or zero percentage,Pass
Georgia county,13301,"Warren County, Georgia",2020-2024,B10050_006,One or two years,0,20,127,98,0,15.748031496062993,0,15.748031496062993,Unavailable MOE or zero percentage,Pass
Georgia county,13305,"Wayne County, Georgia",2020-2024,B10050_006,One or two years,150,125,278,165,53.956834532374096,31.56231798988269,22.39451654249141,85.51915252225677,Percentage MOE exceeds 50% of estimate,Pass
Georgia county,13307,"Webster County, Georgia",2020-2024,B10050_006,One or two years,0,14,6,9,0,233.33333333333337,0,100,Unavailable MOE or zero percentage,Pass
Georgia county,13309,"Wheeler County, Georgia",2020-2024,B10050_006,One or two years,52,58,89,71,58.42696629213483,45.54580819679533,12.8811580953395,100,Percentage MOE exceeds 50% of estimate,Pass
Georgia county,13311,"White County, Georgia",2020-2024,B10050_006,One or two years,0,27,314,253,0,8.598726114649681,0,8.598726114649681,Unavailable MOE or zero percentage,Pass
Georgia county,13315,"Wilcox County, Georgia",2020-2024,B10050_006,One or two years,31,24,94,52,32.97872340425532,17.86201538856901,15.11670801568631,50.840738792824325,Percentage MOE exceeds 50% of estimate,Pass
Georgia county,13317,"Wilkes County, Georgia",2020-2024,B10050_006,One or two years,60,69,148,102,40.54054054054054,37.32192771124022,3.2186128293003193,77.86246825178077,Percentage MOE exceeds 50% of estimate,Pass
Georgia county,13319,"Wilkinson County, Georgia",2020-2024,B10050_006,One or two years,39,41,125,66,31.2,28.36301294009506,2.8369870599049385,59.563012940095064,Percentage MOE exceeds 50% of estimate,Pass
Georgia county,13321,"Worth County, Georgia",2020-2024,B10050_006,One or two years,53,61,351,199,15.0997150997151,15.124131394503742,0,30.22384649421884,Percentage MOE exceeds 50% of estimate,Pass
Georgia place,1311560,"Brunswick city, Georgia",2020-2024,B10050_006,One or two years,112,135,460,218,24.347826086956523,26.984293393320225,0,51.332119480276745,Percentage MOE exceeds 50% of estimate,Pass
Georgia place,1319112,"Commerce city, Georgia",2020-2024,B10050_006,One or two years,13,20,250,116,5.2,7.627476395243711,0,12.82747639524371,Percentage MOE exceeds 50% of estimate,Pass
Georgia place,1344340,"LaGrange city, Georgia",2020-2024,B10050_006,One or two years,66,93,558,238,11.827956989247312,15.884796808951442,0,27.71275379819875,Percentage MOE exceeds 50% of estimate,Pass
Georgia place,1338964,"Hinesville city, Georgia",2020-2024,B10050_006,One or two years,34,42,407,180,8.353808353808354,9.635375618260902,0,17.989183972069256,Percentage MOE exceeds 50% of estimate,Pass
Georgia place,1301052,"Albany city, Georgia",2020-2024,B10050_006,One or two years,221,137,782,218,28.26086956521739,15.647789857523536,12.613079707693856,43.908659422740925,Percentage MOE exceeds 50% of estimate,Pass
Georgia place,1319000,"Columbus city, Georgia",2020-2024,B10050_006,One or two years,504,232,2052,420,24.561403508771928,10.126894292485709,14.43450921628622,34.68829780125763,Retained,Pass
Georgia place,1304000,"Atlanta city, Georgia",2020-2024,B10050_006,One or two years,208,85,2563,482,8.115489660554038,2.9443805855505003,5.171109075003538,11.059870246104538,Retained,Pass
Georgia place,1369000,"Savannah city, Georgia",2020-2024,B10050_006,One or two years,142,92,1238,274,11.470113085621971,6.984285075317915,4.485828010304056,18.45439816093989,Percentage MOE exceeds 50% of estimate,Pass
Georgia place,1373704,"Stockbridge city, Georgia",2020-2024,B10050_006,One or two years,22,38,284,128,7.746478873239436,12.916743719890947,0,20.663222593130385,Percentage MOE exceeds 50% of estimate,Pass
Georgia place,1349008,"Macon-Bibb County, Georgia",2020-2024,B10050_006,One or two years,235,139,1048,315,22.423664122137403,11.423219006262116,11.000445115875287,33.84688312839952,Percentage MOE exceeds 50% of estimate,Pass
Georgia place,1373784,"Stonecrest city, Georgia",2020-2024,B10050_006,One or two years,259,242,853,333,30.363423212192263,25.77552740069713,4.587895811495134,56.13895061288939,Percentage MOE exceeds 50% of estimate,Pass
Georgia place,1304204,"Augusta-Richmond County consolidated government (balance), Georgia",2020-2024,B10050_006,One or two years,281,172,1973,505,14.242270653826662,7.918917762285997,6.323352891540664,22.161188416112655,Percentage MOE exceeds 50% of estimate,Pass
Georgia place,1380508,"Warner Robins city, Georgia",2020-2024,B10050_006,One or two years,148,128,670,255,22.08955223880597,17.155167044544083,4.934385194261889,39.24471928335005,Percentage MOE exceeds 50% of estimate,Pass
Georgia place,1372122,"South Fulton city, Georgia",2020-2024,B10050_006,One or two years,164,128,968,360,16.94214876033058,11.625462354267771,5.316686406062807,28.56761111459835,Percentage MOE exceeds 50% of estimate,Pass
Georgia place,1349756,"Marietta city, Georgia",2020-2024,B10050_006,One or two years,23,39,186,86,12.365591397849462,20.17318182414372,0,32.53877322199318,Percentage MOE exceeds 50% of estimate,Pass
Georgia place,1348288,"Mableton city, Georgia",2020-2024,B10050_006,One or two years,34,47,431,212,7.888631090487238,10.19116602857438,0,18.07979711906162,Percentage MOE exceeds 50% of estimate,Pass
Georgia place,1300184,"Abbeville city, Georgia",2020-2024,B10050_006,One or two years,5,7,9,10,55.55555555555556,47.31794542404148,8.237610131514074,100,Percentage MOE exceeds 50% of estimate,Pass
Georgia place,1300408,"Acworth city, Georgia",2020-2024,B10050_006,One or two years,0,27,329,436,0,8.206686930091186,0,8.206686930091186,Unavailable MOE or zero percentage,Pass
Georgia place,1300436,"Adairsville city, Georgia",2020-2024,B10050_006,One or two years,0,14,14,23,0,100,0,100,Unavailable MOE or zero percentage,Pass
Georgia place,1300576,"Adel city, Georgia",2020-2024,B10050_006,One or two years,68,91,93,99,73.11827956989248,59.29703649378085,13.821243076111635,100,Percentage MOE exceeds 50% of estimate,Pass
Georgia place,1300660,"Adrian city, Georgia",2020-2024,B10050_006,One or two years,0,14,11,14,0,127.27272727272728,0,100,Unavailable MOE or zero percentage,Pass
Georgia place,1300828,"Ailey city, Georgia",2020-2024,B10050_006,One or two years,0,14,0,14,NA,NA,NA,NA,Missing input or nonpositive denominator,Pass
Georgia place,1300996,"Alamo town, Georgia",2020-2024,B10050_006,One or two years,0,14,3,7,0,466.6666666666667,0,100,Unavailable MOE or zero percentage,Pass
Georgia place,1301024,"Alapaha town, Georgia",2020-2024,B10050_006,One or two years,0,14,28,34,0,50,0,50,Unavailable MOE or zero percentage,Pass
Georgia place,1301248,"Aldora town, Georgia",2020-2024,B10050_006,One or two years,0,14,0,14,NA,NA,NA,NA,Missing input or nonpositive denominator,Pass
Georgia place,1301472,"Allenhurst city, Georgia",2020-2024,B10050_006,One or two years,2,3,18,24,11.11111111111111,7.635380788180853,3.475730322930257,18.746491899291964,Percentage MOE exceeds 50% of estimate,Pass
Georgia place,1301500,"Allentown city, Georgia",2020-2024,B10050_006,One or two years,0,14,0,14,NA,NA,NA,NA,Missing input or nonpositive denominator,Pass
Georgia place,1301612,"Alma city, Georgia",2020-2024,B10050_006,One or two years,0,14,18,24,0,77.77777777777779,0,77.77777777777779,Unavailable MOE or zero percentage,Pass
Georgia place,1301696,"Alpharetta city, Georgia",2020-2024,B10050_006,One or two years,0,34,237,165,0,14.345991561181432,0,14.345991561181432,Unavailable MOE or zero percentage,Pass
Georgia place,1301808,"Alston town, Georgia",2020-2024,B10050_006,One or two years,9,15,9,15,100,235.70226039551585,0,100,Percentage MOE exceeds 50% of estimate,Pass
Georgia place,1301948,"Alto town, Georgia",2020-2024,B10050_006,One or two years,0,14,11,16,0,127.27272727272728,0,100,Unavailable MOE or zero percentage,Pass
Georgia place,1302060,"Ambrose city, Georgia",2020-2024,B10050_006,One or two years,0,14,0,14,NA,NA,NA,NA,Missing input or nonpositive denominator,Pass
Georgia place,1302116,"Americus city, Georgia",2020-2024,B10050_006,One or two years,0,23,8,25,0,287.5,0,100,Unavailable MOE or zero percentage,Pass
Georgia place,1302256,"Andersonville city, Georgia",2020-2024,B10050_006,One or two years,0,14,1,4,0,1400,0,100,Unavailable MOE or zero percentage,Pass
Georgia place,1302364,"Antioch CDP, Georgia",2020-2024,B10050_006,One or two years,0,14,0,14,NA,NA,NA,NA,Missing input or nonpositive denominator,Pass
Georgia place,1302536,"Appling CDP, Georgia",2020-2024,B10050_006,One or two years,0,14,0,14,NA,NA,NA,NA,Missing input or nonpositive denominator,Pass
Georgia place,1302564,"Arabi town, Georgia",2020-2024,B10050_006,One or two years,2,4,2,4,100,282.842712474619,0,100,Percentage MOE exceeds 50% of estimate,Pass
Georgia place,1302592,"Aragon city, Georgia",2020-2024,B10050_006,One or two years,21,32,48,53,43.75,45.94398781425097,0,89.69398781425096,Percentage MOE exceeds 50% of estimate,Pass
Georgia place,1302648,"Arcade city, Georgia",2020-2024,B10050_006,One or two years,0,14,34,32,0,41.17647058823529,0,41.17647058823529,Unavailable MOE or zero percentage,Pass
Georgia place,1302844,"Argyle town, Georgia",2020-2024,B10050_006,One or two years,0,14,28,50,0,50,0,50,Unavailable MOE or zero percentage,Pass
Georgia place,1302928,"Arlington city, Georgia",2020-2024,B10050_006,One or two years,0,14,5,9,0,280,0,100,Unavailable MOE or zero percentage,Pass
Georgia place,1303124,"Arnoldsville city, Georgia",2020-2024,B10050_006,One or two years,0,14,0,14,NA,NA,NA,NA,Missing input or nonpositive denominator,Pass
Georgia place,1303236,"Ashburn city, Georgia",2020-2024,B10050_006,One or two years,8,14,25,33,32,36.76659353271663,0,68.76659353271663,Percentage MOE exceeds 50% of estimate,Pass
Georgia place,1303440,"Athens-Clarke County unified government (balance), Georgia",2020-2024,B10050_006,One or two years,48,40,251,134,19.12350597609562,12.236549976276766,6.886955999818852,31.360055952372385,Percentage MOE exceeds 50% of estimate,Pass
Georgia place,1304084,"Attapulgus city, Georgia",2020-2024,B10050_006,One or two years,0,14,13,19,0,107.6923076923077,0,100,Unavailable MOE or zero percentage,Pass
Georgia place,1304140,"Auburn city, Georgia",2020-2024,B10050_006,One or two years,34,32,79,50,43.037974683544306,29.97978231802766,13.058192365516646,73.01775700157197,Percentage MOE exceeds 50% of estimate,Pass
Georgia place,1304252,"Austell city, Georgia",2020-2024,B10050_006,One or two years,25,41,25,41,100,231.93102422918756,0,100,Percentage MOE exceeds 50% of estimate,Pass
Georgia place,1304392,"Avalon town, Georgia",2020-2024,B10050_006,One or two years,0,14,16,22,0,87.5,0,87.5,Unavailable MOE or zero percentage,Pass
Georgia place,1304448,"Avera city, Georgia",2020-2024,B10050_006,One or two years,0,14,4,5,0,350,0,100,Unavailable MOE or zero percentage,Pass
Georgia place,1304644,"Avondale Estates city, Georgia",2020-2024,B10050_006,One or two years,0,14,17,25,0,82.35294117647058,0,82.35294117647058,Unavailable MOE or zero percentage,Pass
Georgia place,1304700,"Axson CDP, Georgia",2020-2024,B10050_006,One or two years,0,14,0,14,NA,NA,NA,NA,Missing input or nonpositive denominator,Pass
Georgia place,1304840,"Baconton city, Georgia",2020-2024,B10050_006,One or two years,0,14,2,4,0,700,0,100,Unavailable MOE or zero percentage,Pass
Georgia place,1304896,"Bainbridge city, Georgia",2020-2024,B10050_006,One or two years,33,56,134,123,24.62686567164179,35.14959126474759,0,59.77645693638938,Percentage MOE exceeds 50% of estimate,Pass
Georgia place,1304980,"Baldwin city, Georgia",2020-2024,B10050_006,One or two years,0,14,0,14,NA,NA,NA,NA,Missing input or nonpositive denominator,Pass
Georgia place,1305036,"Ball Ground city, Georgia",2020-2024,B10050_006,One or two years,0,14,15,19,0,93.33333333333331,0,93.33333333333331,Unavailable MOE or zero percentage,Pass
Georgia place,1305344,"Barnesville city, Georgia",2020-2024,B10050_006,One or two years,27,41,54,59,50,52.729022314458696,0,100,Percentage MOE exceeds 50% of estimate,Pass
Georgia place,1305680,"Bartow town, Georgia",2020-2024,B10050_006,One or two years,3,5,3,5,100,235.70226039551585,0,100,Percentage MOE exceeds 50% of estimate,Pass
Georgia place,1305708,"Barwick city, Georgia",2020-2024,B10050_006,One or two years,0,14,7,9,0,200,0,100,Unavailable MOE or zero percentage,Pass
Georgia place,1306016,"Baxley city, Georgia",2020-2024,B10050_006,One or two years,0,14,20,32,0,70,0,70,Unavailable MOE or zero percentage,Pass
Georgia place,1306688,"Bellville city, Georgia",2020-2024,B10050_006,One or two years,0,14,0,14,NA,NA,NA,NA,Missing input or nonpositive denominator,Pass
Georgia place,1306884,"Belvedere Park CDP, Georgia",2020-2024,B10050_006,One or two years,16,27,59,50,27.11864406779661,39.5734505575282,0,66.69209462532481,Percentage MOE exceeds 50% of estimate,Pass
Georgia place,1306968,"Bemiss CDP, Georgia",2020-2024,B10050_006,One or two years,44,63,44,63,100,202.4896691579659,0,100,Percentage MOE exceeds 50% of estimate,Pass
Georgia place,1307248,"Berkeley Lake city, Georgia",2020-2024,B10050_006,One or two years,0,14,14,19,0,100,0,100,Unavailable MOE or zero percentage,Pass
Georgia place,1307304,"Berlin city, Georgia",2020-2024,B10050_006,One or two years,6,12,26,29,23.076923076923077,38.309896783859,0,61.38681986078208,Percentage MOE exceeds 50% of estimate,Pass
Georgia place,1307380,"Berry College CDP, Georgia",2020-2024,B10050_006,One or two years,0,14,0,14,NA,NA,NA,NA,Missing input or nonpositive denominator,Pass
Georgia place,1307612,"Bethlehem town, Georgia",2020-2024,B10050_006,One or two years,0,14,0,14,NA,NA,NA,NA,Missing input or nonpositive denominator,Pass
Georgia place,1307640,"Between town, Georgia",2020-2024,B10050_006,One or two years,0,14,0,14,NA,NA,NA,NA,Missing input or nonpositive denominator,Pass
Georgia place,1308200,"Bishop town, Georgia",2020-2024,B10050_006,One or two years,0,14,11,20,0,127.27272727272728,0,100,Unavailable MOE or zero percentage,Pass
Georgia place,1308284,"Blackshear city, Georgia",2020-2024,B10050_006,One or two years,0,14,33,39,0,42.42424242424242,0,42.42424242424242,Unavailable MOE or zero percentage,Pass
Georgia place,1308480,"Blairsville city, Georgia",2020-2024,B10050_006,One or two years,0,14,27,42,0,51.85185185185185,0,51.85185185185185,Unavailable MOE or zero percentage,Pass
Georgia place,1308536,"Blakely city, Georgia",2020-2024,B10050_006,One or two years,0,20,40,48,0,50,0,50,Unavailable MOE or zero percentage,Pass
Georgia place,1308844,"Bloomingdale city, Georgia",2020-2024,B10050_006,One or two years,0,14,15,23,0,93.33333333333331,0,93.33333333333331,Unavailable MOE or zero percentage,Pass
Georgia place,1308928,"Blue Ridge city, Georgia",2020-2024,B10050_006,One or two years,8,13,12,15,66.66666666666666,69.2218655243173,0,100,Percentage MOE exceeds 50% of estimate,Pass
Georgia place,1308956,"Bluffton town, Georgia",2020-2024,B10050_006,One or two years,0,14,9,15,0,155.55555555555557,0,100,Unavailable MOE or zero percentage,Pass
Georgia place,1309040,"Blythe city, Georgia",2020-2024,B10050_006,One or two years,8,12,25,23,32,37.911560242226905,0,69.9115602422269,Percentage MOE exceeds 50% of estimate,Pass
Georgia place,1309068,"Bogart town, Georgia",2020-2024,B10050_006,One or two years,0,14,0,14,NA,NA,NA,NA,Missing input or nonpositive denominator,Pass
Georgia place,1309152,"Bolingbroke CDP, Georgia",2020-2024,B10050_006,One or two years,0,14,0,14,NA,NA,NA,NA,Missing input or nonpositive denominator,Pass
Georgia place,1309272,"Bonanza CDP, Georgia",2020-2024,B10050_006,One or two years,0,14,0,14,NA,NA,NA,NA,Missing input or nonpositive denominator,Pass
Georgia place,1309460,"Boston city, Georgia",2020-2024,B10050_006,One or two years,0,14,15,19,0,93.33333333333331,0,93.33333333333331,Unavailable MOE or zero percentage,Pass
Georgia place,1309488,"Bostwick city, Georgia",2020-2024,B10050_006,One or two years,0,14,0,14,NA,NA,NA,NA,Missing input or nonpositive denominator,Pass
Georgia place,1309544,"Bowdon city, Georgia",2020-2024,B10050_006,One or two years,0,14,15,17,0,93.33333333333331,0,93.33333333333331,Unavailable MOE or zero percentage,Pass
Georgia place,1309656,"Bowersville town, Georgia",2020-2024,B10050_006,One or two years,2,5,2,5,100,353.5533905932738,0,100,Percentage MOE exceeds 50% of estimate,Pass
Georgia place,1309712,"Bowman city, Georgia",2020-2024,B10050_006,One or two years,0,14,4,7,0,350,0,100,Unavailable MOE or zero percentage,Pass
Georgia place,1309768,"Box Springs CDP, Georgia",2020-2024,B10050_006,One or two years,0,14,20,28,0,70,0,70,Unavailable MOE or zero percentage,Pass
Georgia place,1309852,"Boykin CDP, Georgia",2020-2024,B10050_006,One or two years,0,14,0,14,NA,NA,NA,NA,Missing input or nonpositive denominator,Pass
Georgia place,1310076,"Braselton town, Georgia",2020-2024,B10050_006,One or two years,29,38,44,44,65.9090909090909,55.80922344458489,10.09986746450602,100,Percentage MOE exceeds 50% of estimate,Pass
Georgia place,1310104,"Braswell town, Georgia",2020-2024,B10050_006,One or two years,0,14,11,17,0,127.27272727272728,0,100,Unavailable MOE or zero percentage,Pass
Georgia place,1310132,"Bremen city, Georgia",2020-2024,B10050_006,One or two years,10,19,32,42,31.25,42.93144687591341,0,74.18144687591341,Percentage MOE exceeds 50% of estimate,Pass
Georgia place,1310608,"Brinson town, Georgia",2020-2024,B10050_006,One or two years,0,14,6,9,0,233.33333333333337,0,100,Unavailable MOE or zero percentage,Pass
Georgia place,1310664,"Bristol CDP, Georgia",2020-2024,B10050_006,One or two years,0,14,0,14,NA,NA,NA,NA,Missing input or nonpositive denominator,Pass
Georgia place,1310860,"Bronwood town, Georgia",2020-2024,B10050_006,One or two years,0,14,16,16,0,87.5,0,87.5,Unavailable MOE or zero percentage,Pass
Georgia place,1310944,"Brookhaven city, Georgia",2020-2024,B10050_006,One or two years,0,34,84,58,0,40.476190476190474,0,40.476190476190474,Unavailable MOE or zero percentage,Pass
Georgia place,1311000,"Brooklet city, Georgia",2020-2024,B10050_006,One or two years,0,14,9,14,0,155.55555555555557,0,100,Unavailable MOE or zero percentage,Pass
Georgia place,1311056,"Brooks town, Georgia",2020-2024,B10050_006,One or two years,3,5,3,5,100,235.70226039551585,0,100,Percentage MOE exceeds 50% of estimate,Pass
Georgia place,1311504,"Broxton city, Georgia",2020-2024,B10050_006,One or two years,0,14,18,26,0,77.77777777777779,0,77.77777777777779,Unavailable MOE or zero percentage,Pass
Georgia place,1311616,"Buchanan city, Georgia",2020-2024,B10050_006,One or two years,50,75,93,125,53.76344086021505,35.80147721242156,17.96196364779349,89.5649180726366,Percentage MOE exceeds 50% of estimate,Pass
Georgia place,1311626,"Buckhead CDP, Georgia",2020-2024,B10050_006,One or two years,0,14,0,14,NA,NA,NA,NA,Missing input or nonpositive denominator,Pass
Georgia place,1311672,"Buckhead town, Georgia",2020-2024,B10050_006,One or two years,0,14,4,7,0,350,0,100,Unavailable MOE or zero percentage,Pass
Georgia place,1311728,"Buena Vista city, Georgia",2020-2024,B10050_006,One or two years,0,14,28,28,0,50,0,50,Unavailable MOE or zero percentage,Pass
Georgia place,1311784,"Buford city, Georgia",2020-2024,B10050_006,One or two years,0,23,244,319,0,9.42622950819672,0,9.42622950819672,Unavailable MOE or zero percentage,Pass
Georgia place,1312120,"Butler city, Georgia",2020-2024,B10050_006,One or two years,0,14,17,22,0,82.35294117647058,0,82.35294117647058,Unavailable MOE or zero percentage,Pass
Georgia place,1312232,"Byromville town, Georgia",2020-2024,B10050_006,One or two years,0,14,5,7,0,280,0,100,Unavailable MOE or zero percentage,Pass
Georgia place,1312260,"Byron city, Georgia",2020-2024,B10050_006,One or two years,0,20,207,157,0,9.66183574879227,0,9.66183574879227,Unavailable MOE or zero percentage,Pass
Georgia place,1312344,"Cadwell town, Georgia",2020-2024,B10050_006,One or two years,6,11,11,15,54.54545454545454,66.84004048130828,0,100,Percentage MOE exceeds 50% of estimate,Pass
Georgia place,1312400,"Cairo city, Georgia",2020-2024,B10050_006,One or two years,53,53,235,139,22.5531914893617,18.184927028362708,4.368264460998994,40.73811851772441,Percentage MOE exceeds 50% of estimate,Pass
Georgia place,1312456,"Calhoun city, Georgia",2020-2024,B10050_006,One or two years,64,89,171,136,37.42690058479532,42.6945862675146,0,80.12148685230991,Percentage MOE exceeds 50% of estimate,Pass
Georgia place,1312484,"Calvary CDP, Georgia",2020-2024,B10050_006,One or two years,0,14,0,14,NA,NA,NA,NA,Missing input or nonpositive denominator,Pass
Georgia place,1312512,"Camak town, Georgia",2020-2024,B10050_006,One or two years,0,14,0,14,NA,NA,NA,NA,Missing input or nonpositive denominator,Pass
Georgia place,1312624,"Camilla city, Georgia",2020-2024,B10050_006,One or two years,36,51,59,63,61.016949152542374,56.806577923124415,4.210371229417959,100,Percentage MOE exceeds 50% of estimate,Pass
Georgia place,1312834,"Candler-McAfee CDP, Georgia",2020-2024,B10050_006,One or two years,82,76,371,194,22.10242587601078,16.91343317470372,5.188992701307061,39.015859050714496,Percentage MOE exceeds 50% of estimate,Pass
Georgia place,1312932,"Canon city, Georgia",2020-2024,B10050_006,One or two years,1,4,4,7,25,89.9218410621135,0,100,Percentage MOE exceeds 50% of estimate,Pass
Georgia place,1312960,"Canoochee CDP, Georgia",2020-2024,B10050_006,One or two years,0,14,0,14,NA,NA,NA,NA,Missing input or nonpositive denominator,Pass
Georgia place,1312988,"Canton city, Georgia",2020-2024,B10050_006,One or two years,21,28,111,93,18.91891891891892,19.622900566610337,0,38.54181948552926,Percentage MOE exceeds 50% of estimate,Pass
Georgia place,1313184,"Carl town, Georgia",2020-2024,B10050_006,One or two years,0,14,0,14,NA,NA,NA,NA,Missing input or nonpositive denominator,Pass
Georgia place,1313212,"Carlton city, Georgia",2020-2024,B10050_006,One or two years,0,14,3,5,0,466.6666666666667,0,100,Unavailable MOE or zero percentage,Pass
Georgia place,1313352,"Carnesville city, Georgia",2020-2024,B10050_006,One or two years,0,14,0,14,NA,NA,NA,NA,Missing input or nonpositive denominator,Pass
Georgia place,1313492,"Carrollton city, Georgia",2020-2024,B10050_006,One or two years,0,27,126,132,0,21.428571428571427,0,21.428571428571427,Unavailable MOE or zero percentage,Pass
Georgia place,1313688,"Cartersville city, Georgia",2020-2024,B10050_006,One or two years,104,112,401,318,25.935162094763093,18.89686931822032,7.038292776542772,44.83203141298341,Percentage MOE exceeds 50% of estimate,Pass
Georgia place,1314024,"Cataula CDP, Georgia",2020-2024,B10050_006,One or two years,0,14,0,14,NA,NA,NA,NA,Missing input or nonpositive denominator,Pass
Georgia place,1314108,"Cave Spring city, Georgia",2020-2024,B10050_006,One or two years,0,14,4,8,0,350,0,100,Unavailable MOE or zero percentage,Pass
Georgia place,1314192,"Cecil city, Georgia",2020-2024,B10050_006,One or two years,0,14,0,14,NA,NA,NA,NA,Missing input or nonpositive denominator,Pass
Georgia place,1314472,"Cedar Springs CDP, Georgia",2020-2024,B10050_006,One or two years,0,14,0,14,NA,NA,NA,NA,Missing input or nonpositive denominator,Pass
Georgia place,1314500,"Cedartown city, Georgia",2020-2024,B10050_006,One or two years,97,126,218,146,44.4954128440367,49.52380190919481,0,94.01921475323152,Percentage MOE exceeds 50% of estimate,Pass
Georgia place,1314920,"Centerville city, Georgia",2020-2024,B10050_006,One or two years,0,20,0,20,NA,NA,NA,NA,Missing input or nonpositive denominator,Pass
Georgia place,1315026,"Centralhatchee town, Georgia",2020-2024,B10050_006,One or two years,0,14,25,30,0,56.00000000000001,0,56.00000000000001,Unavailable MOE or zero percentage,Pass
Georgia place,1315172,"Chamblee city, Georgia",2020-2024,B10050_006,One or two years,0,30,270,145,0,11.11111111111111,0,11.11111111111111,Unavailable MOE or zero percentage,Pass
Georgia place,1315508,"Chatsworth city, Georgia",2020-2024,B10050_006,One or two years,51,71,51,71,100,196.8807116244897,0,100,Percentage MOE exceeds 50% of estimate,Pass
Georgia place,1315552,"Chattahoochee Hills city, Georgia",2020-2024,B10050_006,One or two years,0,14,18,34,0,77.77777777777779,0,77.77777777777779,Unavailable MOE or zero percentage,Pass
Georgia place,1315585,"Chattanooga Valley CDP, Georgia",2020-2024,B10050_006,One or two years,0,14,0,14,NA,NA,NA,NA,Missing input or nonpositive denominator,Pass
Georgia place,1315648,"Chauncey city, Georgia",2020-2024,B10050_006,One or two years,0,14,5,7,0,280,0,100,Unavailable MOE or zero percentage,Pass
Georgia place,1315844,"Cherry Log CDP, Georgia",2020-2024,B10050_006,One or two years,0,14,0,14,NA,NA,NA,NA,Missing input or nonpositive denominator,Pass
Georgia place,1315900,"Chester town, Georgia",2020-2024,B10050_006,One or two years,0,14,0,14,NA,NA,NA,NA,Missing input or nonpositive denominator,Pass
Georgia place,1315984,"Chickamauga city, Georgia",2020-2024,B10050_006,One or two years,0,14,10,17,0,140,0,100,Unavailable MOE or zero percentage,Pass
Georgia place,1316460,"Clarkesville city, Georgia",2020-2024,B10050_006,One or two years,0,14,0,14,NA,NA,NA,NA,Missing input or nonpositive denominator,Pass
Georgia place,1316544,"Clarkston city, Georgia",2020-2024,B10050_006,One or two years,27,43,118,84,22.88135593220339,32.597703770897326,0,55.47905970310072,Percentage MOE exceeds 50% of estimate,Pass
Georgia place,1316600,"Claxton city, Georgia",2020-2024,B10050_006,One or two years,0,14,16,20,0,87.5,0,87.5,Unavailable MOE or zero percentage,Pass
Georgia place,1316656,"Clayton city, Georgia",2020-2024,B10050_006,One or two years,0,14,7,9,0,200,0,100,Unavailable MOE or zero percentage,Pass
Georgia place,1316796,"Clermont town, Georgia",2020-2024,B10050_006,One or two years,0,14,8,12,0,175,0,100,Unavailable MOE or zero percentage,Pass
Georgia place,1316824,"Cleveland city, Georgia",2020-2024,B10050_006,One or two years,0,14,37,57,0,37.83783783783784,0,37.83783783783784,Unavailable MOE or zero percentage,Pass
Georgia place,1316908,"Climax city, Georgia",2020-2024,B10050_006,One or two years,9,14,9,14,100,219.9887763691481,0,100,Percentage MOE exceeds 50% of estimate,Pass
Georgia place,1317132,"Clyattville CDP, Georgia",2020-2024,B10050_006,One or two years,0,14,0,14,NA,NA,NA,NA,Missing input or nonpositive denominator,Pass
Georgia place,1317272,"Cobbtown city, Georgia",2020-2024,B10050_006,One or two years,12,21,12,21,100,247.48737341529164,0,100,Percentage MOE exceeds 50% of estimate,Pass
Georgia place,1317328,"Cochran city, Georgia",2020-2024,B10050_006,One or two years,18,26,59,65,30.508474576271187,28.50033810610811,2.008136470163077,59.0088126823793,Percentage MOE exceeds 50% of estimate,Pass
Georgia place,1317468,"Cogdell CDP, Georgia",2020-2024,B10050_006,One or two years,0,14,0,14,NA,NA,NA,NA,Missing input or nonpositive denominator,Pass
Georgia place,1317496,"Cohutta city, Georgia",2020-2024,B10050_006,One or two years,0,14,13,16,0,107.6923076923077,0,100,Unavailable MOE or zero percentage,Pass
Georgia place,1317552,"Colbert city, Georgia",2020-2024,B10050_006,One or two years,0,14,6,7,0,233.33333333333337,0,100,Unavailable MOE or zero percentage,Pass
Georgia place,1317580,"Coleman CDP, Georgia",2020-2024,B10050_006,One or two years,0,14,0,14,NA,NA,NA,NA,Missing input or nonpositive denominator,Pass
Georgia place,1317776,"College Park city, Georgia",2020-2024,B10050_006,One or two years,12,21,144,134,8.333333333333332,12.35068137466032,0,20.684014707993654,Percentage MOE exceeds 50% of estimate,Pass
Georgia place,1317832,"Collins city, Georgia",2020-2024,B10050_006,One or two years,0,14,0,14,NA,NA,NA,NA,Missing input or nonpositive denominator,Pass
Georgia place,1318000,"Colquitt city, Georgia",2020-2024,B10050_006,One or two years,0,14,19,23,0,73.68421052631578,0,73.68421052631578,Unavailable MOE or zero percentage,Pass
Georgia place,1319084,"Comer city, Georgia",2020-2024,B10050_006,One or two years,0,14,0,14,NA,NA,NA,NA,Missing input or nonpositive denominator,Pass
Georgia place,1319168,"Concord city, Georgia",2020-2024,B10050_006,One or two years,0,14,0,14,NA,NA,NA,NA,Missing input or nonpositive denominator,Pass
Georgia place,1319280,"Conley CDP, Georgia",2020-2024,B10050_006,One or two years,0,20,78,107,0,25.64102564102564,0,25.64102564102564,Unavailable MOE or zero percentage,Pass
Georgia place,1319336,"Conyers city, Georgia",2020-2024,B10050_006,One or two years,0,23,192,187,0,11.979166666666668,0,11.979166666666668,Unavailable MOE or zero percentage,Pass
Georgia place,1319392,"Coolidge city, Georgia",2020-2024,B10050_006,One or two years,0,14,3,4,0,466.6666666666667,0,100,Unavailable MOE or zero percentage,Pass
Georgia place,1319616,"Cordele city, Georgia",2020-2024,B10050_006,One or two years,72,107,180,183,40,43.35740072387716,0,83.35740072387716,Percentage MOE exceeds 50% of estimate,Pass
Georgia place,1319728,"Cornelia city, Georgia",2020-2024,B10050_006,One or two years,0,14,13,22,0,107.6923076923077,0,100,Unavailable MOE or zero percentage,Pass
Georgia place,1319830,"Country Club Estates CDP, Georgia",2020-2024,B10050_006,One or two years,0,20,91,109,0,21.978021978021975,0,21.978021978021975,Unavailable MOE or zero percentage,Pass
Georgia place,1320064,"Covington city, Georgia",2020-2024,B10050_006,One or two years,0,23,56,61,0,41.07142857142857,0,41.07142857142857,Unavailable MOE or zero percentage,Pass
Georgia place,1320288,"Crawford city, Georgia",2020-2024,B10050_006,One or two years,3,6,3,6,100,282.84271247461896,0,100,Percentage MOE exceeds 50% of estimate,Pass
Georgia place,1320316,"Crawfordville city, Georgia",2020-2024,B10050_006,One or two years,0,14,6,10,0,233.33333333333337,0,100,Unavailable MOE or zero percentage,Pass
Georgia place,1320372,"Crescent CDP, Georgia",2020-2024,B10050_006,One or two years,0,14,0,14,NA,NA,NA,NA,Missing input or nonpositive denominator,Pass
Georgia place,1320550,"Crooked Creek CDP, Georgia",2020-2024,B10050_006,One or two years,0,14,0,14,NA,NA,NA,NA,Missing input or nonpositive denominator,Pass
Georgia place,1320848,"Culloden city, Georgia",2020-2024,B10050_006,One or two years,0,14,0,14,NA,NA,NA,NA,Missing input or nonpositive denominator,Pass
Georgia place,1320932,"Cumming city, Georgia",2020-2024,B10050_006,One or two years,37,51,37,51,100,194.93213967845364,0,100,Percentage MOE exceeds 50% of estimate,Pass
Georgia place,1321017,"Cusseta-Chattahoochee County unified government, Georgia",2020-2024,B10050_006,One or two years,0,20,87,45,0,22.988505747126435,0,22.988505747126435,Unavailable MOE or zero percentage,Pass
Georgia place,1321072,"Cuthbert city, Georgia",2020-2024,B10050_006,One or two years,35,58,35,58,100,234.3553903361129,0,100,Percentage MOE exceeds 50% of estimate,Pass
Georgia place,1321184,"Dacula city, Georgia",2020-2024,B10050_006,One or two years,0,20,106,126,0,18.867924528301888,0,18.867924528301888,Unavailable MOE or zero percentage,Pass
Georgia place,1321240,"Dahlonega city, Georgia",2020-2024,B10050_006,One or two years,0,20,7,9,0,285.7142857142857,0,100,Unavailable MOE or zero percentage,Pass
Georgia place,1321268,"Daisy city, Georgia",2020-2024,B10050_006,One or two years,0,14,0,14,NA,NA,NA,NA,Missing input or nonpositive denominator,Pass
Georgia place,1321324,"Dallas city, Georgia",2020-2024,B10050_006,One or two years,154,141,154,141,100,129.48318980169248,0,100,Percentage MOE exceeds 50% of estimate,Pass
Georgia place,1321380,"Dalton city, Georgia",2020-2024,B10050_006,One or two years,30,35,291,204,10.309278350515465,9.614012856580086,0.6952654939353771,19.92329120709555,Percentage MOE exceeds 50% of estimate,Pass
Georgia place,1321436,"Damascus city, Georgia",2020-2024,B10050_006,One or two years,0,14,1,2,0,1400,0,100,Unavailable MOE or zero percentage,Pass
Georgia place,1321632,"Danielsville city, Georgia",2020-2024,B10050_006,One or two years,0,14,5,7,0,280,0,100,Unavailable MOE or zero percentage,Pass
Georgia place,1321688,"Danville town, Georgia",2020-2024,B10050_006,One or two years,10,17,17,19,58.82352941176471,75.3507381756104,0,100,Percentage MOE exceeds 50% of estimate,Pass
Georgia place,1321716,"Darien city, Georgia",2020-2024,B10050_006,One or two years,0,14,20,25,0,70,0,70,Unavailable MOE or zero percentage,Pass
Georgia place,1321744,"Dasher town, Georgia",2020-2024,B10050_006,One or two years,0,14,0,14,NA,NA,NA,NA,Missing input or nonpositive denominator,Pass
Georgia place,1321800,"Davisboro city, Georgia",2020-2024,B10050_006,One or two years,11,17,14,18,78.57142857142857,67.37785313967012,11.193575431758449,100,Percentage MOE exceeds 50% of estimate,Pass
Georgia place,1321912,"Dawson city, Georgia",2020-2024,B10050_006,One or two years,0,14,0,14,NA,NA,NA,NA,Missing input or nonpositive denominator,Pass
Georgia place,1321940,"Dawsonville city, Georgia",2020-2024,B10050_006,One or two years,0,14,26,42,0,53.84615384615385,0,53.84615384615385,Unavailable MOE or zero percentage,Pass
Georgia place,1322024,"Dearing town, Georgia",2020-2024,B10050_006,One or two years,0,14,16,32,0,87.5,0,87.5,Unavailable MOE or zero percentage,Pass
Georgia place,1322052,"Decatur city, Georgia",2020-2024,B10050_006,One or two years,0,27,0,27,NA,NA,NA,NA,Missing input or nonpositive denominator,Pass
Georgia place,1322080,"Deenwood CDP, Georgia",2020-2024,B10050_006,One or two years,0,14,14,17,0,100,0,100,Unavailable MOE or zero percentage,Pass
Georgia place,1322108,"Deepstep town, Georgia",2020-2024,B10050_006,One or two years,0,14,0,14,NA,NA,NA,NA,Missing input or nonpositive denominator,Pass
Georgia place,1322304,"Demorest city, Georgia",2020-2024,B10050_006,One or two years,15,27,15,27,100,254.55844122715715,0,100,Percentage MOE exceeds 50% of estimate,Pass
Georgia place,1322388,"Denton city, Georgia",2020-2024,B10050_006,One or two years,0,14,56,74,0,25,0,25,Unavailable MOE or zero percentage,Pass
Georgia place,1322472,"De Soto city, Georgia",2020-2024,B10050_006,One or two years,0,14,0,14,NA,NA,NA,NA,Missing input or nonpositive denominator,Pass
Georgia place,1322724,"Dewy Rose CDP, Georgia",2020-2024,B10050_006,One or two years,0,14,0,14,NA,NA,NA,NA,Missing input or nonpositive denominator,Pass
Georgia place,1322752,"Dexter town, Georgia",2020-2024,B10050_006,One or two years,0,14,28,35,0,50,0,50,Unavailable MOE or zero percentage,Pass
Georgia place,1322976,"Dillard city, Georgia",2020-2024,B10050_006,One or two years,0,14,1,3,0,1400,0,100,Unavailable MOE or zero percentage,Pass
Georgia place,1323060,"Dixie CDP, Georgia",2020-2024,B10050_006,One or two years,0,14,0,14,NA,NA,NA,NA,Missing input or nonpositive denominator,Pass
Georgia place,1323144,"Dixie Union CDP, Georgia",2020-2024,B10050_006,One or two years,0,14,0,14,NA,NA,NA,NA,Missing input or nonpositive denominator,Pass
Georgia place,1323200,"Dock Junction CDP, Georgia",2020-2024,B10050_006,One or two years,6,24,112,89,5.357142857142857,21.00146409545837,0,26.358606952601228,Percentage MOE exceeds 50% of estimate,Pass
Georgia place,1323284,"Doerun city, Georgia",2020-2024,B10050_006,One or two years,0,14,16,13,0,87.5,0,87.5,Unavailable MOE or zero percentage,Pass
Georgia place,1323368,"Donalsonville city, Georgia",2020-2024,B10050_006,One or two years,65,71,189,139,34.39153439153439,27.77528497758375,6.616249413950644,62.166819369118144,Percentage MOE exceeds 50% of estimate,Pass
Georgia place,1323480,"Dooling town, Georgia",2020-2024,B10050_006,One or two years,0,14,0,14,NA,NA,NA,NA,Missing input or nonpositive denominator,Pass
Georgia place,1323536,"Doraville city, Georgia",2020-2024,B10050_006,One or two years,0,23,33,57,0,69.6969696969697,0,69.6969696969697,Unavailable MOE or zero percentage,Pass
Georgia place,1323872,"Douglas city, Georgia",2020-2024,B10050_006,One or two years,119,123,272,157,43.75,37.51266248108092,6.237337518919077,81.26266248108092,Percentage MOE exceeds 50% of estimate,Pass
Georgia place,1323900,"Douglasville city, Georgia",2020-2024,B10050_006,One or two years,0,30,113,88,0,26.548672566371685,0,26.548672566371685,Unavailable MOE or zero percentage,Pass
Georgia place,1324264,"Druid Hills CDP, Georgia",2020-2024,B10050_006,One or two years,0,20,0,20,NA,NA,NA,NA,Missing input or nonpositive denominator,Pass
Georgia place,1324376,"Dublin city, Georgia",2020-2024,B10050_006,One or two years,8,13,57,48,14.035087719298245,19.505660364060574,0,33.54074808335882,Percentage MOE exceeds 50% of estimate,Pass
Georgia place,1324488,"Dudley city, Georgia",2020-2024,B10050_006,One or two years,0,14,0,14,NA,NA,NA,NA,Missing input or nonpositive denominator,Pass
Georgia place,1324600,"Duluth city, Georgia",2020-2024,B10050_006,One or two years,0,30,225,103,0,13.333333333333334,0,13.333333333333334,Unavailable MOE or zero percentage,Pass
Georgia place,1324768,"Dunwoody city, Georgia",2020-2024,B10050_006,One or two years,0,34,48,60,0,70.83333333333334,0,70.83333333333334,Unavailable MOE or zero percentage,Pass
Georgia place,1324796,"Du Pont town, Georgia",2020-2024,B10050_006,One or two years,0,14,0,14,NA,NA,NA,NA,Missing input or nonpositive denominator,Pass
Georgia place,1324876,"Dutch Island CDP, Georgia",2020-2024,B10050_006,One or two years,0,14,0,14,NA,NA,NA,NA,Missing input or nonpositive denominator,Pass
Georgia place,1324964,"Eagle Grove CDP, Georgia",2020-2024,B10050_006,One or two years,0,14,0,14,NA,NA,NA,NA,Missing input or nonpositive denominator,Pass
Georgia place,1325300,"East Dublin city, Georgia",2020-2024,B10050_006,One or two years,0,14,5,7,0,280,0,100,Unavailable MOE or zero percentage,Pass
Georgia place,1325356,"East Ellijay city, Georgia",2020-2024,B10050_006,One or two years,8,19,8,19,100,335.87572106361006,0,100,Percentage MOE exceeds 50% of estimate,Pass
Georgia place,1325440,"East Griffin CDP, Georgia",2020-2024,B10050_006,One or two years,0,14,19,22,0,73.68421052631578,0,73.68421052631578,Unavailable MOE or zero percentage,Pass
Georgia place,1325552,"Eastman city, Georgia",2020-2024,B10050_006,One or two years,11,17,11,17,100,218.5602778212965,0,100,Percentage MOE exceeds 50% of estimate,Pass
Georgia place,1325692,"East Newnan CDP, Georgia",2020-2024,B10050_006,One or two years,0,14,0,14,NA,NA,NA,NA,Missing input or nonpositive denominator,Pass
Georgia place,1325720,"East Point city, Georgia",2020-2024,B10050_006,One or two years,57,66,377,189,15.119363395225465,15.780677216578637,0,30.9000406118041,Percentage MOE exceeds 50% of estimate,Pass
Georgia place,1326084,"Eatonton city, Georgia",2020-2024,B10050_006,One or two years,11,19,51,39,21.568627450980394,33.40489518656656,0,54.97352263754696,Percentage MOE exceeds 50% of estimate,Pass
Georgia place,1326156,"Echols County consolidated government, Georgia",2020-2024,B10050_006,One or two years,120,140,162,148,74.07407407407408,53.74747863728309,20.32659543679099,100,Percentage MOE exceeds 50% of estimate,Pass
Georgia place,1326224,"Edge Hill city, Georgia",2020-2024,B10050_006,One or two years,0,14,0,14,NA,NA,NA,NA,Missing input or nonpositive denominator,Pass
Georgia place,1326448,"Edison city, Georgia",2020-2024,B10050_006,One or two years,0,14,0,14,NA,NA,NA,NA,Missing input or nonpositive denominator,Pass
Georgia place,1326616,"Elberton city, Georgia",2020-2024,B10050_006,One or two years,0,14,22,31,0,63.63636363636363,0,63.63636363636363,Unavailable MOE or zero percentage,Pass
Georgia place,1326980,"Ellaville city, Georgia",2020-2024,B10050_006,One or two years,0,14,4,6,0,350,0,100,Unavailable MOE or zero percentage,Pass
Georgia place,1327008,"Ellenton town, Georgia",2020-2024,B10050_006,One or two years,0,14,0,14,NA,NA,NA,NA,Missing input or nonpositive denominator,Pass
Georgia place,1327064,"Ellerslie CDP, Georgia",2020-2024,B10050_006,One or two years,0,14,0,14,NA,NA,NA,NA,Missing input or nonpositive denominator,Pass
Georgia place,1327092,"Ellijay city, Georgia",2020-2024,B10050_006,One or two years,0,14,0,14,NA,NA,NA,NA,Missing input or nonpositive denominator,Pass
Georgia place,1327344,"Emerson city, Georgia",2020-2024,B10050_006,One or two years,0,14,32,46,0,43.75,0,43.75,Unavailable MOE or zero percentage,Pass
Georgia place,1327512,"Empire CDP, Georgia",2020-2024,B10050_006,One or two years,0,14,0,14,NA,NA,NA,NA,Missing input or nonpositive denominator,Pass
Georgia place,1327596,"Enigma town, Georgia",2020-2024,B10050_006,One or two years,5,8,5,8,100,226.2741699796952,0,100,Percentage MOE exceeds 50% of estimate,Pass
Georgia place,1327708,"Ephesus city, Georgia",2020-2024,B10050_006,One or two years,2,3,7,8,28.57142857142857,27.758103079051928,0.8133254923766415,56.3295316504805,Percentage MOE exceeds 50% of estimate,Pass
Georgia place,1327736,"Epworth CDP, Georgia",2020-2024,B10050_006,One or two years,0,14,0,14,NA,NA,NA,NA,Missing input or nonpositive denominator,Pass
Georgia place,1327932,"Eton city, Georgia",2020-2024,B10050_006,One or two years,0,14,2,4,0,700,0,100,Unavailable MOE or zero percentage,Pass
Georgia place,1327988,"Euharlee city, Georgia",2020-2024,B10050_006,One or two years,0,14,0,14,NA,NA,NA,NA,Missing input or nonpositive denominator,Pass
Georgia place,1328016,"Eulonia CDP, Georgia",2020-2024,B10050_006,One or two years,0,14,72,36,0,19.444444444444446,0,19.444444444444446,Unavailable MOE or zero percentage,Pass
Georgia place,1328044,"Evans CDP, Georgia",2020-2024,B10050_006,One or two years,0,30,173,162,0,17.341040462427745,0,17.341040462427745,Unavailable MOE or zero percentage,Pass
Georgia place,1328100,"Everett CDP, Georgia",2020-2024,B10050_006,One or two years,0,14,0,14,NA,NA,NA,NA,Missing input or nonpositive denominator,Pass
Georgia place,1328296,"Experiment CDP, Georgia",2020-2024,B10050_006,One or two years,0,14,49,53,0,28.57142857142857,0,28.57142857142857,Unavailable MOE or zero percentage,Pass
Georgia place,1328324,"Faceville CDP, Georgia",2020-2024,B10050_006,One or two years,0,14,0,14,NA,NA,NA,NA,Missing input or nonpositive denominator,Pass
Georgia place,1328380,"Fairburn city, Georgia",2020-2024,B10050_006,One or two years,117,192,194,211,60.30927835051546,74.10998389856258,0,100,Percentage MOE exceeds 50% of estimate,Pass
Georgia place,1328440,"Fairfield Plantation CDP, Georgia",2020-2024,B10050_006,One or two years,0,20,59,68,0,33.89830508474576,0,33.89830508474576,Unavailable MOE or zero percentage,Pass
Georgia place,1328492,"Fairmount city, Georgia",2020-2024,B10050_006,One or two years,0,14,14,14,0,100,0,100,Unavailable MOE or zero percentage,Pass
Georgia place,1328520,"Fair Oaks CDP, Georgia",2020-2024,B10050_006,One or two years,10,18,35,44,28.57142857142857,36.807184710515905,0,65.37861328194447,Percentage MOE exceeds 50% of estimate,Pass
Georgia place,1328548,"Fairplay CDP, Georgia",2020-2024,B10050_006,One or two years,0,14,6,10,0,233.33333333333337,0,100,Unavailable MOE or zero percentage,Pass
Georgia place,1328632,"Fairview CDP, Georgia",2020-2024,B10050_006,One or two years,27,39,124,112,21.774193548387096,24.544093650418723,0,46.31828719880582,Percentage MOE exceeds 50% of estimate,Pass
Georgia place,1328744,"Fargo city, Georgia",2020-2024,B10050_006,One or two years,0,14,0,14,NA,NA,NA,NA,Missing input or nonpositive denominator,Pass
Georgia place,1328968,"Fayetteville city, Georgia",2020-2024,B10050_006,One or two years,53,68,138,100,38.405797101449274,40.66369898502952,0,79.0694960864788,Percentage MOE exceeds 50% of estimate,Pass
Georgia place,1329528,"Fitzgerald city, Georgia",2020-2024,B10050_006,One or two years,8,17,26,27,30.76923076923077,57.045379076442295,0,87.81460984567306,Percentage MOE exceeds 50% of estimate,Pass
Georgia place,1330088,"Flemington city, Georgia",2020-2024,B10050_006,One or two years,0,14,10,10,0,140,0,100,Unavailable MOE or zero percentage,Pass
Georgia place,1330312,"Flovilla city, Georgia",2020-2024,B10050_006,One or two years,0,14,48,80,0,29.166666666666668,0,29.166666666666668,Unavailable MOE or zero percentage,Pass
Georgia place,1330340,"Flowery Branch city, Georgia",2020-2024,B10050_006,One or two years,0,23,0,23,NA,NA,NA,NA,Missing input or nonpositive denominator,Pass
Georgia place,1330424,"Folkston city, Georgia",2020-2024,B10050_006,One or two years,0,14,59,65,0,23.728813559322035,0,23.728813559322035,Unavailable MOE or zero percentage,Pass
Georgia place,1330536,"Forest Park city, Georgia",2020-2024,B10050_006,One or two years,27,45,105,88,25.71428571428571,37.04440866371714,0,62.75869437800286,Percentage MOE exceeds 50% of estimate,Pass
Georgia place,1330732,"Forsyth city, Georgia",2020-2024,B10050_006,One or two years,0,14,8,13,0,175,0,100,Unavailable MOE or zero percentage,Pass
Georgia place,1330816,"Fort Gaines city, Georgia",2020-2024,B10050_006,One or two years,2,5,22,22,9.090909090909092,20.829889522526543,0,29.920798613435636,Percentage MOE exceeds 50% of estimate,Pass
Georgia place,1330956,"Fort Oglethorpe city, Georgia",2020-2024,B10050_006,One or two years,0,23,15,24,0,153.33333333333334,0,100,Unavailable MOE or zero percentage,Pass
Georgia place,1331068,"Fort Stewart CDP, Georgia",2020-2024,B10050_006,One or two years,0,20,0,20,NA,NA,NA,NA,Missing input or nonpositive denominator,Pass
Georgia place,1331096,"Fort Valley city, Georgia",2020-2024,B10050_006,One or two years,36,57,87,84,41.37931034482759,51.92602093194871,0,93.3053312767763,Percentage MOE exceeds 50% of estimate,Pass
Georgia place,1331292,"Franklin city, Georgia",2020-2024,B10050_006,One or two years,6,11,21,25,28.57142857142857,39.83514550192477,0,68.40657407335334,Percentage MOE exceeds 50% of estimate,Pass
Georgia place,1331320,"Franklin Springs city, Georgia",2020-2024,B10050_006,One or two years,6,11,18,31,33.33333333333333,20.95131203515697,12.382021298176358,54.2846453684903,Percentage MOE exceeds 50% of estimate,Pass
Georgia place,1331684,"Funston city, Georgia",2020-2024,B10050_006,One or two years,0,14,3,4,0,466.6666666666667,0,100,Unavailable MOE or zero percentage,Pass
Georgia place,1331908,"Gainesville city, Georgia",2020-2024,B10050_006,One or two years,25,40,163,103,15.337423312883436,22.54496921747521,0,37.88239253035864,Percentage MOE exceeds 50% of estimate,Pass
Georgia place,1332048,"Garden City city, Georgia",2020-2024,B10050_006,One or two years,139,156,183,176,75.95628415300546,43.936735115281614,32.01954903772384,100,Percentage MOE exceeds 50% of estimate,Pass
Georgia place,1332132,"Gardi CDP, Georgia",2020-2024,B10050_006,One or two years,0,14,5,11,0,280,0,100,Unavailable MOE or zero percentage,Pass
Georgia place,1332188,"Garfield city, Georgia",2020-2024,B10050_006,One or two years,0,14,0,14,NA,NA,NA,NA,Missing input or nonpositive denominator,Pass
Georgia place,1332384,"Gay town, Georgia",2020-2024,B10050_006,One or two years,0,14,0,14,NA,NA,NA,NA,Missing input or nonpositive denominator,Pass
Georgia place,1332412,"Geneva town, Georgia",2020-2024,B10050_006,One or two years,0,14,0,14,NA,NA,NA,NA,Missing input or nonpositive denominator,Pass
Georgia place,1332482,"Georgetown CDP, Georgia",2020-2024,B10050_006,One or two years,0,23,102,130,0,22.54901960784314,0,22.54901960784314,Unavailable MOE or zero percentage,Pass
Georgia place,1332528,"Georgetown-Quitman County unified government, Georgia",2020-2024,B10050_006,One or two years,0,14,42,34,0,33.33333333333333,0,33.33333333333333,Unavailable MOE or zero percentage,Pass
Georgia place,1332748,"Gibson city, Georgia",2020-2024,B10050_006,One or two years,0,14,60,48,0,23.333333333333332,0,23.333333333333332,Unavailable MOE or zero percentage,Pass
Georgia place,1332860,"Gillsville city, Georgia",2020-2024,B10050_006,One or two years,0,14,1,3,0,1400,0,100,Unavailable MOE or zero percentage,Pass
Georgia place,1332916,"Girard town, Georgia",2020-2024,B10050_006,One or two years,0,14,2,4,0,700,0,100,Unavailable MOE or zero percentage,Pass
Georgia place,1333280,"Glenn CDP, Georgia",2020-2024,B10050_006,One or two years,0,14,0,14,NA,NA,NA,NA,Missing input or nonpositive denominator,Pass
Georgia place,1333336,"Glennville city, Georgia",2020-2024,B10050_006,One or two years,0,20,107,103,0,18.69158878504673,0,18.69158878504673,Unavailable MOE or zero percentage,Pass
Georgia place,1333392,"Glenwood city, Georgia",2020-2024,B10050_006,One or two years,10,18,18,29,55.55555555555556,44.59422634853582,10.961329207019736,100,Percentage MOE exceeds 50% of estimate,Pass
Georgia place,1333672,"Godfrey CDP, Georgia",2020-2024,B10050_006,One or two years,0,14,0,14,NA,NA,NA,NA,Missing input or nonpositive denominator,Pass
Georgia place,1333896,"Good Hope city, Georgia",2020-2024,B10050_006,One or two years,0,14,12,20,0,116.66666666666669,0,100,Unavailable MOE or zero percentage,Pass
Georgia place,1333980,"Gordon city, Georgia",2020-2024,B10050_006,One or two years,39,41,50,42,78,49.306486388709544,28.693513611290456,100,Percentage MOE exceeds 50% of estimate,Pass
Georgia place,1334176,"Gough CDP, Georgia",2020-2024,B10050_006,One or two years,0,14,0,14,NA,NA,NA,NA,Missing input or nonpositive denominator,Pass
Georgia place,1334260,"Graham city, Georgia",2020-2024,B10050_006,One or two years,0,14,18,34,0,77.77777777777779,0,77.77777777777779,Unavailable MOE or zero percentage,Pass
Georgia place,1334428,"Grantville city, Georgia",2020-2024,B10050_006,One or two years,0,14,31,33,0,45.16129032258064,0,45.16129032258064,Unavailable MOE or zero percentage,Pass
Georgia place,1334512,"Gray city, Georgia",2020-2024,B10050_006,One or two years,0,14,0,14,NA,NA,NA,NA,Missing input or nonpositive denominator,Pass
Georgia place,1334596,"Grayson city, Georgia",2020-2024,B10050_006,One or two years,0,14,0,14,NA,NA,NA,NA,Missing input or nonpositive denominator,Pass
Georgia place,1334876,"Greensboro city, Georgia",2020-2024,B10050_006,One or two years,0,14,58,94,0,24.13793103448276,0,24.13793103448276,Unavailable MOE or zero percentage,Pass
Georgia place,1335016,"Greenville city, Georgia",2020-2024,B10050_006,One or two years,0,14,0,14,NA,NA,NA,NA,Missing input or nonpositive denominator,Pass
Georgia place,1335240,"Gresham Park CDP, Georgia",2020-2024,B10050_006,One or two years,0,20,18,28,0,111.11111111111111,0,100,Unavailable MOE or zero percentage,Pass
Georgia place,1335324,"Griffin city, Georgia",2020-2024,B10050_006,One or two years,20,33,289,162,6.920415224913495,10.73953823527713,0,17.659953460190625,Percentage MOE exceeds 50% of estimate,Pass
Georgia place,1335716,"Grovetown city, Georgia",2020-2024,B10050_006,One or two years,0,23,96,114,0,23.958333333333336,0,23.958333333333336,Unavailable MOE or zero percentage,Pass
Georgia place,1335800,"Gumbranch city, Georgia",2020-2024,B10050_006,One or two years,0,14,0,14,NA,NA,NA,NA,Missing input or nonpositive denominator,Pass
Georgia place,1335814,"Gumlog CDP, Georgia",2020-2024,B10050_006,One or two years,0,14,22,30,0,63.63636363636363,0,63.63636363636363,Unavailable MOE or zero percentage,Pass
Georgia place,1335884,"Guyton city, Georgia",2020-2024,B10050_006,One or two years,0,14,31,26,0,45.16129032258064,0,45.16129032258064,Unavailable MOE or zero percentage,Pass
Georgia place,1336024,"Hagan city, Georgia",2020-2024,B10050_006,One or two years,0,14,0,14,NA,NA,NA,NA,Missing input or nonpositive denominator,Pass
Georgia place,1336052,"Hahira city, Georgia",2020-2024,B10050_006,One or two years,0,14,23,38,0,60.86956521739131,0,60.86956521739131,Unavailable MOE or zero percentage,Pass
Georgia place,1336220,"Hamilton city, Georgia",2020-2024,B10050_006,One or two years,5,9,5,9,100,254.5584412271571,0,100,Percentage MOE exceeds 50% of estimate,Pass
Georgia place,1336276,"Hampton city, Georgia",2020-2024,B10050_006,One or two years,56,80,126,89,44.44444444444444,55.18788783237167,0,99.63233227681611,Percentage MOE exceeds 50% of estimate,Pass
Georgia place,1336416,"Hannahs Mill CDP, Georgia",2020-2024,B10050_006,One or two years,0,14,57,66,0,24.561403508771928,0,24.561403508771928,Unavailable MOE or zero percentage,Pass
Georgia place,1336472,"Hapeville city, Georgia",2020-2024,B10050_006,One or two years,0,20,0,20,NA,NA,NA,NA,Missing input or nonpositive denominator,Pass
Georgia place,1336528,"Haralson town, Georgia",2020-2024,B10050_006,One or two years,0,14,0,14,NA,NA,NA,NA,Missing input or nonpositive denominator,Pass
Georgia place,1336668,"Hardwick CDP, Georgia",2020-2024,B10050_006,One or two years,0,14,38,43,0,36.84210526315789,0,36.84210526315789,Unavailable MOE or zero percentage,Pass
Georgia place,1336696,"Harlem city, Georgia",2020-2024,B10050_006,One or two years,0,14,165,141,0,8.484848484848486,0,8.484848484848486,Unavailable MOE or zero percentage,Pass
Georgia place,1336920,"Harrison town, Georgia",2020-2024,B10050_006,One or two years,2,4,2,4,100,282.842712474619,0,100,Percentage MOE exceeds 50% of estimate,Pass
Georgia place,1337144,"Hartwell city, Georgia",2020-2024,B10050_006,One or two years,18,29,90,73,20,27.8408173570948,0,47.8408173570948,Percentage MOE exceeds 50% of estimate,Pass
Georgia place,1337396,"Hawkinsville city, Georgia",2020-2024,B10050_006,One or two years,0,14,0,14,NA,NA,NA,NA,Missing input or nonpositive denominator,Pass
Georgia place,1337564,"Hazlehurst city, Georgia",2020-2024,B10050_006,One or two years,0,14,49,67,0,28.57142857142857,0,28.57142857142857,Unavailable MOE or zero percentage,Pass
Georgia place,1337788,"Helen city, Georgia",2020-2024,B10050_006,One or two years,0,14,0,14,NA,NA,NA,NA,Missing input or nonpositive denominator,Pass
Georgia place,1337910,"Henderson CDP, Georgia",2020-2024,B10050_006,One or two years,0,14,0,14,NA,NA,NA,NA,Missing input or nonpositive denominator,Pass
Georgia place,1338040,"Hephzibah city, Georgia",2020-2024,B10050_006,One or two years,0,14,39,37,0,35.8974358974359,0,35.8974358974359,Unavailable MOE or zero percentage,Pass
Georgia place,1338105,"Heron Bay CDP, Georgia",2020-2024,B10050_006,One or two years,0,14,29,40,0,48.27586206896552,0,48.27586206896552,Unavailable MOE or zero percentage,Pass
Georgia place,1338124,"Hiawassee city, Georgia",2020-2024,B10050_006,One or two years,56,82,80,84,70,71.44228439796701,0,100,Percentage MOE exceeds 50% of estimate,Pass
Georgia place,1338292,"Hickox CDP, Georgia",2020-2024,B10050_006,One or two years,0,14,0,14,NA,NA,NA,NA,Missing input or nonpositive denominator,Pass
Georgia place,1338348,"Higgston town, Georgia",2020-2024,B10050_006,One or two years,0,14,2,6,0,700,0,100,Unavailable MOE or zero percentage,Pass
Georgia place,1338866,"Hilltop CDP, Georgia",2020-2024,B10050_006,One or two years,0,14,0,14,NA,NA,NA,NA,Missing input or nonpositive denominator,Pass
Georgia place,1338920,"Hiltonia town, Georgia",2020-2024,B10050_006,One or two years,0,14,5,8,0,280,0,100,Unavailable MOE or zero percentage,Pass
Georgia place,1339076,"Hiram city, Georgia",2020-2024,B10050_006,One or two years,13,27,13,27,100,293.72127833902744,0,100,Percentage MOE exceeds 50% of estimate,Pass
Georgia place,1339216,"Hoboken city, Georgia",2020-2024,B10050_006,One or two years,0,14,3,5,0,466.6666666666667,0,100,Unavailable MOE or zero percentage,Pass
Georgia place,1339244,"Hogansville city, Georgia",2020-2024,B10050_006,One or two years,0,14,11,18,0,127.27272727272728,0,100,Unavailable MOE or zero percentage,Pass
Georgia place,1339524,"Holly Springs city, Georgia",2020-2024,B10050_006,One or two years,0,23,48,64,0,47.91666666666667,0,47.91666666666667,Unavailable MOE or zero percentage,Pass
Georgia place,1339692,"Homeland city, Georgia",2020-2024,B10050_006,One or two years,0,14,2,3,0,700,0,100,Unavailable MOE or zero percentage,Pass
Georgia place,1339720,"Homer town, Georgia",2020-2024,B10050_006,One or two years,0,14,7,12,0,200,0,100,Unavailable MOE or zero percentage,Pass
Georgia place,1339748,"Homerville city, Georgia",2020-2024,B10050_006,One or two years,0,14,14,18,0,100,0,100,Unavailable MOE or zero percentage,Pass
Georgia place,1340028,"Hortense CDP, Georgia",2020-2024,B10050_006,One or two years,0,14,0,14,NA,NA,NA,NA,Missing input or nonpositive denominator,Pass
Georgia place,1340056,"Hoschton city, Georgia",2020-2024,B10050_006,One or two years,0,14,34,32,0,41.17647058823529,0,41.17647058823529,Unavailable MOE or zero percentage,Pass
Georgia place,1340196,"Howard CDP, Georgia",2020-2024,B10050_006,One or two years,0,14,0,14,NA,NA,NA,NA,Missing input or nonpositive denominator,Pass
Georgia place,1340532,"Hull city, Georgia",2020-2024,B10050_006,One or two years,0,14,0,14,NA,NA,NA,NA,Missing input or nonpositive denominator,Pass
Georgia place,1340812,"Ideal city, Georgia",2020-2024,B10050_006,One or two years,0,14,54,58,0,25.925925925925924,0,25.925925925925924,Unavailable MOE or zero percentage,Pass
Georgia place,1340840,"Ila city, Georgia",2020-2024,B10050_006,One or two years,0,14,0,14,NA,NA,NA,NA,Missing input or nonpositive denominator,Pass
Georgia place,1341036,"Indian Springs CDP, Georgia",2020-2024,B10050_006,One or two years,0,14,0,14,NA,NA,NA,NA,Missing input or nonpositive denominator,Pass
Georgia place,1341344,"Iron City town, Georgia",2020-2024,B10050_006,One or two years,0,14,6,9,0,233.33333333333337,0,100,Unavailable MOE or zero percentage,Pass
Georgia place,1341347,"Irondale CDP, Georgia",2020-2024,B10050_006,One or two years,0,20,275,225,0,7.272727272727272,0,7.272727272727272,Unavailable MOE or zero percentage,Pass
Georgia place,1341400,"Irwinton city, Georgia",2020-2024,B10050_006,One or two years,0,14,5,5,0,280,0,100,Unavailable MOE or zero percentage,Pass
Georgia place,1341484,"Isle of Hope CDP, Georgia",2020-2024,B10050_006,One or two years,0,14,0,14,NA,NA,NA,NA,Missing input or nonpositive denominator,Pass
Georgia place,1341540,"Ivey city, Georgia",2020-2024,B10050_006,One or two years,0,14,16,18,0,87.5,0,87.5,Unavailable MOE or zero percentage,Pass
Georgia place,1341596,"Jackson city, Georgia",2020-2024,B10050_006,One or two years,0,20,9,25,0,222.22222222222223,0,100,Unavailable MOE or zero percentage,Pass
Georgia place,1341708,"Jacksonville city, Georgia",2020-2024,B10050_006,One or two years,0,14,0,14,NA,NA,NA,NA,Missing input or nonpositive denominator,Pass
Georgia place,1341792,"Jakin city, Georgia",2020-2024,B10050_006,One or two years,0,14,2,3,0,700,0,100,Unavailable MOE or zero percentage,Pass
Georgia place,1341932,"Jasper city, Georgia",2020-2024,B10050_006,One or two years,13,21,81,58,16.049382716049383,23.23970976597798,0,39.28909248202736,Percentage MOE exceeds 50% of estimate,Pass
Georgia place,1341988,"Jefferson city, Georgia",2020-2024,B10050_006,One or two years,0,23,106,74,0,21.69811320754717,0,21.69811320754717,Unavailable MOE or zero percentage,Pass
Georgia place,1342100,"Jeffersonville city, Georgia",2020-2024,B10050_006,One or two years,0,14,17,19,0,82.35294117647058,0,82.35294117647058,Unavailable MOE or zero percentage,Pass
Georgia place,1342128,"Jekyll Island CDP, Georgia",2020-2024,B10050_006,One or two years,0,14,0,14,NA,NA,NA,NA,Missing input or nonpositive denominator,Pass
Georgia place,1342156,"Jenkinsburg city, Georgia",2020-2024,B10050_006,One or two years,0,14,0,14,NA,NA,NA,NA,Missing input or nonpositive denominator,Pass
Georgia place,1342184,"Jersey city, Georgia",2020-2024,B10050_006,One or two years,22,33,22,33,100,212.13203435596424,0,100,Percentage MOE exceeds 50% of estimate,Pass
Georgia place,1342268,"Jesup city, Georgia",2020-2024,B10050_006,One or two years,0,20,15,26,0,133.33333333333331,0,100,Unavailable MOE or zero percentage,Pass
Georgia place,1342425,"Johns Creek city, Georgia",2020-2024,B10050_006,One or two years,47,55,207,117,22.705314009661837,23.265217110194165,0,45.970531119856005,Percentage MOE exceeds 50% of estimate,Pass
Georgia place,1342604,"Jonesboro city, Georgia",2020-2024,B10050_006,One or two years,0,20,0,20,NA,NA,NA,NA,Missing input or nonpositive denominator,Pass
Georgia place,1342772,"Juliette CDP, Georgia",2020-2024,B10050_006,One or two years,0,14,0,14,NA,NA,NA,NA,Missing input or nonpositive denominator,Pass
Georgia place,1342800,"Junction City town, Georgia",2020-2024,B10050_006,One or two years,1,3,2,4,50,111.80339887498948,0,100,Percentage MOE exceeds 50% of estimate,Pass
Georgia place,1343192,"Kennesaw city, Georgia",2020-2024,B10050_006,One or two years,169,140,262,160,64.50381679389314,36.10553776548789,28.39827902840525,100,Percentage MOE exceeds 50% of estimate,Pass
Georgia place,1343210,"Kennesaw State University CDP, Georgia",2020-2024,B10050_006,One or two years,0,14,0,14,NA,NA,NA,NA,Missing input or nonpositive denominator,Pass
Georgia place,1343360,"Keysville city, Georgia",2020-2024,B10050_006,One or two years,0,14,3,7,0,466.6666666666667,0,100,Unavailable MOE or zero percentage,Pass
Georgia place,1343580,"Kings Bay Base CDP, Georgia",2020-2024,B10050_006,One or two years,0,14,0,14,NA,NA,NA,NA,Missing input or nonpositive denominator,Pass
Georgia place,1343640,"Kingsland city, Georgia",2020-2024,B10050_006,One or two years,12,19,89,82,13.48314606741573,17.361673583015214,0,30.844819650430946,Percentage MOE exceeds 50% of estimate,Pass
Georgia place,1343668,"Kingston city, Georgia",2020-2024,B10050_006,One or two years,15,19,15,19,100,179.13371790059205,0,100,Percentage MOE exceeds 50% of estimate,Pass
Georgia place,1343892,"Kite city, Georgia",2020-2024,B10050_006,One or two years,0,14,0,14,NA,NA,NA,NA,Missing input or nonpositive denominator,Pass
Georgia place,1344060,"Knoxville CDP, Georgia",2020-2024,B10050_006,One or two years,0,14,0,14,NA,NA,NA,NA,Missing input or nonpositive denominator,Pass
Georgia place,1344312,"LaFayette city, Georgia",2020-2024,B10050_006,One or two years,0,20,160,166,0,12.5,0,12.5,Unavailable MOE or zero percentage,Pass
Georgia place,1344508,"Lake City city, Georgia",2020-2024,B10050_006,One or two years,6,8,11,14,54.54545454545454,21.677482724965305,32.86797182048923,76.22293727041985,Caregiver count MOE exceeds 50% of estimate,Pass
Georgia place,1344592,"Lakeland city, Georgia",2020-2024,B10050_006,One or two years,0,14,61,59,0,22.950819672131143,0,22.950819672131143,Unavailable MOE or zero percentage,Pass
Georgia place,1344704,"Lake Park city, Georgia",2020-2024,B10050_006,One or two years,0,14,0,14,NA,NA,NA,NA,Missing input or nonpositive denominator,Pass
Georgia place,1344900,"Lakeview CDP, Georgia",2020-2024,B10050_006,One or two years,11,18,62,75,17.741935483870968,19.551310962101695,0,37.29324644597266,Percentage MOE exceeds 50% of estimate,Pass
Georgia place,1344956,"Lakeview Estates CDP, Georgia",2020-2024,B10050_006,One or two years,0,14,45,79,0,31.11111111111111,0,31.11111111111111,Unavailable MOE or zero percentage,Pass
Georgia place,1345460,"Lavonia city, Georgia",2020-2024,B10050_006,One or two years,0,14,0,14,NA,NA,NA,NA,Missing input or nonpositive denominator,Pass
Georgia place,1345488,"Lawrenceville city, Georgia",2020-2024,B10050_006,One or two years,93,75,181,118,51.38121546961326,24.39101814645152,26.99019732316174,75.77223361606478,Caregiver count MOE exceeds 50% of estimate,Pass
Georgia place,1345600,"Leary city, Georgia",2020-2024,B10050_006,One or two years,0,14,3,6,0,466.6666666666667,0,100,Unavailable MOE or zero percentage,Pass
Georgia place,1345768,"Leesburg city, Georgia",2020-2024,B10050_006,One or two years,0,14,99,121,0,14.14141414141414,0,14.14141414141414,Unavailable MOE or zero percentage,Pass
Georgia place,1345936,"Lenox town, Georgia",2020-2024,B10050_006,One or two years,0,14,0,14,NA,NA,NA,NA,Missing input or nonpositive denominator,Pass
Georgia place,1346020,"Leslie city, Georgia",2020-2024,B10050_006,One or two years,0,14,1,3,0,1400,0,100,Unavailable MOE or zero percentage,Pass
Georgia place,1346188,"Lexington city, Georgia",2020-2024,B10050_006,One or two years,0,14,0,14,NA,NA,NA,NA,Missing input or nonpositive denominator,Pass
Georgia place,1346356,"Lilburn city, Georgia",2020-2024,B10050_006,One or two years,0,23,20,29,0,115,0,100,Unavailable MOE or zero percentage,Pass
Georgia place,1346384,"Lilly city, Georgia",2020-2024,B10050_006,One or two years,0,14,3,5,0,466.6666666666667,0,100,Unavailable MOE or zero percentage,Pass
Georgia place,1346524,"Lincoln Park CDP, Georgia",2020-2024,B10050_006,One or two years,0,14,0,14,NA,NA,NA,NA,Missing input or nonpositive denominator,Pass
Georgia place,1346552,"Lincolnton city, Georgia",2020-2024,B10050_006,One or two years,0,14,3,6,0,466.6666666666667,0,100,Unavailable MOE or zero percentage,Pass
Georgia place,1346580,"Lindale CDP, Georgia",2020-2024,B10050_006,One or two years,11,19,40,45,27.500000000000004,36.043322457148705,0,63.543322457148705,Percentage MOE exceeds 50% of estimate,Pass
Georgia place,1346832,"Lithia Springs CDP, Georgia",2020-2024,B10050_006,One or two years,0,23,58,74,0,39.6551724137931,0,39.6551724137931,Unavailable MOE or zero percentage,Pass
Georgia place,1346860,"Lithonia city, Georgia",2020-2024,B10050_006,One or two years,25,33,62,51,40.32258064516129,41.62730047199525,0,81.94988111715654,Percentage MOE exceeds 50% of estimate,Pass
Georgia place,1347140,"Locust Grove city, Georgia",2020-2024,B10050_006,One or two years,139,126,215,143,64.65116279069767,39.81781794614037,24.833344844557296,100,Percentage MOE exceeds 50% of estimate,Pass
Georgia place,1347196,"Loganville city, Georgia",2020-2024,B10050_006,One or two years,0,23,50,57,0,46,0,46,Unavailable MOE or zero percentage,Pass
Georgia place,1347252,"Lone Oak town, Georgia",2020-2024,B10050_006,One or two years,33,37,33,37,100,158.56333881152884,0,100,Percentage MOE exceeds 50% of estimate,Pass
Georgia place,1347336,"Lookout Mountain city, Georgia",2020-2024,B10050_006,One or two years,0,14,0,14,NA,NA,NA,NA,Missing input or nonpositive denominator,Pass
Georgia place,1347560,"Louisville city, Georgia",2020-2024,B10050_006,One or two years,0,14,12,18,0,116.66666666666669,0,100,Unavailable MOE or zero percentage,Pass
Georgia place,1347616,"Lovejoy city, Georgia",2020-2024,B10050_006,One or two years,37,52,116,87,31.896551724137932,37.91082435727658,0,69.80737608141452,Percentage MOE exceeds 50% of estimate,Pass
Georgia place,1347784,"Ludowici city, Georgia",2020-2024,B10050_006,One or two years,0,14,21,24,0,66.66666666666666,0,66.66666666666666,Unavailable MOE or zero percentage,Pass
Georgia place,1347896,"Lula city, Georgia",2020-2024,B10050_006,One or two years,0,14,43,38,0,32.55813953488372,0,32.55813953488372,Unavailable MOE or zero percentage,Pass
Georgia place,1347952,"Lumber City city, Georgia",2020-2024,B10050_006,One or two years,0,14,2,3,0,700,0,100,Unavailable MOE or zero percentage,Pass
Georgia place,1347980,"Lumpkin city, Georgia",2020-2024,B10050_006,One or two years,0,14,0,14,NA,NA,NA,NA,Missing input or nonpositive denominator,Pass
Georgia place,1348008,"Luthersville city, Georgia",2020-2024,B10050_006,One or two years,0,14,7,13,0,200,0,100,Unavailable MOE or zero percentage,Pass
Georgia place,1348092,"Lyerly town, Georgia",2020-2024,B10050_006,One or two years,0,14,5,6,0,280,0,100,Unavailable MOE or zero percentage,Pass
Georgia place,1348232,"Lyons city, Georgia",2020-2024,B10050_006,One or two years,33,60,85,98,38.82352941176471,54.5814056944601,0,93.4049351062248,Percentage MOE exceeds 50% of estimate,Pass
Georgia place,1348428,"McCaysville city, Georgia",2020-2024,B10050_006,One or two years,0,14,32,41,0,43.75,0,43.75,Unavailable MOE or zero percentage,Pass
Georgia place,1348624,"McDonough city, Georgia",2020-2024,B10050_006,One or two years,7,15,203,155,3.4482758620689653,6.904162199049287,0,10.352438061118251,Percentage MOE exceeds 50% of estimate,Pass
Georgia place,1348848,"McIntyre town, Georgia",2020-2024,B10050_006,One or two years,0,14,0,14,NA,NA,NA,NA,Missing input or nonpositive denominator,Pass
Georgia place,1349100,"McRae-Helena city, Georgia",2020-2024,B10050_006,One or two years,0,20,33,43,0,60.60606060606061,0,60.60606060606061,Unavailable MOE or zero percentage,Pass
Georgia place,1349196,"Madison city, Georgia",2020-2024,B10050_006,One or two years,0,14,0,14,NA,NA,NA,NA,Missing input or nonpositive denominator,Pass
Georgia place,1349504,"Manassas city, Georgia",2020-2024,B10050_006,One or two years,0,14,0,14,NA,NA,NA,NA,Missing input or nonpositive denominator,Pass
Georgia place,1349532,"Manchester city, Georgia",2020-2024,B10050_006,One or two years,0,14,17,18,0,82.35294117647058,0,82.35294117647058,Unavailable MOE or zero percentage,Pass
Georgia place,1349588,"Manor CDP, Georgia",2020-2024,B10050_006,One or two years,0,14,0,14,NA,NA,NA,NA,Missing input or nonpositive denominator,Pass
Georgia place,1349616,"Mansfield city, Georgia",2020-2024,B10050_006,One or two years,0,14,0,14,NA,NA,NA,NA,Missing input or nonpositive denominator,Pass
Georgia place,1349924,"Marshallville city, Georgia",2020-2024,B10050_006,One or two years,0,14,11,17,0,127.27272727272728,0,100,Unavailable MOE or zero percentage,Pass
Georgia place,1350008,"Martin town, Georgia",2020-2024,B10050_006,One or two years,0,14,0,14,NA,NA,NA,NA,Missing input or nonpositive denominator,Pass
Georgia place,1350036,"Martinez CDP, Georgia",2020-2024,B10050_006,One or two years,34,39,214,115,15.887850467289718,16.100619929221367,0,31.988470396511083,Percentage MOE exceeds 50% of estimate,Pass
Georgia place,1350176,"Matthews CDP, Georgia",2020-2024,B10050_006,One or two years,0,14,0,14,NA,NA,NA,NA,Missing input or nonpositive denominator,Pass
Georgia place,1350260,"Maxeys town, Georgia",2020-2024,B10050_006,One or two years,0,14,0,14,NA,NA,NA,NA,Missing input or nonpositive denominator,Pass
Georgia place,1350484,"Maysville town, Georgia",2020-2024,B10050_006,One or two years,11,16,22,22,50,52.813409266464774,0,100,Percentage MOE exceeds 50% of estimate,Pass
Georgia place,1350596,"Meansville city, Georgia",2020-2024,B10050_006,One or two years,0,14,13,23,0,107.6923076923077,0,100,Unavailable MOE or zero percentage,Pass
Georgia place,1350680,"Meigs city, Georgia",2020-2024,B10050_006,One or two years,3,5,38,31,7.894736842105263,11.473921959039185,0,19.368658801144445,Percentage MOE exceeds 50% of estimate,Pass
Georgia place,1350820,"Mendes CDP, Georgia",2020-2024,B10050_006,One or two years,0,14,0,14,NA,NA,NA,NA,Missing input or nonpositive denominator,Pass
Georgia place,1350848,"Menlo city, Georgia",2020-2024,B10050_006,One or two years,0,14,4,7,0,350,0,100,Unavailable MOE or zero percentage,Pass
Georgia place,1350960,"Mershon CDP, Georgia",2020-2024,B10050_006,One or two years,0,14,0,14,NA,NA,NA,NA,Missing input or nonpositive denominator,Pass
Georgia place,1351072,"Metter city, Georgia",2020-2024,B10050_006,One or two years,0,14,34,36,0,41.17647058823529,0,41.17647058823529,Unavailable MOE or zero percentage,Pass
Georgia place,1351240,"Midville city, Georgia",2020-2024,B10050_006,One or two years,0,14,2,4,0,700,0,100,Unavailable MOE or zero percentage,Pass
Georgia place,1351352,"Midway city, Georgia",2020-2024,B10050_006,One or two years,0,14,5,8,0,280,0,100,Unavailable MOE or zero percentage,Pass
Georgia place,1351408,"Milan city, Georgia",2020-2024,B10050_006,One or two years,2,6,10,13,20,54.07402333838309,0,74.07402333838309,Percentage MOE exceeds 50% of estimate,Pass
Georgia place,1351492,"Milledgeville city, Georgia",2020-2024,B10050_006,One or two years,70,98,70,98,100,197.98989873223331,0,100,Percentage MOE exceeds 50% of estimate,Pass
Georgia place,1351520,"Millen city, Georgia",2020-2024,B10050_006,One or two years,0,14,29,47,0,48.27586206896552,0,48.27586206896552,Unavailable MOE or zero percentage,Pass
Georgia place,1351576,"Millwood CDP, Georgia",2020-2024,B10050_006,One or two years,0,14,0,14,NA,NA,NA,NA,Missing input or nonpositive denominator,Pass
Georgia place,1351604,"Milner city, Georgia",2020-2024,B10050_006,One or two years,0,14,0,14,NA,NA,NA,NA,Missing input or nonpositive denominator,Pass
Georgia place,1351660,"Milstead CDP, Georgia",2020-2024,B10050_006,One or two years,0,14,0,14,NA,NA,NA,NA,Missing input or nonpositive denominator,Pass
Georgia place,1351670,"Milton city, Georgia",2020-2024,B10050_006,One or two years,26,33,71,61,36.61971830985916,34.21151106902084,2.4082072408383226,70.83122937888,Percentage MOE exceeds 50% of estimate,Pass
Georgia place,1351744,"Mineral Bluff CDP, Georgia",2020-2024,B10050_006,One or two years,0,14,0,14,NA,NA,NA,NA,Missing input or nonpositive denominator,Pass
Georgia place,1351968,"Mitchell town, Georgia",2020-2024,B10050_006,One or two years,0,14,0,14,NA,NA,NA,NA,Missing input or nonpositive denominator,Pass
Georgia place,1352108,"Molena city, Georgia",2020-2024,B10050_006,One or two years,0,14,7,10,0,200,0,100,Unavailable MOE or zero percentage,Pass
Georgia place,1352192,"Monroe city, Georgia",2020-2024,B10050_006,One or two years,0,23,232,131,0,9.913793103448276,0,9.913793103448276,Unavailable MOE or zero percentage,Pass
Georgia place,1352304,"Montezuma city, Georgia",2020-2024,B10050_006,One or two years,0,14,113,84,0,12.389380530973453,0,12.389380530973453,Unavailable MOE or zero percentage,Pass
Georgia place,1352332,"Montgomery CDP, Georgia",2020-2024,B10050_006,One or two years,0,14,0,14,NA,NA,NA,NA,Missing input or nonpositive denominator,Pass
Georgia place,1352416,"Monticello city, Georgia",2020-2024,B10050_006,One or two years,32,32,36,34,88.88888888888889,29.215208805430205,59.67368008345868,100,Caregiver count MOE exceeds 50% of estimate,Pass
Georgia place,1352500,"Montrose town, Georgia",2020-2024,B10050_006,One or two years,0,14,0,14,NA,NA,NA,NA,Missing input or nonpositive denominator,Pass
Georgia place,1352556,"Moody AFB CDP, Georgia",2020-2024,B10050_006,One or two years,0,14,0,14,NA,NA,NA,NA,Missing input or nonpositive denominator,Pass
Georgia place,1352668,"Moreland town, Georgia",2020-2024,B10050_006,One or two years,0,14,13,19,0,107.6923076923077,0,100,Unavailable MOE or zero percentage,Pass
Georgia place,1352696,"Morgan city, Georgia",2020-2024,B10050_006,One or two years,0,14,0,14,NA,NA,NA,NA,Missing input or nonpositive denominator,Pass
Georgia place,1352724,"Morganton city, Georgia",2020-2024,B10050_006,One or two years,1,2,3,5,33.33333333333333,36.85138655950445,0,70.18471989283778,Percentage MOE exceeds 50% of estimate,Pass
Georgia place,1353004,"Morrow city, Georgia",2020-2024,B10050_006,One or two years,0,20,11,21,0,181.8181818181818,0,100,Unavailable MOE or zero percentage,Pass
Georgia place,1353032,"Morven city, Georgia",2020-2024,B10050_006,One or two years,2,6,2,6,100,424.2640687119285,0,100,Percentage MOE exceeds 50% of estimate,Pass
Georgia place,1353060,"Moultrie city, Georgia",2020-2024,B10050_006,One or two years,9,18,196,111,4.591836734693878,8.807801515362527,0,13.399638250056404,Percentage MOE exceeds 50% of estimate,Pass
Georgia place,1353116,"Mountain City town, Georgia",2020-2024,B10050_006,One or two years,0,14,0,14,NA,NA,NA,NA,Missing input or nonpositive denominator,Pass
Georgia place,1353172,"Mountain Park city, Georgia",2020-2024,B10050_006,One or two years,3,5,3,5,100,235.70226039551585,0,100,Percentage MOE exceeds 50% of estimate,Pass
Georgia place,1353186,"Mountain Park CDP, Georgia",2020-2024,B10050_006,One or two years,0,23,70,68,0,32.857142857142854,0,32.857142857142854,Unavailable MOE or zero percentage,Pass
Georgia place,1353284,"Mount Airy town, Georgia",2020-2024,B10050_006,One or two years,16,24,74,58,21.62162162162162,27.652718352270774,0,49.2743399738924,Percentage MOE exceeds 50% of estimate,Pass
Georgia place,1353508,"Mount Vernon city, Georgia",2020-2024,B10050_006,One or two years,12,20,29,37,41.37931034482759,44.3734745862187,0,85.75278493104628,Percentage MOE exceeds 50% of estimate,Pass
Georgia place,1353620,"Mount Zion city, Georgia",2020-2024,B10050_006,One or two years,0,14,41,54,0,34.146341463414636,0,34.146341463414636,Unavailable MOE or zero percentage,Pass
Georgia place,1354012,"Musella CDP, Georgia",2020-2024,B10050_006,One or two years,0,14,0,14,NA,NA,NA,NA,Missing input or nonpositive denominator,Pass
Georgia place,1354124,"Nahunta city, Georgia",2020-2024,B10050_006,One or two years,0,14,24,22,0,58.333333333333336,0,58.333333333333336,Unavailable MOE or zero percentage,Pass
Georgia place,1354264,"Nashville city, Georgia",2020-2024,B10050_006,One or two years,25,41,27,42,92.5925925925926,48.09888091743571,44.49371167515689,100,Percentage MOE exceeds 50% of estimate,Pass
Georgia place,1354404,"Naylor CDP, Georgia",2020-2024,B10050_006,One or two years,0,14,0,14,NA,NA,NA,NA,Missing input or nonpositive denominator,Pass
Georgia place,1354572,"Nelson city, Georgia",2020-2024,B10050_006,One or two years,0,14,14,23,0,100,0,100,Unavailable MOE or zero percentage,Pass
Georgia place,1354656,"Newborn town, Georgia",2020-2024,B10050_006,One or two years,0,14,15,23,0,93.33333333333331,0,93.33333333333331,Unavailable MOE or zero percentage,Pass
Georgia place,1354768,"New England CDP, Georgia",2020-2024,B10050_006,One or two years,0,14,0,14,NA,NA,NA,NA,Missing input or nonpositive denominator,Pass
Georgia place,1354992,"Newington town, Georgia",2020-2024,B10050_006,One or two years,0,14,4,6,0,350,0,100,Unavailable MOE or zero percentage,Pass
Georgia place,1355020,"Newnan city, Georgia",2020-2024,B10050_006,One or two years,49,76,623,316,7.865168539325842,11.528279448511933,0,19.393447987837774,Percentage MOE exceeds 50% of estimate,Pass
Georgia place,1355244,"Newton city, Georgia",2020-2024,B10050_006,One or two years,10,15,10,15,100,212.1320343559643,0,100,Percentage MOE exceeds 50% of estimate,Pass
Georgia place,1355440,"Nicholls city, Georgia",2020-2024,B10050_006,One or two years,0,14,4,5,0,350,0,100,Unavailable MOE or zero percentage,Pass
Georgia place,1355468,"Nicholson city, Georgia",2020-2024,B10050_006,One or two years,6,10,65,60,9.230769230769232,12.80952343454183,0,22.040292665311064,Percentage MOE exceeds 50% of estimate,Pass
Georgia place,1355776,"Norcross city, Georgia",2020-2024,B10050_006,One or two years,0,23,59,94,0,38.983050847457626,0,38.983050847457626,Unavailable MOE or zero percentage,Pass
Georgia place,1355860,"Norman Park city, Georgia",2020-2024,B10050_006,One or two years,0,14,3,5,0,466.6666666666667,0,100,Unavailable MOE or zero percentage,Pass
Georgia place,1355944,"Norristown CDP, Georgia",2020-2024,B10050_006,One or two years,0,14,0,14,NA,NA,NA,NA,Missing input or nonpositive denominator,Pass
Georgia place,1356112,"North Decatur CDP, Georgia",2020-2024,B10050_006,One or two years,0,23,0,23,NA,NA,NA,NA,Missing input or nonpositive denominator,Pass
Georgia place,1356168,"North Druid Hills CDP, Georgia",2020-2024,B10050_006,One or two years,0,23,30,44,0,76.66666666666667,0,76.66666666666667,Unavailable MOE or zero percentage,Pass
Georgia place,1356308,"North High Shoals town, Georgia",2020-2024,B10050_006,One or two years,0,14,2,3,0,700,0,100,Unavailable MOE or zero percentage,Pass
Georgia place,1356560,"Norwood city, Georgia",2020-2024,B10050_006,One or two years,0,14,0,14,NA,NA,NA,NA,Missing input or nonpositive denominator,Pass
Georgia place,1356644,"Nunez city, Georgia",2020-2024,B10050_006,One or two years,0,14,0,14,NA,NA,NA,NA,Missing input or nonpositive denominator,Pass
Georgia place,1357232,"Oak Park town, Georgia",2020-2024,B10050_006,One or two years,0,14,3,5,0,466.6666666666667,0,100,Unavailable MOE or zero percentage,Pass
Georgia place,1357260,"Oakwood city, Georgia",2020-2024,B10050_006,One or two years,37,86,144,150,25.694444444444443,53.38891386718417,0,79.08335831162861,Percentage MOE exceeds 50% of estimate,Pass
Georgia place,1357372,"Ochlocknee town, Georgia",2020-2024,B10050_006,One or two years,0,14,13,17,0,107.6923076923077,0,100,Unavailable MOE or zero percentage,Pass
Georgia place,1357428,"Ocilla city, Georgia",2020-2024,B10050_006,One or two years,0,14,52,84,0,26.923076923076923,0,26.923076923076923,Unavailable MOE or zero percentage,Pass
Georgia place,1357456,"Oconee city, Georgia",2020-2024,B10050_006,One or two years,8,13,21,35,38.095238095238095,88.67604903786298,0,100,Percentage MOE exceeds 50% of estimate,Pass
Georgia place,1357540,"Odum city, Georgia",2020-2024,B10050_006,One or two years,0,14,0,14,NA,NA,NA,NA,Missing input or nonpositive denominator,Pass
Georgia place,1357568,"Offerman city, Georgia",2020-2024,B10050_006,One or two years,10,16,11,16,90.9090909090909,60.59604224734997,30.313048661740936,100,Percentage MOE exceeds 50% of estimate,Pass
Georgia place,1357736,"Oglethorpe city, Georgia",2020-2024,B10050_006,One or two years,0,14,0,14,NA,NA,NA,NA,Missing input or nonpositive denominator,Pass
Georgia place,1357876,"Ohoopee CDP, Georgia",2020-2024,B10050_006,One or two years,0,14,0,14,NA,NA,NA,NA,Missing input or nonpositive denominator,Pass
Georgia place,1358100,"Oliver city, Georgia",2020-2024,B10050_006,One or two years,0,14,1,4,0,1400,0,100,Unavailable MOE or zero percentage,Pass
Georgia place,1358184,"Omega city, Georgia",2020-2024,B10050_006,One or two years,0,14,0,14,NA,NA,NA,NA,Missing input or nonpositive denominator,Pass
Georgia place,1358296,"Orchard Hill town, Georgia",2020-2024,B10050_006,One or two years,0,14,0,14,NA,NA,NA,NA,Missing input or nonpositive denominator,Pass
Georgia place,1358744,"Oxford city, Georgia",2020-2024,B10050_006,One or two years,0,14,28,39,0,50,0,50,Unavailable MOE or zero percentage,Pass
Georgia place,1358884,"Palmetto city, Georgia",2020-2024,B10050_006,One or two years,154,191,154,191,100,175.3992145540657,0,100,Percentage MOE exceeds 50% of estimate,Pass
Georgia place,1359080,"Panthersville CDP, Georgia",2020-2024,B10050_006,One or two years,6,10,46,43,13.043478260869565,17.997916950631826,0,31.04139521150139,Percentage MOE exceeds 50% of estimate,Pass
Georgia place,1359416,"Parrott town, Georgia",2020-2024,B10050_006,One or two years,0,14,0,14,NA,NA,NA,NA,Missing input or nonpositive denominator,Pass
Georgia place,1359500,"Patterson city, Georgia",2020-2024,B10050_006,One or two years,0,14,6,9,0,233.33333333333337,0,100,Unavailable MOE or zero percentage,Pass
Georgia place,1359556,"Pavo city, Georgia",2020-2024,B10050_006,One or two years,6,12,6,12,100,282.84271247461896,0,100,Percentage MOE exceeds 50% of estimate,Pass
Georgia place,1359724,"Peachtree City city, Georgia",2020-2024,B10050_006,One or two years,0,30,126,114,0,23.809523809523807,0,23.809523809523807,Unavailable MOE or zero percentage,Pass
Georgia place,1359735,"Peachtree Corners city, Georgia",2020-2024,B10050_006,One or two years,0,30,91,87,0,32.967032967032964,0,32.967032967032964,Unavailable MOE or zero percentage,Pass
Georgia place,1359808,"Pearson city, Georgia",2020-2024,B10050_006,One or two years,15,28,15,28,100,263.98653164297775,0,100,Percentage MOE exceeds 50% of estimate,Pass
Georgia place,1359976,"Pelham city, Georgia",2020-2024,B10050_006,One or two years,17,27,39,37,43.58974358974359,55.52220559872059,0,99.11194918846418,Percentage MOE exceeds 50% of estimate,Pass
Georgia place,1360004,"Pembroke city, Georgia",2020-2024,B10050_006,One or two years,0,14,33,34,0,42.42424242424242,0,42.42424242424242,Unavailable MOE or zero percentage,Pass
Georgia place,1360032,"Pendergrass town, Georgia",2020-2024,B10050_006,One or two years,0,14,0,14,NA,NA,NA,NA,Missing input or nonpositive denominator,Pass
Georgia place,1360312,"Perkins CDP, Georgia",2020-2024,B10050_006,One or two years,0,14,0,14,NA,NA,NA,NA,Missing input or nonpositive denominator,Pass
Georgia place,1360340,"Perry city, Georgia",2020-2024,B10050_006,One or two years,7,11,120,124,5.833333333333333,6.906060587593058,0,12.739393920926393,Percentage MOE exceeds 50% of estimate,Pass
Georgia place,1360508,"Phillipsburg CDP, Georgia",2020-2024,B10050_006,One or two years,0,14,0,14,NA,NA,NA,NA,Missing input or nonpositive denominator,Pass
Georgia place,1360984,"Pinehurst city, Georgia",2020-2024,B10050_006,One or two years,14,31,14,31,100,313.1472888111853,0,100,Percentage MOE exceeds 50% of estimate,Pass
Georgia place,1361040,"Pine Lake city, Georgia",2020-2024,B10050_006,One or two years,0,14,0,14,NA,NA,NA,NA,Missing input or nonpositive denominator,Pass
Georgia place,1361124,"Pine Mountain town, Georgia",2020-2024,B10050_006,One or two years,0,14,11,16,0,127.27272727272728,0,100,Unavailable MOE or zero percentage,Pass
Georgia place,1361320,"Pineview town, Georgia",2020-2024,B10050_006,One or two years,0,14,0,14,NA,NA,NA,NA,Missing input or nonpositive denominator,Pass
Georgia place,1361376,"Piney Grove CDP, Georgia",2020-2024,B10050_006,One or two years,0,14,0,14,NA,NA,NA,NA,Missing input or nonpositive denominator,Pass
Georgia place,1361544,"Pitts city, Georgia",2020-2024,B10050_006,One or two years,0,14,0,14,NA,NA,NA,NA,Missing input or nonpositive denominator,Pass
Georgia place,1361628,"Plains city, Georgia",2020-2024,B10050_006,One or two years,0,14,5,9,0,280,0,100,Unavailable MOE or zero percentage,Pass
Georgia place,1361684,"Plainville city, Georgia",2020-2024,B10050_006,One or two years,0,14,0,14,NA,NA,NA,NA,Missing input or nonpositive denominator,Pass
Georgia place,1362104,"Pooler city, Georgia",2020-2024,B10050_006,One or two years,27,41,107,99,25.233644859813083,30.38366814219964,0,55.61731300201272,Percentage MOE exceeds 50% of estimate,Pass
Georgia place,1362216,"Portal town, Georgia",2020-2024,B10050_006,One or two years,5,8,5,8,100,226.2741699796952,0,100,Percentage MOE exceeds 50% of estimate,Pass
Georgia place,1362244,"Porterdale city, Georgia",2020-2024,B10050_006,One or two years,0,14,15,32,0,93.33333333333331,0,93.33333333333331,Unavailable MOE or zero percentage,Pass
Georgia place,1362328,"Port Wentworth city, Georgia",2020-2024,B10050_006,One or two years,0,23,128,144,0,17.96875,0,17.96875,Unavailable MOE or zero percentage,Pass
Georgia place,1362496,"Poulan city, Georgia",2020-2024,B10050_006,One or two years,0,14,13,21,0,107.6923076923077,0,100,Unavailable MOE or zero percentage,Pass
Georgia place,1362524,"Powder Springs city, Georgia",2020-2024,B10050_006,One or two years,12,21,135,101,8.88888888888889,14.062363669530212,0,22.9512525584191,Percentage MOE exceeds 50% of estimate,Pass
Georgia place,1363000,"Pulaski town, Georgia",2020-2024,B10050_006,One or two years,0,14,0,14,NA,NA,NA,NA,Missing input or nonpositive denominator,Pass
Georgia place,1363084,"Putney CDP, Georgia",2020-2024,B10050_006,One or two years,0,14,0,14,NA,NA,NA,NA,Missing input or nonpositive denominator,Pass
Georgia place,1363224,"Quitman city, Georgia",2020-2024,B10050_006,One or two years,16,26,33,35,48.48484848484848,59.69230752112134,0,100,Percentage MOE exceeds 50% of estimate,Pass
Georgia place,1363560,"Ranger CDP, Georgia",2020-2024,B10050_006,One or two years,0,14,0,14,NA,NA,NA,NA,Missing input or nonpositive denominator,Pass
Georgia place,1363588,"Raoul CDP, Georgia",2020-2024,B10050_006,One or two years,0,14,1,3,0,1400,0,100,Unavailable MOE or zero percentage,Pass
Georgia place,1363728,"Ray City city, Georgia",2020-2024,B10050_006,One or two years,0,14,32,26,0,43.75,0,43.75,Unavailable MOE or zero percentage,Pass
Georgia place,1363756,"Rayle town, Georgia",2020-2024,B10050_006,One or two years,0,14,0,14,NA,NA,NA,NA,Missing input or nonpositive denominator,Pass
Georgia place,1363840,"Rebecca town, Georgia",2020-2024,B10050_006,One or two years,0,14,0,14,NA,NA,NA,NA,Missing input or nonpositive denominator,Pass
Georgia place,1363952,"Redan CDP, Georgia",2020-2024,B10050_006,One or two years,0,30,245,136,0,12.244897959183673,0,12.244897959183673,Unavailable MOE or zero percentage,Pass
Georgia place,1364288,"Reed Creek CDP, Georgia",2020-2024,B10050_006,One or two years,0,14,17,37,0,82.35294117647058,0,82.35294117647058,Unavailable MOE or zero percentage,Pass
Georgia place,1364372,"Register town, Georgia",2020-2024,B10050_006,One or two years,0,14,0,14,NA,NA,NA,NA,Missing input or nonpositive denominator,Pass
Georgia place,1364512,"Reidsville city, Georgia",2020-2024,B10050_006,One or two years,36,59,36,59,100,231.77388938892395,0,100,Percentage MOE exceeds 50% of estimate,Pass
Georgia place,1364596,"Remerton city, Georgia",2020-2024,B10050_006,One or two years,0,14,0,14,NA,NA,NA,NA,Missing input or nonpositive denominator,Pass
Georgia place,1364680,"Rentz city, Georgia",2020-2024,B10050_006,One or two years,0,14,9,16,0,155.55555555555557,0,100,Unavailable MOE or zero percentage,Pass
Georgia place,1364736,"Resaca town, Georgia",2020-2024,B10050_006,One or two years,11,21,11,21,100,269.9862255439545,0,100,Percentage MOE exceeds 50% of estimate,Pass
Georgia place,1364792,"Rest Haven town, Georgia",2020-2024,B10050_006,One or two years,0,14,0,14,NA,NA,NA,NA,Missing input or nonpositive denominator,Pass
Georgia place,1364876,"Reynolds city, Georgia",2020-2024,B10050_006,One or two years,0,14,11,20,0,127.27272727272728,0,100,Unavailable MOE or zero percentage,Pass
Georgia place,1364932,"Rhine town, Georgia",2020-2024,B10050_006,One or two years,0,14,0,14,NA,NA,NA,NA,Missing input or nonpositive denominator,Pass
Georgia place,1364960,"Riceboro city, Georgia",2020-2024,B10050_006,One or two years,0,14,14,19,0,100,0,100,Unavailable MOE or zero percentage,Pass
Georgia place,1365016,"Richland city, Georgia",2020-2024,B10050_006,One or two years,10,13,10,13,100,183.84776310850236,0,100,Percentage MOE exceeds 50% of estimate,Pass
Georgia place,1365044,"Richmond Hill city, Georgia",2020-2024,B10050_006,One or two years,0,23,38,38,0,60.526315789473685,0,60.526315789473685,Unavailable MOE or zero percentage,Pass
Georgia place,1365156,"Riddleville town, Georgia",2020-2024,B10050_006,One or two years,0,14,4,8,0,350,0,100,Unavailable MOE or zero percentage,Pass
Georgia place,1365296,"Rincon city, Georgia",2020-2024,B10050_006,One or two years,0,23,10,19,0,229.99999999999997,0,100,Unavailable MOE or zero percentage,Pass
Georgia place,1365324,"Ringgold city, Georgia",2020-2024,B10050_006,One or two years,0,14,39,53,0,35.8974358974359,0,35.8974358974359,Unavailable MOE or zero percentage,Pass
Georgia place,1365464,"Riverdale city, Georgia",2020-2024,B10050_006,One or two years,63,96,120,117,52.5,61.48040211116059,0,100,Percentage MOE exceeds 50% of estimate,Pass
Georgia place,1365856,"Roberta city, Georgia",2020-2024,B10050_006,One or two years,0,14,7,10,0,200,0,100,Unavailable MOE or zero percentage,Pass
Georgia place,1365968,"Robins AFB CDP, Georgia",2020-2024,B10050_006,One or two years,0,14,0,14,NA,NA,NA,NA,Missing input or nonpositive denominator,Pass
Georgia place,1366024,"Rochelle city, Georgia",2020-2024,B10050_006,One or two years,18,18,38,29,47.368421052631575,30.610044991766785,16.75837606086479,77.97846604439836,Percentage MOE exceeds 50% of estimate,Pass
Georgia place,1366220,"Rockingham CDP, Georgia",2020-2024,B10050_006,One or two years,0,14,0,14,NA,NA,NA,NA,Missing input or nonpositive denominator,Pass
Georgia place,1366276,"Rockmart city, Georgia",2020-2024,B10050_006,One or two years,0,20,49,79,0,40.81632653061224,0,40.81632653061224,Unavailable MOE or zero percentage,Pass
Georgia place,1366304,"Rock Spring CDP, Georgia",2020-2024,B10050_006,One or two years,0,14,0,14,NA,NA,NA,NA,Missing input or nonpositive denominator,Pass
Georgia place,1366444,"Rocky Ford town, Georgia",2020-2024,B10050_006,One or two years,0,14,5,7,0,280,0,100,Unavailable MOE or zero percentage,Pass
Georgia place,1366668,"Rome city, Georgia",2020-2024,B10050_006,One or two years,8,13,253,186,3.1620553359683794,4.582404625806256,0,7.744459961774636,Percentage MOE exceeds 50% of estimate,Pass
Georgia place,1366696,"Roopville town, Georgia",2020-2024,B10050_006,One or two years,0,14,9,17,0,155.55555555555557,0,100,Unavailable MOE or zero percentage,Pass
Georgia place,1367256,"Rossville city, Georgia",2020-2024,B10050_006,One or two years,25,39,25,39,100,220.6173157302028,0,100,Percentage MOE exceeds 50% of estimate,Pass
Georgia place,1367284,"Roswell city, Georgia",2020-2024,B10050_006,One or two years,102,127,207,147,49.275362318840585,50.39506985095834,0,99.67043216979891,Percentage MOE exceeds 50% of estimate,Pass
Georgia place,1367452,"Royston city, Georgia",2020-2024,B10050_006,One or two years,2,6,2,6,100,424.2640687119285,0,100,Percentage MOE exceeds 50% of estimate,Pass
Georgia place,1367676,"Russell CDP, Georgia",2020-2024,B10050_006,One or two years,0,14,0,14,NA,NA,NA,NA,Missing input or nonpositive denominator,Pass
Georgia place,1367760,"Rutledge city, Georgia",2020-2024,B10050_006,One or two years,3,7,5,8,60,101.90191362285596,0,100,Percentage MOE exceeds 50% of estimate,Pass
Georgia place,1367984,"St. Marys city, Georgia",2020-2024,B10050_006,One or two years,25,38,127,108,19.68503937007874,24.800263499604565,0,44.48530286968331,Percentage MOE exceeds 50% of estimate,Pass
Georgia place,1368040,"St. Simons CDP, Georgia",2020-2024,B10050_006,One or two years,9,15,35,34,25.71428571428571,34.82462757227547,0,60.53891328656118,Percentage MOE exceeds 50% of estimate,Pass
Georgia place,1368096,"Sale City city, Georgia",2020-2024,B10050_006,One or two years,0,14,0,14,NA,NA,NA,NA,Missing input or nonpositive denominator,Pass
Georgia place,1368129,"Salem CDP, Georgia",2020-2024,B10050_006,One or two years,0,14,0,14,NA,NA,NA,NA,Missing input or nonpositive denominator,Pass
Georgia place,1368208,"Sandersville city, Georgia",2020-2024,B10050_006,One or two years,61,93,214,120,28.504672897196254,40.41171751665792,0,68.91639041385417,Percentage MOE exceeds 50% of estimate,Pass
Georgia place,1368516,"Sandy Springs city, Georgia",2020-2024,B10050_006,One or two years,5,12,111,92,4.504504504504505,10.145682972291008,0,14.650187476795512,Percentage MOE exceeds 50% of estimate,Pass
Georgia place,1368600,"Santa Claus city, Georgia",2020-2024,B10050_006,One or two years,0,14,0,14,NA,NA,NA,NA,Missing input or nonpositive denominator,Pass
Georgia place,1368740,"Sardis city, Georgia",2020-2024,B10050_006,One or two years,16,24,16,24,100,212.13203435596424,0,100,Percentage MOE exceeds 50% of estimate,Pass
Georgia place,1368796,"Sasser town, Georgia",2020-2024,B10050_006,One or two years,0,14,2,4,0,700,0,100,Unavailable MOE or zero percentage,Pass
Georgia place,1368805,"Satilla CDP, Georgia",2020-2024,B10050_006,One or two years,0,14,0,14,NA,NA,NA,NA,Missing input or nonpositive denominator,Pass
Georgia place,1368880,"Sautee-Nacoochee CDP, Georgia",2020-2024,B10050_006,One or two years,0,14,0,14,NA,NA,NA,NA,Missing input or nonpositive denominator,Pass
Georgia place,1369336,"Scotland city, Georgia",2020-2024,B10050_006,One or two years,0,14,0,14,NA,NA,NA,NA,Missing input or nonpositive denominator,Pass
Georgia place,1369392,"Scottdale CDP, Georgia",2020-2024,B10050_006,One or two years,0,23,101,91,0,22.772277227722775,0,22.772277227722775,Unavailable MOE or zero percentage,Pass
Georgia place,1369448,"Screven city, Georgia",2020-2024,B10050_006,One or two years,0,14,23,23,0,60.86956521739131,0,60.86956521739131,Unavailable MOE or zero percentage,Pass
Georgia place,1369672,"Senoia city, Georgia",2020-2024,B10050_006,One or two years,0,20,0,20,NA,NA,NA,NA,Missing input or nonpositive denominator,Pass
Georgia place,1369728,"Seville CDP, Georgia",2020-2024,B10050_006,One or two years,0,14,0,14,NA,NA,NA,NA,Missing input or nonpositive denominator,Pass
Georgia place,1369784,"Shady Dale town, Georgia",2020-2024,B10050_006,One or two years,5,8,5,8,100,226.2741699796952,0,100,Percentage MOE exceeds 50% of estimate,Pass
Georgia place,1369868,"Shannon CDP, Georgia",2020-2024,B10050_006,One or two years,60,103,62,103,96.7741935483871,41.85513614039464,54.91905740799246,100,Caregiver count MOE exceeds 50% of estimate,Pass
Georgia place,1369896,"Sharon city, Georgia",2020-2024,B10050_006,One or two years,0,14,1,2,0,1400,0,100,Unavailable MOE or zero percentage,Pass
Georgia place,1369980,"Sharpsburg town, Georgia",2020-2024,B10050_006,One or two years,0,14,2,3,0,700,0,100,Unavailable MOE or zero percentage,Pass
Georgia place,1370120,"Shellman city, Georgia",2020-2024,B10050_006,One or two years,0,14,45,42,0,31.11111111111111,0,31.11111111111111,Unavailable MOE or zero percentage,Pass
Georgia place,1370428,"Shiloh city, Georgia",2020-2024,B10050_006,One or two years,0,14,9,17,0,155.55555555555557,0,100,Unavailable MOE or zero percentage,Pass
Georgia place,1370932,"Siloam town, Georgia",2020-2024,B10050_006,One or two years,0,14,4,6,0,350,0,100,Unavailable MOE or zero percentage,Pass
Georgia place,1371184,"Skidaway Island CDP, Georgia",2020-2024,B10050_006,One or two years,5,9,5,9,100,254.5584412271571,0,100,Percentage MOE exceeds 50% of estimate,Pass
Georgia place,1371282,"Sky Valley city, Georgia",2020-2024,B10050_006,One or two years,0,14,0,14,NA,NA,NA,NA,Missing input or nonpositive denominator,Pass
Georgia place,1371296,"Smarr CDP, Georgia",2020-2024,B10050_006,One or two years,0,14,0,14,NA,NA,NA,NA,Missing input or nonpositive denominator,Pass
Georgia place,1371464,"Smithville city, Georgia",2020-2024,B10050_006,One or two years,0,14,11,23,0,127.27272727272728,0,100,Unavailable MOE or zero percentage,Pass
Georgia place,1371492,"Smyrna city, Georgia",2020-2024,B10050_006,One or two years,101,96,203,118,49.75369458128079,37.41641527946267,12.337279301818114,87.17010986074347,Percentage MOE exceeds 50% of estimate,Pass
Georgia place,1371604,"Snellville city, Georgia",2020-2024,B10050_006,One or two years,93,132,93,132,100,200.7270862723103,0,100,Percentage MOE exceeds 50% of estimate,Pass
Georgia place,1371660,"Social Circle city, Georgia",2020-2024,B10050_006,One or two years,0,20,31,60,0,64.51612903225806,0,64.51612903225806,Unavailable MOE or zero percentage,Pass
Georgia place,1371772,"Soperton city, Georgia",2020-2024,B10050_006,One or two years,0,14,18,23,0,77.77777777777779,0,77.77777777777779,Unavailable MOE or zero percentage,Pass
Georgia place,1372556,"Sparks town, Georgia",2020-2024,B10050_006,One or two years,0,14,19,21,0,73.68421052631578,0,73.68421052631578,Unavailable MOE or zero percentage,Pass
Georgia place,1372584,"Sparta city, Georgia",2020-2024,B10050_006,One or two years,0,14,5,13,0,280,0,100,Unavailable MOE or zero percentage,Pass
Georgia place,1372780,"Springfield city, Georgia",2020-2024,B10050_006,One or two years,0,14,7,11,0,200,0,100,Unavailable MOE or zero percentage,Pass
Georgia place,1373004,"Stapleton city, Georgia",2020-2024,B10050_006,One or two years,0,14,6,8,0,233.33333333333337,0,100,Unavailable MOE or zero percentage,Pass
Georgia place,1373256,"Statesboro city, Georgia",2020-2024,B10050_006,One or two years,9,20,245,157,3.6734693877551026,7.816488614377409,0,11.48995800213251,Percentage MOE exceeds 50% of estimate,Pass
Georgia place,1373312,"Statham city, Georgia",2020-2024,B10050_006,One or two years,0,14,0,14,NA,NA,NA,NA,Missing input or nonpositive denominator,Pass
Georgia place,1373452,"Sterling CDP, Georgia",2020-2024,B10050_006,One or two years,0,14,0,14,NA,NA,NA,NA,Missing input or nonpositive denominator,Pass
Georgia place,1373620,"Stillmore city, Georgia",2020-2024,B10050_006,One or two years,8,13,8,13,100,229.80970388562793,0,100,Percentage MOE exceeds 50% of estimate,Pass
Georgia place,1373760,"Stockton CDP, Georgia",2020-2024,B10050_006,One or two years,0,14,0,14,NA,NA,NA,NA,Missing input or nonpositive denominator,Pass
Georgia place,1373816,"Stone Mountain city, Georgia",2020-2024,B10050_006,One or two years,20,35,20,35,100,247.48737341529164,0,100,Percentage MOE exceeds 50% of estimate,Pass
Georgia place,1374180,"Sugar Hill city, Georgia",2020-2024,B10050_006,One or two years,1,11,63,71,1.5873015873015872,17.36843840132713,0,18.95573998862872,Percentage MOE exceeds 50% of estimate,Pass
Georgia place,1374348,"Summertown city, Georgia",2020-2024,B10050_006,One or two years,0,14,8,17,0,175,0,100,Unavailable MOE or zero percentage,Pass
Georgia place,1374376,"Summerville city, Georgia",2020-2024,B10050_006,One or two years,39,48,103,73,37.86407766990291,38.099683505092855,0,75.96376117499577,Percentage MOE exceeds 50% of estimate,Pass
Georgia place,1374432,"Sumner town, Georgia",2020-2024,B10050_006,One or two years,0,14,0,14,NA,NA,NA,NA,Missing input or nonpositive denominator,Pass
Georgia place,1374572,"Sunny Side CDP, Georgia",2020-2024,B10050_006,One or two years,0,14,5,7,0,280,0,100,Unavailable MOE or zero percentage,Pass
Georgia place,1374628,"Sunnyside CDP, Georgia",2020-2024,B10050_006,One or two years,0,14,0,14,NA,NA,NA,NA,Missing input or nonpositive denominator,Pass
Georgia place,1374768,"Sunset Village CDP, Georgia",2020-2024,B10050_006,One or two years,0,14,0,14,NA,NA,NA,NA,Missing input or nonpositive denominator,Pass
Georgia place,1374852,"Surrency town, Georgia",2020-2024,B10050_006,One or two years,0,14,0,14,NA,NA,NA,NA,Missing input or nonpositive denominator,Pass
Georgia place,1374936,"Suwanee city, Georgia",2020-2024,B10050_006,One or two years,41,43,88,66,46.590909090909086,34.15595121057491,12.434957880334174,80.74686030148399,Percentage MOE exceeds 50% of estimate,Pass
Georgia place,1374964,"Swainsboro city, Georgia",2020-2024,B10050_006,One or two years,31,14,31,14,100,63.86770926846235,36.13229073153765,100,Percentage MOE exceeds 50% of estimate,Pass
Georgia place,1375104,"Sycamore city, Georgia",2020-2024,B10050_006,One or two years,0,14,11,17,0,127.27272727272728,0,100,Unavailable MOE or zero percentage,Pass
Georgia place,1375160,"Sylvania city, Georgia",2020-2024,B10050_006,One or two years,0,14,8,14,0,175,0,100,Unavailable MOE or zero percentage,Pass
Georgia place,1375188,"Sylvester city, Georgia",2020-2024,B10050_006,One or two years,0,20,77,70,0,25.97402597402597,0,25.97402597402597,Unavailable MOE or zero percentage,Pass
Georgia place,1375239,"Talahi Island CDP, Georgia",2020-2024,B10050_006,One or two years,0,14,0,14,NA,NA,NA,NA,Missing input or nonpositive denominator,Pass
Georgia place,1375244,"Talbotton city, Georgia",2020-2024,B10050_006,One or two years,0,14,6,10,0,233.33333333333337,0,100,Unavailable MOE or zero percentage,Pass
Georgia place,1375272,"Talking Rock town, Georgia",2020-2024,B10050_006,One or two years,0,14,0,14,NA,NA,NA,NA,Missing input or nonpositive denominator,Pass
Georgia place,1375300,"Tallapoosa city, Georgia",2020-2024,B10050_006,One or two years,1,39,8,41,12.5,483.2724346512534,0,100,Percentage MOE exceeds 50% of estimate,Pass
Georgia place,1375328,"Tallulah Falls town, Georgia",2020-2024,B10050_006,One or two years,0,14,0,14,NA,NA,NA,NA,Missing input or nonpositive denominator,Pass
Georgia place,1375412,"Talmo town, Georgia",2020-2024,B10050_006,One or two years,0,14,0,14,NA,NA,NA,NA,Missing input or nonpositive denominator,Pass
Georgia place,1375496,"Tarrytown town, Georgia",2020-2024,B10050_006,One or two years,0,14,0,14,NA,NA,NA,NA,Missing input or nonpositive denominator,Pass
Georgia place,1375580,"Tate City CDP, Georgia",2020-2024,B10050_006,One or two years,0,14,0,14,NA,NA,NA,NA,Missing input or nonpositive denominator,Pass
Georgia place,1375664,"Taylorsville town, Georgia",2020-2024,B10050_006,One or two years,4,6,4,6,100,212.13203435596424,0,100,Percentage MOE exceeds 50% of estimate,Pass
Georgia place,1375692,"Tazewell CDP, Georgia",2020-2024,B10050_006,One or two years,0,14,0,14,NA,NA,NA,NA,Missing input or nonpositive denominator,Pass
Georgia place,1375832,"Temple city, Georgia",2020-2024,B10050_006,One or two years,86,90,86,90,100,147.99909373671923,0,100,Percentage MOE exceeds 50% of estimate,Pass
Georgia place,1375888,"Tennille city, Georgia",2020-2024,B10050_006,One or two years,0,14,23,28,0,60.86956521739131,0,60.86956521739131,Unavailable MOE or zero percentage,Pass
Georgia place,1376112,"The Rock CDP, Georgia",2020-2024,B10050_006,One or two years,0,14,0,14,NA,NA,NA,NA,Missing input or nonpositive denominator,Pass
Georgia place,1376168,"Thomaston city, Georgia",2020-2024,B10050_006,One or two years,0,20,75,101,0,26.666666666666668,0,26.666666666666668,Unavailable MOE or zero percentage,Pass
Georgia place,1376224,"Thomasville city, Georgia",2020-2024,B10050_006,One or two years,0,23,110,75,0,20.909090909090907,0,20.909090909090907,Unavailable MOE or zero percentage,Pass
Georgia place,1376280,"Thomson city, Georgia",2020-2024,B10050_006,One or two years,0,20,147,155,0,13.60544217687075,0,13.60544217687075,Unavailable MOE or zero percentage,Pass
Georgia place,1376364,"Thunderbolt town, Georgia",2020-2024,B10050_006,One or two years,0,14,38,33,0,36.84210526315789,0,36.84210526315789,Unavailable MOE or zero percentage,Pass
Georgia place,1376476,"Tifton city, Georgia",2020-2024,B10050_006,One or two years,0,23,122,94,0,18.852459016393443,0,18.852459016393443,Unavailable MOE or zero percentage,Pass
Georgia place,1376504,"Tiger town, Georgia",2020-2024,B10050_006,One or two years,2,3,3,3,66.66666666666666,74.53559924999298,0,100,Percentage MOE exceeds 50% of estimate,Pass
Georgia place,1376532,"Tignall town, Georgia",2020-2024,B10050_006,One or two years,0,14,17,27,0,82.35294117647058,0,82.35294117647058,Unavailable MOE or zero percentage,Pass
Georgia place,1376756,"Toccoa city, Georgia",2020-2024,B10050_006,One or two years,0,20,95,86,0,21.052631578947366,0,21.052631578947366,Unavailable MOE or zero percentage,Pass
Georgia place,1376952,"Toomsboro city, Georgia",2020-2024,B10050_006,One or two years,0,14,9,12,0,155.55555555555557,0,100,Unavailable MOE or zero percentage,Pass
Georgia place,1377372,"Trenton city, Georgia",2020-2024,B10050_006,One or two years,18,30,23,32,78.26086956521739,71.81474231354281,6.446127251674582,100,Percentage MOE exceeds 50% of estimate,Pass
Georgia place,1377540,"Trion town, Georgia",2020-2024,B10050_006,One or two years,8,12,8,12,100,212.13203435596424,0,100,Percentage MOE exceeds 50% of estimate,Pass
Georgia place,1377652,"Tucker city, Georgia",2020-2024,B10050_006,One or two years,28,49,185,158,15.135135135135137,23.11810355303133,0,38.25323868816646,Percentage MOE exceeds 50% of estimate,Pass
Georgia place,1377736,"Tunnel Hill city, Georgia",2020-2024,B10050_006,One or two years,3,5,7,9,42.857142857142854,45.45113765575528,0,88.30828051289814,Percentage MOE exceeds 50% of estimate,Pass
Georgia place,1377764,"Turin town, Georgia",2020-2024,B10050_006,One or two years,0,14,0,14,NA,NA,NA,NA,Missing input or nonpositive denominator,Pass
Georgia place,1377988,"Twin City city, Georgia",2020-2024,B10050_006,One or two years,9,15,9,15,100,235.70226039551585,0,100,Percentage MOE exceeds 50% of estimate,Pass
Georgia place,1378036,"Tybee Island city, Georgia",2020-2024,B10050_006,One or two years,0,14,16,30,0,87.5,0,87.5,Unavailable MOE or zero percentage,Pass
Georgia place,1378044,"Tyrone town, Georgia",2020-2024,B10050_006,One or two years,0,20,0,20,NA,NA,NA,NA,Missing input or nonpositive denominator,Pass
Georgia place,1378100,"Ty Ty city, Georgia",2020-2024,B10050_006,One or two years,15,24,29,36,51.72413793103448,52.21262629307583,0,100,Percentage MOE exceeds 50% of estimate,Pass
Georgia place,1378156,"Unadilla city, Georgia",2020-2024,B10050_006,One or two years,0,14,0,14,NA,NA,NA,NA,Missing input or nonpositive denominator,Pass
Georgia place,1378324,"Union City city, Georgia",2020-2024,B10050_006,One or two years,0,27,249,170,0,10.843373493975903,0,10.843373493975903,Unavailable MOE or zero percentage,Pass
Georgia place,1378380,"Union Point city, Georgia",2020-2024,B10050_006,One or two years,5,9,14,16,35.714285714285715,49.6656878515835,0,85.37997356586922,Percentage MOE exceeds 50% of estimate,Pass
Georgia place,1378464,"Unionville CDP, Georgia",2020-2024,B10050_006,One or two years,0,14,19,21,0,73.68421052631578,0,73.68421052631578,Unavailable MOE or zero percentage,Pass
Georgia place,1378744,"Uvalda city, Georgia",2020-2024,B10050_006,One or two years,13,17,23,24,56.52173913043478,44.54875138577139,11.972987744663392,100,Percentage MOE exceeds 50% of estimate,Pass
Georgia place,1378800,"Valdosta city, Georgia",2020-2024,B10050_006,One or two years,127,117,325,184,39.07692307692307,28.399797927214937,10.677125149708136,67.47672100413801,Percentage MOE exceeds 50% of estimate,Pass
Georgia place,1378996,"Varnell city, Georgia",2020-2024,B10050_006,One or two years,0,14,2,4,0,700,0,100,Unavailable MOE or zero percentage,Pass
Georgia place,1379164,"Vernonburg town, Georgia",2020-2024,B10050_006,One or two years,0,14,0,14,NA,NA,NA,NA,Missing input or nonpositive denominator,Pass
Georgia place,1379388,"Vidalia city, Georgia",2020-2024,B10050_006,One or two years,0,23,65,75,0,35.38461538461539,0,35.38461538461539,Unavailable MOE or zero percentage,Pass
Georgia place,1379416,"Vidette city, Georgia",2020-2024,B10050_006,One or two years,0,14,0,14,NA,NA,NA,NA,Missing input or nonpositive denominator,Pass
Georgia place,1379444,"Vienna city, Georgia",2020-2024,B10050_006,One or two years,10,19,35,42,28.57142857142857,42.0883424647321,0,70.65977103616066,Percentage MOE exceeds 50% of estimate,Pass
Georgia place,1379528,"Villa Rica city, Georgia",2020-2024,B10050_006,One or two years,16,28,215,219,7.441860465116279,10.589808140939372,0,18.03166860605565,Percentage MOE exceeds 50% of estimate,Pass
Georgia place,1379612,"Vinings CDP, Georgia",2020-2024,B10050_006,One or two years,0,23,57,77,0,40.35087719298245,0,40.35087719298245,Unavailable MOE or zero percentage,Pass
Georgia place,1379808,"Waco city, Georgia",2020-2024,B10050_006,One or two years,14,17,25,24,56.00000000000001,41.63967338968931,14.3603266103107,97.6396733896893,Percentage MOE exceeds 50% of estimate,Pass
Georgia place,1379864,"Wadley city, Georgia",2020-2024,B10050_006,One or two years,20,31,49,42,40.81632653061224,52.71166051675807,0,93.52798704737032,Percentage MOE exceeds 50% of estimate,Pass
Georgia place,1379948,"Waleska city, Georgia",2020-2024,B10050_006,One or two years,0,14,2,4,0,700,0,100,Unavailable MOE or zero percentage,Pass
Georgia place,1380228,"Walnut Grove city, Georgia",2020-2024,B10050_006,One or two years,0,14,22,21,0,63.63636363636363,0,63.63636363636363,Unavailable MOE or zero percentage,Pass
Georgia place,1380256,"Walthourville city, Georgia",2020-2024,B10050_006,One or two years,0,14,120,127,0,11.666666666666666,0,11.666666666666666,Unavailable MOE or zero percentage,Pass
Georgia place,1380368,"Waresboro CDP, Georgia",2020-2024,B10050_006,One or two years,0,14,0,14,NA,NA,NA,NA,Missing input or nonpositive denominator,Pass
Georgia place,1380480,"Warm Springs city, Georgia",2020-2024,B10050_006,One or two years,0,14,8,17,0,175,0,100,Unavailable MOE or zero percentage,Pass
Georgia place,1380592,"Warrenton city, Georgia",2020-2024,B10050_006,One or two years,0,14,98,88,0,14.285714285714285,0,14.285714285714285,Unavailable MOE or zero percentage,Pass
Georgia place,1380648,"Warthen CDP, Georgia",2020-2024,B10050_006,One or two years,0,14,0,14,NA,NA,NA,NA,Missing input or nonpositive denominator,Pass
Georgia place,1380676,"Warwick city, Georgia",2020-2024,B10050_006,One or two years,0,14,1,4,0,1400,0,100,Unavailable MOE or zero percentage,Pass
Georgia place,1380704,"Washington city, Georgia",2020-2024,B10050_006,One or two years,0,14,58,48,0,24.13793103448276,0,24.13793103448276,Unavailable MOE or zero percentage,Pass
Georgia place,1380788,"Watkinsville city, Georgia",2020-2024,B10050_006,One or two years,8,12,28,34,28.57142857142857,25.16087348150603,3.410555089922539,53.7323020529346,Percentage MOE exceeds 50% of estimate,Pass
Georgia place,1380816,"Waverly CDP, Georgia",2020-2024,B10050_006,One or two years,0,14,0,14,NA,NA,NA,NA,Missing input or nonpositive denominator,Pass
Georgia place,1380844,"Waverly Hall town, Georgia",2020-2024,B10050_006,One or two years,2,22,2,22,100,1555.6349186104046,0,100,Percentage MOE exceeds 50% of estimate,Pass
Georgia place,1380956,"Waycross city, Georgia",2020-2024,B10050_006,One or two years,42,58,139,100,30.215827338129497,35.6169880118411,0,65.8328153499706,Percentage MOE exceeds 50% of estimate,Pass
Georgia place,1380984,"Waynesboro city, Georgia",2020-2024,B10050_006,One or two years,0,20,43,71,0,46.51162790697674,0,46.51162790697674,Unavailable MOE or zero percentage,Pass
Georgia place,1381012,"Waynesville CDP, Georgia",2020-2024,B10050_006,One or two years,0,14,0,14,NA,NA,NA,NA,Missing input or nonpositive denominator,Pass
Georgia place,1381128,"Webster County unified government, Georgia",2020-2024,B10050_006,One or two years,0,14,6,9,0,233.33333333333337,0,100,Unavailable MOE or zero percentage,Pass
Georgia place,1381208,"Wenona CDP, Georgia",2020-2024,B10050_006,One or two years,0,14,0,14,NA,NA,NA,NA,Missing input or nonpositive denominator,Pass
Georgia place,1381488,"West Brow CDP, Georgia",2020-2024,B10050_006,One or two years,0,14,0,14,NA,NA,NA,NA,Missing input or nonpositive denominator,Pass
Georgia place,1382132,"West Point city, Georgia",2020-2024,B10050_006,One or two years,0,14,162,192,0,8.641975308641975,0,8.641975308641975,Unavailable MOE or zero percentage,Pass
Georgia place,1382412,"Whigham city, Georgia",2020-2024,B10050_006,One or two years,0,14,0,14,NA,NA,NA,NA,Missing input or nonpositive denominator,Pass
Georgia place,1382468,"White city, Georgia",2020-2024,B10050_006,One or two years,0,14,0,14,NA,NA,NA,NA,Missing input or nonpositive denominator,Pass
Georgia place,1382636,"Whitemarsh Island CDP, Georgia",2020-2024,B10050_006,One or two years,0,20,36,42,0,55.55555555555556,0,55.55555555555556,Unavailable MOE or zero percentage,Pass
Georgia place,1382692,"White Plains city, Georgia",2020-2024,B10050_006,One or two years,0,14,16,23,0,87.5,0,87.5,Unavailable MOE or zero percentage,Pass
Georgia place,1382720,"Whitesburg city, Georgia",2020-2024,B10050_006,One or two years,0,14,5,15,0,280,0,100,Unavailable MOE or zero percentage,Pass
Georgia place,1382916,"Wildwood CDP, Georgia",2020-2024,B10050_006,One or two years,0,14,31,37,0,45.16129032258064,0,45.16129032258064,Unavailable MOE or zero percentage,Pass
Georgia place,1382972,"Willacoochee city, Georgia",2020-2024,B10050_006,One or two years,6,9,11,12,54.54545454545454,56.15579332019567,0,100,Percentage MOE exceeds 50% of estimate,Pass
Georgia place,1383084,"Williamson city, Georgia",2020-2024,B10050_006,One or two years,0,14,0,14,NA,NA,NA,NA,Missing input or nonpositive denominator,Pass
Georgia place,1383168,"Wilmington Island CDP, Georgia",2020-2024,B10050_006,One or two years,0,23,0,23,NA,NA,NA,NA,Missing input or nonpositive denominator,Pass
Georgia place,1383420,"Winder city, Georgia",2020-2024,B10050_006,One or two years,10,20,45,47,22.22222222222222,37.90264202960349,0,60.124864251825706,Percentage MOE exceeds 50% of estimate,Pass
Georgia place,1383728,"Winterville city, Georgia",2020-2024,B10050_006,One or two years,0,14,18,26,0,77.77777777777779,0,77.77777777777779,Unavailable MOE or zero percentage,Pass
Georgia place,1383868,"Woodbine city, Georgia",2020-2024,B10050_006,One or two years,20,23,20,23,100,162.6345596729059,0,100,Percentage MOE exceeds 50% of estimate,Pass
Georgia place,1383896,"Woodbury city, Georgia",2020-2024,B10050_006,One or two years,7,15,23,30,30.434782608695656,51.74372662824573,0,82.17850923694138,Percentage MOE exceeds 50% of estimate,Pass
Georgia place,1383952,"Woodland city, Georgia",2020-2024,B10050_006,One or two years,0,14,0,14,NA,NA,NA,NA,Missing input or nonpositive denominator,Pass
Georgia place,1384176,"Woodstock city, Georgia",2020-2024,B10050_006,One or two years,0,30,0,30,NA,NA,NA,NA,Missing input or nonpositive denominator,Pass
Georgia place,1384260,"Woodville city, Georgia",2020-2024,B10050_006,One or two years,0,14,0,14,NA,NA,NA,NA,Missing input or nonpositive denominator,Pass
Georgia place,1384288,"Woolsey town, Georgia",2020-2024,B10050_006,One or two years,0,14,0,14,NA,NA,NA,NA,Missing input or nonpositive denominator,Pass
Georgia place,1384456,"Wrens city, Georgia",2020-2024,B10050_006,One or two years,0,14,64,97,0,21.875,0,21.875,Unavailable MOE or zero percentage,Pass
Georgia place,1384512,"Wrightsville city, Georgia",2020-2024,B10050_006,One or two years,5,7,21,23,23.809523809523807,20.76285377280653,3.0466700367172805,44.57237758233033,Percentage MOE exceeds 50% of estimate,Pass
Georgia place,1384708,"Yatesville town, Georgia",2020-2024,B10050_006,One or two years,0,14,0,14,NA,NA,NA,NA,Missing input or nonpositive denominator,Pass
Georgia place,1384832,"Yonah CDP, Georgia",2020-2024,B10050_006,One or two years,0,14,0,14,NA,NA,NA,NA,Missing input or nonpositive denominator,Pass
Georgia place,1384960,"Young Harris city, Georgia",2020-2024,B10050_006,One or two years,0,14,0,14,NA,NA,NA,NA,Missing input or nonpositive denominator,Pass
Georgia place,1385128,"Zebulon city, Georgia",2020-2024,B10050_006,One or two years,51,55,76,67,67.10526315789474,41.682729269252505,25.422533888642235,100,Percentage MOE exceeds 50% of estimate,Pass
State/DC,38,North Dakota,2020-2024,B10050_007,Three or four years,480,216,3769,378,12.735473600424516,5.58681790272049,7.148655697704026,18.322291503145006,Retained,Pass
State/DC,21,Kentucky,2020-2024,B10050_007,Three or four years,7415,730,48988,2074,15.13635992487956,1.3453329413385868,13.791026983540974,16.481692866218147,Retained,Pass
State/DC,28,Mississippi,2020-2024,B10050_007,Three or four years,5897,882,36688,1822,16.073375490623636,2.267664733939149,13.805710756684489,18.341040224562786,Retained,Pass
State/DC,22,Louisiana,2020-2024,B10050_007,Three or four years,8793,995,50347,2275,17.464794327368065,1.8118800818333032,15.65291424553476,19.27667440920137,Retained,Pass
State/DC,54,West Virginia,2020-2024,B10050_007,Three or four years,2812,507,18349,1423,15.325085835740367,2.494429228696405,12.830656607043965,17.81951506443677,Retained,Pass
State/DC,01,Alabama,2020-2024,B10050_007,Three or four years,9066,856,52977,2341,17.113086811257716,1.4279151481375156,15.6851716631202,18.54100195939523,Retained,Pass
State/DC,56,Wyoming,2020-2024,B10050_007,Three or four years,639,273,3627,518,17.617866004962778,7.093868294859059,10.52399771010372,24.711734299821835,Retained,Pass
State/DC,30,Montana,2020-2024,B10050_007,Three or four years,918,250,7359,656,12.474520994700368,3.210047528762029,9.264473465938336,15.684568523462396,Retained,Pass
State/DC,05,Arkansas,2020-2024,B10050_007,Three or four years,4952,599,31874,1664,15.536173683880278,1.6952377765142388,13.84093590736604,17.23141146039452,Retained,Pass
State/DC,46,South Dakota,2020-2024,B10050_007,Three or four years,853,183,5865,536,14.54390451832907,2.8229428248100947,11.720961693518976,17.366847343139163,Retained,Pass
State/DC,40,Oklahoma,2020-2024,B10050_007,Three or four years,6965,789,37439,1444,18.603595181495233,1.9815156748169545,16.62207950667828,20.585110856312188,Retained,Pass
State/DC,47,Tennessee,2020-2024,B10050_007,Three or four years,10110,893,68870,3229,14.679831566719908,1.0988969263767592,13.580934640343148,15.778728493096663,Retained,Pass
State/DC,35,New Mexico,2020-2024,B10050_007,Three or four years,3201,516,20650,1621,15.501210653753024,2.182494450447662,13.318716203305364,17.683705104200687,Retained,Pass
State/DC,45,South Carolina,2020-2024,B10050_007,Three or four years,7168,862,47484,2479,15.095611153230562,1.6353568223559984,13.460254330874564,16.730967975586562,Retained,Pass
State/DC,29,Missouri,2020-2024,B10050_007,Three or four years,7178,858,42245,2090,16.99135992425139,1.8488807246775816,15.14247919957381,18.840240648928972,Retained,Pass
State/DC,18,Indiana,2020-2024,B10050_007,Three or four years,7566,691,48111,2309,15.726133316705118,1.2219677387065548,14.504165577998563,16.948101055411673,Retained,Pass
State/DC,39,Ohio,2020-2024,B10050_007,Three or four years,12434,1055,78003,2399,15.940412548235324,1.2605327759960487,14.679879772239277,17.200945324231373,Retained,Pass
State/DC,20,Kansas,2020-2024,B10050_007,Three or four years,2570,570,17439,1284,14.7370835483686,3.0831746510280724,11.653908897340528,17.820258199396672,Retained,Pass
State/DC,37,North Carolina,2020-2024,B10050_007,Three or four years,12375,971,77588,2759,15.94963138629685,1.1155868151893191,14.834044571107531,17.06521820148617,Retained,Pass
State/DC,19,Iowa,2020-2024,B10050_007,Three or four years,1478,268,12823,869,11.526163924198706,1.938539832967869,9.587624091230836,13.464703757166577,Retained,Pass
State/DC,02,Alaska,2020-2024,B10050_007,Three or four years,927,216,6195,579,14.9636803874092,3.1939060433102315,11.769774344098968,18.15758643071943,Retained,Pass
State/DC,50,Vermont,2020-2024,B10050_007,Three or four years,136,60,2530,424,5.375494071146245,2.193772177432097,3.181721893714148,7.569266248578343,Retained,Pass
State/DC,13,Georgia,2020-2024,B10050_007,Three or four years,12090,1089,89880,3211,13.451268357810417,1.1122417762504293,12.339026581559985,14.563510134060843,Retained,Pass
State/DC,10,Delaware,2020-2024,B10050_007,Three or four years,905,209,8033,985,11.266027636001494,2.2047319366175606,9.061295699383932,13.470759572619055,Retained,Pass
State/DC,55,Wisconsin,2020-2024,B10050_007,Three or four years,3202,427,21035,1567,15.22224863323033,1.6836826641428009,13.53856596908753,16.905931297373133,Retained,Pass
State/DC,51,Virginia,2020-2024,B10050_007,Three or four years,8716,693,56987,2457,15.294716338814116,1.0217467449574815,14.272969593856637,16.3164630837716,Retained,Pass
State/DC,23,Maine,2020-2024,B10050_007,Three or four years,657,171,5742,808,11.442006269592476,2.505279997679911,8.936726271912566,13.94728626727239,Retained,Pass
State/DC,16,Idaho,2020-2024,B10050_007,Three or four years,1575,353,10858,898,14.50543378154356,3.021623352229404,11.483810429314158,17.527057133772963,Retained,Pass
State/DC,42,Pennsylvania,2020-2024,B10050_007,Three or four years,11828,1173,72511,2898,16.31200783329426,1.4805040049910572,14.831503828303202,17.792511838285318,Retained,Pass
State/DC,11,District of Columbia,2020-2024,B10050_007,Three or four years,718,352,2984,674,24.06166219839142,10.469668443979876,13.591993754411543,34.5313306423713,Retained,Pass
State/DC,08,Colorado,2020-2024,B10050_007,Three or four years,5503,703,31034,1903,17.732164722562352,1.987233530260007,15.744931192302346,19.71939825282236,Retained,Pass
State/DC,31,Nebraska,2020-2024,B10050_007,Three or four years,1096,265,7846,748,13.968901351006885,3.103888352185088,10.865012998821795,17.072789703191972,Retained,Pass
State/DC,48,Texas,2020-2024,B10050_007,Three or four years,37012,1801,235377,4783,15.724561023379517,0.6952423685820346,15.029318654797482,16.41980339196155,Retained,Pass
State/DC,26,Michigan,2020-2024,B10050_007,Three or four years,7986,752,50342,2123,15.863493703070992,1.3356051846860182,14.527888518384977,17.19909888775701,Retained,Pass
State/DC,04,Arizona,2020-2024,B10050_007,Three or four years,8083,1050,47546,2431,17.000378580742858,2.0301313214083994,14.970247259334458,19.03050990215126,Retained,Pass
State/DC,27,Minnesota,2020-2024,B10050_007,Three or four years,3265,549,18407,1195,17.73781713478568,2.751288565124302,14.986528569661376,20.48910569990998,Retained,Pass
State/DC,17,Illinois,2020-2024,B10050_007,Three or four years,10346,973,65182,2235,15.87248013255193,1.3899927933590477,14.482487339192884,17.262472925910977,Retained,Pass
State/DC,12,Florida,2020-2024,B10050_007,Three or four years,21065,1660,132601,3865,15.886003876290523,1.1630943343760058,14.72290954191452,17.049098210666532,Retained,Pass
State/DC,53,Washington,2020-2024,B10050_007,Three or four years,6247,656,38725,1990,16.131697869593285,1.4773024027231012,14.654395466870184,17.609000272316386,Retained,Pass
State/DC,41,Oregon,2020-2024,B10050_007,Three or four years,2798,471,18763,1300,14.912327452965943,2.2877697487141893,12.624557704251751,17.200097201680133,Retained,Pass
State/DC,32,Nevada,2020-2024,B10050_007,Three or four years,2744,533,20958,1323,13.092852371409483,2.4051332470622473,10.687719124347238,15.497985618471732,Retained,Pass
State/DC,24,Maryland,2020-2024,B10050_007,Three or four years,5453,635,37200,1948,14.658602150537634,1.5246615198566824,13.133940630680952,16.183263670394318,Retained,Pass
State/DC,09,Connecticut,2020-2024,B10050_007,Three or four years,3072,623,15662,1281,19.614353211594945,3.6399278682681815,15.97442534332676,23.254281079863123,Retained,Pass
State/DC,33,New Hampshire,2020-2024,B10050_007,Three or four years,750,194,5647,677,13.28138834779529,3.0441808929865126,10.237207454808775,16.325569240781803,Retained,Pass
State/DC,44,Rhode Island,2020-2024,B10050_007,Three or four years,865,377,5226,947,16.551856104094913,6.5608448641761505,9.9910112399187625,23.112700968271064,Retained,Pass
State/DC,36,New York,2020-2024,B10050_007,Three or four years,15611,1213,97966,2848,15.935120347875795,1.1482579215651318,14.786862426310662,17.083378269440928,Retained,Pass
State/DC,49,Utah,2020-2024,B10050_007,Three or four years,1966,411,14948,1218,13.15226117206315,2.5320800261483822,10.620181145914769,15.684341198211532,Retained,Pass
State/DC,25,Massachusetts,2020-2024,B10050_007,Three or four years,5246,642,27413,1923,19.13690584759056,1.9190126750236736,17.21789317256689,21.055918522614235,Retained,Pass
State/DC,34,New Jersey,2020-2024,B10050_007,Three or four years,6998,912,40539,2258,17.26238930412689,2.0338613026911916,15.2285280014357,19.296250606818084,Retained,Pass
State/DC,15,Hawaii,2020-2024,B10050_007,Three or four years,1468,335,10432,892,14.072085889570552,2.977325064322765,11.094760825247787,17.049410953893318,Retained,Pass
State/DC,06,California,2020-2024,B10050_007,Three or four years,32093,1819,209799,4504,15.297022388095272,0.8024203026924317,14.49460208540284,16.099442690787704,Retained,Pass
United States,1,United States,2020-2024,B10050_007,Three or four years,333291,5527,2118863,17781,15.729709754712786,0.22498307264474343,15.504726682068044,15.95469282735753,Retained,Pass
Georgia county,13251,"Screven County, Georgia",2020-2024,B10050_007,Three or four years,34,35,242,111,14.049586776859504,12.947769895333408,1.101816881526096,26.997356672192915,Percentage MOE exceeds 50% of estimate,Pass
Georgia county,13303,"Washington County, Georgia",2020-2024,B10050_007,Three or four years,91,68,588,215,15.476190476190476,10.085555388797324,5.390635087393154,25.5617458649878,Percentage MOE exceeds 50% of estimate,Pass
Georgia county,13131,"Grady County, Georgia",2020-2024,B10050_007,Three or four years,29,36,496,196,5.846774193548387,6.880513449537052,0,12.72728764308544,Percentage MOE exceeds 50% of estimate,Pass
Georgia county,13033,"Burke County, Georgia",2020-2024,B10050_007,Three or four years,60,71,500,219,12,13.191454203384856,0,25.191454203384858,Percentage MOE exceeds 50% of estimate,Pass
Georgia county,13191,"McIntosh County, Georgia",2020-2024,B10050_007,Three or four years,33,35,312,151,10.576923076923077,9.981914966549104,0.5950081103739713,20.558838043472186,Percentage MOE exceeds 50% of estimate,Pass
Georgia county,13145,"Harris County, Georgia",2020-2024,B10050_007,Three or four years,24,38,480,214,5,7.596343007219549,0,12.596343007219549,Percentage MOE exceeds 50% of estimate,Pass
Georgia county,13263,"Talbot County, Georgia",2020-2024,B10050_007,Three or four years,0,20,160,77,0,12.5,0,12.5,Unavailable MOE or zero percentage,Pass
Georgia county,13177,"Lee County, Georgia",2020-2024,B10050_007,Three or four years,11,23,616,308,1.7857142857142856,3.625440167877807,0,5.4111544535920935,Percentage MOE exceeds 50% of estimate,Pass
Georgia county,13267,"Tattnall County, Georgia",2020-2024,B10050_007,Three or four years,46,42,352,176,13.068181818181818,9.983683744775895,3.0844980734059213,23.051865562957715,Percentage MOE exceeds 50% of estimate,Pass
Georgia county,13195,"Madison County, Georgia",2020-2024,B10050_007,Three or four years,4,6,482,231,0.8298755186721992,1.1795671073339522,0,2.0094426260061513,Percentage MOE exceeds 50% of estimate,Pass
Georgia county,13209,"Montgomery County, Georgia",2020-2024,B10050_007,Three or four years,8,10,195,80,4.102564102564102,4.844135772509654,0,8.946699875073756,Percentage MOE exceeds 50% of estimate,Pass
Georgia county,13103,"Effingham County, Georgia",2020-2024,B10050_007,Three or four years,47,38,772,368,6.0880829015544045,3.975764613606647,2.1123182879477573,10.06384751516105,Percentage MOE exceeds 50% of estimate,Pass
Georgia county,13031,"Bulloch County, Georgia",2020-2024,B10050_007,Three or four years,296,275,1046,351,28.29827915869981,24.51582020145909,3.782458957240717,52.81409936015889,Percentage MOE exceeds 50% of estimate,Pass
Georgia county,13291,"Union County, Georgia",2020-2024,B10050_007,Three or four years,122,91,379,187,32.189973614775724,18.006889699918634,14.18308391485709,50.196863314694355,Percentage MOE exceeds 50% of estimate,Pass
Georgia county,13279,"Toombs County, Georgia",2020-2024,B10050_007,Three or four years,137,137,494,235,27.732793522267208,24.393848120341087,3.3389454019261215,52.12664164260829,Percentage MOE exceeds 50% of estimate,Pass
Georgia county,13095,"Dougherty County, Georgia",2020-2024,B10050_007,Three or four years,173,97,855,221,20.23391812865497,10.067582968752964,10.166335159902006,30.301501097407936,Retained,Pass
Georgia county,13299,"Ware County, Georgia",2020-2024,B10050_007,Three or four years,69,104,384,186,17.96875,25.64671636476867,0,43.615466364768665,Percentage MOE exceeds 50% of estimate,Pass
Georgia county,13069,"Coffee County, Georgia",2020-2024,B10050_007,Three or four years,124,119,613,278,20.22838499184339,17.10838117366679,3.1200038181766026,37.336766165510184,Percentage MOE exceeds 50% of estimate,Pass
Georgia county,13127,"Glynn County, Georgia",2020-2024,B10050_007,Three or four years,89,72,838,259,10.620525059665871,7.9401409378583585,2.6803841218075126,18.56066599752423,Percentage MOE exceeds 50% of estimate,Pass
Georgia county,13001,"Appling County, Georgia",2020-2024,B10050_007,Three or four years,21,34,250,124,8.4,12.946084776487442,0,21.346084776487444,Percentage MOE exceeds 50% of estimate,Pass
Georgia county,13055,"Chattooga County, Georgia",2020-2024,B10050_007,Three or four years,34,46,463,175,7.343412526997841,9.539623363370357,0,16.8830358903682,Percentage MOE exceeds 50% of estimate,Pass
Georgia county,13285,"Troup County, Georgia",2020-2024,B10050_007,Three or four years,160,119,784,305,20.40816326530612,12.93657428704362,7.471588978262503,33.34473755234974,Percentage MOE exceeds 50% of estimate,Pass
Georgia county,13199,"Meriwether County, Georgia",2020-2024,B10050_007,Three or four years,14,15,393,187,3.5623409669211195,3.419750617448189,0.14259034947293037,6.982091584369309,Percentage MOE exceeds 50% of estimate,Pass
Georgia county,13295,"Walker County, Georgia",2020-2024,B10050_007,Three or four years,25,36,1090,346,2.293577981651376,3.2215076065695327,0,5.515085588220909,Percentage MOE exceeds 50% of estimate,Pass
Georgia county,13017,"Ben Hill County, Georgia",2020-2024,B10050_007,Three or four years,8,13,184,92,4.3478260869565215,6.722454824376619,0,11.07028091133314,Percentage MOE exceeds 50% of estimate,Pass
Georgia county,13213,"Murray County, Georgia",2020-2024,B10050_007,Three or four years,223,134,642,272,34.73520249221183,14.80125931521152,19.933943177000312,49.53646180742335,Retained,Pass
Georgia county,13179,"Liberty County, Georgia",2020-2024,B10050_007,Three or four years,173,132,679,222,25.47864506627393,17.565130237702242,7.913514828571689,43.043775303976176,Percentage MOE exceeds 50% of estimate,Pass
Georgia county,13047,"Catoosa County, Georgia",2020-2024,B10050_007,Three or four years,5,19,798,370,0.6265664160401002,2.3631623498229324,0,2.9897287658630325,Percentage MOE exceeds 50% of estimate,Pass
Georgia county,13215,"Muscogee County, Georgia",2020-2024,B10050_007,Three or four years,424,144,2052,420,20.66276803118908,5.59996491943605,15.06280311175303,26.262732950625132,Retained,Pass
Georgia county,13077,"Coweta County, Georgia",2020-2024,B10050_007,Three or four years,185,109,1744,527,10.607798165137616,5.365405160041978,5.242393005095637,15.973203325179592,Percentage MOE exceeds 50% of estimate,Pass
Georgia county,13233,"Polk County, Georgia",2020-2024,B10050_007,Three or four years,55,56,648,245,8.487654320987655,8.02406550870686,0.4635888122807952,16.511719829694513,Percentage MOE exceeds 50% of estimate,Pass
Georgia county,13137,"Habersham County, Georgia",2020-2024,B10050_007,Three or four years,148,105,525,200,28.19047619047619,16.872135607261317,11.318340583214871,45.0626117977375,Percentage MOE exceeds 50% of estimate,Pass
Georgia county,13051,"Chatham County, Georgia",2020-2024,B10050_007,Three or four years,387,187,2176,440,17.784926470588236,7.805111411929387,9.979815058658849,25.59003788251762,Retained,Pass
Georgia county,13255,"Spalding County, Georgia",2020-2024,B10050_007,Three or four years,20,31,957,279,2.089864158829676,3.1814753305401093,0,5.271339489369785,Percentage MOE exceeds 50% of estimate,Pass
Georgia county,13261,"Sumter County, Georgia",2020-2024,B10050_007,Three or four years,35,62,272,133,12.867647058823527,21.908532167257427,0,34.776179226080956,Percentage MOE exceeds 50% of estimate,Pass
Georgia county,13313,"Whitfield County, Georgia",2020-2024,B10050_007,Three or four years,162,142,906,287,17.880794701986755,14.613984607254022,3.266810094732733,32.494779309240776,Percentage MOE exceeds 50% of estimate,Pass
Georgia county,13129,"Gordon County, Georgia",2020-2024,B10050_007,Three or four years,15,26,520,192,2.8846153846153846,4.885241645903269,0,7.769857030518654,Percentage MOE exceeds 50% of estimate,Pass
Georgia county,13021,"Bibb County, Georgia",2020-2024,B10050_007,Three or four years,157,82,1048,315,14.980916030534353,6.398905550697474,8.582010479836878,21.379821581231827,Retained,Pass
Georgia county,13277,"Tift County, Georgia",2020-2024,B10050_007,Three or four years,14,30,296,147,4.72972972972973,9.85919360495438,0,14.588923334684113,Percentage MOE exceeds 50% of estimate,Pass
Georgia county,13071,"Colquitt County, Georgia",2020-2024,B10050_007,Three or four years,38,50,469,159,8.102345415778252,10.301035080904104,0,18.403380496682356,Percentage MOE exceeds 50% of estimate,Pass
Georgia county,13245,"Richmond County, Georgia",2020-2024,B10050_007,Three or four years,197,134,2037,515,9.671084928816889,6.107018876578273,3.5640660522386156,15.778103805395162,Percentage MOE exceeds 50% of estimate,Pass
Georgia county,13029,"Bryan County, Georgia",2020-2024,B10050_007,Three or four years,9,12,318,144,2.8301886792452833,3.5492897346000767,0,6.37947841384536,Percentage MOE exceeds 50% of estimate,Pass
Georgia county,13035,"Butts County, Georgia",2020-2024,B10050_007,Three or four years,20,32,254,126,7.874015748031496,11.977621650941716,0,19.851637398973217,Percentage MOE exceeds 50% of estimate,Pass
Georgia county,13187,"Lumpkin County, Georgia",2020-2024,B10050_007,Three or four years,2,5,293,122,0.6825938566552902,1.682649352109528,0,2.3652432087648183,Percentage MOE exceeds 50% of estimate,Pass
Georgia county,13257,"Stephens County, Georgia",2020-2024,B10050_007,Three or four years,61,57,272,127,22.426470588235293,18.152226657917247,4.274243930318047,40.578697246152544,Percentage MOE exceeds 50% of estimate,Pass
Georgia county,13063,"Clayton County, Georgia",2020-2024,B10050_007,Three or four years,288,154,3318,626,8.679927667269439,4.3428471197736185,4.3370805474958205,13.022774787043058,Percentage MOE exceeds 50% of estimate,Pass
Georgia county,13115,"Floyd County, Georgia",2020-2024,B10050_007,Three or four years,17,25,973,328,1.7471736896197323,2.5009570328385955,0,4.248130722458328,Percentage MOE exceeds 50% of estimate,Pass
Georgia county,13297,"Walton County, Georgia",2020-2024,B10050_007,Three or four years,240,104,1033,328,23.23330106485963,6.851172981542436,16.382128083317195,30.084474046402068,Retained,Pass
Georgia county,13149,"Heard County, Georgia",2020-2024,B10050_007,Three or four years,0,23,230,115,0,10,0,10,Unavailable MOE or zero percentage,Pass
Georgia county,13107,"Emanuel County, Georgia",2020-2024,B10050_007,Three or four years,9,11,193,91,4.66321243523316,5.258301837289523,0,9.921514272522684,Percentage MOE exceeds 50% of estimate,Pass
Georgia county,13275,"Thomas County, Georgia",2020-2024,B10050_007,Three or four years,184,130,467,152,39.400428265524624,24.707385180250434,14.69304308527419,64.10781344577507,Percentage MOE exceeds 50% of estimate,Pass
Georgia county,13175,"Laurens County, Georgia",2020-2024,B10050_007,Three or four years,25,33,364,165,6.868131868131869,8.514605924442622,0,15.38273779257449,Percentage MOE exceeds 50% of estimate,Pass
Georgia county,13185,"Lowndes County, Georgia",2020-2024,B10050_007,Three or four years,32,44,664,210,4.819277108433735,6.448836410815957,0,11.268113519249692,Percentage MOE exceeds 50% of estimate,Pass
Georgia county,13207,"Monroe County, Georgia",2020-2024,B10050_007,Three or four years,15,26,293,120,5.1194539249146755,8.622455482616667,0,13.741909407531342,Percentage MOE exceeds 50% of estimate,Pass
Georgia county,13153,"Houston County, Georgia",2020-2024,B10050_007,Three or four years,85,100,1344,372,6.324404761904762,7.231626274430564,0,13.556031036335328,Percentage MOE exceeds 50% of estimate,Pass
Georgia county,13157,"Jackson County, Georgia",2020-2024,B10050_007,Three or four years,301,175,741,236,40.62078272604588,19.757975798542475,20.862806927503406,60.37875852458835,Retained,Pass
Georgia county,13089,"DeKalb County, Georgia",2020-2024,B10050_007,Three or four years,585,203,5526,731,10.586319218241044,3.3961456758523454,7.190173542388697,13.982464894093388,Retained,Pass
Georgia county,13015,"Bartow County, Georgia",2020-2024,B10050_007,Three or four years,223,221,1447,485,15.411195577055976,14.37295486842164,1.0382407086343388,29.784150445477614,Percentage MOE exceeds 50% of estimate,Pass
Georgia county,13121,"Fulton County, Georgia",2020-2024,B10050_007,Three or four years,413,157,5388,924,7.665181885671863,2.6005292446916863,5.064652640980177,10.265711130363549,Retained,Pass
Georgia county,13247,"Rockdale County, Georgia",2020-2024,B10050_007,Three or four years,11,20,926,335,1.187904967602592,2.1166409338392573,0,3.3045459014418492,Percentage MOE exceeds 50% of estimate,Pass
Georgia county,13045,"Carroll County, Georgia",2020-2024,B10050_007,Three or four years,71,61,1097,294,6.472196900638104,5.283157395139525,1.1890395054985792,11.755354295777629,Percentage MOE exceeds 50% of estimate,Pass
Georgia county,13217,"Newton County, Georgia",2020-2024,B10050_007,Three or four years,132,92,923,326,14.301191765980498,8.5928538303167,5.708337935663797,22.894045596297197,Percentage MOE exceeds 50% of estimate,Pass
Georgia county,13223,"Paulding County, Georgia",2020-2024,B10050_007,Three or four years,224,162,1575,513,14.22222222222222,9.18351594321941,5.038706279002811,23.405738165441633,Percentage MOE exceeds 50% of estimate,Pass
Georgia county,13151,"Henry County, Georgia",2020-2024,B10050_007,Three or four years,426,204,2267,659,18.79135421261579,7.151028145910875,11.640326066704915,25.942382358526665,Retained,Pass
Georgia county,13139,"Hall County, Georgia",2020-2024,B10050_007,Three or four years,230,147,1680,422,13.690476190476192,8.045890147194617,5.644586043281574,21.73636633767081,Percentage MOE exceeds 50% of estimate,Pass
Georgia county,13097,"Douglas County, Georgia",2020-2024,B10050_007,Three or four years,421,282,1495,395,28.160535117056856,17.333447877643927,10.82708723941293,45.49398299470079,Percentage MOE exceeds 50% of estimate,Pass
Georgia county,13067,"Cobb County, Georgia",2020-2024,B10050_007,Three or four years,539,175,3775,755,14.27814569536424,3.6518033536694334,10.626342341694803,17.929949049033674,Retained,Pass
Georgia county,13135,"Gwinnett County, Georgia",2020-2024,B10050_007,Three or four years,1009,398,6214,1006,16.237528162214353,5.840582262525065,10.396945899689287,22.078110424739418,Retained,Pass
Georgia county,13073,"Columbia County, Georgia",2020-2024,B10050_007,Three or four years,99,102,962,348,10.291060291060292,9.927880878969058,0.3631794120912346,20.21894117002935,Percentage MOE exceeds 50% of estimate,Pass
Georgia county,13057,"Cherokee County, Georgia",2020-2024,B10050_007,Three or four years,133,113,995,301,13.366834170854272,10.612518780500988,2.754315390353284,23.97935295135526,Percentage MOE exceeds 50% of estimate,Pass
Georgia county,13113,"Fayette County, Georgia",2020-2024,B10050_007,Three or four years,140,105,553,226,25.31645569620253,15.920824706384954,9.395630989817578,41.23728040258749,Percentage MOE exceeds 50% of estimate,Pass
Georgia county,13117,"Forsyth County, Georgia",2020-2024,B10050_007,Three or four years,237,147,983,260,24.109867751780264,13.526379748543496,10.583488003236768,37.63624750032376,Percentage MOE exceeds 50% of estimate,Pass
Georgia county,13013,"Barrow County, Georgia",2020-2024,B10050_007,Three or four years,76,87,385,144,19.74025974025974,21.35716398331792,0,41.09742372357766,Percentage MOE exceeds 50% of estimate,Pass
Georgia county,13003,"Atkinson County, Georgia",2020-2024,B10050_007,Three or four years,5,8,94,64,5.319148936170213,7.7016461088770445,0,13.020795045047258,Percentage MOE exceeds 50% of estimate,Pass
Georgia county,13005,"Bacon County, Georgia",2020-2024,B10050_007,Three or four years,5,8,35,29,14.285714285714285,19.553533986944466,0,33.83924827265875,Percentage MOE exceeds 50% of estimate,Pass
Georgia county,13007,"Baker County, Georgia",2020-2024,B10050_007,Three or four years,8,15,27,27,29.629629629629623,46.99473163129452,0,76.62436126092415,Percentage MOE exceeds 50% of estimate,Pass
Georgia county,13009,"Baldwin County, Georgia",2020-2024,B10050_007,Three or four years,79,67,298,161,26.51006711409396,17.330889256790684,9.179177857303277,43.84095637088464,Percentage MOE exceeds 50% of estimate,Pass
Georgia county,13011,"Banks County, Georgia",2020-2024,B10050_007,Three or four years,16,22,233,127,6.866952789699571,8.668504114438415,0,15.535456904137986,Percentage MOE exceeds 50% of estimate,Pass
Georgia county,13019,"Berrien County, Georgia",2020-2024,B10050_007,Three or four years,5,8,300,168,1.6666666666666667,2.4979991993593593,0,4.164665866026026,Percentage MOE exceeds 50% of estimate,Pass
Georgia county,13023,"Bleckley County, Georgia",2020-2024,B10050_007,Three or four years,46,62,205,145,22.439024390243905,25.74468803427761,0,48.18371242452152,Percentage MOE exceeds 50% of estimate,Pass
Georgia county,13025,"Brantley County, Georgia",2020-2024,B10050_007,Three or four years,33,53,491,255,6.720977596741344,10.21435602742973,0,16.935333624171072,Percentage MOE exceeds 50% of estimate,Pass
Georgia county,13027,"Brooks County, Georgia",2020-2024,B10050_007,Three or four years,73,87,227,124,32.158590308370044,34.06301353443394,0,66.22160384280399,Percentage MOE exceeds 50% of estimate,Pass
Georgia county,13037,"Calhoun County, Georgia",2020-2024,B10050_007,Three or four years,0,20,8,12,0,250,0,100,Unavailable MOE or zero percentage,Pass
Georgia county,13039,"Camden County, Georgia",2020-2024,B10050_007,Three or four years,18,21,312,170,5.769230769230769,5.95161473799894,0,11.72084550722971,Percentage MOE exceeds 50% of estimate,Pass
Georgia county,13043,"Candler County, Georgia",2020-2024,B10050_007,Three or four years,9,16,117,71,7.6923076923076925,12.853848331464391,0,20.546156023772085,Percentage MOE exceeds 50% of estimate,Pass
Georgia county,13049,"Charlton County, Georgia",2020-2024,B10050_007,Three or four years,25,41,137,87,18.248175182481752,27.59235510426783,0,45.84053028674958,Percentage MOE exceeds 50% of estimate,Pass
Georgia county,13053,"Chattahoochee County, Georgia",2020-2024,B10050_007,Three or four years,0,20,87,45,0,22.988505747126435,0,22.988505747126435,Unavailable MOE or zero percentage,Pass
Georgia county,13059,"Clarke County, Georgia",2020-2024,B10050_007,Three or four years,108,107,269,136,40.14869888475837,34.20800881746961,5.940690067288756,74.35670770222798,Percentage MOE exceeds 50% of estimate,Pass
Georgia county,13061,"Clay County, Georgia",2020-2024,B10050_007,Three or four years,0,14,36,29,0,38.88888888888889,0,38.88888888888889,Unavailable MOE or zero percentage,Pass
Georgia county,13065,"Clinch County, Georgia",2020-2024,B10050_007,Three or four years,4,7,46,52,8.695652173913043,11.616483960494168,0,20.31213613440721,Percentage MOE exceeds 50% of estimate,Pass
Georgia county,13075,"Cook County, Georgia",2020-2024,B10050_007,Three or four years,17,30,191,127,8.900523560209423,14.549201832494829,0,23.449725392704252,Percentage MOE exceeds 50% of estimate,Pass
Georgia county,13079,"Crawford County, Georgia",2020-2024,B10050_007,Three or four years,21,22,115,109,18.26086956521739,8.14875581063509,10.1121137545823,26.40962537585248,Caregiver count MOE exceeds 50% of estimate,Pass
Georgia county,13081,"Crisp County, Georgia",2020-2024,B10050_007,Three or four years,8,15,252,200,3.1746031746031744,5.3928495324355845,0,8.56745270703876,Percentage MOE exceeds 50% of estimate,Pass
Georgia county,13083,"Dade County, Georgia",2020-2024,B10050_007,Three or four years,35,34,242,186,14.46280991735537,8.59211584537474,5.87069407198063,23.05492576273011,Percentage MOE exceeds 50% of estimate,Pass
Georgia county,13085,"Dawson County, Georgia",2020-2024,B10050_007,Three or four years,0,30,175,134,0,17.142857142857142,0,17.142857142857142,Unavailable MOE or zero percentage,Pass
Georgia county,13087,"Decatur County, Georgia",2020-2024,B10050_007,Three or four years,69,97,259,157,26.640926640926644,33.791095529141316,0,60.43202217006796,Percentage MOE exceeds 50% of estimate,Pass
Georgia county,13091,"Dodge County, Georgia",2020-2024,B10050_007,Three or four years,33,42,179,94,18.435754189944134,21.37325802687214,0,39.80901221681627,Percentage MOE exceeds 50% of estimate,Pass
Georgia county,13093,"Dooly County, Georgia",2020-2024,B10050_007,Three or four years,26,37,57,56,45.614035087719294,46.960925396376865,0,92.57496048409617,Percentage MOE exceeds 50% of estimate,Pass
Georgia county,13099,"Early County, Georgia",2020-2024,B10050_007,Three or four years,18,25,111,73,16.216216216216218,19.837534984822287,0,36.05375120103851,Percentage MOE exceeds 50% of estimate,Pass
Georgia county,13101,"Echols County, Georgia",2020-2024,B10050_007,Three or four years,42,43,162,148,25.925925925925924,11.980950014618337,13.944975911307589,37.90687594054426,Caregiver count MOE exceeds 50% of estimate,Pass
Georgia county,13105,"Elbert County, Georgia",2020-2024,B10050_007,Three or four years,22,31,162,119,13.580246913580249,16.32991340956818,0,29.91016032314843,Percentage MOE exceeds 50% of estimate,Pass
Georgia county,13109,"Evans County, Georgia",2020-2024,B10050_007,Three or four years,0,23,22,23,0,104.54545454545456,0,100,Unavailable MOE or zero percentage,Pass
Georgia county,13111,"Fannin County, Georgia",2020-2024,B10050_007,Three or four years,0,27,220,148,0,12.272727272727272,0,12.272727272727272,Unavailable MOE or zero percentage,Pass
Georgia county,13119,"Franklin County, Georgia",2020-2024,B10050_007,Three or four years,18,22,301,198,5.980066445182724,6.160097488387431,0,12.140163933570156,Percentage MOE exceeds 50% of estimate,Pass
Georgia county,13123,"Gilmer County, Georgia",2020-2024,B10050_007,Three or four years,38,42,351,208,10.826210826210826,10.100574279558158,0.7256365466526677,20.926785105768985,Percentage MOE exceeds 50% of estimate,Pass
Georgia county,13125,"Glascock County, Georgia",2020-2024,B10050_007,Three or four years,11,13,69,49,15.942028985507244,15.059846726519456,0.8821822589877897,31.0018757120267,Percentage MOE exceeds 50% of estimate,Pass
Georgia county,13133,"Greene County, Georgia",2020-2024,B10050_007,Three or four years,90,105,171,119,52.63157894736842,49.28365936342575,3.3479195839426694,100,Percentage MOE exceeds 50% of estimate,Pass
Georgia county,13141,"Hancock County, Georgia",2020-2024,B10050_007,Three or four years,106,106,140,108,75.71428571428571,48.178205915100605,27.536079799185103,100,Percentage MOE exceeds 50% of estimate,Pass
Georgia county,13143,"Haralson County, Georgia",2020-2024,B10050_007,Three or four years,40,53,288,160,13.88888888888889,16.707028816092908,0,30.595917704981797,Percentage MOE exceeds 50% of estimate,Pass
Georgia county,13147,"Hart County, Georgia",2020-2024,B10050_007,Three or four years,24,31,165,112,14.545454545454543,15.984453891343748,0,30.529908436798294,Percentage MOE exceeds 50% of estimate,Pass
Georgia county,13155,"Irwin County, Georgia",2020-2024,B10050_007,Three or four years,0,20,93,89,0,21.50537634408602,0,21.50537634408602,Unavailable MOE or zero percentage,Pass
Georgia county,13159,"Jasper County, Georgia",2020-2024,B10050_007,Three or four years,0,23,113,76,0,20.35398230088496,0,20.35398230088496,Unavailable MOE or zero percentage,Pass
Georgia county,13161,"Jeff Davis County, Georgia",2020-2024,B10050_007,Three or four years,0,23,144,120,0,15.97222222222222,0,15.97222222222222,Unavailable MOE or zero percentage,Pass
Georgia county,13163,"Jefferson County, Georgia",2020-2024,B10050_007,Three or four years,0,23,306,169,0,7.516339869281046,0,7.516339869281046,Unavailable MOE or zero percentage,Pass
Georgia county,13165,"Jenkins County, Georgia",2020-2024,B10050_007,Three or four years,14,21,102,81,13.725490196078432,17.466338358649082,0,31.191828554727515,Percentage MOE exceeds 50% of estimate,Pass
Georgia county,13167,"Johnson County, Georgia",2020-2024,B10050_007,Three or four years,17,25,65,42,26.153846153846157,34.54996295914475,0,60.70380911299091,Percentage MOE exceeds 50% of estimate,Pass
Georgia county,13169,"Jones County, Georgia",2020-2024,B10050_007,Three or four years,0,27,281,154,0,9.608540925266905,0,9.608540925266905,Unavailable MOE or zero percentage,Pass
Georgia county,13171,"Lamar County, Georgia",2020-2024,B10050_007,Three or four years,27,44,135,95,20,29.397236789606563,0,49.397236789606566,Percentage MOE exceeds 50% of estimate,Pass
Georgia county,13173,"Lanier County, Georgia",2020-2024,B10050_007,Three or four years,6,14,223,158,2.690582959641256,5.981598357591536,0,8.672181317232791,Percentage MOE exceeds 50% of estimate,Pass
Georgia county,13181,"Lincoln County, Georgia",2020-2024,B10050_007,Three or four years,30,44,109,86,27.52293577981651,34.02846322522694,0,61.55139900504346,Percentage MOE exceeds 50% of estimate,Pass
Georgia county,13183,"Long County, Georgia",2020-2024,B10050_007,Three or four years,66,68,330,230,20,15.17573821278656,4.824261787213439,35.17573821278656,Percentage MOE exceeds 50% of estimate,Pass
Georgia county,13189,"McDuffie County, Georgia",2020-2024,B10050_007,Three or four years,0,27,232,177,0,11.637931034482758,0,11.637931034482758,Unavailable MOE or zero percentage,Pass
Georgia county,13193,"Macon County, Georgia",2020-2024,B10050_007,Three or four years,49,51,242,122,20.24793388429752,18.437290061081864,1.8106438232156563,38.685223945379384,Percentage MOE exceeds 50% of estimate,Pass
Georgia county,13197,"Marion County, Georgia",2020-2024,B10050_007,Three or four years,0,20,85,85,0,23.52941176470588,0,23.52941176470588,Unavailable MOE or zero percentage,Pass
Georgia county,13201,"Miller County, Georgia",2020-2024,B10050_007,Three or four years,0,20,32,29,0,62.5,0,62.5,Unavailable MOE or zero percentage,Pass
Georgia county,13205,"Mitchell County, Georgia",2020-2024,B10050_007,Three or four years,2,3,229,135,0.8733624454148471,1.2046282167339175,0,2.077990662148765,Percentage MOE exceeds 50% of estimate,Pass
Georgia county,13211,"Morgan County, Georgia",2020-2024,B10050_007,Three or four years,32,41,195,106,16.41025641025641,19.03951691965561,0,35.44977332991202,Percentage MOE exceeds 50% of estimate,Pass
Georgia county,13219,"Oconee County, Georgia",2020-2024,B10050_007,Three or four years,20,33,127,90,15.748031496062993,23.46561851259851,0,39.2136500086615,Percentage MOE exceeds 50% of estimate,Pass
Georgia county,13221,"Oglethorpe County, Georgia",2020-2024,B10050_007,Three or four years,0,23,68,58,0,33.82352941176471,0,33.82352941176471,Unavailable MOE or zero percentage,Pass
Georgia county,13225,"Peach County, Georgia",2020-2024,B10050_007,Three or four years,46,90,473,243,9.725158562367865,18.35981774103916,0,28.084976303407025,Percentage MOE exceeds 50% of estimate,Pass
Georgia county,13227,"Pickens County, Georgia",2020-2024,B10050_007,Three or four years,36,45,313,174,11.501597444089455,12.876979483401788,0,24.378576927491245,Percentage MOE exceeds 50% of estimate,Pass
Georgia county,13229,"Pierce County, Georgia",2020-2024,B10050_007,Three or four years,63,69,136,88,46.32352941176471,40.934416926914224,5.389112484850486,87.25794633867893,Percentage MOE exceeds 50% of estimate,Pass
Georgia county,13231,"Pike County, Georgia",2020-2024,B10050_007,Three or four years,13,15,226,115,5.752212389380531,5.956895930889974,0,11.709108320270506,Percentage MOE exceeds 50% of estimate,Pass
Georgia county,13235,"Pulaski County, Georgia",2020-2024,B10050_007,Three or four years,0,20,87,102,0,22.988505747126435,0,22.988505747126435,Unavailable MOE or zero percentage,Pass
Georgia county,13237,"Putnam County, Georgia",2020-2024,B10050_007,Three or four years,11,18,228,116,4.824561403508771,7.5034526516495985,0,12.32801405515837,Percentage MOE exceeds 50% of estimate,Pass
Georgia county,13239,"Quitman County, Georgia",2020-2024,B10050_007,Three or four years,0,14,42,34,0,33.33333333333333,0,33.33333333333333,Unavailable MOE or zero percentage,Pass
Georgia county,13241,"Rabun County, Georgia",2020-2024,B10050_007,Three or four years,9,10,112,57,8.035714285714286,7.93690884649244,0.09880543922184692,15.972623132206726,Percentage MOE exceeds 50% of estimate,Pass
Georgia county,13243,"Randolph County, Georgia",2020-2024,B10050_007,Three or four years,15,13,110,79,13.636363636363637,6.615055899355777,7.021307737007858,20.251419535719418,Caregiver count MOE exceeds 50% of estimate,Pass
Georgia county,13249,"Schley County, Georgia",2020-2024,B10050_007,Three or four years,4,6,105,91,3.8095238095238098,4.663966392941449,0,8.473490202465259,Percentage MOE exceeds 50% of estimate,Pass
Georgia county,13253,"Seminole County, Georgia",2020-2024,B10050_007,Three or four years,123,129,259,162,47.49034749034749,39.979765233972074,7.5105822563754145,87.47011272431956,Percentage MOE exceeds 50% of estimate,Pass
Georgia county,13259,"Stewart County, Georgia",2020-2024,B10050_007,Three or four years,0,14,13,14,0,107.6923076923077,0,100,Unavailable MOE or zero percentage,Pass
Georgia county,13265,"Taliaferro County, Georgia",2020-2024,B10050_007,Three or four years,1,2,7,10,14.285714285714285,19.99583463496472,0,34.281548920679,Percentage MOE exceeds 50% of estimate,Pass
Georgia county,13269,"Taylor County, Georgia",2020-2024,B10050_007,Three or four years,14,21,56,46,25,31.377291769295677,0,56.37729176929568,Percentage MOE exceeds 50% of estimate,Pass
Georgia county,13271,"Telfair County, Georgia",2020-2024,B10050_007,Three or four years,27,43,91,69,29.67032967032967,41.55351228706942,0,71.22384195739909,Percentage MOE exceeds 50% of estimate,Pass
Georgia county,13273,"Terrell County, Georgia",2020-2024,B10050_007,Three or four years,2,4,53,45,3.7735849056603774,6.833318248504646,0,10.606903154165025,Percentage MOE exceeds 50% of estimate,Pass
Georgia county,13281,"Towns County, Georgia",2020-2024,B10050_007,Three or four years,66,84,264,134,25,29.17834771994035,0,54.17834771994035,Percentage MOE exceeds 50% of estimate,Pass
Georgia county,13283,"Treutlen County, Georgia",2020-2024,B10050_007,Three or four years,21,29,94,65,22.340425531914892,26.704724083944217,0,49.0451496158591,Percentage MOE exceeds 50% of estimate,Pass
Georgia county,13287,"Turner County, Georgia",2020-2024,B10050_007,Three or four years,41,36,74,52,55.4054054054054,29.16970008857211,26.23570531683329,84.57510549397752,Percentage MOE exceeds 50% of estimate,Pass
Georgia county,13289,"Twiggs County, Georgia",2020-2024,B10050_007,Three or four years,14,22,73,40,19.17808219178082,28.245505279521776,0,47.42358747130259,Percentage MOE exceeds 50% of estimate,Pass
Georgia county,13293,"Upson County, Georgia",2020-2024,B10050_007,Three or four years,51,64,182,127,28.021978021978025,29.22695026498257,0,57.24892828696059,Percentage MOE exceeds 50% of estimate,Pass
Georgia county,13301,"Warren County, Georgia",2020-2024,B10050_007,Three or four years,7,10,127,98,5.511811023622047,6.626487863204004,0,12.138298886826052,Percentage MOE exceeds 50% of estimate,Pass
Georgia county,13305,"Wayne County, Georgia",2020-2024,B10050_007,Three or four years,10,13,278,165,3.5971223021582732,4.160438342713308,0,7.757560644871581,Percentage MOE exceeds 50% of estimate,Pass
Georgia county,13307,"Webster County, Georgia",2020-2024,B10050_007,Three or four years,6,9,6,9,100,212.13203435596424,0,100,Percentage MOE exceeds 50% of estimate,Pass
Georgia county,13309,"Wheeler County, Georgia",2020-2024,B10050_007,Three or four years,8,14,89,71,8.98876404494382,14.000820091046764,0,22.989584135990583,Percentage MOE exceeds 50% of estimate,Pass
Georgia county,13311,"White County, Georgia",2020-2024,B10050_007,Three or four years,0,27,314,253,0,8.598726114649681,0,8.598726114649681,Unavailable MOE or zero percentage,Pass
Georgia county,13315,"Wilcox County, Georgia",2020-2024,B10050_007,Three or four years,6,9,94,52,6.382978723404255,8.899573640196195,0,15.28255236360045,Percentage MOE exceeds 50% of estimate,Pass
Georgia county,13317,"Wilkes County, Georgia",2020-2024,B10050_007,Three or four years,0,20,148,102,0,13.513513513513514,0,13.513513513513514,Unavailable MOE or zero percentage,Pass
Georgia county,13319,"Wilkinson County, Georgia",2020-2024,B10050_007,Three or four years,3,5,125,66,2.4,3.793969446371438,0,6.1939694463714385,Percentage MOE exceeds 50% of estimate,Pass
Georgia county,13321,"Worth County, Georgia",2020-2024,B10050_007,Three or four years,24,32,351,199,6.837606837606838,8.251560072471708,0,15.089166910078546,Percentage MOE exceeds 50% of estimate,Pass
Georgia place,1311560,"Brunswick city, Georgia",2020-2024,B10050_007,Three or four years,0,23,460,218,0,5,0,5,Unavailable MOE or zero percentage,Pass
Georgia place,1319112,"Commerce city, Georgia",2020-2024,B10050_007,Three or four years,121,96,250,116,48.4,31.14829372919165,17.25170627080835,79.54829372919164,Percentage MOE exceeds 50% of estimate,Pass
Georgia place,1344340,"LaGrange city, Georgia",2020-2024,B10050_007,Three or four years,121,110,558,238,21.68458781362007,17.4088775819662,4.275710231653871,39.093465395586264,Percentage MOE exceeds 50% of estimate,Pass
Georgia place,1338964,"Hinesville city, Georgia",2020-2024,B10050_007,Three or four years,69,62,407,180,16.953316953316953,13.260475592842358,3.692841360474595,30.21379254615931,Percentage MOE exceeds 50% of estimate,Pass
Georgia place,1301052,"Albany city, Georgia",2020-2024,B10050_007,Three or four years,165,98,782,218,21.099744245524295,11.06580436342273,10.033939882101564,32.16554860894703,Percentage MOE exceeds 50% of estimate,Pass
Georgia place,1319000,"Columbus city, Georgia",2020-2024,B10050_007,Three or four years,424,144,2052,420,20.66276803118908,5.59996491943605,15.06280311175303,26.262732950625132,Retained,Pass
Georgia place,1304000,"Atlanta city, Georgia",2020-2024,B10050_007,Three or four years,142,89,2563,482,5.540382364416699,3.3124903875048,2.2278919769118986,8.852872751921499,Percentage MOE exceeds 50% of estimate,Pass
Georgia place,1369000,"Savannah city, Georgia",2020-2024,B10050_007,Three or four years,105,70,1238,274,8.481421647819062,5.333592522395643,3.147829125423419,13.815014170214704,Percentage MOE exceeds 50% of estimate,Pass
Georgia place,1373704,"Stockbridge city, Georgia",2020-2024,B10050_007,Three or four years,13,28,284,128,4.577464788732395,9.640883030558353,0,14.218347819290743,Percentage MOE exceeds 50% of estimate,Pass
Georgia place,1349008,"Macon-Bibb County, Georgia",2020-2024,B10050_007,Three or four years,157,82,1048,315,14.980916030534353,6.398905550697474,8.582010479836878,21.379821581231827,Retained,Pass
Georgia place,1373784,"Stonecrest city, Georgia",2020-2024,B10050_007,Three or four years,47,47,853,333,5.509964830011723,5.072754116111003,0.4372107139007202,10.582718946122728,Percentage MOE exceeds 50% of estimate,Pass
Georgia place,1304204,"Augusta-Richmond County consolidated government (balance), Georgia",2020-2024,B10050_007,Three or four years,197,134,1973,505,9.984794728839333,6.292504601717547,3.692290127121784,16.27729933055688,Percentage MOE exceeds 50% of estimate,Pass
Georgia place,1380508,"Warner Robins city, Georgia",2020-2024,B10050_007,Three or four years,65,96,670,255,9.701492537313433,13.84443329431065,0,23.54592583162408,Percentage MOE exceeds 50% of estimate,Pass
Georgia place,1372122,"South Fulton city, Georgia",2020-2024,B10050_007,Three or four years,101,89,968,360,10.43388429752066,8.335245308308108,2.098638989212553,18.76912960582877,Percentage MOE exceeds 50% of estimate,Pass
Georgia place,1349756,"Marietta city, Georgia",2020-2024,B10050_007,Three or four years,14,19,186,86,7.526881720430108,9.603943584751502,0,17.13082530518161,Percentage MOE exceeds 50% of estimate,Pass
Georgia place,1348288,"Mableton city, Georgia",2020-2024,B10050_007,Three or four years,77,67,431,212,17.865429234338748,12.823106392198136,5.042322842140612,30.688535626536883,Percentage MOE exceeds 50% of estimate,Pass
Georgia place,1300184,"Abbeville city, Georgia",2020-2024,B10050_007,Three or four years,0,14,9,10,0,155.55555555555557,0,100,Unavailable MOE or zero percentage,Pass
Georgia place,1300408,"Acworth city, Georgia",2020-2024,B10050_007,Three or four years,0,27,329,436,0,8.206686930091186,0,8.206686930091186,Unavailable MOE or zero percentage,Pass
Georgia place,1300436,"Adairsville city, Georgia",2020-2024,B10050_007,Three or four years,0,14,14,23,0,100,0,100,Unavailable MOE or zero percentage,Pass
Georgia place,1300576,"Adel city, Georgia",2020-2024,B10050_007,Three or four years,0,20,93,99,0,21.50537634408602,0,21.50537634408602,Unavailable MOE or zero percentage,Pass
Georgia place,1300660,"Adrian city, Georgia",2020-2024,B10050_007,Three or four years,0,14,11,14,0,127.27272727272728,0,100,Unavailable MOE or zero percentage,Pass
Georgia place,1300828,"Ailey city, Georgia",2020-2024,B10050_007,Three or four years,0,14,0,14,NA,NA,NA,NA,Missing input or nonpositive denominator,Pass
Georgia place,1300996,"Alamo town, Georgia",2020-2024,B10050_007,Three or four years,0,14,3,7,0,466.6666666666667,0,100,Unavailable MOE or zero percentage,Pass
Georgia place,1301024,"Alapaha town, Georgia",2020-2024,B10050_007,Three or four years,0,14,28,34,0,50,0,50,Unavailable MOE or zero percentage,Pass
Georgia place,1301248,"Aldora town, Georgia",2020-2024,B10050_007,Three or four years,0,14,0,14,NA,NA,NA,NA,Missing input or nonpositive denominator,Pass
Georgia place,1301472,"Allenhurst city, Georgia",2020-2024,B10050_007,Three or four years,0,14,18,24,0,77.77777777777779,0,77.77777777777779,Unavailable MOE or zero percentage,Pass
Georgia place,1301500,"Allentown city, Georgia",2020-2024,B10050_007,Three or four years,0,14,0,14,NA,NA,NA,NA,Missing input or nonpositive denominator,Pass
Georgia place,1301612,"Alma city, Georgia",2020-2024,B10050_007,Three or four years,0,14,18,24,0,77.77777777777779,0,77.77777777777779,Unavailable MOE or zero percentage,Pass
Georgia place,1301696,"Alpharetta city, Georgia",2020-2024,B10050_007,Three or four years,0,34,237,165,0,14.345991561181432,0,14.345991561181432,Unavailable MOE or zero percentage,Pass
Georgia place,1301808,"Alston town, Georgia",2020-2024,B10050_007,Three or four years,0,14,9,15,0,155.55555555555557,0,100,Unavailable MOE or zero percentage,Pass
Georgia place,1301948,"Alto town, Georgia",2020-2024,B10050_007,Three or four years,0,14,11,16,0,127.27272727272728,0,100,Unavailable MOE or zero percentage,Pass
Georgia place,1302060,"Ambrose city, Georgia",2020-2024,B10050_007,Three or four years,0,14,0,14,NA,NA,NA,NA,Missing input or nonpositive denominator,Pass
Georgia place,1302116,"Americus city, Georgia",2020-2024,B10050_007,Three or four years,0,23,8,25,0,287.5,0,100,Unavailable MOE or zero percentage,Pass
Georgia place,1302256,"Andersonville city, Georgia",2020-2024,B10050_007,Three or four years,0,14,1,4,0,1400,0,100,Unavailable MOE or zero percentage,Pass
Georgia place,1302364,"Antioch CDP, Georgia",2020-2024,B10050_007,Three or four years,0,14,0,14,NA,NA,NA,NA,Missing input or nonpositive denominator,Pass
Georgia place,1302536,"Appling CDP, Georgia",2020-2024,B10050_007,Three or four years,0,14,0,14,NA,NA,NA,NA,Missing input or nonpositive denominator,Pass
Georgia place,1302564,"Arabi town, Georgia",2020-2024,B10050_007,Three or four years,0,14,2,4,0,700,0,100,Unavailable MOE or zero percentage,Pass
Georgia place,1302592,"Aragon city, Georgia",2020-2024,B10050_007,Three or four years,2,4,48,53,4.166666666666666,6.948241149622146,0,11.114907816288811,Percentage MOE exceeds 50% of estimate,Pass
Georgia place,1302648,"Arcade city, Georgia",2020-2024,B10050_007,Three or four years,0,14,34,32,0,41.17647058823529,0,41.17647058823529,Unavailable MOE or zero percentage,Pass
Georgia place,1302844,"Argyle town, Georgia",2020-2024,B10050_007,Three or four years,0,14,28,50,0,50,0,50,Unavailable MOE or zero percentage,Pass
Georgia place,1302928,"Arlington city, Georgia",2020-2024,B10050_007,Three or four years,0,14,5,9,0,280,0,100,Unavailable MOE or zero percentage,Pass
Georgia place,1303124,"Arnoldsville city, Georgia",2020-2024,B10050_007,Three or four years,0,14,0,14,NA,NA,NA,NA,Missing input or nonpositive denominator,Pass
Georgia place,1303236,"Ashburn city, Georgia",2020-2024,B10050_007,Three or four years,0,14,25,33,0,56.00000000000001,0,56.00000000000001,Unavailable MOE or zero percentage,Pass
Georgia place,1303440,"Athens-Clarke County unified government (balance), Georgia",2020-2024,B10050_007,Three or four years,108,107,251,134,43.02788844621514,35.91104234973935,7.11684609647579,78.93893079595449,Percentage MOE exceeds 50% of estimate,Pass
Georgia place,1304084,"Attapulgus city, Georgia",2020-2024,B10050_007,Three or four years,0,14,13,19,0,107.6923076923077,0,100,Unavailable MOE or zero percentage,Pass
Georgia place,1304140,"Auburn city, Georgia",2020-2024,B10050_007,Three or four years,0,20,79,50,0,25.31645569620253,0,25.31645569620253,Unavailable MOE or zero percentage,Pass
Georgia place,1304252,"Austell city, Georgia",2020-2024,B10050_007,Three or four years,0,20,25,41,0,80,0,80,Unavailable MOE or zero percentage,Pass
Georgia place,1304392,"Avalon town, Georgia",2020-2024,B10050_007,Three or four years,0,14,16,22,0,87.5,0,87.5,Unavailable MOE or zero percentage,Pass
Georgia place,1304448,"Avera city, Georgia",2020-2024,B10050_007,Three or four years,0,14,4,5,0,350,0,100,Unavailable MOE or zero percentage,Pass
Georgia place,1304644,"Avondale Estates city, Georgia",2020-2024,B10050_007,Three or four years,0,14,17,25,0,82.35294117647058,0,82.35294117647058,Unavailable MOE or zero percentage,Pass
Georgia place,1304700,"Axson CDP, Georgia",2020-2024,B10050_007,Three or four years,0,14,0,14,NA,NA,NA,NA,Missing input or nonpositive denominator,Pass
Georgia place,1304840,"Baconton city, Georgia",2020-2024,B10050_007,Three or four years,0,14,2,4,0,700,0,100,Unavailable MOE or zero percentage,Pass
Georgia place,1304896,"Bainbridge city, Georgia",2020-2024,B10050_007,Three or four years,69,97,134,123,51.49253731343284,54.827001620042935,0,100,Percentage MOE exceeds 50% of estimate,Pass
Georgia place,1304980,"Baldwin city, Georgia",2020-2024,B10050_007,Three or four years,0,14,0,14,NA,NA,NA,NA,Missing input or nonpositive denominator,Pass
Georgia place,1305036,"Ball Ground city, Georgia",2020-2024,B10050_007,Three or four years,0,14,15,19,0,93.33333333333331,0,93.33333333333331,Unavailable MOE or zero percentage,Pass
Georgia place,1305344,"Barnesville city, Georgia",2020-2024,B10050_007,Three or four years,27,44,54,59,50,60.45523460335344,0,100,Percentage MOE exceeds 50% of estimate,Pass
Georgia place,1305680,"Bartow town, Georgia",2020-2024,B10050_007,Three or four years,0,14,3,5,0,466.6666666666667,0,100,Unavailable MOE or zero percentage,Pass
Georgia place,1305708,"Barwick city, Georgia",2020-2024,B10050_007,Three or four years,0,14,7,9,0,200,0,100,Unavailable MOE or zero percentage,Pass
Georgia place,1306016,"Baxley city, Georgia",2020-2024,B10050_007,Three or four years,0,14,20,32,0,70,0,70,Unavailable MOE or zero percentage,Pass
Georgia place,1306688,"Bellville city, Georgia",2020-2024,B10050_007,Three or four years,0,14,0,14,NA,NA,NA,NA,Missing input or nonpositive denominator,Pass
Georgia place,1306884,"Belvedere Park CDP, Georgia",2020-2024,B10050_007,Three or four years,14,23,59,50,23.728813559322035,33.39610419279987,0,57.1249177521219,Percentage MOE exceeds 50% of estimate,Pass
Georgia place,1306968,"Bemiss CDP, Georgia",2020-2024,B10050_007,Three or four years,0,20,44,63,0,45.45454545454545,0,45.45454545454545,Unavailable MOE or zero percentage,Pass
Georgia place,1307248,"Berkeley Lake city, Georgia",2020-2024,B10050_007,Three or four years,2,4,14,19,14.285714285714285,20.98669775632973,0,35.27241204204401,Percentage MOE exceeds 50% of estimate,Pass
Georgia place,1307304,"Berlin city, Georgia",2020-2024,B10050_007,Three or four years,0,14,26,29,0,53.84615384615385,0,53.84615384615385,Unavailable MOE or zero percentage,Pass
Georgia place,1307380,"Berry College CDP, Georgia",2020-2024,B10050_007,Three or four years,0,14,0,14,NA,NA,NA,NA,Missing input or nonpositive denominator,Pass
Georgia place,1307612,"Bethlehem town, Georgia",2020-2024,B10050_007,Three or four years,0,14,0,14,NA,NA,NA,NA,Missing input or nonpositive denominator,Pass
Georgia place,1307640,"Between town, Georgia",2020-2024,B10050_007,Three or four years,0,14,0,14,NA,NA,NA,NA,Missing input or nonpositive denominator,Pass
Georgia place,1308200,"Bishop town, Georgia",2020-2024,B10050_007,Three or four years,0,14,11,20,0,127.27272727272728,0,100,Unavailable MOE or zero percentage,Pass
Georgia place,1308284,"Blackshear city, Georgia",2020-2024,B10050_007,Three or four years,0,14,33,39,0,42.42424242424242,0,42.42424242424242,Unavailable MOE or zero percentage,Pass
Georgia place,1308480,"Blairsville city, Georgia",2020-2024,B10050_007,Three or four years,0,14,27,42,0,51.85185185185185,0,51.85185185185185,Unavailable MOE or zero percentage,Pass
Georgia place,1308536,"Blakely city, Georgia",2020-2024,B10050_007,Three or four years,0,20,40,48,0,50,0,50,Unavailable MOE or zero percentage,Pass
Georgia place,1308844,"Bloomingdale city, Georgia",2020-2024,B10050_007,Three or four years,0,14,15,23,0,93.33333333333331,0,93.33333333333331,Unavailable MOE or zero percentage,Pass
Georgia place,1308928,"Blue Ridge city, Georgia",2020-2024,B10050_007,Three or four years,0,14,12,15,0,116.66666666666669,0,100,Unavailable MOE or zero percentage,Pass
Georgia place,1308956,"Bluffton town, Georgia",2020-2024,B10050_007,Three or four years,0,14,9,15,0,155.55555555555557,0,100,Unavailable MOE or zero percentage,Pass
Georgia place,1309040,"Blythe city, Georgia",2020-2024,B10050_007,Three or four years,0,14,25,23,0,56.00000000000001,0,56.00000000000001,Unavailable MOE or zero percentage,Pass
Georgia place,1309068,"Bogart town, Georgia",2020-2024,B10050_007,Three or four years,0,14,0,14,NA,NA,NA,NA,Missing input or nonpositive denominator,Pass
Georgia place,1309152,"Bolingbroke CDP, Georgia",2020-2024,B10050_007,Three or four years,0,14,0,14,NA,NA,NA,NA,Missing input or nonpositive denominator,Pass
Georgia place,1309272,"Bonanza CDP, Georgia",2020-2024,B10050_007,Three or four years,0,14,0,14,NA,NA,NA,NA,Missing input or nonpositive denominator,Pass
Georgia place,1309460,"Boston city, Georgia",2020-2024,B10050_007,Three or four years,0,14,15,19,0,93.33333333333331,0,93.33333333333331,Unavailable MOE or zero percentage,Pass
Georgia place,1309488,"Bostwick city, Georgia",2020-2024,B10050_007,Three or four years,0,14,0,14,NA,NA,NA,NA,Missing input or nonpositive denominator,Pass
Georgia place,1309544,"Bowdon city, Georgia",2020-2024,B10050_007,Three or four years,5,8,15,17,33.33333333333333,37.64683188021649,0,70.98016521354981,Percentage MOE exceeds 50% of estimate,Pass
Georgia place,1309656,"Bowersville town, Georgia",2020-2024,B10050_007,Three or four years,0,14,2,5,0,700,0,100,Unavailable MOE or zero percentage,Pass
Georgia place,1309712,"Bowman city, Georgia",2020-2024,B10050_007,Three or four years,0,14,4,7,0,350,0,100,Unavailable MOE or zero percentage,Pass
Georgia place,1309768,"Box Springs CDP, Georgia",2020-2024,B10050_007,Three or four years,0,14,20,28,0,70,0,70,Unavailable MOE or zero percentage,Pass
Georgia place,1309852,"Boykin CDP, Georgia",2020-2024,B10050_007,Three or four years,0,14,0,14,NA,NA,NA,NA,Missing input or nonpositive denominator,Pass
Georgia place,1310076,"Braselton town, Georgia",2020-2024,B10050_007,Three or four years,0,23,44,44,0,52.27272727272727,0,52.27272727272727,Unavailable MOE or zero percentage,Pass
Georgia place,1310104,"Braswell town, Georgia",2020-2024,B10050_007,Three or four years,0,14,11,17,0,127.27272727272728,0,100,Unavailable MOE or zero percentage,Pass
Georgia place,1310132,"Bremen city, Georgia",2020-2024,B10050_007,Three or four years,0,20,32,42,0,62.5,0,62.5,Unavailable MOE or zero percentage,Pass
Georgia place,1310608,"Brinson town, Georgia",2020-2024,B10050_007,Three or four years,0,14,6,9,0,233.33333333333337,0,100,Unavailable MOE or zero percentage,Pass
Georgia place,1310664,"Bristol CDP, Georgia",2020-2024,B10050_007,Three or four years,0,14,0,14,NA,NA,NA,NA,Missing input or nonpositive denominator,Pass
Georgia place,1310860,"Bronwood town, Georgia",2020-2024,B10050_007,Three or four years,0,14,16,16,0,87.5,0,87.5,Unavailable MOE or zero percentage,Pass
Georgia place,1310944,"Brookhaven city, Georgia",2020-2024,B10050_007,Three or four years,19,33,84,58,22.61904761904762,36.04785866689956,0,58.66690628594718,Percentage MOE exceeds 50% of estimate,Pass
Georgia place,1311000,"Brooklet city, Georgia",2020-2024,B10050_007,Three or four years,5,12,9,14,55.55555555555556,101.5352355306276,0,100,Percentage MOE exceeds 50% of estimate,Pass
Georgia place,1311056,"Brooks town, Georgia",2020-2024,B10050_007,Three or four years,0,14,3,5,0,466.6666666666667,0,100,Unavailable MOE or zero percentage,Pass
Georgia place,1311504,"Broxton city, Georgia",2020-2024,B10050_007,Three or four years,0,14,18,26,0,77.77777777777779,0,77.77777777777779,Unavailable MOE or zero percentage,Pass
Georgia place,1311616,"Buchanan city, Georgia",2020-2024,B10050_007,Three or four years,33,52,93,125,35.483870967741936,29.18415625544711,6.299714712294822,64.66802722318906,Percentage MOE exceeds 50% of estimate,Pass
Georgia place,1311626,"Buckhead CDP, Georgia",2020-2024,B10050_007,Three or four years,0,14,0,14,NA,NA,NA,NA,Missing input or nonpositive denominator,Pass
Georgia place,1311672,"Buckhead town, Georgia",2020-2024,B10050_007,Three or four years,4,7,4,7,100,247.48737341529164,0,100,Percentage MOE exceeds 50% of estimate,Pass
Georgia place,1311728,"Buena Vista city, Georgia",2020-2024,B10050_007,Three or four years,0,14,28,28,0,50,0,50,Unavailable MOE or zero percentage,Pass
Georgia place,1311784,"Buford city, Georgia",2020-2024,B10050_007,Three or four years,244,319,244,319,100,184.89103540861367,0,100,Percentage MOE exceeds 50% of estimate,Pass
Georgia place,1312120,"Butler city, Georgia",2020-2024,B10050_007,Three or four years,3,8,17,22,17.647058823529413,41.145928017148094,0,58.79298684067751,Percentage MOE exceeds 50% of estimate,Pass
Georgia place,1312232,"Byromville town, Georgia",2020-2024,B10050_007,Three or four years,1,2,5,7,20,28.5657137141714,0,48.565713714171395,Percentage MOE exceeds 50% of estimate,Pass
Georgia place,1312260,"Byron city, Georgia",2020-2024,B10050_007,Three or four years,0,20,207,157,0,9.66183574879227,0,9.66183574879227,Unavailable MOE or zero percentage,Pass
Georgia place,1312344,"Cadwell town, Georgia",2020-2024,B10050_007,Three or four years,0,14,11,15,0,127.27272727272728,0,100,Unavailable MOE or zero percentage,Pass
Georgia place,1312400,"Cairo city, Georgia",2020-2024,B10050_007,Three or four years,12,21,235,139,5.106382978723404,8.410261341553646,0,13.516644320277049,Percentage MOE exceeds 50% of estimate,Pass
Georgia place,1312456,"Calhoun city, Georgia",2020-2024,B10050_007,Three or four years,0,23,171,136,0,13.450292397660816,0,13.450292397660816,Unavailable MOE or zero percentage,Pass
Georgia place,1312484,"Calvary CDP, Georgia",2020-2024,B10050_007,Three or four years,0,14,0,14,NA,NA,NA,NA,Missing input or nonpositive denominator,Pass
Georgia place,1312512,"Camak town, Georgia",2020-2024,B10050_007,Three or four years,0,14,0,14,NA,NA,NA,NA,Missing input or nonpositive denominator,Pass
Georgia place,1312624,"Camilla city, Georgia",2020-2024,B10050_007,Three or four years,0,20,59,63,0,33.89830508474576,0,33.89830508474576,Unavailable MOE or zero percentage,Pass
Georgia place,1312834,"Candler-McAfee CDP, Georgia",2020-2024,B10050_007,Three or four years,119,114,371,194,32.075471698113205,25.746352584240412,6.3291191138727925,57.82182428235362,Percentage MOE exceeds 50% of estimate,Pass
Georgia place,1312932,"Canon city, Georgia",2020-2024,B10050_007,Three or four years,0,14,4,7,0,350,0,100,Unavailable MOE or zero percentage,Pass
Georgia place,1312960,"Canoochee CDP, Georgia",2020-2024,B10050_007,Three or four years,0,14,0,14,NA,NA,NA,NA,Missing input or nonpositive denominator,Pass
Georgia place,1312988,"Canton city, Georgia",2020-2024,B10050_007,Three or four years,0,30,111,93,0,27.027027027027028,0,27.027027027027028,Unavailable MOE or zero percentage,Pass
Georgia place,1313184,"Carl town, Georgia",2020-2024,B10050_007,Three or four years,0,14,0,14,NA,NA,NA,NA,Missing input or nonpositive denominator,Pass
Georgia place,1313212,"Carlton city, Georgia",2020-2024,B10050_007,Three or four years,0,14,3,5,0,466.6666666666667,0,100,Unavailable MOE or zero percentage,Pass
Georgia place,1313352,"Carnesville city, Georgia",2020-2024,B10050_007,Three or four years,0,14,0,14,NA,NA,NA,NA,Missing input or nonpositive denominator,Pass
Georgia place,1313492,"Carrollton city, Georgia",2020-2024,B10050_007,Three or four years,31,36,126,132,24.6031746031746,12.3283644092057,12.274810193968902,36.9315390123803,Percentage MOE exceeds 50% of estimate,Pass
Georgia place,1313688,"Cartersville city, Georgia",2020-2024,B10050_007,Three or four years,0,27,401,318,0,6.733167082294264,0,6.733167082294264,Unavailable MOE or zero percentage,Pass
Georgia place,1314024,"Cataula CDP, Georgia",2020-2024,B10050_007,Three or four years,0,14,0,14,NA,NA,NA,NA,Missing input or nonpositive denominator,Pass
Georgia place,1314108,"Cave Spring city, Georgia",2020-2024,B10050_007,Three or four years,0,14,4,8,0,350,0,100,Unavailable MOE or zero percentage,Pass
Georgia place,1314192,"Cecil city, Georgia",2020-2024,B10050_007,Three or four years,0,14,0,14,NA,NA,NA,NA,Missing input or nonpositive denominator,Pass
Georgia place,1314472,"Cedar Springs CDP, Georgia",2020-2024,B10050_007,Three or four years,0,14,0,14,NA,NA,NA,NA,Missing input or nonpositive denominator,Pass
Georgia place,1314500,"Cedartown city, Georgia",2020-2024,B10050_007,Three or four years,29,47,218,146,13.302752293577983,19.63273387451729,0,32.935486168095274,Percentage MOE exceeds 50% of estimate,Pass
Georgia place,1314920,"Centerville city, Georgia",2020-2024,B10050_007,Three or four years,0,20,0,20,NA,NA,NA,NA,Missing input or nonpositive denominator,Pass
Georgia place,1315026,"Centralhatchee town, Georgia",2020-2024,B10050_007,Three or four years,0,14,25,30,0,56.00000000000001,0,56.00000000000001,Unavailable MOE or zero percentage,Pass
Georgia place,1315172,"Chamblee city, Georgia",2020-2024,B10050_007,Three or four years,20,31,270,145,7.4074074074074066,10.770307251459249,0,18.177714658866655,Percentage MOE exceeds 50% of estimate,Pass
Georgia place,1315508,"Chatsworth city, Georgia",2020-2024,B10050_007,Three or four years,0,14,51,71,0,27.450980392156865,0,27.450980392156865,Unavailable MOE or zero percentage,Pass
Georgia place,1315552,"Chattahoochee Hills city, Georgia",2020-2024,B10050_007,Three or four years,12,21,18,34,66.66666666666666,171.6637700023301,0,100,Percentage MOE exceeds 50% of estimate,Pass
Georgia place,1315585,"Chattanooga Valley CDP, Georgia",2020-2024,B10050_007,Three or four years,0,14,0,14,NA,NA,NA,NA,Missing input or nonpositive denominator,Pass
Georgia place,1315648,"Chauncey city, Georgia",2020-2024,B10050_007,Three or four years,0,14,5,7,0,280,0,100,Unavailable MOE or zero percentage,Pass
Georgia place,1315844,"Cherry Log CDP, Georgia",2020-2024,B10050_007,Three or four years,0,14,0,14,NA,NA,NA,NA,Missing input or nonpositive denominator,Pass
Georgia place,1315900,"Chester town, Georgia",2020-2024,B10050_007,Three or four years,0,14,0,14,NA,NA,NA,NA,Missing input or nonpositive denominator,Pass
Georgia place,1315984,"Chickamauga city, Georgia",2020-2024,B10050_007,Three or four years,0,14,10,17,0,140,0,100,Unavailable MOE or zero percentage,Pass
Georgia place,1316460,"Clarkesville city, Georgia",2020-2024,B10050_007,Three or four years,0,14,0,14,NA,NA,NA,NA,Missing input or nonpositive denominator,Pass
Georgia place,1316544,"Clarkston city, Georgia",2020-2024,B10050_007,Three or four years,13,23,118,84,11.016949152542372,17.844147410900536,0,28.861096563442903,Percentage MOE exceeds 50% of estimate,Pass
Georgia place,1316600,"Claxton city, Georgia",2020-2024,B10050_007,Three or four years,0,14,16,20,0,87.5,0,87.5,Unavailable MOE or zero percentage,Pass
Georgia place,1316656,"Clayton city, Georgia",2020-2024,B10050_007,Three or four years,0,14,7,9,0,200,0,100,Unavailable MOE or zero percentage,Pass
Georgia place,1316796,"Clermont town, Georgia",2020-2024,B10050_007,Three or four years,0,14,8,12,0,175,0,100,Unavailable MOE or zero percentage,Pass
Georgia place,1316824,"Cleveland city, Georgia",2020-2024,B10050_007,Three or four years,0,14,37,57,0,37.83783783783784,0,37.83783783783784,Unavailable MOE or zero percentage,Pass
Georgia place,1316908,"Climax city, Georgia",2020-2024,B10050_007,Three or four years,0,14,9,14,0,155.55555555555557,0,100,Unavailable MOE or zero percentage,Pass
Georgia place,1317132,"Clyattville CDP, Georgia",2020-2024,B10050_007,Three or four years,0,14,0,14,NA,NA,NA,NA,Missing input or nonpositive denominator,Pass
Georgia place,1317272,"Cobbtown city, Georgia",2020-2024,B10050_007,Three or four years,0,14,12,21,0,116.66666666666669,0,100,Unavailable MOE or zero percentage,Pass
Georgia place,1317328,"Cochran city, Georgia",2020-2024,B10050_007,Three or four years,10,15,59,65,16.94915254237288,17.253773708458517,0,34.202926250831396,Percentage MOE exceeds 50% of estimate,Pass
Georgia place,1317468,"Cogdell CDP, Georgia",2020-2024,B10050_007,Three or four years,0,14,0,14,NA,NA,NA,NA,Missing input or nonpositive denominator,Pass
Georgia place,1317496,"Cohutta city, Georgia",2020-2024,B10050_007,Three or four years,10,16,13,16,76.92307692307693,78.6425927850232,0,100,Percentage MOE exceeds 50% of estimate,Pass
Georgia place,1317552,"Colbert city, Georgia",2020-2024,B10050_007,Three or four years,0,14,6,7,0,233.33333333333337,0,100,Unavailable MOE or zero percentage,Pass
Georgia place,1317580,"Coleman CDP, Georgia",2020-2024,B10050_007,Three or four years,0,14,0,14,NA,NA,NA,NA,Missing input or nonpositive denominator,Pass
Georgia place,1317776,"College Park city, Georgia",2020-2024,B10050_007,Three or four years,0,23,144,134,0,15.97222222222222,0,15.97222222222222,Unavailable MOE or zero percentage,Pass
Georgia place,1317832,"Collins city, Georgia",2020-2024,B10050_007,Three or four years,0,14,0,14,NA,NA,NA,NA,Missing input or nonpositive denominator,Pass
Georgia place,1318000,"Colquitt city, Georgia",2020-2024,B10050_007,Three or four years,0,14,19,23,0,73.68421052631578,0,73.68421052631578,Unavailable MOE or zero percentage,Pass
Georgia place,1319084,"Comer city, Georgia",2020-2024,B10050_007,Three or four years,0,14,0,14,NA,NA,NA,NA,Missing input or nonpositive denominator,Pass
Georgia place,1319168,"Concord city, Georgia",2020-2024,B10050_007,Three or four years,0,14,0,14,NA,NA,NA,NA,Missing input or nonpositive denominator,Pass
Georgia place,1319280,"Conley CDP, Georgia",2020-2024,B10050_007,Three or four years,0,20,78,107,0,25.64102564102564,0,25.64102564102564,Unavailable MOE or zero percentage,Pass
Georgia place,1319336,"Conyers city, Georgia",2020-2024,B10050_007,Three or four years,0,23,192,187,0,11.979166666666668,0,11.979166666666668,Unavailable MOE or zero percentage,Pass
Georgia place,1319392,"Coolidge city, Georgia",2020-2024,B10050_007,Three or four years,0,14,3,4,0,466.6666666666667,0,100,Unavailable MOE or zero percentage,Pass
Georgia place,1319616,"Cordele city, Georgia",2020-2024,B10050_007,Three or four years,0,20,180,183,0,11.11111111111111,0,11.11111111111111,Unavailable MOE or zero percentage,Pass
Georgia place,1319728,"Cornelia city, Georgia",2020-2024,B10050_007,Three or four years,13,22,13,22,100,239.3284490169853,0,100,Percentage MOE exceeds 50% of estimate,Pass
Georgia place,1319830,"Country Club Estates CDP, Georgia",2020-2024,B10050_007,Three or four years,0,20,91,109,0,21.978021978021975,0,21.978021978021975,Unavailable MOE or zero percentage,Pass
Georgia place,1320064,"Covington city, Georgia",2020-2024,B10050_007,Three or four years,0,23,56,61,0,41.07142857142857,0,41.07142857142857,Unavailable MOE or zero percentage,Pass
Georgia place,1320288,"Crawford city, Georgia",2020-2024,B10050_007,Three or four years,0,14,3,6,0,466.6666666666667,0,100,Unavailable MOE or zero percentage,Pass
Georgia place,1320316,"Crawfordville city, Georgia",2020-2024,B10050_007,Three or four years,0,14,6,10,0,233.33333333333337,0,100,Unavailable MOE or zero percentage,Pass
Georgia place,1320372,"Crescent CDP, Georgia",2020-2024,B10050_007,Three or four years,0,14,0,14,NA,NA,NA,NA,Missing input or nonpositive denominator,Pass
Georgia place,1320550,"Crooked Creek CDP, Georgia",2020-2024,B10050_007,Three or four years,0,14,0,14,NA,NA,NA,NA,Missing input or nonpositive denominator,Pass
Georgia place,1320848,"Culloden city, Georgia",2020-2024,B10050_007,Three or four years,0,14,0,14,NA,NA,NA,NA,Missing input or nonpositive denominator,Pass
Georgia place,1320932,"Cumming city, Georgia",2020-2024,B10050_007,Three or four years,0,20,37,51,0,54.054054054054056,0,54.054054054054056,Unavailable MOE or zero percentage,Pass
Georgia place,1321017,"Cusseta-Chattahoochee County unified government, Georgia",2020-2024,B10050_007,Three or four years,0,20,87,45,0,22.988505747126435,0,22.988505747126435,Unavailable MOE or zero percentage,Pass
Georgia place,1321072,"Cuthbert city, Georgia",2020-2024,B10050_007,Three or four years,0,14,35,58,0,40,0,40,Unavailable MOE or zero percentage,Pass
Georgia place,1321184,"Dacula city, Georgia",2020-2024,B10050_007,Three or four years,0,20,106,126,0,18.867924528301888,0,18.867924528301888,Unavailable MOE or zero percentage,Pass
Georgia place,1321240,"Dahlonega city, Georgia",2020-2024,B10050_007,Three or four years,0,20,7,9,0,285.7142857142857,0,100,Unavailable MOE or zero percentage,Pass
Georgia place,1321268,"Daisy city, Georgia",2020-2024,B10050_007,Three or four years,0,14,0,14,NA,NA,NA,NA,Missing input or nonpositive denominator,Pass
Georgia place,1321324,"Dallas city, Georgia",2020-2024,B10050_007,Three or four years,0,23,154,141,0,14.935064935064934,0,14.935064935064934,Unavailable MOE or zero percentage,Pass
Georgia place,1321380,"Dalton city, Georgia",2020-2024,B10050_007,Three or four years,111,132,291,204,38.144329896907216,36.64093116831381,1.5033987285934032,74.78526106522102,Percentage MOE exceeds 50% of estimate,Pass
Georgia place,1321436,"Damascus city, Georgia",2020-2024,B10050_007,Three or four years,1,2,1,2,100,282.842712474619,0,100,Percentage MOE exceeds 50% of estimate,Pass
Georgia place,1321632,"Danielsville city, Georgia",2020-2024,B10050_007,Three or four years,4,6,5,7,80,43.081318457076,36.918681542924,100,Percentage MOE exceeds 50% of estimate,Pass
Georgia place,1321688,"Danville town, Georgia",2020-2024,B10050_007,Three or four years,0,14,17,19,0,82.35294117647058,0,82.35294117647058,Unavailable MOE or zero percentage,Pass
Georgia place,1321716,"Darien city, Georgia",2020-2024,B10050_007,Three or four years,0,14,20,25,0,70,0,70,Unavailable MOE or zero percentage,Pass
Georgia place,1321744,"Dasher town, Georgia",2020-2024,B10050_007,Three or four years,0,14,0,14,NA,NA,NA,NA,Missing input or nonpositive denominator,Pass
Georgia place,1321800,"Davisboro city, Georgia",2020-2024,B10050_007,Three or four years,0,14,14,18,0,100,0,100,Unavailable MOE or zero percentage,Pass
Georgia place,1321912,"Dawson city, Georgia",2020-2024,B10050_007,Three or four years,0,14,0,14,NA,NA,NA,NA,Missing input or nonpositive denominator,Pass
Georgia place,1321940,"Dawsonville city, Georgia",2020-2024,B10050_007,Three or four years,0,14,26,42,0,53.84615384615385,0,53.84615384615385,Unavailable MOE or zero percentage,Pass
Georgia place,1322024,"Dearing town, Georgia",2020-2024,B10050_007,Three or four years,0,14,16,32,0,87.5,0,87.5,Unavailable MOE or zero percentage,Pass
Georgia place,1322052,"Decatur city, Georgia",2020-2024,B10050_007,Three or four years,0,27,0,27,NA,NA,NA,NA,Missing input or nonpositive denominator,Pass
Georgia place,1322080,"Deenwood CDP, Georgia",2020-2024,B10050_007,Three or four years,0,14,14,17,0,100,0,100,Unavailable MOE or zero percentage,Pass
Georgia place,1322108,"Deepstep town, Georgia",2020-2024,B10050_007,Three or four years,0,14,0,14,NA,NA,NA,NA,Missing input or nonpositive denominator,Pass
Georgia place,1322304,"Demorest city, Georgia",2020-2024,B10050_007,Three or four years,0,14,15,27,0,93.33333333333331,0,93.33333333333331,Unavailable MOE or zero percentage,Pass
Georgia place,1322388,"Denton city, Georgia",2020-2024,B10050_007,Three or four years,0,14,56,74,0,25,0,25,Unavailable MOE or zero percentage,Pass
Georgia place,1322472,"De Soto city, Georgia",2020-2024,B10050_007,Three or four years,0,14,0,14,NA,NA,NA,NA,Missing input or nonpositive denominator,Pass
Georgia place,1322724,"Dewy Rose CDP, Georgia",2020-2024,B10050_007,Three or four years,0,14,0,14,NA,NA,NA,NA,Missing input or nonpositive denominator,Pass
Georgia place,1322752,"Dexter town, Georgia",2020-2024,B10050_007,Three or four years,0,14,28,35,0,50,0,50,Unavailable MOE or zero percentage,Pass
Georgia place,1322976,"Dillard city, Georgia",2020-2024,B10050_007,Three or four years,0,14,1,3,0,1400,0,100,Unavailable MOE or zero percentage,Pass
Georgia place,1323060,"Dixie CDP, Georgia",2020-2024,B10050_007,Three or four years,0,14,0,14,NA,NA,NA,NA,Missing input or nonpositive denominator,Pass
Georgia place,1323144,"Dixie Union CDP, Georgia",2020-2024,B10050_007,Three or four years,0,14,0,14,NA,NA,NA,NA,Missing input or nonpositive denominator,Pass
Georgia place,1323200,"Dock Junction CDP, Georgia",2020-2024,B10050_007,Three or four years,71,72,112,89,63.39285714285714,39.93800900190285,23.45484814095429,100,Percentage MOE exceeds 50% of estimate,Pass
Georgia place,1323284,"Doerun city, Georgia",2020-2024,B10050_007,Three or four years,0,14,16,13,0,87.5,0,87.5,Unavailable MOE or zero percentage,Pass
Georgia place,1323368,"Donalsonville city, Georgia",2020-2024,B10050_007,Three or four years,113,126,189,139,59.78835978835979,50.10954284773979,9.678816940620004,100,Percentage MOE exceeds 50% of estimate,Pass
Georgia place,1323480,"Dooling town, Georgia",2020-2024,B10050_007,Three or four years,0,14,0,14,NA,NA,NA,NA,Missing input or nonpositive denominator,Pass
Georgia place,1323536,"Doraville city, Georgia",2020-2024,B10050_007,Three or four years,0,23,33,57,0,69.6969696969697,0,69.6969696969697,Unavailable MOE or zero percentage,Pass
Georgia place,1323872,"Douglas city, Georgia",2020-2024,B10050_007,Three or four years,54,64,272,157,19.852941176470587,20.55040545324578,0,40.40334662971637,Percentage MOE exceeds 50% of estimate,Pass
Georgia place,1323900,"Douglasville city, Georgia",2020-2024,B10050_007,Three or four years,9,20,113,88,7.964601769911504,16.57671250609151,0,24.541314276003018,Percentage MOE exceeds 50% of estimate,Pass
Georgia place,1324264,"Druid Hills CDP, Georgia",2020-2024,B10050_007,Three or four years,0,20,0,20,NA,NA,NA,NA,Missing input or nonpositive denominator,Pass
Georgia place,1324376,"Dublin city, Georgia",2020-2024,B10050_007,Three or four years,13,23,57,48,22.807017543859647,35.48698818036098,0,58.294005724220625,Percentage MOE exceeds 50% of estimate,Pass
Georgia place,1324488,"Dudley city, Georgia",2020-2024,B10050_007,Three or four years,0,14,0,14,NA,NA,NA,NA,Missing input or nonpositive denominator,Pass
Georgia place,1324600,"Duluth city, Georgia",2020-2024,B10050_007,Three or four years,35,35,225,103,15.555555555555555,13.82992564943801,1.725629906117545,29.385481204993567,Percentage MOE exceeds 50% of estimate,Pass
Georgia place,1324768,"Dunwoody city, Georgia",2020-2024,B10050_007,Three or four years,0,34,48,60,0,70.83333333333334,0,70.83333333333334,Unavailable MOE or zero percentage,Pass
Georgia place,1324796,"Du Pont town, Georgia",2020-2024,B10050_007,Three or four years,0,14,0,14,NA,NA,NA,NA,Missing input or nonpositive denominator,Pass
Georgia place,1324876,"Dutch Island CDP, Georgia",2020-2024,B10050_007,Three or four years,0,14,0,14,NA,NA,NA,NA,Missing input or nonpositive denominator,Pass
Georgia place,1324964,"Eagle Grove CDP, Georgia",2020-2024,B10050_007,Three or four years,0,14,0,14,NA,NA,NA,NA,Missing input or nonpositive denominator,Pass
Georgia place,1325300,"East Dublin city, Georgia",2020-2024,B10050_007,Three or four years,0,14,5,7,0,280,0,100,Unavailable MOE or zero percentage,Pass
Georgia place,1325356,"East Ellijay city, Georgia",2020-2024,B10050_007,Three or four years,0,14,8,19,0,175,0,100,Unavailable MOE or zero percentage,Pass
Georgia place,1325440,"East Griffin CDP, Georgia",2020-2024,B10050_007,Three or four years,0,14,19,22,0,73.68421052631578,0,73.68421052631578,Unavailable MOE or zero percentage,Pass
Georgia place,1325552,"Eastman city, Georgia",2020-2024,B10050_007,Three or four years,0,20,11,17,0,181.8181818181818,0,100,Unavailable MOE or zero percentage,Pass
Georgia place,1325692,"East Newnan CDP, Georgia",2020-2024,B10050_007,Three or four years,0,14,0,14,NA,NA,NA,NA,Missing input or nonpositive denominator,Pass
Georgia place,1325720,"East Point city, Georgia",2020-2024,B10050_007,Three or four years,106,100,377,189,28.116710875331563,22.46995675444302,5.6467541208885415,50.58666762977458,Percentage MOE exceeds 50% of estimate,Pass
Georgia place,1326084,"Eatonton city, Georgia",2020-2024,B10050_007,Three or four years,11,18,51,39,21.568627450980394,31.20310950534059,0,52.77173695632098,Percentage MOE exceeds 50% of estimate,Pass
Georgia place,1326156,"Echols County consolidated government, Georgia",2020-2024,B10050_007,Three or four years,42,43,162,148,25.925925925925924,11.980950014618337,13.944975911307589,37.90687594054426,Caregiver count MOE exceeds 50% of estimate,Pass
Georgia place,1326224,"Edge Hill city, Georgia",2020-2024,B10050_007,Three or four years,0,14,0,14,NA,NA,NA,NA,Missing input or nonpositive denominator,Pass
Georgia place,1326448,"Edison city, Georgia",2020-2024,B10050_007,Three or four years,0,14,0,14,NA,NA,NA,NA,Missing input or nonpositive denominator,Pass
Georgia place,1326616,"Elberton city, Georgia",2020-2024,B10050_007,Three or four years,22,31,22,31,100,199.27554742529975,0,100,Percentage MOE exceeds 50% of estimate,Pass
Georgia place,1326980,"Ellaville city, Georgia",2020-2024,B10050_007,Three or four years,4,6,4,6,100,212.13203435596424,0,100,Percentage MOE exceeds 50% of estimate,Pass
Georgia place,1327008,"Ellenton town, Georgia",2020-2024,B10050_007,Three or four years,0,14,0,14,NA,NA,NA,NA,Missing input or nonpositive denominator,Pass
Georgia place,1327064,"Ellerslie CDP, Georgia",2020-2024,B10050_007,Three or four years,0,14,0,14,NA,NA,NA,NA,Missing input or nonpositive denominator,Pass
Georgia place,1327092,"Ellijay city, Georgia",2020-2024,B10050_007,Three or four years,0,14,0,14,NA,NA,NA,NA,Missing input or nonpositive denominator,Pass
Georgia place,1327344,"Emerson city, Georgia",2020-2024,B10050_007,Three or four years,0,14,32,46,0,43.75,0,43.75,Unavailable MOE or zero percentage,Pass
Georgia place,1327512,"Empire CDP, Georgia",2020-2024,B10050_007,Three or four years,0,14,0,14,NA,NA,NA,NA,Missing input or nonpositive denominator,Pass
Georgia place,1327596,"Enigma town, Georgia",2020-2024,B10050_007,Three or four years,0,14,5,8,0,280,0,100,Unavailable MOE or zero percentage,Pass
Georgia place,1327708,"Ephesus city, Georgia",2020-2024,B10050_007,Three or four years,0,14,7,8,0,200,0,100,Unavailable MOE or zero percentage,Pass
Georgia place,1327736,"Epworth CDP, Georgia",2020-2024,B10050_007,Three or four years,0,14,0,14,NA,NA,NA,NA,Missing input or nonpositive denominator,Pass
Georgia place,1327932,"Eton city, Georgia",2020-2024,B10050_007,Three or four years,0,14,2,4,0,700,0,100,Unavailable MOE or zero percentage,Pass
Georgia place,1327988,"Euharlee city, Georgia",2020-2024,B10050_007,Three or four years,0,14,0,14,NA,NA,NA,NA,Missing input or nonpositive denominator,Pass
Georgia place,1328016,"Eulonia CDP, Georgia",2020-2024,B10050_007,Three or four years,0,14,72,36,0,19.444444444444446,0,19.444444444444446,Unavailable MOE or zero percentage,Pass
Georgia place,1328044,"Evans CDP, Georgia",2020-2024,B10050_007,Three or four years,0,30,173,162,0,17.341040462427745,0,17.341040462427745,Unavailable MOE or zero percentage,Pass
Georgia place,1328100,"Everett CDP, Georgia",2020-2024,B10050_007,Three or four years,0,14,0,14,NA,NA,NA,NA,Missing input or nonpositive denominator,Pass
Georgia place,1328296,"Experiment CDP, Georgia",2020-2024,B10050_007,Three or four years,0,14,49,53,0,28.57142857142857,0,28.57142857142857,Unavailable MOE or zero percentage,Pass
Georgia place,1328324,"Faceville CDP, Georgia",2020-2024,B10050_007,Three or four years,0,14,0,14,NA,NA,NA,NA,Missing input or nonpositive denominator,Pass
Georgia place,1328380,"Fairburn city, Georgia",2020-2024,B10050_007,Three or four years,0,23,194,211,0,11.855670103092782,0,11.855670103092782,Unavailable MOE or zero percentage,Pass
Georgia place,1328440,"Fairfield Plantation CDP, Georgia",2020-2024,B10050_007,Three or four years,0,20,59,68,0,33.89830508474576,0,33.89830508474576,Unavailable MOE or zero percentage,Pass
Georgia place,1328492,"Fairmount city, Georgia",2020-2024,B10050_007,Three or four years,9,14,14,14,64.28571428571429,76.59860924831149,0,100,Percentage MOE exceeds 50% of estimate,Pass
Georgia place,1328520,"Fair Oaks CDP, Georgia",2020-2024,B10050_007,Three or four years,0,20,35,44,0,57.14285714285714,0,57.14285714285714,Unavailable MOE or zero percentage,Pass
Georgia place,1328548,"Fairplay CDP, Georgia",2020-2024,B10050_007,Three or four years,0,14,6,10,0,233.33333333333337,0,100,Unavailable MOE or zero percentage,Pass
Georgia place,1328632,"Fairview CDP, Georgia",2020-2024,B10050_007,Three or four years,0,20,124,112,0,16.129032258064516,0,16.129032258064516,Unavailable MOE or zero percentage,Pass
Georgia place,1328744,"Fargo city, Georgia",2020-2024,B10050_007,Three or four years,0,14,0,14,NA,NA,NA,NA,Missing input or nonpositive denominator,Pass
Georgia place,1328968,"Fayetteville city, Georgia",2020-2024,B10050_007,Three or four years,0,23,138,100,0,16.666666666666664,0,16.666666666666664,Unavailable MOE or zero percentage,Pass
Georgia place,1329528,"Fitzgerald city, Georgia",2020-2024,B10050_007,Three or four years,8,13,26,27,30.76923076923077,38.45812456401011,0,69.22735533324088,Percentage MOE exceeds 50% of estimate,Pass
Georgia place,1330088,"Flemington city, Georgia",2020-2024,B10050_007,Three or four years,0,14,10,10,0,140,0,100,Unavailable MOE or zero percentage,Pass
Georgia place,1330312,"Flovilla city, Georgia",2020-2024,B10050_007,Three or four years,0,14,48,80,0,29.166666666666668,0,29.166666666666668,Unavailable MOE or zero percentage,Pass
Georgia place,1330340,"Flowery Branch city, Georgia",2020-2024,B10050_007,Three or four years,0,23,0,23,NA,NA,NA,NA,Missing input or nonpositive denominator,Pass
Georgia place,1330424,"Folkston city, Georgia",2020-2024,B10050_007,Three or four years,25,41,59,65,42.3728813559322,51.47683079017003,0,93.84971214610223,Percentage MOE exceeds 50% of estimate,Pass
Georgia place,1330536,"Forest Park city, Georgia",2020-2024,B10050_007,Three or four years,45,47,105,88,42.857142857142854,26.71140215421487,16.145740702927984,69.56854501135773,Percentage MOE exceeds 50% of estimate,Pass
Georgia place,1330732,"Forsyth city, Georgia",2020-2024,B10050_007,Three or four years,0,14,8,13,0,175,0,100,Unavailable MOE or zero percentage,Pass
Georgia place,1330816,"Fort Gaines city, Georgia",2020-2024,B10050_007,Three or four years,0,14,22,22,0,63.63636363636363,0,63.63636363636363,Unavailable MOE or zero percentage,Pass
Georgia place,1330956,"Fort Oglethorpe city, Georgia",2020-2024,B10050_007,Three or four years,0,23,15,24,0,153.33333333333334,0,100,Unavailable MOE or zero percentage,Pass
Georgia place,1331068,"Fort Stewart CDP, Georgia",2020-2024,B10050_007,Three or four years,0,20,0,20,NA,NA,NA,NA,Missing input or nonpositive denominator,Pass
Georgia place,1331096,"Fort Valley city, Georgia",2020-2024,B10050_007,Three or four years,0,20,87,84,0,22.988505747126435,0,22.988505747126435,Unavailable MOE or zero percentage,Pass
Georgia place,1331292,"Franklin city, Georgia",2020-2024,B10050_007,Three or four years,0,14,21,25,0,66.66666666666666,0,66.66666666666666,Unavailable MOE or zero percentage,Pass
Georgia place,1331320,"Franklin Springs city, Georgia",2020-2024,B10050_007,Three or four years,12,20,18,31,66.66666666666666,159.77521933424435,0,100,Percentage MOE exceeds 50% of estimate,Pass
Georgia place,1331684,"Funston city, Georgia",2020-2024,B10050_007,Three or four years,0,14,3,4,0,466.6666666666667,0,100,Unavailable MOE or zero percentage,Pass
Georgia place,1331908,"Gainesville city, Georgia",2020-2024,B10050_007,Three or four years,27,35,163,103,16.56441717791411,18.748433601822747,0,35.312850779736856,Percentage MOE exceeds 50% of estimate,Pass
Georgia place,1332048,"Garden City city, Georgia",2020-2024,B10050_007,Three or four years,0,23,183,176,0,12.568306010928962,0,12.568306010928962,Unavailable MOE or zero percentage,Pass
Georgia place,1332132,"Gardi CDP, Georgia",2020-2024,B10050_007,Three or four years,5,11,5,11,100,311.1269837220809,0,100,Percentage MOE exceeds 50% of estimate,Pass
Georgia place,1332188,"Garfield city, Georgia",2020-2024,B10050_007,Three or four years,0,14,0,14,NA,NA,NA,NA,Missing input or nonpositive denominator,Pass
Georgia place,1332384,"Gay town, Georgia",2020-2024,B10050_007,Three or four years,0,14,0,14,NA,NA,NA,NA,Missing input or nonpositive denominator,Pass
Georgia place,1332412,"Geneva town, Georgia",2020-2024,B10050_007,Three or four years,0,14,0,14,NA,NA,NA,NA,Missing input or nonpositive denominator,Pass
Georgia place,1332482,"Georgetown CDP, Georgia",2020-2024,B10050_007,Three or four years,102,130,102,130,100,180.24290500833564,0,100,Percentage MOE exceeds 50% of estimate,Pass
Georgia place,1332528,"Georgetown-Quitman County unified government, Georgia",2020-2024,B10050_007,Three or four years,0,14,42,34,0,33.33333333333333,0,33.33333333333333,Unavailable MOE or zero percentage,Pass
Georgia place,1332748,"Gibson city, Georgia",2020-2024,B10050_007,Three or four years,11,13,60,48,18.333333333333332,15.947831618540912,2.3855017147924187,34.281164951874246,Percentage MOE exceeds 50% of estimate,Pass
Georgia place,1332860,"Gillsville city, Georgia",2020-2024,B10050_007,Three or four years,0,14,1,3,0,1400,0,100,Unavailable MOE or zero percentage,Pass
Georgia place,1332916,"Girard town, Georgia",2020-2024,B10050_007,Three or four years,0,14,2,4,0,700,0,100,Unavailable MOE or zero percentage,Pass
Georgia place,1333280,"Glenn CDP, Georgia",2020-2024,B10050_007,Three or four years,0,14,0,14,NA,NA,NA,NA,Missing input or nonpositive denominator,Pass
Georgia place,1333336,"Glennville city, Georgia",2020-2024,B10050_007,Three or four years,0,20,107,103,0,18.69158878504673,0,18.69158878504673,Unavailable MOE or zero percentage,Pass
Georgia place,1333392,"Glenwood city, Georgia",2020-2024,B10050_007,Three or four years,8,14,18,29,44.44444444444444,30.366355249997156,14.078089194447289,74.8107996944416,Percentage MOE exceeds 50% of estimate,Pass
Georgia place,1333672,"Godfrey CDP, Georgia",2020-2024,B10050_007,Three or four years,0,14,0,14,NA,NA,NA,NA,Missing input or nonpositive denominator,Pass
Georgia place,1333896,"Good Hope city, Georgia",2020-2024,B10050_007,Three or four years,12,20,12,20,100,235.70226039551585,0,100,Percentage MOE exceeds 50% of estimate,Pass
Georgia place,1333980,"Gordon city, Georgia",2020-2024,B10050_007,Three or four years,0,14,50,42,0,28.000000000000004,0,28.000000000000004,Unavailable MOE or zero percentage,Pass
Georgia place,1334176,"Gough CDP, Georgia",2020-2024,B10050_007,Three or four years,0,14,0,14,NA,NA,NA,NA,Missing input or nonpositive denominator,Pass
Georgia place,1334260,"Graham city, Georgia",2020-2024,B10050_007,Three or four years,0,14,18,34,0,77.77777777777779,0,77.77777777777779,Unavailable MOE or zero percentage,Pass
Georgia place,1334428,"Grantville city, Georgia",2020-2024,B10050_007,Three or four years,31,33,31,33,100,150.54531470423268,0,100,Percentage MOE exceeds 50% of estimate,Pass
Georgia place,1334512,"Gray city, Georgia",2020-2024,B10050_007,Three or four years,0,14,0,14,NA,NA,NA,NA,Missing input or nonpositive denominator,Pass
Georgia place,1334596,"Grayson city, Georgia",2020-2024,B10050_007,Three or four years,0,14,0,14,NA,NA,NA,NA,Missing input or nonpositive denominator,Pass
Georgia place,1334876,"Greensboro city, Georgia",2020-2024,B10050_007,Three or four years,58,94,58,94,100,229.20012907426025,0,100,Percentage MOE exceeds 50% of estimate,Pass
Georgia place,1335016,"Greenville city, Georgia",2020-2024,B10050_007,Three or four years,0,14,0,14,NA,NA,NA,NA,Missing input or nonpositive denominator,Pass
Georgia place,1335240,"Gresham Park CDP, Georgia",2020-2024,B10050_007,Three or four years,0,20,18,28,0,111.11111111111111,0,100,Unavailable MOE or zero percentage,Pass
Georgia place,1335324,"Griffin city, Georgia",2020-2024,B10050_007,Three or four years,0,27,289,162,0,9.342560553633218,0,9.342560553633218,Unavailable MOE or zero percentage,Pass
Georgia place,1335716,"Grovetown city, Georgia",2020-2024,B10050_007,Three or four years,48,89,96,114,50,71.20003121097942,0,100,Percentage MOE exceeds 50% of estimate,Pass
Georgia place,1335800,"Gumbranch city, Georgia",2020-2024,B10050_007,Three or four years,0,14,0,14,NA,NA,NA,NA,Missing input or nonpositive denominator,Pass
Georgia place,1335814,"Gumlog CDP, Georgia",2020-2024,B10050_007,Three or four years,6,11,22,30,27.27272727272727,33.42002024065414,0,60.692747513381406,Percentage MOE exceeds 50% of estimate,Pass
Georgia place,1335884,"Guyton city, Georgia",2020-2024,B10050_007,Three or four years,16,19,31,26,51.61290322580645,43.38930510182843,8.223598123978022,95.00220832763488,Percentage MOE exceeds 50% of estimate,Pass
Georgia place,1336024,"Hagan city, Georgia",2020-2024,B10050_007,Three or four years,0,14,0,14,NA,NA,NA,NA,Missing input or nonpositive denominator,Pass
Georgia place,1336052,"Hahira city, Georgia",2020-2024,B10050_007,Three or four years,0,14,23,38,0,60.86956521739131,0,60.86956521739131,Unavailable MOE or zero percentage,Pass
Georgia place,1336220,"Hamilton city, Georgia",2020-2024,B10050_007,Three or four years,0,14,5,9,0,280,0,100,Unavailable MOE or zero percentage,Pass
Georgia place,1336276,"Hampton city, Georgia",2020-2024,B10050_007,Three or four years,0,20,126,89,0,15.873015873015872,0,15.873015873015872,Unavailable MOE or zero percentage,Pass
Georgia place,1336416,"Hannahs Mill CDP, Georgia",2020-2024,B10050_007,Three or four years,51,64,57,66,89.47368421052632,43.2870234682647,46.186660742261616,100,Caregiver count MOE exceeds 50% of estimate,Pass
Georgia place,1336472,"Hapeville city, Georgia",2020-2024,B10050_007,Three or four years,0,20,0,20,NA,NA,NA,NA,Missing input or nonpositive denominator,Pass
Georgia place,1336528,"Haralson town, Georgia",2020-2024,B10050_007,Three or four years,0,14,0,14,NA,NA,NA,NA,Missing input or nonpositive denominator,Pass
Georgia place,1336668,"Hardwick CDP, Georgia",2020-2024,B10050_007,Three or four years,29,39,38,43,76.31578947368422,55.45854939467378,20.85724007901044,100,Percentage MOE exceeds 50% of estimate,Pass
Georgia place,1336696,"Harlem city, Georgia",2020-2024,B10050_007,Three or four years,0,14,165,141,0,8.484848484848486,0,8.484848484848486,Unavailable MOE or zero percentage,Pass
Georgia place,1336920,"Harrison town, Georgia",2020-2024,B10050_007,Three or four years,0,14,2,4,0,700,0,100,Unavailable MOE or zero percentage,Pass
Georgia place,1337144,"Hartwell city, Georgia",2020-2024,B10050_007,Three or four years,15,28,90,73,16.666666666666664,28.02054409950622,0,44.68721076617288,Percentage MOE exceeds 50% of estimate,Pass
Georgia place,1337396,"Hawkinsville city, Georgia",2020-2024,B10050_007,Three or four years,0,14,0,14,NA,NA,NA,NA,Missing input or nonpositive denominator,Pass
Georgia place,1337564,"Hazlehurst city, Georgia",2020-2024,B10050_007,Three or four years,0,14,49,67,0,28.57142857142857,0,28.57142857142857,Unavailable MOE or zero percentage,Pass
Georgia place,1337788,"Helen city, Georgia",2020-2024,B10050_007,Three or four years,0,14,0,14,NA,NA,NA,NA,Missing input or nonpositive denominator,Pass
Georgia place,1337910,"Henderson CDP, Georgia",2020-2024,B10050_007,Three or four years,0,14,0,14,NA,NA,NA,NA,Missing input or nonpositive denominator,Pass
Georgia place,1338040,"Hephzibah city, Georgia",2020-2024,B10050_007,Three or four years,0,14,39,37,0,35.8974358974359,0,35.8974358974359,Unavailable MOE or zero percentage,Pass
Georgia place,1338105,"Heron Bay CDP, Georgia",2020-2024,B10050_007,Three or four years,0,14,29,40,0,48.27586206896552,0,48.27586206896552,Unavailable MOE or zero percentage,Pass
Georgia place,1338124,"Hiawassee city, Georgia",2020-2024,B10050_007,Three or four years,0,14,80,84,0,17.5,0,17.5,Unavailable MOE or zero percentage,Pass
Georgia place,1338292,"Hickox CDP, Georgia",2020-2024,B10050_007,Three or four years,0,14,0,14,NA,NA,NA,NA,Missing input or nonpositive denominator,Pass
Georgia place,1338348,"Higgston town, Georgia",2020-2024,B10050_007,Three or four years,2,6,2,6,100,424.2640687119285,0,100,Percentage MOE exceeds 50% of estimate,Pass
Georgia place,1338866,"Hilltop CDP, Georgia",2020-2024,B10050_007,Three or four years,0,14,0,14,NA,NA,NA,NA,Missing input or nonpositive denominator,Pass
Georgia place,1338920,"Hiltonia town, Georgia",2020-2024,B10050_007,Three or four years,0,14,5,8,0,280,0,100,Unavailable MOE or zero percentage,Pass
Georgia place,1339076,"Hiram city, Georgia",2020-2024,B10050_007,Three or four years,0,20,13,27,0,153.84615384615387,0,100,Unavailable MOE or zero percentage,Pass
Georgia place,1339216,"Hoboken city, Georgia",2020-2024,B10050_007,Three or four years,0,14,3,5,0,466.6666666666667,0,100,Unavailable MOE or zero percentage,Pass
Georgia place,1339244,"Hogansville city, Georgia",2020-2024,B10050_007,Three or four years,0,14,11,18,0,127.27272727272728,0,100,Unavailable MOE or zero percentage,Pass
Georgia place,1339524,"Holly Springs city, Georgia",2020-2024,B10050_007,Three or four years,0,23,48,64,0,47.91666666666667,0,47.91666666666667,Unavailable MOE or zero percentage,Pass
Georgia place,1339692,"Homeland city, Georgia",2020-2024,B10050_007,Three or four years,0,14,2,3,0,700,0,100,Unavailable MOE or zero percentage,Pass
Georgia place,1339720,"Homer town, Georgia",2020-2024,B10050_007,Three or four years,7,12,7,12,100,242.43661069253056,0,100,Percentage MOE exceeds 50% of estimate,Pass
Georgia place,1339748,"Homerville city, Georgia",2020-2024,B10050_007,Three or four years,0,14,14,18,0,100,0,100,Unavailable MOE or zero percentage,Pass
Georgia place,1340028,"Hortense CDP, Georgia",2020-2024,B10050_007,Three or four years,0,14,0,14,NA,NA,NA,NA,Missing input or nonpositive denominator,Pass
Georgia place,1340056,"Hoschton city, Georgia",2020-2024,B10050_007,Three or four years,0,14,34,32,0,41.17647058823529,0,41.17647058823529,Unavailable MOE or zero percentage,Pass
Georgia place,1340196,"Howard CDP, Georgia",2020-2024,B10050_007,Three or four years,0,14,0,14,NA,NA,NA,NA,Missing input or nonpositive denominator,Pass
Georgia place,1340532,"Hull city, Georgia",2020-2024,B10050_007,Three or four years,0,14,0,14,NA,NA,NA,NA,Missing input or nonpositive denominator,Pass
Georgia place,1340812,"Ideal city, Georgia",2020-2024,B10050_007,Three or four years,7,11,54,58,12.962962962962962,14.869330170561591,0,27.832293133524555,Percentage MOE exceeds 50% of estimate,Pass
Georgia place,1340840,"Ila city, Georgia",2020-2024,B10050_007,Three or four years,0,14,0,14,NA,NA,NA,NA,Missing input or nonpositive denominator,Pass
Georgia place,1341036,"Indian Springs CDP, Georgia",2020-2024,B10050_007,Three or four years,0,14,0,14,NA,NA,NA,NA,Missing input or nonpositive denominator,Pass
Georgia place,1341344,"Iron City town, Georgia",2020-2024,B10050_007,Three or four years,0,14,6,9,0,233.33333333333337,0,100,Unavailable MOE or zero percentage,Pass
Georgia place,1341347,"Irondale CDP, Georgia",2020-2024,B10050_007,Three or four years,0,20,275,225,0,7.272727272727272,0,7.272727272727272,Unavailable MOE or zero percentage,Pass
Georgia place,1341400,"Irwinton city, Georgia",2020-2024,B10050_007,Three or four years,0,14,5,5,0,280,0,100,Unavailable MOE or zero percentage,Pass
Georgia place,1341484,"Isle of Hope CDP, Georgia",2020-2024,B10050_007,Three or four years,0,14,0,14,NA,NA,NA,NA,Missing input or nonpositive denominator,Pass
Georgia place,1341540,"Ivey city, Georgia",2020-2024,B10050_007,Three or four years,0,14,16,18,0,87.5,0,87.5,Unavailable MOE or zero percentage,Pass
Georgia place,1341596,"Jackson city, Georgia",2020-2024,B10050_007,Three or four years,0,20,9,25,0,222.22222222222223,0,100,Unavailable MOE or zero percentage,Pass
Georgia place,1341708,"Jacksonville city, Georgia",2020-2024,B10050_007,Three or four years,0,14,0,14,NA,NA,NA,NA,Missing input or nonpositive denominator,Pass
Georgia place,1341792,"Jakin city, Georgia",2020-2024,B10050_007,Three or four years,0,14,2,3,0,700,0,100,Unavailable MOE or zero percentage,Pass
Georgia place,1341932,"Jasper city, Georgia",2020-2024,B10050_007,Three or four years,22,39,81,58,27.160493827160497,44.04553954494715,0,71.20603337210764,Percentage MOE exceeds 50% of estimate,Pass
Georgia place,1341988,"Jefferson city, Georgia",2020-2024,B10050_007,Three or four years,69,74,106,74,65.09433962264151,52.99560757911623,12.09873204352528,100,Percentage MOE exceeds 50% of estimate,Pass
Georgia place,1342100,"Jeffersonville city, Georgia",2020-2024,B10050_007,Three or four years,0,14,17,19,0,82.35294117647058,0,82.35294117647058,Unavailable MOE or zero percentage,Pass
Georgia place,1342128,"Jekyll Island CDP, Georgia",2020-2024,B10050_007,Three or four years,0,14,0,14,NA,NA,NA,NA,Missing input or nonpositive denominator,Pass
Georgia place,1342156,"Jenkinsburg city, Georgia",2020-2024,B10050_007,Three or four years,0,14,0,14,NA,NA,NA,NA,Missing input or nonpositive denominator,Pass
Georgia place,1342184,"Jersey city, Georgia",2020-2024,B10050_007,Three or four years,0,14,22,33,0,63.63636363636363,0,63.63636363636363,Unavailable MOE or zero percentage,Pass
Georgia place,1342268,"Jesup city, Georgia",2020-2024,B10050_007,Three or four years,5,8,15,26,33.33333333333333,78.6302489464628,0,100,Percentage MOE exceeds 50% of estimate,Pass
Georgia place,1342425,"Johns Creek city, Georgia",2020-2024,B10050_007,Three or four years,9,15,207,117,4.3478260869565215,6.8169519023559015,0,11.164777989312425,Percentage MOE exceeds 50% of estimate,Pass
Georgia place,1342604,"Jonesboro city, Georgia",2020-2024,B10050_007,Three or four years,0,20,0,20,NA,NA,NA,NA,Missing input or nonpositive denominator,Pass
Georgia place,1342772,"Juliette CDP, Georgia",2020-2024,B10050_007,Three or four years,0,14,0,14,NA,NA,NA,NA,Missing input or nonpositive denominator,Pass
Georgia place,1342800,"Junction City town, Georgia",2020-2024,B10050_007,Three or four years,0,14,2,4,0,700,0,100,Unavailable MOE or zero percentage,Pass
Georgia place,1343192,"Kennesaw city, Georgia",2020-2024,B10050_007,Three or four years,13,21,262,160,4.961832061068702,7.420434057102368,0,12.38226611817107,Percentage MOE exceeds 50% of estimate,Pass
Georgia place,1343210,"Kennesaw State University CDP, Georgia",2020-2024,B10050_007,Three or four years,0,14,0,14,NA,NA,NA,NA,Missing input or nonpositive denominator,Pass
Georgia place,1343360,"Keysville city, Georgia",2020-2024,B10050_007,Three or four years,0,14,3,7,0,466.6666666666667,0,100,Unavailable MOE or zero percentage,Pass
Georgia place,1343580,"Kings Bay Base CDP, Georgia",2020-2024,B10050_007,Three or four years,0,14,0,14,NA,NA,NA,NA,Missing input or nonpositive denominator,Pass
Georgia place,1343640,"Kingsland city, Georgia",2020-2024,B10050_007,Three or four years,14,17,89,82,15.730337078651685,12.44196158801048,3.288375490641206,28.172298666662165,Percentage MOE exceeds 50% of estimate,Pass
Georgia place,1343668,"Kingston city, Georgia",2020-2024,B10050_007,Three or four years,0,14,15,19,0,93.33333333333331,0,93.33333333333331,Unavailable MOE or zero percentage,Pass
Georgia place,1343892,"Kite city, Georgia",2020-2024,B10050_007,Three or four years,0,14,0,14,NA,NA,NA,NA,Missing input or nonpositive denominator,Pass
Georgia place,1344060,"Knoxville CDP, Georgia",2020-2024,B10050_007,Three or four years,0,14,0,14,NA,NA,NA,NA,Missing input or nonpositive denominator,Pass
Georgia place,1344312,"LaFayette city, Georgia",2020-2024,B10050_007,Three or four years,0,20,160,166,0,12.5,0,12.5,Unavailable MOE or zero percentage,Pass
Georgia place,1344508,"Lake City city, Georgia",2020-2024,B10050_007,Three or four years,0,14,11,14,0,127.27272727272728,0,100,Unavailable MOE or zero percentage,Pass
Georgia place,1344592,"Lakeland city, Georgia",2020-2024,B10050_007,Three or four years,0,14,61,59,0,22.950819672131143,0,22.950819672131143,Unavailable MOE or zero percentage,Pass
Georgia place,1344704,"Lake Park city, Georgia",2020-2024,B10050_007,Three or four years,0,14,0,14,NA,NA,NA,NA,Missing input or nonpositive denominator,Pass
Georgia place,1344900,"Lakeview CDP, Georgia",2020-2024,B10050_007,Three or four years,0,14,62,75,0,22.58064516129032,0,22.58064516129032,Unavailable MOE or zero percentage,Pass
Georgia place,1344956,"Lakeview Estates CDP, Georgia",2020-2024,B10050_007,Three or four years,0,14,45,79,0,31.11111111111111,0,31.11111111111111,Unavailable MOE or zero percentage,Pass
Georgia place,1345460,"Lavonia city, Georgia",2020-2024,B10050_007,Three or four years,0,14,0,14,NA,NA,NA,NA,Missing input or nonpositive denominator,Pass
Georgia place,1345488,"Lawrenceville city, Georgia",2020-2024,B10050_007,Three or four years,59,90,181,118,32.59668508287293,44.953889747733264,0,77.5505748306062,Percentage MOE exceeds 50% of estimate,Pass
Georgia place,1345600,"Leary city, Georgia",2020-2024,B10050_007,Three or four years,0,14,3,6,0,466.6666666666667,0,100,Unavailable MOE or zero percentage,Pass
Georgia place,1345768,"Leesburg city, Georgia",2020-2024,B10050_007,Three or four years,0,14,99,121,0,14.14141414141414,0,14.14141414141414,Unavailable MOE or zero percentage,Pass
Georgia place,1345936,"Lenox town, Georgia",2020-2024,B10050_007,Three or four years,0,14,0,14,NA,NA,NA,NA,Missing input or nonpositive denominator,Pass
Georgia place,1346020,"Leslie city, Georgia",2020-2024,B10050_007,Three or four years,0,14,1,3,0,1400,0,100,Unavailable MOE or zero percentage,Pass
Georgia place,1346188,"Lexington city, Georgia",2020-2024,B10050_007,Three or four years,0,14,0,14,NA,NA,NA,NA,Missing input or nonpositive denominator,Pass
Georgia place,1346356,"Lilburn city, Georgia",2020-2024,B10050_007,Three or four years,5,8,20,29,25,16.909686573085853,8.090313426914147,41.90968657308585,Percentage MOE exceeds 50% of estimate,Pass
Georgia place,1346384,"Lilly city, Georgia",2020-2024,B10050_007,Three or four years,0,14,3,5,0,466.6666666666667,0,100,Unavailable MOE or zero percentage,Pass
Georgia place,1346524,"Lincoln Park CDP, Georgia",2020-2024,B10050_007,Three or four years,0,14,0,14,NA,NA,NA,NA,Missing input or nonpositive denominator,Pass
Georgia place,1346552,"Lincolnton city, Georgia",2020-2024,B10050_007,Three or four years,0,14,3,6,0,466.6666666666667,0,100,Unavailable MOE or zero percentage,Pass
Georgia place,1346580,"Lindale CDP, Georgia",2020-2024,B10050_007,Three or four years,6,12,40,45,15,24.803918541230537,0,39.80391854123053,Percentage MOE exceeds 50% of estimate,Pass
Georgia place,1346832,"Lithia Springs CDP, Georgia",2020-2024,B10050_007,Three or four years,0,23,58,74,0,39.6551724137931,0,39.6551724137931,Unavailable MOE or zero percentage,Pass
Georgia place,1346860,"Lithonia city, Georgia",2020-2024,B10050_007,Three or four years,0,14,62,51,0,22.58064516129032,0,22.58064516129032,Unavailable MOE or zero percentage,Pass
Georgia place,1347140,"Locust Grove city, Georgia",2020-2024,B10050_007,Three or four years,69,76,215,143,32.093023255813954,28.176337327063727,3.9166859287502263,60.26936058287768,Percentage MOE exceeds 50% of estimate,Pass
Georgia place,1347196,"Loganville city, Georgia",2020-2024,B10050_007,Three or four years,0,23,50,57,0,46,0,46,Unavailable MOE or zero percentage,Pass
Georgia place,1347252,"Lone Oak town, Georgia",2020-2024,B10050_007,Three or four years,0,14,33,37,0,42.42424242424242,0,42.42424242424242,Unavailable MOE or zero percentage,Pass
Georgia place,1347336,"Lookout Mountain city, Georgia",2020-2024,B10050_007,Three or four years,0,14,0,14,NA,NA,NA,NA,Missing input or nonpositive denominator,Pass
Georgia place,1347560,"Louisville city, Georgia",2020-2024,B10050_007,Three or four years,0,14,12,18,0,116.66666666666669,0,100,Unavailable MOE or zero percentage,Pass
Georgia place,1347616,"Lovejoy city, Georgia",2020-2024,B10050_007,Three or four years,24,36,116,87,20.689655172413794,26.87665046227568,0,47.56630563468947,Percentage MOE exceeds 50% of estimate,Pass
Georgia place,1347784,"Ludowici city, Georgia",2020-2024,B10050_007,Three or four years,12,20,21,24,57.14285714285714,69.32102967541223,0,100,Percentage MOE exceeds 50% of estimate,Pass
Georgia place,1347896,"Lula city, Georgia",2020-2024,B10050_007,Three or four years,0,14,43,38,0,32.55813953488372,0,32.55813953488372,Unavailable MOE or zero percentage,Pass
Georgia place,1347952,"Lumber City city, Georgia",2020-2024,B10050_007,Three or four years,0,14,2,3,0,700,0,100,Unavailable MOE or zero percentage,Pass
Georgia place,1347980,"Lumpkin city, Georgia",2020-2024,B10050_007,Three or four years,0,14,0,14,NA,NA,NA,NA,Missing input or nonpositive denominator,Pass
Georgia place,1348008,"Luthersville city, Georgia",2020-2024,B10050_007,Three or four years,0,14,7,13,0,200,0,100,Unavailable MOE or zero percentage,Pass
Georgia place,1348092,"Lyerly town, Georgia",2020-2024,B10050_007,Three or four years,5,6,5,6,100,169.70562748477138,0,100,Percentage MOE exceeds 50% of estimate,Pass
Georgia place,1348232,"Lyons city, Georgia",2020-2024,B10050_007,Three or four years,0,14,85,98,0,16.470588235294116,0,16.470588235294116,Unavailable MOE or zero percentage,Pass
Georgia place,1348428,"McCaysville city, Georgia",2020-2024,B10050_007,Three or four years,0,14,32,41,0,43.75,0,43.75,Unavailable MOE or zero percentage,Pass
Georgia place,1348624,"McDonough city, Georgia",2020-2024,B10050_007,Three or four years,104,112,203,155,51.231527093596064,38.907624666523475,12.32390242707259,90.13915176011956,Percentage MOE exceeds 50% of estimate,Pass
Georgia place,1348848,"McIntyre town, Georgia",2020-2024,B10050_007,Three or four years,0,14,0,14,NA,NA,NA,NA,Missing input or nonpositive denominator,Pass
Georgia place,1349100,"McRae-Helena city, Georgia",2020-2024,B10050_007,Three or four years,27,43,33,43,81.81818181818183,74.91897486900292,6.899206949178904,100,Percentage MOE exceeds 50% of estimate,Pass
Georgia place,1349196,"Madison city, Georgia",2020-2024,B10050_007,Three or four years,0,14,0,14,NA,NA,NA,NA,Missing input or nonpositive denominator,Pass
Georgia place,1349504,"Manassas city, Georgia",2020-2024,B10050_007,Three or four years,0,14,0,14,NA,NA,NA,NA,Missing input or nonpositive denominator,Pass
Georgia place,1349532,"Manchester city, Georgia",2020-2024,B10050_007,Three or four years,0,14,17,18,0,82.35294117647058,0,82.35294117647058,Unavailable MOE or zero percentage,Pass
Georgia place,1349588,"Manor CDP, Georgia",2020-2024,B10050_007,Three or four years,0,14,0,14,NA,NA,NA,NA,Missing input or nonpositive denominator,Pass
Georgia place,1349616,"Mansfield city, Georgia",2020-2024,B10050_007,Three or four years,0,14,0,14,NA,NA,NA,NA,Missing input or nonpositive denominator,Pass
Georgia place,1349924,"Marshallville city, Georgia",2020-2024,B10050_007,Three or four years,11,17,11,17,100,218.5602778212965,0,100,Percentage MOE exceeds 50% of estimate,Pass
Georgia place,1350008,"Martin town, Georgia",2020-2024,B10050_007,Three or four years,0,14,0,14,NA,NA,NA,NA,Missing input or nonpositive denominator,Pass
Georgia place,1350036,"Martinez CDP, Georgia",2020-2024,B10050_007,Three or four years,51,58,214,115,23.83177570093458,23.886145843486588,0,47.717921544421166,Percentage MOE exceeds 50% of estimate,Pass
Georgia place,1350176,"Matthews CDP, Georgia",2020-2024,B10050_007,Three or four years,0,14,0,14,NA,NA,NA,NA,Missing input or nonpositive denominator,Pass
Georgia place,1350260,"Maxeys town, Georgia",2020-2024,B10050_007,Three or four years,0,14,0,14,NA,NA,NA,NA,Missing input or nonpositive denominator,Pass
Georgia place,1350484,"Maysville town, Georgia",2020-2024,B10050_007,Three or four years,0,14,22,22,0,63.63636363636363,0,63.63636363636363,Unavailable MOE or zero percentage,Pass
Georgia place,1350596,"Meansville city, Georgia",2020-2024,B10050_007,Three or four years,0,14,13,23,0,107.6923076923077,0,100,Unavailable MOE or zero percentage,Pass
Georgia place,1350680,"Meigs city, Georgia",2020-2024,B10050_007,Three or four years,2,3,38,31,5.263157894736842,6.625075203934292,0,11.888233098671131,Percentage MOE exceeds 50% of estimate,Pass
Georgia place,1350820,"Mendes CDP, Georgia",2020-2024,B10050_007,Three or four years,0,14,0,14,NA,NA,NA,NA,Missing input or nonpositive denominator,Pass
Georgia place,1350848,"Menlo city, Georgia",2020-2024,B10050_007,Three or four years,0,14,4,7,0,350,0,100,Unavailable MOE or zero percentage,Pass
Georgia place,1350960,"Mershon CDP, Georgia",2020-2024,B10050_007,Three or four years,0,14,0,14,NA,NA,NA,NA,Missing input or nonpositive denominator,Pass
Georgia place,1351072,"Metter city, Georgia",2020-2024,B10050_007,Three or four years,9,16,34,36,26.47058823529412,37.80187736988188,0,64.272465605176,Percentage MOE exceeds 50% of estimate,Pass
Georgia place,1351240,"Midville city, Georgia",2020-2024,B10050_007,Three or four years,0,14,2,4,0,700,0,100,Unavailable MOE or zero percentage,Pass
Georgia place,1351352,"Midway city, Georgia",2020-2024,B10050_007,Three or four years,0,14,5,8,0,280,0,100,Unavailable MOE or zero percentage,Pass
Georgia place,1351408,"Milan city, Georgia",2020-2024,B10050_007,Three or four years,0,14,10,13,0,140,0,100,Unavailable MOE or zero percentage,Pass
Georgia place,1351492,"Milledgeville city, Georgia",2020-2024,B10050_007,Three or four years,0,23,70,98,0,32.857142857142854,0,32.857142857142854,Unavailable MOE or zero percentage,Pass
Georgia place,1351520,"Millen city, Georgia",2020-2024,B10050_007,Three or four years,0,14,29,47,0,48.27586206896552,0,48.27586206896552,Unavailable MOE or zero percentage,Pass
Georgia place,1351576,"Millwood CDP, Georgia",2020-2024,B10050_007,Three or four years,0,14,0,14,NA,NA,NA,NA,Missing input or nonpositive denominator,Pass
Georgia place,1351604,"Milner city, Georgia",2020-2024,B10050_007,Three or four years,0,14,0,14,NA,NA,NA,NA,Missing input or nonpositive denominator,Pass
Georgia place,1351660,"Milstead CDP, Georgia",2020-2024,B10050_007,Three or four years,0,14,0,14,NA,NA,NA,NA,Missing input or nonpositive denominator,Pass
Georgia place,1351670,"Milton city, Georgia",2020-2024,B10050_007,Three or four years,0,30,71,61,0,42.25352112676056,0,42.25352112676056,Unavailable MOE or zero percentage,Pass
Georgia place,1351744,"Mineral Bluff CDP, Georgia",2020-2024,B10050_007,Three or four years,0,14,0,14,NA,NA,NA,NA,Missing input or nonpositive denominator,Pass
Georgia place,1351968,"Mitchell town, Georgia",2020-2024,B10050_007,Three or four years,0,14,0,14,NA,NA,NA,NA,Missing input or nonpositive denominator,Pass
Georgia place,1352108,"Molena city, Georgia",2020-2024,B10050_007,Three or four years,0,14,7,10,0,200,0,100,Unavailable MOE or zero percentage,Pass
Georgia place,1352192,"Monroe city, Georgia",2020-2024,B10050_007,Three or four years,0,23,232,131,0,9.913793103448276,0,9.913793103448276,Unavailable MOE or zero percentage,Pass
Georgia place,1352304,"Montezuma city, Georgia",2020-2024,B10050_007,Three or four years,31,48,113,84,27.43362831858407,37.26244509312868,0,64.69607341171275,Percentage MOE exceeds 50% of estimate,Pass
Georgia place,1352332,"Montgomery CDP, Georgia",2020-2024,B10050_007,Three or four years,0,14,0,14,NA,NA,NA,NA,Missing input or nonpositive denominator,Pass
Georgia place,1352416,"Monticello city, Georgia",2020-2024,B10050_007,Three or four years,0,14,36,34,0,38.88888888888889,0,38.88888888888889,Unavailable MOE or zero percentage,Pass
Georgia place,1352500,"Montrose town, Georgia",2020-2024,B10050_007,Three or four years,0,14,0,14,NA,NA,NA,NA,Missing input or nonpositive denominator,Pass
Georgia place,1352556,"Moody AFB CDP, Georgia",2020-2024,B10050_007,Three or four years,0,14,0,14,NA,NA,NA,NA,Missing input or nonpositive denominator,Pass
Georgia place,1352668,"Moreland town, Georgia",2020-2024,B10050_007,Three or four years,0,14,13,19,0,107.6923076923077,0,100,Unavailable MOE or zero percentage,Pass
Georgia place,1352696,"Morgan city, Georgia",2020-2024,B10050_007,Three or four years,0,14,0,14,NA,NA,NA,NA,Missing input or nonpositive denominator,Pass
Georgia place,1352724,"Morganton city, Georgia",2020-2024,B10050_007,Three or four years,0,14,3,5,0,466.6666666666667,0,100,Unavailable MOE or zero percentage,Pass
Georgia place,1353004,"Morrow city, Georgia",2020-2024,B10050_007,Three or four years,0,20,11,21,0,181.8181818181818,0,100,Unavailable MOE or zero percentage,Pass
Georgia place,1353032,"Morven city, Georgia",2020-2024,B10050_007,Three or four years,0,14,2,6,0,700,0,100,Unavailable MOE or zero percentage,Pass
Georgia place,1353060,"Moultrie city, Georgia",2020-2024,B10050_007,Three or four years,17,39,196,111,8.673469387755102,19.28213889051218,0,27.95560827826728,Percentage MOE exceeds 50% of estimate,Pass
Georgia place,1353116,"Mountain City town, Georgia",2020-2024,B10050_007,Three or four years,0,14,0,14,NA,NA,NA,NA,Missing input or nonpositive denominator,Pass
Georgia place,1353172,"Mountain Park city, Georgia",2020-2024,B10050_007,Three or four years,0,14,3,5,0,466.6666666666667,0,100,Unavailable MOE or zero percentage,Pass
Georgia place,1353186,"Mountain Park CDP, Georgia",2020-2024,B10050_007,Three or four years,21,35,70,68,30,40.62873216765471,0,70.6287321676547,Percentage MOE exceeds 50% of estimate,Pass
Georgia place,1353284,"Mount Airy town, Georgia",2020-2024,B10050_007,Three or four years,12,12,74,58,16.216216216216218,10.070818372309182,6.145397843907036,26.2870345885254,Percentage MOE exceeds 50% of estimate,Pass
Georgia place,1353508,"Mount Vernon city, Georgia",2020-2024,B10050_007,Three or four years,6,8,29,37,20.689655172413794,8.0118337826031,12.677821389810694,28.70148895501689,Caregiver count MOE exceeds 50% of estimate,Pass
Georgia place,1353620,"Mount Zion city, Georgia",2020-2024,B10050_007,Three or four years,0,14,41,54,0,34.146341463414636,0,34.146341463414636,Unavailable MOE or zero percentage,Pass
Georgia place,1354012,"Musella CDP, Georgia",2020-2024,B10050_007,Three or four years,0,14,0,14,NA,NA,NA,NA,Missing input or nonpositive denominator,Pass
Georgia place,1354124,"Nahunta city, Georgia",2020-2024,B10050_007,Three or four years,6,13,24,22,25,49.080079122457285,0,74.08007912245728,Percentage MOE exceeds 50% of estimate,Pass
Georgia place,1354264,"Nashville city, Georgia",2020-2024,B10050_007,Three or four years,0,14,27,42,0,51.85185185185185,0,51.85185185185185,Unavailable MOE or zero percentage,Pass
Georgia place,1354404,"Naylor CDP, Georgia",2020-2024,B10050_007,Three or four years,0,14,0,14,NA,NA,NA,NA,Missing input or nonpositive denominator,Pass
Georgia place,1354572,"Nelson city, Georgia",2020-2024,B10050_007,Three or four years,14,23,14,23,100,232.3350852470085,0,100,Percentage MOE exceeds 50% of estimate,Pass
Georgia place,1354656,"Newborn town, Georgia",2020-2024,B10050_007,Three or four years,0,14,15,23,0,93.33333333333331,0,93.33333333333331,Unavailable MOE or zero percentage,Pass
Georgia place,1354768,"New England CDP, Georgia",2020-2024,B10050_007,Three or four years,0,14,0,14,NA,NA,NA,NA,Missing input or nonpositive denominator,Pass
Georgia place,1354992,"Newington town, Georgia",2020-2024,B10050_007,Three or four years,0,14,4,6,0,350,0,100,Unavailable MOE or zero percentage,Pass
Georgia place,1355020,"Newnan city, Georgia",2020-2024,B10050_007,Three or four years,0,30,623,316,0,4.815409309791333,0,4.815409309791333,Unavailable MOE or zero percentage,Pass
Georgia place,1355244,"Newton city, Georgia",2020-2024,B10050_007,Three or four years,0,14,10,15,0,140,0,100,Unavailable MOE or zero percentage,Pass
Georgia place,1355440,"Nicholls city, Georgia",2020-2024,B10050_007,Three or four years,0,14,4,5,0,350,0,100,Unavailable MOE or zero percentage,Pass
Georgia place,1355468,"Nicholson city, Georgia",2020-2024,B10050_007,Three or four years,0,14,65,60,0,21.53846153846154,0,21.53846153846154,Unavailable MOE or zero percentage,Pass
Georgia place,1355776,"Norcross city, Georgia",2020-2024,B10050_007,Three or four years,0,23,59,94,0,38.983050847457626,0,38.983050847457626,Unavailable MOE or zero percentage,Pass
Georgia place,1355860,"Norman Park city, Georgia",2020-2024,B10050_007,Three or four years,0,14,3,5,0,466.6666666666667,0,100,Unavailable MOE or zero percentage,Pass
Georgia place,1355944,"Norristown CDP, Georgia",2020-2024,B10050_007,Three or four years,0,14,0,14,NA,NA,NA,NA,Missing input or nonpositive denominator,Pass
Georgia place,1356112,"North Decatur CDP, Georgia",2020-2024,B10050_007,Three or four years,0,23,0,23,NA,NA,NA,NA,Missing input or nonpositive denominator,Pass
Georgia place,1356168,"North Druid Hills CDP, Georgia",2020-2024,B10050_007,Three or four years,0,23,30,44,0,76.66666666666667,0,76.66666666666667,Unavailable MOE or zero percentage,Pass
Georgia place,1356308,"North High Shoals town, Georgia",2020-2024,B10050_007,Three or four years,0,14,2,3,0,700,0,100,Unavailable MOE or zero percentage,Pass
Georgia place,1356560,"Norwood city, Georgia",2020-2024,B10050_007,Three or four years,0,14,0,14,NA,NA,NA,NA,Missing input or nonpositive denominator,Pass
Georgia place,1356644,"Nunez city, Georgia",2020-2024,B10050_007,Three or four years,0,14,0,14,NA,NA,NA,NA,Missing input or nonpositive denominator,Pass
Georgia place,1357232,"Oak Park town, Georgia",2020-2024,B10050_007,Three or four years,3,5,3,5,100,235.70226039551585,0,100,Percentage MOE exceeds 50% of estimate,Pass
Georgia place,1357260,"Oakwood city, Georgia",2020-2024,B10050_007,Three or four years,0,20,144,150,0,13.88888888888889,0,13.88888888888889,Unavailable MOE or zero percentage,Pass
Georgia place,1357372,"Ochlocknee town, Georgia",2020-2024,B10050_007,Three or four years,0,14,13,17,0,107.6923076923077,0,100,Unavailable MOE or zero percentage,Pass
Georgia place,1357428,"Ocilla city, Georgia",2020-2024,B10050_007,Three or four years,0,14,52,84,0,26.923076923076923,0,26.923076923076923,Unavailable MOE or zero percentage,Pass
Georgia place,1357456,"Oconee city, Georgia",2020-2024,B10050_007,Three or four years,13,22,21,35,61.904761904761905,18.1674970512057,43.737264853556205,80.07225895596761,Caregiver count MOE exceeds 50% of estimate,Pass
Georgia place,1357540,"Odum city, Georgia",2020-2024,B10050_007,Three or four years,0,14,0,14,NA,NA,NA,NA,Missing input or nonpositive denominator,Pass
Georgia place,1357568,"Offerman city, Georgia",2020-2024,B10050_007,Three or four years,1,3,11,16,9.090909090909092,23.85267717299473,0,32.943586263903825,Percentage MOE exceeds 50% of estimate,Pass
Georgia place,1357736,"Oglethorpe city, Georgia",2020-2024,B10050_007,Three or four years,0,14,0,14,NA,NA,NA,NA,Missing input or nonpositive denominator,Pass
Georgia place,1357876,"Ohoopee CDP, Georgia",2020-2024,B10050_007,Three or four years,0,14,0,14,NA,NA,NA,NA,Missing input or nonpositive denominator,Pass
Georgia place,1358100,"Oliver city, Georgia",2020-2024,B10050_007,Three or four years,0,14,1,4,0,1400,0,100,Unavailable MOE or zero percentage,Pass
Georgia place,1358184,"Omega city, Georgia",2020-2024,B10050_007,Three or four years,0,14,0,14,NA,NA,NA,NA,Missing input or nonpositive denominator,Pass
Georgia place,1358296,"Orchard Hill town, Georgia",2020-2024,B10050_007,Three or four years,0,14,0,14,NA,NA,NA,NA,Missing input or nonpositive denominator,Pass
Georgia place,1358744,"Oxford city, Georgia",2020-2024,B10050_007,Three or four years,0,14,28,39,0,50,0,50,Unavailable MOE or zero percentage,Pass
Georgia place,1358884,"Palmetto city, Georgia",2020-2024,B10050_007,Three or four years,0,14,154,191,0,9.090909090909092,0,9.090909090909092,Unavailable MOE or zero percentage,Pass
Georgia place,1359080,"Panthersville CDP, Georgia",2020-2024,B10050_007,Three or four years,0,20,46,43,0,43.47826086956522,0,43.47826086956522,Unavailable MOE or zero percentage,Pass
Georgia place,1359416,"Parrott town, Georgia",2020-2024,B10050_007,Three or four years,0,14,0,14,NA,NA,NA,NA,Missing input or nonpositive denominator,Pass
Georgia place,1359500,"Patterson city, Georgia",2020-2024,B10050_007,Three or four years,1,4,6,9,16.666666666666664,61.80165405913053,0,78.46832072579718,Percentage MOE exceeds 50% of estimate,Pass
Georgia place,1359556,"Pavo city, Georgia",2020-2024,B10050_007,Three or four years,0,14,6,12,0,233.33333333333337,0,100,Unavailable MOE or zero percentage,Pass
Georgia place,1359724,"Peachtree City city, Georgia",2020-2024,B10050_007,Three or four years,62,59,126,114,49.2063492063492,14.511536644734663,34.69481256161454,63.717885851083864,Caregiver count MOE exceeds 50% of estimate,Pass
Georgia place,1359735,"Peachtree Corners city, Georgia",2020-2024,B10050_007,Three or four years,41,50,91,87,45.05494505494506,34.110787608242745,10.944157446702311,79.16573266318781,Percentage MOE exceeds 50% of estimate,Pass
Georgia place,1359808,"Pearson city, Georgia",2020-2024,B10050_007,Three or four years,0,14,15,28,0,93.33333333333331,0,93.33333333333331,Unavailable MOE or zero percentage,Pass
Georgia place,1359976,"Pelham city, Georgia",2020-2024,B10050_007,Three or four years,0,14,39,37,0,35.8974358974359,0,35.8974358974359,Unavailable MOE or zero percentage,Pass
Georgia place,1360004,"Pembroke city, Georgia",2020-2024,B10050_007,Three or four years,0,14,33,34,0,42.42424242424242,0,42.42424242424242,Unavailable MOE or zero percentage,Pass
Georgia place,1360032,"Pendergrass town, Georgia",2020-2024,B10050_007,Three or four years,0,14,0,14,NA,NA,NA,NA,Missing input or nonpositive denominator,Pass
Georgia place,1360312,"Perkins CDP, Georgia",2020-2024,B10050_007,Three or four years,0,14,0,14,NA,NA,NA,NA,Missing input or nonpositive denominator,Pass
Georgia place,1360340,"Perry city, Georgia",2020-2024,B10050_007,Three or four years,0,27,120,124,0,22.5,0,22.5,Unavailable MOE or zero percentage,Pass
Georgia place,1360508,"Phillipsburg CDP, Georgia",2020-2024,B10050_007,Three or four years,0,14,0,14,NA,NA,NA,NA,Missing input or nonpositive denominator,Pass
Georgia place,1360984,"Pinehurst city, Georgia",2020-2024,B10050_007,Three or four years,0,14,14,31,0,100,0,100,Unavailable MOE or zero percentage,Pass
Georgia place,1361040,"Pine Lake city, Georgia",2020-2024,B10050_007,Three or four years,0,14,0,14,NA,NA,NA,NA,Missing input or nonpositive denominator,Pass
Georgia place,1361124,"Pine Mountain town, Georgia",2020-2024,B10050_007,Three or four years,0,14,11,16,0,127.27272727272728,0,100,Unavailable MOE or zero percentage,Pass
Georgia place,1361320,"Pineview town, Georgia",2020-2024,B10050_007,Three or four years,0,14,0,14,NA,NA,NA,NA,Missing input or nonpositive denominator,Pass
Georgia place,1361376,"Piney Grove CDP, Georgia",2020-2024,B10050_007,Three or four years,0,14,0,14,NA,NA,NA,NA,Missing input or nonpositive denominator,Pass
Georgia place,1361544,"Pitts city, Georgia",2020-2024,B10050_007,Three or four years,0,14,0,14,NA,NA,NA,NA,Missing input or nonpositive denominator,Pass
Georgia place,1361628,"Plains city, Georgia",2020-2024,B10050_007,Three or four years,0,14,5,9,0,280,0,100,Unavailable MOE or zero percentage,Pass
Georgia place,1361684,"Plainville city, Georgia",2020-2024,B10050_007,Three or four years,0,14,0,14,NA,NA,NA,NA,Missing input or nonpositive denominator,Pass
Georgia place,1362104,"Pooler city, Georgia",2020-2024,B10050_007,Three or four years,69,88,107,99,64.48598130841121,56.60428495149633,7.88169635691488,100,Percentage MOE exceeds 50% of estimate,Pass
Georgia place,1362216,"Portal town, Georgia",2020-2024,B10050_007,Three or four years,0,14,5,8,0,280,0,100,Unavailable MOE or zero percentage,Pass
Georgia place,1362244,"Porterdale city, Georgia",2020-2024,B10050_007,Three or four years,0,14,15,32,0,93.33333333333331,0,93.33333333333331,Unavailable MOE or zero percentage,Pass
Georgia place,1362328,"Port Wentworth city, Georgia",2020-2024,B10050_007,Three or four years,19,43,128,144,14.84375,29.149204658140302,0,43.992954658140306,Percentage MOE exceeds 50% of estimate,Pass
Georgia place,1362496,"Poulan city, Georgia",2020-2024,B10050_007,Three or four years,0,14,13,21,0,107.6923076923077,0,100,Unavailable MOE or zero percentage,Pass
Georgia place,1362524,"Powder Springs city, Georgia",2020-2024,B10050_007,Three or four years,0,23,135,101,0,17.037037037037038,0,17.037037037037038,Unavailable MOE or zero percentage,Pass
Georgia place,1363000,"Pulaski town, Georgia",2020-2024,B10050_007,Three or four years,0,14,0,14,NA,NA,NA,NA,Missing input or nonpositive denominator,Pass
Georgia place,1363084,"Putney CDP, Georgia",2020-2024,B10050_007,Three or four years,0,14,0,14,NA,NA,NA,NA,Missing input or nonpositive denominator,Pass
Georgia place,1363224,"Quitman city, Georgia",2020-2024,B10050_007,Three or four years,0,14,33,35,0,42.42424242424242,0,42.42424242424242,Unavailable MOE or zero percentage,Pass
Georgia place,1363560,"Ranger CDP, Georgia",2020-2024,B10050_007,Three or four years,0,14,0,14,NA,NA,NA,NA,Missing input or nonpositive denominator,Pass
Georgia place,1363588,"Raoul CDP, Georgia",2020-2024,B10050_007,Three or four years,1,3,1,3,100,424.2640687119285,0,100,Percentage MOE exceeds 50% of estimate,Pass
Georgia place,1363728,"Ray City city, Georgia",2020-2024,B10050_007,Three or four years,5,8,32,26,15.625,21.536690565807547,0,37.16169056580755,Percentage MOE exceeds 50% of estimate,Pass
Georgia place,1363756,"Rayle town, Georgia",2020-2024,B10050_007,Three or four years,0,14,0,14,NA,NA,NA,NA,Missing input or nonpositive denominator,Pass
Georgia place,1363840,"Rebecca town, Georgia",2020-2024,B10050_007,Three or four years,0,14,0,14,NA,NA,NA,NA,Missing input or nonpositive denominator,Pass
Georgia place,1363952,"Redan CDP, Georgia",2020-2024,B10050_007,Three or four years,32,51,245,136,13.06122448979592,19.51287833121323,0,32.57410282100915,Percentage MOE exceeds 50% of estimate,Pass
Georgia place,1364288,"Reed Creek CDP, Georgia",2020-2024,B10050_007,Three or four years,0,14,17,37,0,82.35294117647058,0,82.35294117647058,Unavailable MOE or zero percentage,Pass
Georgia place,1364372,"Register town, Georgia",2020-2024,B10050_007,Three or four years,0,14,0,14,NA,NA,NA,NA,Missing input or nonpositive denominator,Pass
Georgia place,1364512,"Reidsville city, Georgia",2020-2024,B10050_007,Three or four years,0,14,36,59,0,38.88888888888889,0,38.88888888888889,Unavailable MOE or zero percentage,Pass
Georgia place,1364596,"Remerton city, Georgia",2020-2024,B10050_007,Three or four years,0,14,0,14,NA,NA,NA,NA,Missing input or nonpositive denominator,Pass
Georgia place,1364680,"Rentz city, Georgia",2020-2024,B10050_007,Three or four years,0,14,9,16,0,155.55555555555557,0,100,Unavailable MOE or zero percentage,Pass
Georgia place,1364736,"Resaca town, Georgia",2020-2024,B10050_007,Three or four years,0,14,11,21,0,127.27272727272728,0,100,Unavailable MOE or zero percentage,Pass
Georgia place,1364792,"Rest Haven town, Georgia",2020-2024,B10050_007,Three or four years,0,14,0,14,NA,NA,NA,NA,Missing input or nonpositive denominator,Pass
Georgia place,1364876,"Reynolds city, Georgia",2020-2024,B10050_007,Three or four years,11,20,11,20,100,257.12973861329004,0,100,Percentage MOE exceeds 50% of estimate,Pass
Georgia place,1364932,"Rhine town, Georgia",2020-2024,B10050_007,Three or four years,0,14,0,14,NA,NA,NA,NA,Missing input or nonpositive denominator,Pass
Georgia place,1364960,"Riceboro city, Georgia",2020-2024,B10050_007,Three or four years,0,14,14,19,0,100,0,100,Unavailable MOE or zero percentage,Pass
Georgia place,1365016,"Richland city, Georgia",2020-2024,B10050_007,Three or four years,0,14,10,13,0,140,0,100,Unavailable MOE or zero percentage,Pass
Georgia place,1365044,"Richmond Hill city, Georgia",2020-2024,B10050_007,Three or four years,0,23,38,38,0,60.526315789473685,0,60.526315789473685,Unavailable MOE or zero percentage,Pass
Georgia place,1365156,"Riddleville town, Georgia",2020-2024,B10050_007,Three or four years,0,14,4,8,0,350,0,100,Unavailable MOE or zero percentage,Pass
Georgia place,1365296,"Rincon city, Georgia",2020-2024,B10050_007,Three or four years,0,23,10,19,0,229.99999999999997,0,100,Unavailable MOE or zero percentage,Pass
Georgia place,1365324,"Ringgold city, Georgia",2020-2024,B10050_007,Three or four years,0,14,39,53,0,35.8974358974359,0,35.8974358974359,Unavailable MOE or zero percentage,Pass
Georgia place,1365464,"Riverdale city, Georgia",2020-2024,B10050_007,Three or four years,0,23,120,117,0,19.166666666666668,0,19.166666666666668,Unavailable MOE or zero percentage,Pass
Georgia place,1365856,"Roberta city, Georgia",2020-2024,B10050_007,Three or four years,0,14,7,10,0,200,0,100,Unavailable MOE or zero percentage,Pass
Georgia place,1365968,"Robins AFB CDP, Georgia",2020-2024,B10050_007,Three or four years,0,14,0,14,NA,NA,NA,NA,Missing input or nonpositive denominator,Pass
Georgia place,1366024,"Rochelle city, Georgia",2020-2024,B10050_007,Three or four years,6,9,38,29,15.789473684210526,20.389768664352296,0,36.17924234856282,Percentage MOE exceeds 50% of estimate,Pass
Georgia place,1366220,"Rockingham CDP, Georgia",2020-2024,B10050_007,Three or four years,0,14,0,14,NA,NA,NA,NA,Missing input or nonpositive denominator,Pass
Georgia place,1366276,"Rockmart city, Georgia",2020-2024,B10050_007,Three or four years,0,20,49,79,0,40.81632653061224,0,40.81632653061224,Unavailable MOE or zero percentage,Pass
Georgia place,1366304,"Rock Spring CDP, Georgia",2020-2024,B10050_007,Three or four years,0,14,0,14,NA,NA,NA,NA,Missing input or nonpositive denominator,Pass
Georgia place,1366444,"Rocky Ford town, Georgia",2020-2024,B10050_007,Three or four years,5,7,5,7,100,197.98989873223331,0,100,Percentage MOE exceeds 50% of estimate,Pass
Georgia place,1366668,"Rome city, Georgia",2020-2024,B10050_007,Three or four years,0,30,253,186,0,11.857707509881422,0,11.857707509881422,Unavailable MOE or zero percentage,Pass
Georgia place,1366696,"Roopville town, Georgia",2020-2024,B10050_007,Three or four years,0,14,9,17,0,155.55555555555557,0,100,Unavailable MOE or zero percentage,Pass
Georgia place,1367256,"Rossville city, Georgia",2020-2024,B10050_007,Three or four years,0,14,25,39,0,56.00000000000001,0,56.00000000000001,Unavailable MOE or zero percentage,Pass
Georgia place,1367284,"Roswell city, Georgia",2020-2024,B10050_007,Three or four years,3,6,207,147,1.4492753623188406,2.7096776245553804,0,4.158952986874221,Percentage MOE exceeds 50% of estimate,Pass
Georgia place,1367452,"Royston city, Georgia",2020-2024,B10050_007,Three or four years,0,14,2,6,0,700,0,100,Unavailable MOE or zero percentage,Pass
Georgia place,1367676,"Russell CDP, Georgia",2020-2024,B10050_007,Three or four years,0,14,0,14,NA,NA,NA,NA,Missing input or nonpositive denominator,Pass
Georgia place,1367760,"Rutledge city, Georgia",2020-2024,B10050_007,Three or four years,0,14,5,8,0,280,0,100,Unavailable MOE or zero percentage,Pass
Georgia place,1367984,"St. Marys city, Georgia",2020-2024,B10050_007,Three or four years,0,23,127,108,0,18.11023622047244,0,18.11023622047244,Unavailable MOE or zero percentage,Pass
Georgia place,1368040,"St. Simons CDP, Georgia",2020-2024,B10050_007,Three or four years,9,14,35,34,25.71428571428571,31.241318660871816,0,56.95560437515753,Percentage MOE exceeds 50% of estimate,Pass
Georgia place,1368096,"Sale City city, Georgia",2020-2024,B10050_007,Three or four years,0,14,0,14,NA,NA,NA,NA,Missing input or nonpositive denominator,Pass
Georgia place,1368129,"Salem CDP, Georgia",2020-2024,B10050_007,Three or four years,0,14,0,14,NA,NA,NA,NA,Missing input or nonpositive denominator,Pass
Georgia place,1368208,"Sandersville city, Georgia",2020-2024,B10050_007,Three or four years,56,56,214,120,26.168224299065415,21.66694298506147,4.501281314003947,47.83516728412689,Percentage MOE exceeds 50% of estimate,Pass
Georgia place,1368516,"Sandy Springs city, Georgia",2020-2024,B10050_007,Three or four years,5,8,111,92,4.504504504504505,6.164826705975709,0,10.669331210480212,Percentage MOE exceeds 50% of estimate,Pass
Georgia place,1368600,"Santa Claus city, Georgia",2020-2024,B10050_007,Three or four years,0,14,0,14,NA,NA,NA,NA,Missing input or nonpositive denominator,Pass
Georgia place,1368740,"Sardis city, Georgia",2020-2024,B10050_007,Three or four years,0,14,16,24,0,87.5,0,87.5,Unavailable MOE or zero percentage,Pass
Georgia place,1368796,"Sasser town, Georgia",2020-2024,B10050_007,Three or four years,2,4,2,4,100,282.842712474619,0,100,Percentage MOE exceeds 50% of estimate,Pass
Georgia place,1368805,"Satilla CDP, Georgia",2020-2024,B10050_007,Three or four years,0,14,0,14,NA,NA,NA,NA,Missing input or nonpositive denominator,Pass
Georgia place,1368880,"Sautee-Nacoochee CDP, Georgia",2020-2024,B10050_007,Three or four years,0,14,0,14,NA,NA,NA,NA,Missing input or nonpositive denominator,Pass
Georgia place,1369336,"Scotland city, Georgia",2020-2024,B10050_007,Three or four years,0,14,0,14,NA,NA,NA,NA,Missing input or nonpositive denominator,Pass
Georgia place,1369392,"Scottdale CDP, Georgia",2020-2024,B10050_007,Three or four years,0,23,101,91,0,22.772277227722775,0,22.772277227722775,Unavailable MOE or zero percentage,Pass
Georgia place,1369448,"Screven city, Georgia",2020-2024,B10050_007,Three or four years,0,14,23,23,0,60.86956521739131,0,60.86956521739131,Unavailable MOE or zero percentage,Pass
Georgia place,1369672,"Senoia city, Georgia",2020-2024,B10050_007,Three or four years,0,20,0,20,NA,NA,NA,NA,Missing input or nonpositive denominator,Pass
Georgia place,1369728,"Seville CDP, Georgia",2020-2024,B10050_007,Three or four years,0,14,0,14,NA,NA,NA,NA,Missing input or nonpositive denominator,Pass
Georgia place,1369784,"Shady Dale town, Georgia",2020-2024,B10050_007,Three or four years,0,14,5,8,0,280,0,100,Unavailable MOE or zero percentage,Pass
Georgia place,1369868,"Shannon CDP, Georgia",2020-2024,B10050_007,Three or four years,0,14,62,103,0,22.58064516129032,0,22.58064516129032,Unavailable MOE or zero percentage,Pass
Georgia place,1369896,"Sharon city, Georgia",2020-2024,B10050_007,Three or four years,1,2,1,2,100,282.842712474619,0,100,Percentage MOE exceeds 50% of estimate,Pass
Georgia place,1369980,"Sharpsburg town, Georgia",2020-2024,B10050_007,Three or four years,0,14,2,3,0,700,0,100,Unavailable MOE or zero percentage,Pass
Georgia place,1370120,"Shellman city, Georgia",2020-2024,B10050_007,Three or four years,8,10,45,42,17.77777777777778,14.782186291278723,2.9955914864990554,32.559964069056505,Percentage MOE exceeds 50% of estimate,Pass
Georgia place,1370428,"Shiloh city, Georgia",2020-2024,B10050_007,Three or four years,0,14,9,17,0,155.55555555555557,0,100,Unavailable MOE or zero percentage,Pass
Georgia place,1370932,"Siloam town, Georgia",2020-2024,B10050_007,Three or four years,0,14,4,6,0,350,0,100,Unavailable MOE or zero percentage,Pass
Georgia place,1371184,"Skidaway Island CDP, Georgia",2020-2024,B10050_007,Three or four years,0,20,5,9,0,400,0,100,Unavailable MOE or zero percentage,Pass
Georgia place,1371282,"Sky Valley city, Georgia",2020-2024,B10050_007,Three or four years,0,14,0,14,NA,NA,NA,NA,Missing input or nonpositive denominator,Pass
Georgia place,1371296,"Smarr CDP, Georgia",2020-2024,B10050_007,Three or four years,0,14,0,14,NA,NA,NA,NA,Missing input or nonpositive denominator,Pass
Georgia place,1371464,"Smithville city, Georgia",2020-2024,B10050_007,Three or four years,11,23,11,23,100,295.6991994052835,0,100,Percentage MOE exceeds 50% of estimate,Pass
Georgia place,1371492,"Smyrna city, Georgia",2020-2024,B10050_007,Three or four years,32,32,203,118,15.763546798029555,12.82684602813914,2.9367007698904164,28.590392826168696,Percentage MOE exceeds 50% of estimate,Pass
Georgia place,1371604,"Snellville city, Georgia",2020-2024,B10050_007,Three or four years,0,27,93,132,0,29.03225806451613,0,29.03225806451613,Unavailable MOE or zero percentage,Pass
Georgia place,1371660,"Social Circle city, Georgia",2020-2024,B10050_007,Three or four years,0,20,31,60,0,64.51612903225806,0,64.51612903225806,Unavailable MOE or zero percentage,Pass
Georgia place,1371772,"Soperton city, Georgia",2020-2024,B10050_007,Three or four years,0,14,18,23,0,77.77777777777779,0,77.77777777777779,Unavailable MOE or zero percentage,Pass
Georgia place,1372556,"Sparks town, Georgia",2020-2024,B10050_007,Three or four years,0,14,19,21,0,73.68421052631578,0,73.68421052631578,Unavailable MOE or zero percentage,Pass
Georgia place,1372584,"Sparta city, Georgia",2020-2024,B10050_007,Three or four years,0,14,5,13,0,280,0,100,Unavailable MOE or zero percentage,Pass
Georgia place,1372780,"Springfield city, Georgia",2020-2024,B10050_007,Three or four years,0,14,7,11,0,200,0,100,Unavailable MOE or zero percentage,Pass
Georgia place,1373004,"Stapleton city, Georgia",2020-2024,B10050_007,Three or four years,0,14,6,8,0,233.33333333333337,0,100,Unavailable MOE or zero percentage,Pass
Georgia place,1373256,"Statesboro city, Georgia",2020-2024,B10050_007,Three or four years,28,45,245,157,11.428571428571429,16.844111569104495,0,28.27268299767592,Percentage MOE exceeds 50% of estimate,Pass
Georgia place,1373312,"Statham city, Georgia",2020-2024,B10050_007,Three or four years,0,14,0,14,NA,NA,NA,NA,Missing input or nonpositive denominator,Pass
Georgia place,1373452,"Sterling CDP, Georgia",2020-2024,B10050_007,Three or four years,0,14,0,14,NA,NA,NA,NA,Missing input or nonpositive denominator,Pass
Georgia place,1373620,"Stillmore city, Georgia",2020-2024,B10050_007,Three or four years,0,14,8,13,0,175,0,100,Unavailable MOE or zero percentage,Pass
Georgia place,1373760,"Stockton CDP, Georgia",2020-2024,B10050_007,Three or four years,0,14,0,14,NA,NA,NA,NA,Missing input or nonpositive denominator,Pass
Georgia place,1373816,"Stone Mountain city, Georgia",2020-2024,B10050_007,Three or four years,0,20,20,35,0,100,0,100,Unavailable MOE or zero percentage,Pass
Georgia place,1374180,"Sugar Hill city, Georgia",2020-2024,B10050_007,Three or four years,8,12,63,71,12.698412698412698,12.57018930897318,0.12822338943951905,25.268602007385876,Percentage MOE exceeds 50% of estimate,Pass
Georgia place,1374348,"Summertown city, Georgia",2020-2024,B10050_007,Three or four years,0,14,8,17,0,175,0,100,Unavailable MOE or zero percentage,Pass
Georgia place,1374376,"Summerville city, Georgia",2020-2024,B10050_007,Three or four years,14,22,103,73,13.592233009708735,19.06345638768637,0,32.65568939739511,Percentage MOE exceeds 50% of estimate,Pass
Georgia place,1374432,"Sumner town, Georgia",2020-2024,B10050_007,Three or four years,0,14,0,14,NA,NA,NA,NA,Missing input or nonpositive denominator,Pass
Georgia place,1374572,"Sunny Side CDP, Georgia",2020-2024,B10050_007,Three or four years,0,14,5,7,0,280,0,100,Unavailable MOE or zero percentage,Pass
Georgia place,1374628,"Sunnyside CDP, Georgia",2020-2024,B10050_007,Three or four years,0,14,0,14,NA,NA,NA,NA,Missing input or nonpositive denominator,Pass
Georgia place,1374768,"Sunset Village CDP, Georgia",2020-2024,B10050_007,Three or four years,0,14,0,14,NA,NA,NA,NA,Missing input or nonpositive denominator,Pass
Georgia place,1374852,"Surrency town, Georgia",2020-2024,B10050_007,Three or four years,0,14,0,14,NA,NA,NA,NA,Missing input or nonpositive denominator,Pass
Georgia place,1374936,"Suwanee city, Georgia",2020-2024,B10050_007,Three or four years,22,38,88,66,25,38.89867506082441,0,63.89867506082441,Percentage MOE exceeds 50% of estimate,Pass
Georgia place,1374964,"Swainsboro city, Georgia",2020-2024,B10050_007,Three or four years,0,20,31,14,0,64.51612903225806,0,64.51612903225806,Unavailable MOE or zero percentage,Pass
Georgia place,1375104,"Sycamore city, Georgia",2020-2024,B10050_007,Three or four years,11,17,11,17,100,218.5602778212965,0,100,Percentage MOE exceeds 50% of estimate,Pass
Georgia place,1375160,"Sylvania city, Georgia",2020-2024,B10050_007,Three or four years,0,14,8,14,0,175,0,100,Unavailable MOE or zero percentage,Pass
Georgia place,1375188,"Sylvester city, Georgia",2020-2024,B10050_007,Three or four years,18,28,77,70,23.376623376623375,29.507436792091266,0,52.88406016871464,Percentage MOE exceeds 50% of estimate,Pass
Georgia place,1375239,"Talahi Island CDP, Georgia",2020-2024,B10050_007,Three or four years,0,14,0,14,NA,NA,NA,NA,Missing input or nonpositive denominator,Pass
Georgia place,1375244,"Talbotton city, Georgia",2020-2024,B10050_007,Three or four years,0,14,6,10,0,233.33333333333337,0,100,Unavailable MOE or zero percentage,Pass
Georgia place,1375272,"Talking Rock town, Georgia",2020-2024,B10050_007,Three or four years,0,14,0,14,NA,NA,NA,NA,Missing input or nonpositive denominator,Pass
Georgia place,1375300,"Tallapoosa city, Georgia",2020-2024,B10050_007,Three or four years,7,11,8,41,87.5,469.04417852292977,0,100,Percentage MOE exceeds 50% of estimate,Pass
Georgia place,1375328,"Tallulah Falls town, Georgia",2020-2024,B10050_007,Three or four years,0,14,0,14,NA,NA,NA,NA,Missing input or nonpositive denominator,Pass
Georgia place,1375412,"Talmo town, Georgia",2020-2024,B10050_007,Three or four years,0,14,0,14,NA,NA,NA,NA,Missing input or nonpositive denominator,Pass
Georgia place,1375496,"Tarrytown town, Georgia",2020-2024,B10050_007,Three or four years,0,14,0,14,NA,NA,NA,NA,Missing input or nonpositive denominator,Pass
Georgia place,1375580,"Tate City CDP, Georgia",2020-2024,B10050_007,Three or four years,0,14,0,14,NA,NA,NA,NA,Missing input or nonpositive denominator,Pass
Georgia place,1375664,"Taylorsville town, Georgia",2020-2024,B10050_007,Three or four years,0,14,4,6,0,350,0,100,Unavailable MOE or zero percentage,Pass
Georgia place,1375692,"Tazewell CDP, Georgia",2020-2024,B10050_007,Three or four years,0,14,0,14,NA,NA,NA,NA,Missing input or nonpositive denominator,Pass
Georgia place,1375832,"Temple city, Georgia",2020-2024,B10050_007,Three or four years,0,20,86,90,0,23.25581395348837,0,23.25581395348837,Unavailable MOE or zero percentage,Pass
Georgia place,1375888,"Tennille city, Georgia",2020-2024,B10050_007,Three or four years,0,14,23,28,0,60.86956521739131,0,60.86956521739131,Unavailable MOE or zero percentage,Pass
Georgia place,1376112,"The Rock CDP, Georgia",2020-2024,B10050_007,Three or four years,0,14,0,14,NA,NA,NA,NA,Missing input or nonpositive denominator,Pass
Georgia place,1376168,"Thomaston city, Georgia",2020-2024,B10050_007,Three or four years,0,20,75,101,0,26.666666666666668,0,26.666666666666668,Unavailable MOE or zero percentage,Pass
Georgia place,1376224,"Thomasville city, Georgia",2020-2024,B10050_007,Three or four years,79,69,110,75,71.81818181818181,39.20394521475628,32.61423660342553,100,Percentage MOE exceeds 50% of estimate,Pass
Georgia place,1376280,"Thomson city, Georgia",2020-2024,B10050_007,Three or four years,0,20,147,155,0,13.60544217687075,0,13.60544217687075,Unavailable MOE or zero percentage,Pass
Georgia place,1376364,"Thunderbolt town, Georgia",2020-2024,B10050_007,Three or four years,34,33,38,33,89.47368421052632,38.78314201521784,50.690542195308474,100,Caregiver count MOE exceeds 50% of estimate,Pass
Georgia place,1376476,"Tifton city, Georgia",2020-2024,B10050_007,Three or four years,0,23,122,94,0,18.852459016393443,0,18.852459016393443,Unavailable MOE or zero percentage,Pass
Georgia place,1376504,"Tiger town, Georgia",2020-2024,B10050_007,Three or four years,1,2,3,3,33.33333333333333,57.735026918962575,0,91.0683602522959,Percentage MOE exceeds 50% of estimate,Pass
Georgia place,1376532,"Tignall town, Georgia",2020-2024,B10050_007,Three or four years,0,14,17,27,0,82.35294117647058,0,82.35294117647058,Unavailable MOE or zero percentage,Pass
Georgia place,1376756,"Toccoa city, Georgia",2020-2024,B10050_007,Three or four years,25,41,95,86,26.31578947368421,35.98724973269041,0,62.30303920637462,Percentage MOE exceeds 50% of estimate,Pass
Georgia place,1376952,"Toomsboro city, Georgia",2020-2024,B10050_007,Three or four years,3,5,9,12,33.33333333333333,33.33333333333333,0,66.66666666666666,Percentage MOE exceeds 50% of estimate,Pass
Georgia place,1377372,"Trenton city, Georgia",2020-2024,B10050_007,Three or four years,5,10,23,32,21.73913043478261,31.233859436405115,0,52.97298987118772,Percentage MOE exceeds 50% of estimate,Pass
Georgia place,1377540,"Trion town, Georgia",2020-2024,B10050_007,Three or four years,0,14,8,12,0,175,0,100,Unavailable MOE or zero percentage,Pass
Georgia place,1377652,"Tucker city, Georgia",2020-2024,B10050_007,Three or four years,0,30,185,158,0,16.216216216216218,0,16.216216216216218,Unavailable MOE or zero percentage,Pass
Georgia place,1377736,"Tunnel Hill city, Georgia",2020-2024,B10050_007,Three or four years,4,8,7,9,57.14285714285714,87.54126771235599,0,100,Percentage MOE exceeds 50% of estimate,Pass
Georgia place,1377764,"Turin town, Georgia",2020-2024,B10050_007,Three or four years,0,14,0,14,NA,NA,NA,NA,Missing input or nonpositive denominator,Pass
Georgia place,1377988,"Twin City city, Georgia",2020-2024,B10050_007,Three or four years,0,14,9,15,0,155.55555555555557,0,100,Unavailable MOE or zero percentage,Pass
Georgia place,1378036,"Tybee Island city, Georgia",2020-2024,B10050_007,Three or four years,16,30,16,30,100,265.1650429449553,0,100,Percentage MOE exceeds 50% of estimate,Pass
Georgia place,1378044,"Tyrone town, Georgia",2020-2024,B10050_007,Three or four years,0,20,0,20,NA,NA,NA,NA,Missing input or nonpositive denominator,Pass
Georgia place,1378100,"Ty Ty city, Georgia",2020-2024,B10050_007,Three or four years,0,14,29,36,0,48.27586206896552,0,48.27586206896552,Unavailable MOE or zero percentage,Pass
Georgia place,1378156,"Unadilla city, Georgia",2020-2024,B10050_007,Three or four years,0,14,0,14,NA,NA,NA,NA,Missing input or nonpositive denominator,Pass
Georgia place,1378324,"Union City city, Georgia",2020-2024,B10050_007,Three or four years,35,42,249,170,14.056224899598394,13.871425162839635,0.18479973675875885,27.92765006243803,Percentage MOE exceeds 50% of estimate,Pass
Georgia place,1378380,"Union Point city, Georgia",2020-2024,B10050_007,Three or four years,4,7,14,16,28.57142857142857,37.86525574546831,0,66.43668431689687,Percentage MOE exceeds 50% of estimate,Pass
Georgia place,1378464,"Unionville CDP, Georgia",2020-2024,B10050_007,Three or four years,0,14,19,21,0,73.68421052631578,0,73.68421052631578,Unavailable MOE or zero percentage,Pass
Georgia place,1378744,"Uvalda city, Georgia",2020-2024,B10050_007,Three or four years,0,14,23,24,0,60.86956521739131,0,60.86956521739131,Unavailable MOE or zero percentage,Pass
Georgia place,1378800,"Valdosta city, Georgia",2020-2024,B10050_007,Three or four years,25,40,325,184,7.6923076923076925,11.511429418089026,0,19.20373711039672,Percentage MOE exceeds 50% of estimate,Pass
Georgia place,1378996,"Varnell city, Georgia",2020-2024,B10050_007,Three or four years,0,14,2,4,0,700,0,100,Unavailable MOE or zero percentage,Pass
Georgia place,1379164,"Vernonburg town, Georgia",2020-2024,B10050_007,Three or four years,0,14,0,14,NA,NA,NA,NA,Missing input or nonpositive denominator,Pass
Georgia place,1379388,"Vidalia city, Georgia",2020-2024,B10050_007,Three or four years,0,23,65,75,0,35.38461538461539,0,35.38461538461539,Unavailable MOE or zero percentage,Pass
Georgia place,1379416,"Vidette city, Georgia",2020-2024,B10050_007,Three or four years,0,14,0,14,NA,NA,NA,NA,Missing input or nonpositive denominator,Pass
Georgia place,1379444,"Vienna city, Georgia",2020-2024,B10050_007,Three or four years,25,37,35,42,71.42857142857143,61.87545093630775,9.55312049226368,100,Percentage MOE exceeds 50% of estimate,Pass
Georgia place,1379528,"Villa Rica city, Georgia",2020-2024,B10050_007,Three or four years,147,207,215,219,68.37209302325581,66.47822318904942,1.8938698342063989,100,Percentage MOE exceeds 50% of estimate,Pass
Georgia place,1379612,"Vinings CDP, Georgia",2020-2024,B10050_007,Three or four years,57,77,57,77,100,191.04288474162863,0,100,Percentage MOE exceeds 50% of estimate,Pass
Georgia place,1379808,"Waco city, Georgia",2020-2024,B10050_007,Three or four years,0,14,25,24,0,56.00000000000001,0,56.00000000000001,Unavailable MOE or zero percentage,Pass
Georgia place,1379864,"Wadley city, Georgia",2020-2024,B10050_007,Three or four years,0,14,49,42,0,28.57142857142857,0,28.57142857142857,Unavailable MOE or zero percentage,Pass
Georgia place,1379948,"Waleska city, Georgia",2020-2024,B10050_007,Three or four years,0,14,2,4,0,700,0,100,Unavailable MOE or zero percentage,Pass
Georgia place,1380228,"Walnut Grove city, Georgia",2020-2024,B10050_007,Three or four years,0,14,22,21,0,63.63636363636363,0,63.63636363636363,Unavailable MOE or zero percentage,Pass
Georgia place,1380256,"Walthourville city, Georgia",2020-2024,B10050_007,Three or four years,89,112,120,127,74.16666666666667,50.497042890287936,23.669623776378735,100,Percentage MOE exceeds 50% of estimate,Pass
Georgia place,1380368,"Waresboro CDP, Georgia",2020-2024,B10050_007,Three or four years,0,14,0,14,NA,NA,NA,NA,Missing input or nonpositive denominator,Pass
Georgia place,1380480,"Warm Springs city, Georgia",2020-2024,B10050_007,Three or four years,0,14,8,17,0,175,0,100,Unavailable MOE or zero percentage,Pass
Georgia place,1380592,"Warrenton city, Georgia",2020-2024,B10050_007,Three or four years,7,10,98,88,7.142857142857142,7.936243492021107,0,15.079100634878248,Percentage MOE exceeds 50% of estimate,Pass
Georgia place,1380648,"Warthen CDP, Georgia",2020-2024,B10050_007,Three or four years,0,14,0,14,NA,NA,NA,NA,Missing input or nonpositive denominator,Pass
Georgia place,1380676,"Warwick city, Georgia",2020-2024,B10050_007,Three or four years,0,14,1,4,0,1400,0,100,Unavailable MOE or zero percentage,Pass
Georgia place,1380704,"Washington city, Georgia",2020-2024,B10050_007,Three or four years,0,14,58,48,0,24.13793103448276,0,24.13793103448276,Unavailable MOE or zero percentage,Pass
Georgia place,1380788,"Watkinsville city, Georgia",2020-2024,B10050_007,Three or four years,20,33,28,34,71.42857142857143,79.79598361080896,0,100,Percentage MOE exceeds 50% of estimate,Pass
Georgia place,1380816,"Waverly CDP, Georgia",2020-2024,B10050_007,Three or four years,0,14,0,14,NA,NA,NA,NA,Missing input or nonpositive denominator,Pass
Georgia place,1380844,"Waverly Hall town, Georgia",2020-2024,B10050_007,Three or four years,0,14,2,22,0,700,0,100,Unavailable MOE or zero percentage,Pass
Georgia place,1380956,"Waycross city, Georgia",2020-2024,B10050_007,Three or four years,0,23,139,100,0,16.546762589928058,0,16.546762589928058,Unavailable MOE or zero percentage,Pass
Georgia place,1380984,"Waynesboro city, Georgia",2020-2024,B10050_007,Three or four years,0,20,43,71,0,46.51162790697674,0,46.51162790697674,Unavailable MOE or zero percentage,Pass
Georgia place,1381012,"Waynesville CDP, Georgia",2020-2024,B10050_007,Three or four years,0,14,0,14,NA,NA,NA,NA,Missing input or nonpositive denominator,Pass
Georgia place,1381128,"Webster County unified government, Georgia",2020-2024,B10050_007,Three or four years,6,9,6,9,100,212.13203435596424,0,100,Percentage MOE exceeds 50% of estimate,Pass
Georgia place,1381208,"Wenona CDP, Georgia",2020-2024,B10050_007,Three or four years,0,14,0,14,NA,NA,NA,NA,Missing input or nonpositive denominator,Pass
Georgia place,1381488,"West Brow CDP, Georgia",2020-2024,B10050_007,Three or four years,0,14,0,14,NA,NA,NA,NA,Missing input or nonpositive denominator,Pass
Georgia place,1382132,"West Point city, Georgia",2020-2024,B10050_007,Three or four years,0,14,162,192,0,8.641975308641975,0,8.641975308641975,Unavailable MOE or zero percentage,Pass
Georgia place,1382412,"Whigham city, Georgia",2020-2024,B10050_007,Three or four years,0,14,0,14,NA,NA,NA,NA,Missing input or nonpositive denominator,Pass
Georgia place,1382468,"White city, Georgia",2020-2024,B10050_007,Three or four years,0,14,0,14,NA,NA,NA,NA,Missing input or nonpositive denominator,Pass
Georgia place,1382636,"Whitemarsh Island CDP, Georgia",2020-2024,B10050_007,Three or four years,36,42,36,42,100,164.9915822768611,0,100,Percentage MOE exceeds 50% of estimate,Pass
Georgia place,1382692,"White Plains city, Georgia",2020-2024,B10050_007,Three or four years,0,14,16,23,0,87.5,0,87.5,Unavailable MOE or zero percentage,Pass
Georgia place,1382720,"Whitesburg city, Georgia",2020-2024,B10050_007,Three or four years,3,13,5,15,60,187.6166303929372,0,100,Percentage MOE exceeds 50% of estimate,Pass
Georgia place,1382916,"Wildwood CDP, Georgia",2020-2024,B10050_007,Three or four years,0,14,31,37,0,45.16129032258064,0,45.16129032258064,Unavailable MOE or zero percentage,Pass
Georgia place,1382972,"Willacoochee city, Georgia",2020-2024,B10050_007,Three or four years,5,8,11,12,45.45454545454545,53.201576659276306,0,98.65612211382177,Percentage MOE exceeds 50% of estimate,Pass
Georgia place,1383084,"Williamson city, Georgia",2020-2024,B10050_007,Three or four years,0,14,0,14,NA,NA,NA,NA,Missing input or nonpositive denominator,Pass
Georgia place,1383168,"Wilmington Island CDP, Georgia",2020-2024,B10050_007,Three or four years,0,23,0,23,NA,NA,NA,NA,Missing input or nonpositive denominator,Pass
Georgia place,1383420,"Winder city, Georgia",2020-2024,B10050_007,Three or four years,28,45,45,47,62.22222222222222,76.00397875016685,0,100,Percentage MOE exceeds 50% of estimate,Pass
Georgia place,1383728,"Winterville city, Georgia",2020-2024,B10050_007,Three or four years,0,14,18,26,0,77.77777777777779,0,77.77777777777779,Unavailable MOE or zero percentage,Pass
Georgia place,1383868,"Woodbine city, Georgia",2020-2024,B10050_007,Three or four years,0,14,20,23,0,70,0,70,Unavailable MOE or zero percentage,Pass
Georgia place,1383896,"Woodbury city, Georgia",2020-2024,B10050_007,Three or four years,7,11,23,30,30.434782608695656,26.6728271918629,3.7619554168327554,57.10760980055856,Percentage MOE exceeds 50% of estimate,Pass
Georgia place,1383952,"Woodland city, Georgia",2020-2024,B10050_007,Three or four years,0,14,0,14,NA,NA,NA,NA,Missing input or nonpositive denominator,Pass
Georgia place,1384176,"Woodstock city, Georgia",2020-2024,B10050_007,Three or four years,0,30,0,30,NA,NA,NA,NA,Missing input or nonpositive denominator,Pass
Georgia place,1384260,"Woodville city, Georgia",2020-2024,B10050_007,Three or four years,0,14,0,14,NA,NA,NA,NA,Missing input or nonpositive denominator,Pass
Georgia place,1384288,"Woolsey town, Georgia",2020-2024,B10050_007,Three or four years,0,14,0,14,NA,NA,NA,NA,Missing input or nonpositive denominator,Pass
Georgia place,1384456,"Wrens city, Georgia",2020-2024,B10050_007,Three or four years,0,14,64,97,0,21.875,0,21.875,Unavailable MOE or zero percentage,Pass
Georgia place,1384512,"Wrightsville city, Georgia",2020-2024,B10050_007,Three or four years,13,20,21,23,61.904761904761905,66.88343059215926,0,100,Percentage MOE exceeds 50% of estimate,Pass
Georgia place,1384708,"Yatesville town, Georgia",2020-2024,B10050_007,Three or four years,0,14,0,14,NA,NA,NA,NA,Missing input or nonpositive denominator,Pass
Georgia place,1384832,"Yonah CDP, Georgia",2020-2024,B10050_007,Three or four years,0,14,0,14,NA,NA,NA,NA,Missing input or nonpositive denominator,Pass
Georgia place,1384960,"Young Harris city, Georgia",2020-2024,B10050_007,Three or four years,0,14,0,14,NA,NA,NA,NA,Missing input or nonpositive denominator,Pass
Georgia place,1385128,"Zebulon city, Georgia",2020-2024,B10050_007,Three or four years,0,14,76,67,0,18.421052631578945,0,18.421052631578945,Unavailable MOE or zero percentage,Pass
State/DC,38,North Dakota,2020-2024,B10050_008,Five years or more,1829,206,3769,378,48.52746086495092,2.4872525307999136,46.04020833415101,51.01471339575083,Retained,Pass
State/DC,21,Kentucky,2020-2024,B10050_008,Five years or more,26337,1387,48988,2074,53.76214583163224,1.68391145244101,52.07823437919123,55.44605728407325,Retained,Pass
State/DC,28,Mississippi,2020-2024,B10050_008,Five years or more,18220,1319,36688,1822,49.66201482773659,2.6158388911762716,47.04617593656032,52.277853718912866,Retained,Pass
State/DC,22,Louisiana,2020-2024,B10050_008,Five years or more,23880,1652,50347,2275,47.43083003952569,2.4845582068820207,44.94627183264367,49.91538824640771,Retained,Pass
State/DC,54,West Virginia,2020-2024,B10050_008,Five years or more,9361,930,18349,1423,51.01640416371465,3.167867264189091,47.84853689952555,54.18427142790374,Retained,Pass
State/DC,01,Alabama,2020-2024,B10050_008,Five years or more,27195,1518,52977,2341,51.33359759895803,1.750696617346808,49.58290098161123,53.08429421630484,Retained,Pass
State/DC,56,Wyoming,2020-2024,B10050_008,Five years or more,1519,321,3627,518,41.88034188034188,6.523204396457884,35.357137483883996,48.403546276799766,Retained,Pass
State/DC,30,Montana,2020-2024,B10050_008,Five years or more,3849,480,7359,656,52.30330207908683,4.5613820090121155,47.74192007007472,56.86468408809895,Retained,Pass
State/DC,05,Arkansas,2020-2024,B10050_008,Five years or more,15956,1242,31874,1664,50.0596097132459,2.8902644863048708,47.169345226941026,52.94987419955077,Retained,Pass
State/DC,46,South Dakota,2020-2024,B10050_008,Five years or more,3006,353,5865,536,51.25319693094629,3.779612964179421,47.47358396676687,55.03280989512571,Retained,Pass
State/DC,40,Oklahoma,2020-2024,B10050_008,Five years or more,18780,1077,37439,1444,50.16159619647961,2.1288984796799344,48.032697716799674,52.29049467615954,Retained,Pass
State/DC,47,Tennessee,2020-2024,B10050_008,Five years or more,35054,1905,68870,3229,50.89879483084071,1.3986568602499492,49.50013797059076,52.29745169109066,Retained,Pass
State/DC,35,New Mexico,2020-2024,B10050_008,Five years or more,11208,1162,20650,1621,54.27602905569008,3.6758305133740024,50.60019854231608,57.95185956906408,Retained,Pass
State/DC,45,South Carolina,2020-2024,B10050_008,Five years or more,24751,1837,47484,2479,52.12492629096117,2.7497645609973147,49.37516172996386,54.87469085195848,Retained,Pass
State/DC,29,Missouri,2020-2024,B10050_008,Five years or more,20750,1452,42245,2090,49.118238844833705,2.430741814225936,46.68749703060777,51.54898065905964,Retained,Pass
State/DC,18,Indiana,2020-2024,B10050_008,Five years or more,22543,1541,48111,2309,46.85622830537715,2.280846746842649,44.5753815585345,49.1370750522198,Retained,Pass
State/DC,39,Ohio,2020-2024,B10050_008,Five years or more,41922,1722,78003,2399,53.74408676589362,1.4633569789127183,52.2807297869809,55.20744374480634,Retained,Pass
State/DC,20,Kansas,2020-2024,B10050_008,Five years or more,7453,846,17439,1284,42.737542290268934,3.692219522516588,39.045322767752346,46.42976181278552,Retained,Pass
State/DC,37,North Carolina,2020-2024,B10050_008,Five years or more,38466,2054,77588,2759,49.57725421456926,1.9749171924074949,47.60233702216176,51.552171406976754,Retained,Pass
State/DC,19,Iowa,2020-2024,B10050_008,Five years or more,5845,595,12823,869,45.58215706153007,3.4624114992378265,42.119745562292245,49.04456856076789,Retained,Pass
State/DC,02,Alaska,2020-2024,B10050_008,Five years or more,3022,326,6195,579,48.78127522195319,2.627815789931502,46.15345943202168,51.40909101188469,Retained,Pass
State/DC,50,Vermont,2020-2024,B10050_008,Five years or more,1666,339,2530,424,65.8498023715415,7.599485653021265,58.25031671852024,73.44928802456276,Retained,Pass
State/DC,13,Georgia,2020-2024,B10050_008,Five years or more,44281,2275,89880,3211,49.26680017801513,1.8190282229145511,47.44777195510058,51.085828400929685,Retained,Pass
State/DC,10,Delaware,2020-2024,B10050_008,Five years or more,4037,613,8033,985,50.25519731109175,4.501016446697466,45.754180864394286,54.75621375778921,Retained,Pass
State/DC,55,Wisconsin,2020-2024,B10050_008,Five years or more,10330,1174,21035,1567,49.10862847634894,4.2149781410656155,44.893650335283326,53.323606617414555,Retained,Pass
State/DC,51,Virginia,2020-2024,B10050_008,Five years or more,29292,1594,56987,2457,51.40119676417429,1.706614473550389,49.6945822906239,53.107811237724675,Retained,Pass
State/DC,23,Maine,2020-2024,B10050_008,Five years or more,2605,515,5742,808,45.367467781260885,6.299804953441949,39.067662827818936,51.667272734702834,Retained,Pass
State/DC,16,Idaho,2020-2024,B10050_008,Five years or more,5063,696,10858,898,46.62921348314607,5.120192040505313,41.50902144264075,51.74940552365138,Retained,Pass
State/DC,42,Pennsylvania,2020-2024,B10050_008,Five years or more,36185,2003,72511,2898,49.90277337231592,1.911219959524384,47.99155341279154,51.8139933318403,Retained,Pass
State/DC,11,District of Columbia,2020-2024,B10050_008,Five years or more,1490,490,2984,674,49.93297587131367,11.934966404520914,37.99800946679276,61.86794227583459,Retained,Pass
State/DC,08,Colorado,2020-2024,B10050_008,Five years or more,14868,1244,31034,1903,47.90874524714829,2.727216929763168,45.18152831738512,50.635962176911455,Retained,Pass
State/DC,31,Nebraska,2020-2024,B10050_008,Five years or more,3824,477,7846,748,48.7382105531481,3.92059173793069,44.81761881521741,52.65880229107879,Retained,Pass
State/DC,48,Texas,2020-2024,B10050_008,Five years or more,111806,3586,235377,4783,47.500817836916944,1.1787262158633158,46.32209162105363,48.67954405278026,Retained,Pass
State/DC,26,Michigan,2020-2024,B10050_008,Five years or more,22420,1425,50342,2123,44.53537801438163,2.1178190504074155,42.417558963974216,46.65319706478904,Retained,Pass
State/DC,04,Arizona,2020-2024,B10050_008,Five years or more,22066,1494,47546,2431,46.40979262188197,2.059821101335769,44.3499715205462,48.46961372321774,Retained,Pass
State/DC,27,Minnesota,2020-2024,B10050_008,Five years or more,8007,810,18407,1195,43.499755527788345,3.3747836780012244,40.12497184978712,46.87453920578957,Retained,Pass
State/DC,17,Illinois,2020-2024,B10050_008,Five years or more,30156,1607,65182,2235,46.26430609677518,1.8872597635967092,44.37704633317847,48.15156586037189,Retained,Pass
State/DC,12,Florida,2020-2024,B10050_008,Five years or more,63509,2519,132601,3865,47.89481225631783,1.2883833657349657,46.60642889058286,49.18319562205279,Retained,Pass
State/DC,53,Washington,2020-2024,B10050_008,Five years or more,19286,1478,38725,1990,49.80245319561007,2.831450438000839,46.971002757609234,52.633903633610906,Retained,Pass
State/DC,41,Oregon,2020-2024,B10050_008,Five years or more,8587,772,18763,1300,45.765602515589194,2.621917228943159,43.14368528664603,48.387519744532355,Retained,Pass
State/DC,32,Nevada,2020-2024,B10050_008,Five years or more,9286,996,20958,1323,44.30766294493749,3.842117195579447,40.46554574935804,48.14978014051694,Retained,Pass
State/DC,24,Maryland,2020-2024,B10050_008,Five years or more,17852,1325,37200,1948,47.98924731182796,2.524187630831983,45.46505968099598,50.51343494265994,Retained,Pass
State/DC,09,Connecticut,2020-2024,B10050_008,Five years or more,7085,831,15662,1281,45.23687907036138,3.802939116613783,41.4339399537476,49.03981818697517,Retained,Pass
State/DC,33,New Hampshire,2020-2024,B10050_008,Five years or more,2646,504,5647,677,46.85673809102178,6.935488431242767,39.921249659779015,53.79222652226455,Retained,Pass
State/DC,44,Rhode Island,2020-2024,B10050_008,Five years or more,2293,620,5226,947,43.87676999617298,8.805240327904768,35.07152966826821,52.68201032407775,Retained,Pass
State/DC,36,New York,2020-2024,B10050_008,Five years or more,47402,2145,97966,2848,48.386174795337155,1.6779157633258754,46.70825903201128,50.06409055866303,Retained,Pass
State/DC,49,Utah,2020-2024,B10050_008,Five years or more,6817,789,14948,1218,45.6047631790206,3.7485807433598106,41.85618243566079,49.35334392238041,Retained,Pass
State/DC,25,Massachusetts,2020-2024,B10050_008,Five years or more,13669,1187,27413,1923,49.86320358953781,2.5523301128531175,47.31087347668469,52.41553370239093,Retained,Pass
State/DC,34,New Jersey,2020-2024,B10050_008,Five years or more,20544,1684,40539,2258,50.677125730777774,3.0476797757211926,47.62944595505658,53.72480550649897,Retained,Pass
State/DC,15,Hawaii,2020-2024,B10050_008,Five years or more,5675,717,10432,892,54.39992331288344,5.059897461946529,49.34002585093691,59.45982077482997,Retained,Pass
State/DC,06,California,2020-2024,B10050_008,Five years or more,102056,3504,209799,4504,48.64465512228371,1.3034113718448592,47.34124375043885,49.94806649412857,Retained,Pass
United States,1,United States,2020-2024,B10050_008,Five years or more,1035749,11284,2118863,17781,48.88230149849235,0.3396145078474021,48.54268699064495,49.221916006339754,Retained,Pass
Georgia county,13251,"Screven County, Georgia",2020-2024,B10050_008,Five years or more,169,87,242,111,69.83471074380165,16.321988402042546,53.5127223417591,86.1566991458442,Retained,Pass
Georgia county,13303,"Washington County, Georgia",2020-2024,B10050_008,Five years or more,329,172,588,215,55.95238095238096,20.90694537141542,35.04543558096553,76.85932632379638,Retained,Pass
Georgia county,13131,"Grady County, Georgia",2020-2024,B10050_008,Five years or more,348,183,496,196,70.16129032258065,24.34288107703023,45.81840924555043,94.50417139961088,Retained,Pass
Georgia county,13033,"Burke County, Georgia",2020-2024,B10050_008,Five years or more,308,176,500,219,61.6,22.60699960985535,38.99300039014465,84.20699960985536,Retained,Pass
Georgia county,13191,"McIntosh County, Georgia",2020-2024,B10050_008,Five years or more,234,124,312,151,75,16.186492436385418,58.81350756361458,91.18649243638542,Retained,Pass
Georgia county,13145,"Harris County, Georgia",2020-2024,B10050_008,Five years or more,298,168,480,214,62.083333333333336,21.42155349552978,40.66177983780356,83.5048868288631,Retained,Pass
Georgia county,13263,"Talbot County, Georgia",2020-2024,B10050_008,Five years or more,102,76,160,77,63.74999999999999,36.263022142429655,27.486977857570334,100,Percentage MOE exceeds 50% of estimate,Pass
Georgia county,13177,"Lee County, Georgia",2020-2024,B10050_008,Five years or more,117,74,616,308,18.993506493506494,7.356869901287933,11.636636592218562,26.350376394794427,Retained,Pass
Georgia county,13267,"Tattnall County, Georgia",2020-2024,B10050_008,Five years or more,159,111,352,176,45.17045454545455,22.00696250058299,23.163492044871557,67.17741704603753,Retained,Pass
Georgia county,13195,"Madison County, Georgia",2020-2024,B10050_008,Five years or more,162,96,482,231,33.60995850622407,11.714526015865378,21.89543249035869,45.32448452208945,Retained,Pass
Georgia county,13209,"Montgomery County, Georgia",2020-2024,B10050_008,Five years or more,21,23,195,80,10.76923076923077,10.93613217566316,0,21.70536294489393,Percentage MOE exceeds 50% of estimate,Pass
Georgia county,13103,"Effingham County, Georgia",2020-2024,B10050_008,Five years or more,302,151,772,368,39.119170984455955,5.903292028674103,33.215878955781854,45.02246301313006,Retained,Pass
Georgia county,13031,"Bulloch County, Georgia",2020-2024,B10050_008,Five years or more,324,178,1046,351,30.975143403441685,13.473942947635097,17.50120045580659,44.44908635107678,Retained,Pass
Georgia county,13291,"Union County, Georgia",2020-2024,B10050_008,Five years or more,72,72,379,187,18.997361477572557,16.52391325617203,2.4734482214005276,35.52127473374459,Percentage MOE exceeds 50% of estimate,Pass
Georgia county,13279,"Toombs County, Georgia",2020-2024,B10050_008,Five years or more,263,160,494,235,53.23886639676113,20.189355862890945,33.04951053387019,73.42822225965207,Retained,Pass
Georgia county,13095,"Dougherty County, Georgia",2020-2024,B10050_008,Five years or more,335,122,855,221,39.1812865497076,10.051718452040388,29.129568097667217,49.23300500174798,Retained,Pass
Georgia county,13299,"Ware County, Georgia",2020-2024,B10050_008,Five years or more,84,63,384,186,21.875,12.52581791139266,9.34918208860734,34.400817911392664,Percentage MOE exceeds 50% of estimate,Pass
Georgia county,13069,"Coffee County, Georgia",2020-2024,B10050_008,Five years or more,251,252,613,278,40.94616639477977,36.67631784409645,4.269848550683321,77.62248423887623,Percentage MOE exceeds 50% of estimate,Pass
Georgia county,13127,"Glynn County, Georgia",2020-2024,B10050_008,Five years or more,296,144,838,259,35.32219570405728,13.270306053090012,22.05188965096727,48.59250175714729,Retained,Pass
Georgia county,13001,"Appling County, Georgia",2020-2024,B10050_008,Five years or more,131,84,250,124,52.400000000000006,21.29457930648079,31.105420693519218,73.69457930648079,Retained,Pass
Georgia county,13055,"Chattooga County, Georgia",2020-2024,B10050_008,Five years or more,134,84,463,175,28.94168466522678,14.47371968873018,14.4679649764966,43.41540435395696,Percentage MOE exceeds 50% of estimate,Pass
Georgia county,13285,"Troup County, Georgia",2020-2024,B10050_008,Five years or more,389,213,784,305,49.61734693877551,19.118766604681618,30.498580334093894,68.73611354345712,Retained,Pass
Georgia county,13199,"Meriwether County, Georgia",2020-2024,B10050_008,Five years or more,79,65,393,187,20.10178117048346,13.49312556559014,6.60865560489332,33.5949067360736,Percentage MOE exceeds 50% of estimate,Pass
Georgia county,13295,"Walker County, Georgia",2020-2024,B10050_008,Five years or more,715,292,1090,346,65.59633027522935,16.854701507699563,48.74162876752979,82.45103178292891,Retained,Pass
Georgia county,13017,"Ben Hill County, Georgia",2020-2024,B10050_008,Five years or more,163,89,184,92,88.58695652173914,19.434572876020344,69.1523836457188,100,Retained,Pass
Georgia county,13213,"Murray County, Georgia",2020-2024,B10050_008,Five years or more,183,116,642,272,28.504672897196254,13.439649895639011,15.065023001557243,41.94432279283527,Retained,Pass
Georgia county,13179,"Liberty County, Georgia",2020-2024,B10050_008,Five years or more,387,163,679,222,56.995581737849776,15.133657334096275,41.8619244037535,72.12923907194605,Retained,Pass
Georgia county,13047,"Catoosa County, Georgia",2020-2024,B10050_008,Five years or more,377,189,798,370,47.24310776942356,9.006996501821178,38.23611126760238,56.25010427124474,Retained,Pass
Georgia county,13215,"Muscogee County, Georgia",2020-2024,B10050_008,Five years or more,804,267,2052,420,39.1812865497076,10.246504892608838,28.93478165709876,49.42779144231644,Retained,Pass
Georgia county,13077,"Coweta County, Georgia",2020-2024,B10050_008,Five years or more,1201,508,1744,527,68.86467889908256,20.382166471481447,48.482512427601115,89.24684537056402,Retained,Pass
Georgia county,13233,"Polk County, Georgia",2020-2024,B10050_008,Five years or more,384,196,648,245,59.25925925925925,20.31960448590845,38.9396547733508,79.5788637451677,Retained,Pass
Georgia county,13137,"Habersham County, Georgia",2020-2024,B10050_008,Five years or more,284,174,525,200,54.095238095238095,25.95710458483817,28.138133510399925,80.05234268007626,Retained,Pass
Georgia county,13051,"Chatham County, Georgia",2020-2024,B10050_008,Five years or more,981,274,2176,440,45.08272058823529,8.686480564190093,36.3962400240452,53.76920115242538,Retained,Pass
Georgia county,13255,"Spalding County, Georgia",2020-2024,B10050_008,Five years or more,633,216,957,279,66.14420062695925,11.729395043196682,54.414805583762565,77.87359567015594,Retained,Pass
Georgia county,13261,"Sumter County, Georgia",2020-2024,B10050_008,Five years or more,87,73,272,133,31.985294117647054,21.810213207477076,10.175080910169982,53.795507325124134,Percentage MOE exceeds 50% of estimate,Pass
Georgia county,13313,"Whitfield County, Georgia",2020-2024,B10050_008,Five years or more,411,190,906,287,45.36423841059602,15.273787607021912,30.09045080357411,60.63802601761793,Retained,Pass
Georgia county,13129,"Gordon County, Georgia",2020-2024,B10050_008,Five years or more,166,85,520,192,31.92307692307692,11.325360702211116,20.59771622086581,43.248437625288034,Retained,Pass
Georgia county,13021,"Bibb County, Georgia",2020-2024,B10050_008,Five years or more,450,176,1048,315,42.93893129770993,10.745381722464543,32.193549575245385,53.68431302017447,Retained,Pass
Georgia county,13277,"Tift County, Georgia",2020-2024,B10050_008,Five years or more,125,100,296,147,42.22972972972973,26.486053040343972,15.743676689385762,68.7157827700737,Percentage MOE exceeds 50% of estimate,Pass
Georgia county,13071,"Colquitt County, Georgia",2020-2024,B10050_008,Five years or more,218,109,469,159,46.481876332622605,17.08270543995919,29.399170892663413,63.56458177258179,Retained,Pass
Georgia county,13245,"Richmond County, Georgia",2020-2024,B10050_008,Five years or more,1290,350,2037,515,63.32842415316642,6.235199453354904,57.093224699811515,69.56362360652132,Retained,Pass
Georgia county,13029,"Bryan County, Georgia",2020-2024,B10050_008,Five years or more,244,135,318,144,76.72955974842768,24.39253430180314,52.33702544662454,100,Retained,Pass
Georgia county,13035,"Butts County, Georgia",2020-2024,B10050_008,Five years or more,57,64,254,126,22.440944881889763,22.604360722136132,0,45.0453056040259,Percentage MOE exceeds 50% of estimate,Pass
Georgia county,13187,"Lumpkin County, Georgia",2020-2024,B10050_008,Five years or more,198,104,293,122,67.57679180887372,21.636821903028597,45.939969905845125,89.21361371190233,Retained,Pass
Georgia county,13257,"Stephens County, Georgia",2020-2024,B10050_008,Five years or more,168,110,272,127,61.76470588235294,28.35171939563745,33.412986486715496,90.1164252779904,Retained,Pass
Georgia county,13063,"Clayton County, Georgia",2020-2024,B10050_008,Five years or more,1402,384,3318,626,42.25437010247137,8.389657733085565,33.864712369385806,50.64402783555693,Retained,Pass
Georgia county,13115,"Floyd County, Georgia",2020-2024,B10050_008,Five years or more,526,251,973,328,54.059609455292915,18.25816297369652,35.80144648159639,72.31777242898943,Retained,Pass
Georgia county,13297,"Walton County, Georgia",2020-2024,B10050_008,Five years or more,317,171,1033,328,30.68731848983543,13.382168958375996,17.305149531459435,44.069487448211426,Retained,Pass
Georgia county,13149,"Heard County, Georgia",2020-2024,B10050_008,Five years or more,170,111,230,115,73.91304347826086,31.037510082738695,42.87553339552217,100,Retained,Pass
Georgia county,13107,"Emanuel County, Georgia",2020-2024,B10050_008,Five years or more,43,33,193,91,22.279792746113987,13.490820471909458,8.788972274204529,35.77061321802344,Percentage MOE exceeds 50% of estimate,Pass
Georgia county,13275,"Thomas County, Georgia",2020-2024,B10050_008,Five years or more,180,83,467,152,38.54389721627409,12.58946915925092,25.95442805702317,51.133366375525014,Retained,Pass
Georgia county,13175,"Laurens County, Georgia",2020-2024,B10050_008,Five years or more,267,147,364,165,73.35164835164835,22.920528888839247,50.43111946280911,96.2721772404876,Retained,Pass
Georgia county,13185,"Lowndes County, Georgia",2020-2024,B10050_008,Five years or more,323,155,664,210,48.644578313253014,17.556416753038206,31.088161560214807,66.20099506629123,Retained,Pass
Georgia county,13207,"Monroe County, Georgia",2020-2024,B10050_008,Five years or more,138,82,293,120,47.098976109215016,20.27668141379384,26.822294695421174,67.37565752300885,Retained,Pass
Georgia county,13153,"Houston County, Georgia",2020-2024,B10050_008,Five years or more,682,288,1344,372,50.74404761904761,16.183796183160773,34.56025143588684,66.92784380220839,Retained,Pass
Georgia county,13157,"Jackson County, Georgia",2020-2024,B10050_008,Five years or more,307,179,741,236,41.43049932523617,20.234302282249743,21.196197042986427,61.66480160748591,Retained,Pass
Georgia county,13089,"DeKalb County, Georgia",2020-2024,B10050_008,Five years or more,2523,482,5526,731,45.65689467969598,6.293072488046772,39.363822191649206,51.94996716774275,Retained,Pass
Georgia county,13015,"Bartow County, Georgia",2020-2024,B10050_008,Five years or more,614,307,1447,485,42.4326192121631,15.743410804394143,26.68920840776895,58.17603001655724,Retained,Pass
Georgia county,13121,"Fulton County, Georgia",2020-2024,B10050_008,Five years or more,3209,646,5388,924,59.55827765404603,6.279279869409129,53.2789977846369,65.83755752345516,Retained,Pass
Georgia county,13247,"Rockdale County, Georgia",2020-2024,B10050_008,Five years or more,734,311,926,335,79.26565874730022,17.483108023246576,61.78255072405365,96.7487667705468,Retained,Pass
Georgia county,13045,"Carroll County, Georgia",2020-2024,B10050_008,Five years or more,401,160,1097,294,36.5542388331814,10.80528927892945,25.74894955425195,47.35952811211085,Retained,Pass
Georgia county,13217,"Newton County, Georgia",2020-2024,B10050_008,Five years or more,581,302,923,326,62.94691224268689,24.005624779039753,38.94128746364714,86.95253702172664,Retained,Pass
Georgia county,13223,"Paulding County, Georgia",2020-2024,B10050_008,Five years or more,564,234,1575,513,35.80952380952381,9.202902535453216,26.60662127407059,45.01242634497703,Retained,Pass
Georgia county,13151,"Henry County, Georgia",2020-2024,B10050_008,Five years or more,1161,572,2267,659,51.21305690339656,20.37160973061843,30.84144717277812,71.584666634015,Retained,Pass
Georgia county,13139,"Hall County, Georgia",2020-2024,B10050_008,Five years or more,893,352,1680,422,53.154761904761905,16.147048210241373,37.00771369452053,69.30181011500328,Retained,Pass
Georgia county,13097,"Douglas County, Georgia",2020-2024,B10050_008,Five years or more,476,217,1495,395,31.83946488294314,11.828678616710352,20.010786266232788,43.668143499653496,Retained,Pass
Georgia county,13067,"Cobb County, Georgia",2020-2024,B10050_008,Five years or more,2022,681,3775,755,53.56291390728477,14.514565532757445,39.04834837452733,68.07747944004221,Retained,Pass
Georgia county,13135,"Gwinnett County, Georgia",2020-2024,B10050_008,Five years or more,3048,664,6214,1006,49.05053105889926,7.150024534285852,41.900506524613405,56.200555593185115,Retained,Pass
Georgia county,13073,"Columbia County, Georgia",2020-2024,B10050_008,Five years or more,620,298,962,348,64.44906444906445,20.39681450569823,44.05224994336622,84.84587895476268,Retained,Pass
Georgia county,13057,"Cherokee County, Georgia",2020-2024,B10050_008,Five years or more,608,271,995,301,61.105527638190956,20.002682557779785,41.10284508041117,81.10821019597074,Retained,Pass
Georgia county,13113,"Fayette County, Georgia",2020-2024,B10050_008,Five years or more,238,139,553,226,43.037974683544306,17.956481735223935,25.08149294832037,60.99445641876824,Retained,Pass
Georgia county,13117,"Forsyth County, Georgia",2020-2024,B10050_008,Five years or more,453,179,983,260,46.08341810783316,13.528447262995954,32.55497084483721,59.611865370829115,Retained,Pass
Georgia county,13013,"Barrow County, Georgia",2020-2024,B10050_008,Five years or more,143,87,385,144,37.142857142857146,17.822570296248287,19.32028684660886,54.96542743910543,Retained,Pass
Georgia county,13003,"Atkinson County, Georgia",2020-2024,B10050_008,Five years or more,50,57,94,64,53.191489361702125,48.63581009679633,4.555679264905798,100,Percentage MOE exceeds 50% of estimate,Pass
Georgia county,13005,"Bacon County, Georgia",2020-2024,B10050_008,Five years or more,30,28,35,29,85.71428571428571,36.825285122089674,48.889000592196034,100,Caregiver count MOE exceeds 50% of estimate,Pass
Georgia county,13007,"Baker County, Georgia",2020-2024,B10050_008,Five years or more,0,14,27,27,0,51.85185185185185,0,51.85185185185185,Unavailable MOE or zero percentage,Pass
Georgia county,13009,"Baldwin County, Georgia",2020-2024,B10050_008,Five years or more,92,93,298,161,30.87248322147651,26.37686994856128,4.495613272915232,57.24935317003779,Percentage MOE exceeds 50% of estimate,Pass
Georgia county,13011,"Banks County, Georgia",2020-2024,B10050_008,Five years or more,140,112,233,127,60.08583690987125,35.18510992489334,24.900726984977908,95.2709468347646,Percentage MOE exceeds 50% of estimate,Pass
Georgia county,13019,"Berrien County, Georgia",2020-2024,B10050_008,Five years or more,223,146,300,168,74.33333333333333,25.21239906606801,49.12093426726532,99.545732399401345,Caregiver count MOE exceeds 50% of estimate,Pass
Georgia county,13023,"Bleckley County, Georgia",2020-2024,B10050_008,Five years or more,141,123,205,145,68.78048780487805,35.11716280238073,33.66332500249732,100,Percentage MOE exceeds 50% of estimate,Pass
Georgia county,13025,"Brantley County, Georgia",2020-2024,B10050_008,Five years or more,232,157,491,255,47.25050916496945,20.500020681421834,26.750488483547617,67.75052984639129,Caregiver count MOE exceeds 50% of estimate,Pass
Georgia county,13027,"Brooks County, Georgia",2020-2024,B10050_008,Five years or more,75,71,227,124,33.03964757709251,25.54506882237777,7.4945787547147376,58.58471639947028,Percentage MOE exceeds 50% of estimate,Pass
Georgia county,13037,"Calhoun County, Georgia",2020-2024,B10050_008,Five years or more,3,6,8,12,37.5,49.607837082461074,0,87.10783708246107,Percentage MOE exceeds 50% of estimate,Pass
Georgia county,13039,"Camden County, Georgia",2020-2024,B10050_008,Five years or more,115,70,312,170,36.858974358974365,10.001295664136151,26.857678694838217,46.86027002311051,Caregiver count MOE exceeds 50% of estimate,Pass
Georgia county,13043,"Candler County, Georgia",2020-2024,B10050_008,Five years or more,25,33,117,71,21.36752136752137,25.047876930914903,0,46.41539829843627,Percentage MOE exceeds 50% of estimate,Pass
Georgia county,13049,"Charlton County, Georgia",2020-2024,B10050_008,Five years or more,61,60,137,87,44.52554744525548,33.4448962466065,11.08065119864898,77.97044369186197,Percentage MOE exceeds 50% of estimate,Pass
Georgia county,13053,"Chattahoochee County, Georgia",2020-2024,B10050_008,Five years or more,87,45,87,45,100,73.14897736412561,26.851022635874383,100,Percentage MOE exceeds 50% of estimate,Pass
Georgia county,13059,"Clarke County, Georgia",2020-2024,B10050_008,Five years or more,100,84,269,136,37.174721189591075,24.937358752141837,12.23736243744924,62.112079941732915,Percentage MOE exceeds 50% of estimate,Pass
Georgia county,13061,"Clay County, Georgia",2020-2024,B10050_008,Five years or more,13,14,36,29,36.11111111111111,25.80981033701484,10.30130077409627,61.920921448125945,Percentage MOE exceeds 50% of estimate,Pass
Georgia county,13065,"Clinch County, Georgia",2020-2024,B10050_008,Five years or more,42,53,46,52,91.30434782608695,51.20544745218436,40.098900373902595,100,Percentage MOE exceeds 50% of estimate,Pass
Georgia county,13075,"Cook County, Georgia",2020-2024,B10050_008,Five years or more,41,38,191,127,21.465968586387437,13.859968304268824,7.606000282118613,35.32593689065626,Percentage MOE exceeds 50% of estimate,Pass
Georgia county,13079,"Crawford County, Georgia",2020-2024,B10050_008,Five years or more,25,26,115,109,21.73913043478261,9.3054070121597,12.433723422622908,31.04453744694231,Caregiver count MOE exceeds 50% of estimate,Pass
Georgia county,13081,"Crisp County, Georgia",2020-2024,B10050_008,Five years or more,156,167,252,200,61.904761904761905,44.473137375769355,17.43162452899255,100,Percentage MOE exceeds 50% of estimate,Pass
Georgia county,13083,"Dade County, Georgia",2020-2024,B10050_008,Five years or more,63,50,242,186,26.033057851239672,5.150549850902528,20.882508000337143,31.1836077021422,Caregiver count MOE exceeds 50% of estimate,Pass
Georgia county,13085,"Dawson County, Georgia",2020-2024,B10050_008,Five years or more,84,68,175,134,48,12.609521507696527,35.39047849230347,60.60952150769653,Caregiver count MOE exceeds 50% of estimate,Pass
Georgia county,13087,"Decatur County, Georgia",2020-2024,B10050_008,Five years or more,106,82,259,157,40.92664092664093,19.66959722787492,21.257043698766008,60.596238154515845,Caregiver count MOE exceeds 50% of estimate,Pass
Georgia county,13091,"Dodge County, Georgia",2020-2024,B10050_008,Five years or more,123,90,179,94,68.71508379888269,35.012606314359665,33.70247748452302,100,Percentage MOE exceeds 50% of estimate,Pass
Georgia county,13093,"Dooly County, Georgia",2020-2024,B10050_008,Five years or more,7,8,57,56,12.280701754385964,7.17031444927598,5.110387305109984,19.451016203661943,Percentage MOE exceeds 50% of estimate,Pass
Georgia county,13099,"Early County, Georgia",2020-2024,B10050_008,Five years or more,76,48,111,73,68.46846846846847,62.430537800296314,6.037930668172159,100,Percentage MOE exceeds 50% of estimate,Pass
Georgia county,13101,"Echols County, Georgia",2020-2024,B10050_008,Five years or more,0,14,162,148,0,8.641975308641975,0,8.641975308641975,Unavailable MOE or zero percentage,Pass
Georgia county,13105,"Elbert County, Georgia",2020-2024,B10050_008,Five years or more,125,114,162,119,77.1604938271605,41.70622825188232,35.45426557527817,100,Percentage MOE exceeds 50% of estimate,Pass
Georgia county,13109,"Evans County, Georgia",2020-2024,B10050_008,Five years or more,6,11,22,23,27.27272727272727,41.07363186707166,0,68.34635913979893,Percentage MOE exceeds 50% of estimate,Pass
Georgia county,13111,"Fannin County, Georgia",2020-2024,B10050_008,Five years or more,140,131,220,148,63.63636363636363,41.38806752013219,22.248296116231444,100,Percentage MOE exceeds 50% of estimate,Pass
Georgia county,13119,"Franklin County, Georgia",2020-2024,B10050_008,Five years or more,233,182,301,198,77.40863787375415,32.60655101148613,44.80208686226801,100,Caregiver count MOE exceeds 50% of estimate,Pass
Georgia county,13123,"Gilmer County, Georgia",2020-2024,B10050_008,Five years or more,198,177,351,208,56.41025641025641,37.75534960616369,18.65490680409272,94.1656060164201,Percentage MOE exceeds 50% of estimate,Pass
Georgia county,13125,"Glascock County, Georgia",2020-2024,B10050_008,Five years or more,58,49,69,49,84.05797101449275,38.46768947534162,45.59028153915113,100,Caregiver count MOE exceeds 50% of estimate,Pass
Georgia county,13133,"Greene County, Georgia",2020-2024,B10050_008,Five years or more,54,49,171,119,31.57894736842105,18.389211455043952,13.1897359133771,49.96815882346501,Percentage MOE exceeds 50% of estimate,Pass
Georgia county,13141,"Hancock County, Georgia",2020-2024,B10050_008,Five years or more,21,33,140,108,15,20.53568322979018,0,35.53568322979018,Percentage MOE exceeds 50% of estimate,Pass
Georgia county,13143,"Haralson County, Georgia",2020-2024,B10050_008,Five years or more,140,84,288,160,48.61111111111111,11.016400183688118,37.59471092742299,59.62751129479923,Caregiver count MOE exceeds 50% of estimate,Pass
Georgia county,13147,"Hart County, Georgia",2020-2024,B10050_008,Five years or more,78,79,165,112,47.27272727272727,35.53489389724435,11.73783337548292,82.80762116997163,Percentage MOE exceeds 50% of estimate,Pass
Georgia county,13155,"Irwin County, Georgia",2020-2024,B10050_008,Five years or more,71,82,93,89,76.34408602150538,49.36068250185258,26.983403519652796,100,Percentage MOE exceeds 50% of estimate,Pass
Georgia county,13159,"Jasper County, Georgia",2020-2024,B10050_008,Five years or more,58,62,113,76,51.32743362831859,42.646325809134815,8.681107819183772,93.9737594374534,Percentage MOE exceeds 50% of estimate,Pass
Georgia county,13161,"Jeff Davis County, Georgia",2020-2024,B10050_008,Five years or more,144,120,144,120,100,117.85113019775793,0,100,Percentage MOE exceeds 50% of estimate,Pass
Georgia county,13163,"Jefferson County, Georgia",2020-2024,B10050_008,Five years or more,265,158,306,169,86.60130718954248,19.45435580631534,67.14695138322713,100,Caregiver count MOE exceeds 50% of estimate,Pass
Georgia county,13165,"Jenkins County, Georgia",2020-2024,B10050_008,Five years or more,64,64,102,81,62.74509803921568,38.13421604571501,24.610881993500676,100,Percentage MOE exceeds 50% of estimate,Pass
Georgia county,13167,"Johnson County, Georgia",2020-2024,B10050_008,Five years or more,26,28,65,42,40,34.46153846153846,5.53846153846154,74.46153846153845,Percentage MOE exceeds 50% of estimate,Pass
Georgia county,13169,"Jones County, Georgia",2020-2024,B10050_008,Five years or more,194,128,281,154,69.03914590747331,25.364447727093957,43.67469818037935,94.40359363456729,Caregiver count MOE exceeds 50% of estimate,Pass
Georgia county,13171,"Lamar County, Georgia",2020-2024,B10050_008,Five years or more,27,48,135,95,20,32.651461985976574,0,52.651461985976574,Percentage MOE exceeds 50% of estimate,Pass
Georgia county,13173,"Lanier County, Georgia",2020-2024,B10050_008,Five years or more,26,34,223,158,11.659192825112108,12.814817821786356,0,24.474010646898464,Percentage MOE exceeds 50% of estimate,Pass
Georgia county,13181,"Lincoln County, Georgia",2020-2024,B10050_008,Five years or more,55,54,109,86,50.45871559633027,29.485356024664775,20.973359571665497,79.94407162099505,Percentage MOE exceeds 50% of estimate,Pass
Georgia county,13183,"Long County, Georgia",2020-2024,B10050_008,Five years or more,258,241,330,230,78.18181818181819,48.62330749670877,29.558510685109415,100,Percentage MOE exceeds 50% of estimate,Pass
Georgia county,13189,"McDuffie County, Georgia",2020-2024,B10050_008,Five years or more,213,179,232,177,91.8103448275862,32.35156903311754,59.458775794468664,100,Caregiver count MOE exceeds 50% of estimate,Pass
Georgia county,13193,"Macon County, Georgia",2020-2024,B10050_008,Five years or more,105,73,242,122,43.38842975206611,20.772443650179923,22.615986101886193,64.16087340224604,Caregiver count MOE exceeds 50% of estimate,Pass
Georgia county,13197,"Marion County, Georgia",2020-2024,B10050_008,Five years or more,67,81,85,85,78.82352941176471,53.55203141995785,25.27149799180686,100,Percentage MOE exceeds 50% of estimate,Pass
Georgia county,13201,"Miller County, Georgia",2020-2024,B10050_008,Five years or more,13,16,32,29,40.625,33.83123158909473,6.7937684109052725,74.45623158909473,Percentage MOE exceeds 50% of estimate,Pass
Georgia county,13205,"Mitchell County, Georgia",2020-2024,B10050_008,Five years or more,95,66,229,135,41.48471615720524,15.249561666359387,26.235154490845854,56.734277823564625,Caregiver count MOE exceeds 50% of estimate,Pass
Georgia county,13211,"Morgan County, Georgia",2020-2024,B10050_008,Five years or more,52,55,195,106,26.666666666666668,24.1951063322485,2.471560334418168,50.86177299891517,Percentage MOE exceeds 50% of estimate,Pass
Georgia county,13219,"Oconee County, Georgia",2020-2024,B10050_008,Five years or more,63,62,127,90,49.60629921259843,33.874416708481334,15.731882504117095,83.48071592107976,Percentage MOE exceeds 50% of estimate,Pass
Georgia county,13221,"Oglethorpe County, Georgia",2020-2024,B10050_008,Five years or more,7,9,68,58,10.294117647058822,9.903522070674727,0.39059557638409537,20.19763971773355,Percentage MOE exceeds 50% of estimate,Pass
Georgia county,13225,"Peach County, Georgia",2020-2024,B10050_008,Five years or more,229,157,473,243,48.41437632135307,21.9793842543194,26.434992067033665,70.39376057567247,Caregiver count MOE exceeds 50% of estimate,Pass
Georgia county,13227,"Pickens County, Georgia",2020-2024,B10050_008,Five years or more,231,169,313,174,73.80191693290735,35.100905631006206,38.70101130190114,100,Caregiver count MOE exceeds 50% of estimate,Pass
Georgia county,13229,"Pierce County, Georgia",2020-2024,B10050_008,Five years or more,29,36,136,88,21.323529411764707,22.590238751876353,0,43.91376816364106,Percentage MOE exceeds 50% of estimate,Pass
Georgia county,13231,"Pike County, Georgia",2020-2024,B10050_008,Five years or more,109,81,226,115,48.23008849557522,26.11998267401746,22.110105821557756,74.35007116959268,Percentage MOE exceeds 50% of estimate,Pass
Georgia county,13235,"Pulaski County, Georgia",2020-2024,B10050_008,Five years or more,18,29,87,102,20.689655172413794,22.863004288120777,0,43.55265946053457,Percentage MOE exceeds 50% of estimate,Pass
Georgia county,13237,"Putnam County, Georgia",2020-2024,B10050_008,Five years or more,100,80,228,116,43.859649122807014,27.077823625323884,16.78182549748313,70.9374727481309,Percentage MOE exceeds 50% of estimate,Pass
Georgia county,13239,"Quitman County, Georgia",2020-2024,B10050_008,Five years or more,25,26,42,34,59.523809523809526,38.862766657531,20.661042866278528,98.38657618134052,Percentage MOE exceeds 50% of estimate,Pass
Georgia county,13241,"Rabun County, Georgia",2020-2024,B10050_008,Five years or more,63,50,112,57,56.25,34.2558939996684,21.9941060003316,90.5058939996684,Percentage MOE exceeds 50% of estimate,Pass
Georgia county,13243,"Randolph County, Georgia",2020-2024,B10050_008,Five years or more,32,39,110,79,29.09090909090909,28.644818853594607,0.4460902373144826,57.735727944503694,Percentage MOE exceeds 50% of estimate,Pass
Georgia county,13249,"Schley County, Georgia",2020-2024,B10050_008,Five years or more,90,91,105,91,85.71428571428571,44.64015864860178,41.074127065683925,100,Percentage MOE exceeds 50% of estimate,Pass
Georgia county,13253,"Seminole County, Georgia",2020-2024,B10050_008,Five years or more,63,38,259,162,24.324324324324326,21.13625791106554,3.1880664132587846,45.460582235389865,Percentage MOE exceeds 50% of estimate,Pass
Georgia county,13259,"Stewart County, Georgia",2020-2024,B10050_008,Five years or more,0,14,13,14,0,107.6923076923077,0,100,Unavailable MOE or zero percentage,Pass
Georgia county,13265,"Taliaferro County, Georgia",2020-2024,B10050_008,Five years or more,6,10,7,10,85.71428571428571,73.58267909110182,12.131606623183885,100,Percentage MOE exceeds 50% of estimate,Pass
Georgia county,13269,"Taylor County, Georgia",2020-2024,B10050_008,Five years or more,42,43,56,46,75,45.83236702753785,29.16763297246215,100,Percentage MOE exceeds 50% of estimate,Pass
Georgia county,13271,"Telfair County, Georgia",2020-2024,B10050_008,Five years or more,16,17,91,69,17.582417582417584,13.086513042419746,4.495904539997838,30.66893062483733,Percentage MOE exceeds 50% of estimate,Pass
Georgia county,13273,"Terrell County, Georgia",2020-2024,B10050_008,Five years or more,43,43,53,45,81.13207547169812,42.86222855108579,38.26984692061232,100,Percentage MOE exceeds 50% of estimate,Pass
Georgia county,13281,"Towns County, Georgia",2020-2024,B10050_008,Five years or more,102,70,264,134,38.63636363636363,17.845632098349473,20.79073153801416,56.48199573471311,Caregiver count MOE exceeds 50% of estimate,Pass
Georgia county,13283,"Treutlen County, Georgia",2020-2024,B10050_008,Five years or more,73,66,94,65,77.6595744680851,45.23339308540633,32.42618138267877,100,Percentage MOE exceeds 50% of estimate,Pass
Georgia county,13287,"Turner County, Georgia",2020-2024,B10050_008,Five years or more,17,29,74,52,22.972972972972975,35.709811050879466,0,58.68278402385244,Percentage MOE exceeds 50% of estimate,Pass
Georgia county,13289,"Twiggs County, Georgia",2020-2024,B10050_008,Five years or more,39,30,73,40,53.42465753424658,28.842983953723767,24.58167358052281,82.26764148797034,Percentage MOE exceeds 50% of estimate,Pass
Georgia county,13293,"Upson County, Georgia",2020-2024,B10050_008,Five years or more,109,104,182,127,59.89010989010989,38.97153837877686,20.918571511333028,98.86164826888675,Percentage MOE exceeds 50% of estimate,Pass
Georgia county,13301,"Warren County, Georgia",2020-2024,B10050_008,Five years or more,120,98,127,98,94.48818897637796,25.264815461052702,69.22337351532525,100,Caregiver count MOE exceeds 50% of estimate,Pass
Georgia county,13305,"Wayne County, Georgia",2020-2024,B10050_008,Five years or more,117,104,278,165,42.086330935251794,27.848665986704308,14.237664948547486,69.9349969219561,Percentage MOE exceeds 50% of estimate,Pass
Georgia county,13307,"Webster County, Georgia",2020-2024,B10050_008,Five years or more,0,14,6,9,0,233.33333333333337,0,100,Unavailable MOE or zero percentage,Pass
Georgia county,13309,"Wheeler County, Georgia",2020-2024,B10050_008,Five years or more,0,20,89,71,0,22.47191011235955,0,22.47191011235955,Unavailable MOE or zero percentage,Pass
Georgia county,13311,"White County, Georgia",2020-2024,B10050_008,Five years or more,162,177,314,253,51.59235668789809,38.07200405378868,13.520352634109408,89.66436074168678,Percentage MOE exceeds 50% of estimate,Pass
Georgia county,13315,"Wilcox County, Georgia",2020-2024,B10050_008,Five years or more,24,21,94,52,25.53191489361702,17.30913524067286,8.222779652944162,42.84105013428988,Percentage MOE exceeds 50% of estimate,Pass
Georgia county,13317,"Wilkes County, Georgia",2020-2024,B10050_008,Five years or more,83,53,148,102,56.08108108108109,52.69035370089444,3.3907273801866467,100,Percentage MOE exceeds 50% of estimate,Pass
Georgia county,13319,"Wilkinson County, Georgia",2020-2024,B10050_008,Five years or more,80,49,125,66,64,19.86808334993589,44.13191665006411,83.86808334993589,Caregiver count MOE exceeds 50% of estimate,Pass
Georgia county,13321,"Worth County, Georgia",2020-2024,B10050_008,Five years or more,217,134,351,199,61.82336182336182,15.129226231386667,46.694135591975154,76.95258805474849,Caregiver count MOE exceeds 50% of estimate,Pass
Georgia place,1311560,"Brunswick city, Georgia",2020-2024,B10050_008,Five years or more,182,118,460,218,39.565217391304344,17.505822006534995,22.05939538476935,57.07103939783934,Retained,Pass
Georgia place,1319112,"Commerce city, Georgia",2020-2024,B10050_008,Five years or more,111,106,250,116,44.4,37.05852233211681,7.34147766788319,81.45852233211681,Percentage MOE exceeds 50% of estimate,Pass
Georgia place,1344340,"LaGrange city, Georgia",2020-2024,B10050_008,Five years or more,371,209,558,238,66.48745519713262,24.46814630091118,42.01930889622144,90.9556014980438,Retained,Pass
Georgia place,1338964,"Hinesville city, Georgia",2020-2024,B10050_008,Five years or more,243,132,407,180,59.7051597051597,18.831528996981277,40.873630708178425,78.53668870214098,Retained,Pass
Georgia place,1301052,"Albany city, Georgia",2020-2024,B10050_008,Five years or more,270,107,782,218,34.52685421994885,9.725100977684898,24.801753242263956,44.25195519763375,Retained,Pass
Georgia place,1319000,"Columbus city, Georgia",2020-2024,B10050_008,Five years or more,804,267,2052,420,39.1812865497076,10.246504892608838,28.93478165709876,49.42779144231644,Retained,Pass
Georgia place,1304000,"Atlanta city, Georgia",2020-2024,B10050_008,Five years or more,1551,427,2563,482,60.51502145922747,12.167379035777332,48.34764242345014,72.6824004950048,Retained,Pass
Georgia place,1369000,"Savannah city, Georgia",2020-2024,B10050_008,Five years or more,590,188,1238,274,47.65751211631664,10.92484528117512,36.732666835141515,58.58235739749176,Retained,Pass
Georgia place,1373704,"Stockbridge city, Georgia",2020-2024,B10050_008,Five years or more,110,74,284,128,38.732394366197184,19.344017340868024,19.38837702532916,58.076411707065205,Retained,Pass
Georgia place,1349008,"Macon-Bibb County, Georgia",2020-2024,B10050_008,Five years or more,450,176,1048,315,42.93893129770993,10.745381722464543,32.193549575245385,53.68431302017447,Retained,Pass
Georgia place,1373784,"Stonecrest city, Georgia",2020-2024,B10050_008,Five years or more,394,229,853,333,46.189917936694016,19.889186329425016,26.300731607269,66.07910426611903,Retained,Pass
Georgia place,1304204,"Augusta-Richmond County consolidated government (balance), Georgia",2020-2024,B10050_008,Five years or more,1236,344,1973,505,62.64571718195641,6.847400831473497,55.79831635048291,69.4931180134299,Retained,Pass
Georgia place,1380508,"Warner Robins city, Georgia",2020-2024,B10050_008,Five years or more,395,191,670,255,58.95522388059702,17.584180599161815,41.371043281435206,76.53940447975883,Retained,Pass
Georgia place,1372122,"South Fulton city, Georgia",2020-2024,B10050_008,Five years or more,619,271,968,360,63.946280991735534,14.7716132581986,49.174667733536936,78.71789424993413,Retained,Pass
Georgia place,1349756,"Marietta city, Georgia",2020-2024,B10050_008,Five years or more,127,77,186,86,68.27956989247312,26.77889521262661,41.50067467984651,95.05846510509971,Retained,Pass
Georgia place,1348288,"Mableton city, Georgia",2020-2024,B10050_008,Five years or more,173,115,431,212,40.13921113689095,17.947830664662064,22.19138047222889,58.08704180155301,Retained,Pass
Georgia place,1300184,"Abbeville city, Georgia",2020-2024,B10050_008,Five years or more,4,8,9,10,44.44444444444444,73.90928171405317,0,100,Percentage MOE exceeds 50% of estimate,Pass
Georgia place,1300408,"Acworth city, Georgia",2020-2024,B10050_008,Five years or more,290,437,329,436,88.14589665653494,63.22636180542433,24.919534851110612,100,Percentage MOE exceeds 50% of estimate,Pass
Georgia place,1300436,"Adairsville city, Georgia",2020-2024,B10050_008,Five years or more,0,14,14,23,0,100,0,100,Unavailable MOE or zero percentage,Pass
Georgia place,1300576,"Adel city, Georgia",2020-2024,B10050_008,Five years or more,0,20,93,99,0,21.50537634408602,0,21.50537634408602,Unavailable MOE or zero percentage,Pass
Georgia place,1300660,"Adrian city, Georgia",2020-2024,B10050_008,Five years or more,7,12,11,14,63.63636363636363,73.0832759320137,0,100,Percentage MOE exceeds 50% of estimate,Pass
Georgia place,1300828,"Ailey city, Georgia",2020-2024,B10050_008,Five years or more,0,14,0,14,NA,NA,NA,NA,Missing input or nonpositive denominator,Pass
Georgia place,1300996,"Alamo town, Georgia",2020-2024,B10050_008,Five years or more,0,14,3,7,0,466.6666666666667,0,100,Unavailable MOE or zero percentage,Pass
Georgia place,1301024,"Alapaha town, Georgia",2020-2024,B10050_008,Five years or more,28,34,28,34,100,171.72593257387584,0,100,Percentage MOE exceeds 50% of estimate,Pass
Georgia place,1301248,"Aldora town, Georgia",2020-2024,B10050_008,Five years or more,0,14,0,14,NA,NA,NA,NA,Missing input or nonpositive denominator,Pass
Georgia place,1301472,"Allenhurst city, Georgia",2020-2024,B10050_008,Five years or more,16,24,18,24,88.88888888888889,61.08304630544683,27.805842583442058,100,Percentage MOE exceeds 50% of estimate,Pass
Georgia place,1301500,"Allentown city, Georgia",2020-2024,B10050_008,Five years or more,0,14,0,14,NA,NA,NA,NA,Missing input or nonpositive denominator,Pass
Georgia place,1301612,"Alma city, Georgia",2020-2024,B10050_008,Five years or more,18,24,18,24,100,188.56180831641265,0,100,Percentage MOE exceeds 50% of estimate,Pass
Georgia place,1301696,"Alpharetta city, Georgia",2020-2024,B10050_008,Five years or more,222,167,237,165,93.67088607594935,26.689708204556712,66.98117787139266,100,Caregiver count MOE exceeds 50% of estimate,Pass
Georgia place,1301808,"Alston town, Georgia",2020-2024,B10050_008,Five years or more,0,14,9,15,0,155.55555555555557,0,100,Unavailable MOE or zero percentage,Pass
Georgia place,1301948,"Alto town, Georgia",2020-2024,B10050_008,Five years or more,11,16,11,16,100,205.70379089063204,0,100,Percentage MOE exceeds 50% of estimate,Pass
Georgia place,1302060,"Ambrose city, Georgia",2020-2024,B10050_008,Five years or more,0,14,0,14,NA,NA,NA,NA,Missing input or nonpositive denominator,Pass
Georgia place,1302116,"Americus city, Georgia",2020-2024,B10050_008,Five years or more,8,25,8,25,100,441.94173824159225,0,100,Percentage MOE exceeds 50% of estimate,Pass
Georgia place,1302256,"Andersonville city, Georgia",2020-2024,B10050_008,Five years or more,1,4,1,4,100,565.685424949238,0,100,Percentage MOE exceeds 50% of estimate,Pass
Georgia place,1302364,"Antioch CDP, Georgia",2020-2024,B10050_008,Five years or more,0,14,0,14,NA,NA,NA,NA,Missing input or nonpositive denominator,Pass
Georgia place,1302536,"Appling CDP, Georgia",2020-2024,B10050_008,Five years or more,0,14,0,14,NA,NA,NA,NA,Missing input or nonpositive denominator,Pass
Georgia place,1302564,"Arabi town, Georgia",2020-2024,B10050_008,Five years or more,0,14,2,4,0,700,0,100,Unavailable MOE or zero percentage,Pass
Georgia place,1302592,"Aragon city, Georgia",2020-2024,B10050_008,Five years or more,2,5,48,53,4.166666666666666,9.34561689099775,0,13.512283557664416,Percentage MOE exceeds 50% of estimate,Pass
Georgia place,1302648,"Arcade city, Georgia",2020-2024,B10050_008,Five years or more,19,19,34,32,55.88235294117647,18.883510429796285,36.99884251138019,74.76586337097275,Caregiver count MOE exceeds 50% of estimate,Pass
Georgia place,1302844,"Argyle town, Georgia",2020-2024,B10050_008,Five years or more,28,50,28,50,100,252.53813613805272,0,100,Percentage MOE exceeds 50% of estimate,Pass
Georgia place,1302928,"Arlington city, Georgia",2020-2024,B10050_008,Five years or more,0,14,5,9,0,280,0,100,Unavailable MOE or zero percentage,Pass
Georgia place,1303124,"Arnoldsville city, Georgia",2020-2024,B10050_008,Five years or more,0,14,0,14,NA,NA,NA,NA,Missing input or nonpositive denominator,Pass
Georgia place,1303236,"Ashburn city, Georgia",2020-2024,B10050_008,Five years or more,17,29,25,33,68,73.47885682289838,0,100,Percentage MOE exceeds 50% of estimate,Pass
Georgia place,1303440,"Athens-Clarke County unified government (balance), Georgia",2020-2024,B10050_008,Five years or more,82,82,251,134,32.669322709163346,27.62419970687895,5.045123002284392,60.2935224160423,Percentage MOE exceeds 50% of estimate,Pass
Georgia place,1304084,"Attapulgus city, Georgia",2020-2024,B10050_008,Five years or more,13,19,13,19,100,206.6927514237601,0,100,Percentage MOE exceeds 50% of estimate,Pass
Georgia place,1304140,"Auburn city, Georgia",2020-2024,B10050_008,Five years or more,39,44,79,50,49.36708860759494,46.10658740378494,3.2605012038099943,95.47367601137988,Percentage MOE exceeds 50% of estimate,Pass
Georgia place,1304252,"Austell city, Georgia",2020-2024,B10050_008,Five years or more,0,20,25,41,0,80,0,80,Unavailable MOE or zero percentage,Pass
Georgia place,1304392,"Avalon town, Georgia",2020-2024,B10050_008,Five years or more,2,3,16,22,12.5,7.493486755176123,5.006513244823877,19.99348675517612,Percentage MOE exceeds 50% of estimate,Pass
Georgia place,1304448,"Avera city, Georgia",2020-2024,B10050_008,Five years or more,4,5,4,5,100,176.7766952966369,0,100,Percentage MOE exceeds 50% of estimate,Pass
Georgia place,1304644,"Avondale Estates city, Georgia",2020-2024,B10050_008,Five years or more,0,14,17,25,0,82.35294117647058,0,82.35294117647058,Unavailable MOE or zero percentage,Pass
Georgia place,1304700,"Axson CDP, Georgia",2020-2024,B10050_008,Five years or more,0,14,0,14,NA,NA,NA,NA,Missing input or nonpositive denominator,Pass
Georgia place,1304840,"Baconton city, Georgia",2020-2024,B10050_008,Five years or more,2,4,2,4,100,282.842712474619,0,100,Percentage MOE exceeds 50% of estimate,Pass
Georgia place,1304896,"Bainbridge city, Georgia",2020-2024,B10050_008,Five years or more,32,50,134,123,23.88059701492537,30.19594230860797,0,54.07653932353334,Percentage MOE exceeds 50% of estimate,Pass
Georgia place,1304980,"Baldwin city, Georgia",2020-2024,B10050_008,Five years or more,0,14,0,14,NA,NA,NA,NA,Missing input or nonpositive denominator,Pass
Georgia place,1305036,"Ball Ground city, Georgia",2020-2024,B10050_008,Five years or more,5,9,15,19,33.33333333333333,42.62961354055751,0,75.96294687389084,Percentage MOE exceeds 50% of estimate,Pass
Georgia place,1305344,"Barnesville city, Georgia",2020-2024,B10050_008,Five years or more,0,20,54,59,0,37.03703703703704,0,37.03703703703704,Unavailable MOE or zero percentage,Pass
Georgia place,1305680,"Bartow town, Georgia",2020-2024,B10050_008,Five years or more,0,14,3,5,0,466.6666666666667,0,100,Unavailable MOE or zero percentage,Pass
Georgia place,1305708,"Barwick city, Georgia",2020-2024,B10050_008,Five years or more,4,7,7,9,57.14285714285714,67.83987811671291,0,100,Percentage MOE exceeds 50% of estimate,Pass
Georgia place,1306016,"Baxley city, Georgia",2020-2024,B10050_008,Five years or more,20,32,20,32,100,226.2741699796952,0,100,Percentage MOE exceeds 50% of estimate,Pass
Georgia place,1306688,"Bellville city, Georgia",2020-2024,B10050_008,Five years or more,0,14,0,14,NA,NA,NA,NA,Missing input or nonpositive denominator,Pass
Georgia place,1306884,"Belvedere Park CDP, Georgia",2020-2024,B10050_008,Five years or more,6,15,59,50,10.16949152542373,23.918452892349183,0,34.08794441777292,Percentage MOE exceeds 50% of estimate,Pass
Georgia place,1306968,"Bemiss CDP, Georgia",2020-2024,B10050_008,Five years or more,0,20,44,63,0,45.45454545454545,0,45.45454545454545,Unavailable MOE or zero percentage,Pass
Georgia place,1307248,"Berkeley Lake city, Georgia",2020-2024,B10050_008,Five years or more,12,19,14,19,85.71428571428571,69.90354513654674,15.810740577738969,100,Percentage MOE exceeds 50% of estimate,Pass
Georgia place,1307304,"Berlin city, Georgia",2020-2024,B10050_008,Five years or more,9,19,26,29,34.61538461538461,62.0447073422371,0,96.66009195762172,Percentage MOE exceeds 50% of estimate,Pass
Georgia place,1307380,"Berry College CDP, Georgia",2020-2024,B10050_008,Five years or more,0,14,0,14,NA,NA,NA,NA,Missing input or nonpositive denominator,Pass
Georgia place,1307612,"Bethlehem town, Georgia",2020-2024,B10050_008,Five years or more,0,14,0,14,NA,NA,NA,NA,Missing input or nonpositive denominator,Pass
Georgia place,1307640,"Between town, Georgia",2020-2024,B10050_008,Five years or more,0,14,0,14,NA,NA,NA,NA,Missing input or nonpositive denominator,Pass
Georgia place,1308200,"Bishop town, Georgia",2020-2024,B10050_008,Five years or more,11,20,11,20,100,257.12973861329004,0,100,Percentage MOE exceeds 50% of estimate,Pass
Georgia place,1308284,"Blackshear city, Georgia",2020-2024,B10050_008,Five years or more,0,14,33,39,0,42.42424242424242,0,42.42424242424242,Unavailable MOE or zero percentage,Pass
Georgia place,1308480,"Blairsville city, Georgia",2020-2024,B10050_008,Five years or more,4,7,27,42,14.814814814814811,11.877259003836889,2.9375558109779263,26.6920738186517,Percentage MOE exceeds 50% of estimate,Pass
Georgia place,1308536,"Blakely city, Georgia",2020-2024,B10050_008,Five years or more,40,48,40,48,100,169.70562748477138,0,100,Percentage MOE exceeds 50% of estimate,Pass
Georgia place,1308844,"Bloomingdale city, Georgia",2020-2024,B10050_008,Five years or more,15,23,15,23,100,216.84607956387455,0,100,Percentage MOE exceeds 50% of estimate,Pass
Georgia place,1308928,"Blue Ridge city, Georgia",2020-2024,B10050_008,Five years or more,4,7,12,15,33.33333333333333,40.8248290463863,0,74.15816237971963,Percentage MOE exceeds 50% of estimate,Pass
Georgia place,1308956,"Bluffton town, Georgia",2020-2024,B10050_008,Five years or more,0,14,9,15,0,155.55555555555557,0,100,Unavailable MOE or zero percentage,Pass
Georgia place,1309040,"Blythe city, Georgia",2020-2024,B10050_008,Five years or more,15,20,25,23,60,57.90474937343223,2.0952506265677684,100,Percentage MOE exceeds 50% of estimate,Pass
Georgia place,1309068,"Bogart town, Georgia",2020-2024,B10050_008,Five years or more,0,14,0,14,NA,NA,NA,NA,Missing input or nonpositive denominator,Pass
Georgia place,1309152,"Bolingbroke CDP, Georgia",2020-2024,B10050_008,Five years or more,0,14,0,14,NA,NA,NA,NA,Missing input or nonpositive denominator,Pass
Georgia place,1309272,"Bonanza CDP, Georgia",2020-2024,B10050_008,Five years or more,0,14,0,14,NA,NA,NA,NA,Missing input or nonpositive denominator,Pass
Georgia place,1309460,"Boston city, Georgia",2020-2024,B10050_008,Five years or more,15,19,15,19,100,179.13371790059205,0,100,Percentage MOE exceeds 50% of estimate,Pass
Georgia place,1309488,"Bostwick city, Georgia",2020-2024,B10050_008,Five years or more,0,14,0,14,NA,NA,NA,NA,Missing input or nonpositive denominator,Pass
Georgia place,1309544,"Bowdon city, Georgia",2020-2024,B10050_008,Five years or more,10,13,15,17,66.66666666666666,42.45549594342845,24.211170723238205,100,Percentage MOE exceeds 50% of estimate,Pass
Georgia place,1309656,"Bowersville town, Georgia",2020-2024,B10050_008,Five years or more,0,14,2,5,0,700,0,100,Unavailable MOE or zero percentage,Pass
Georgia place,1309712,"Bowman city, Georgia",2020-2024,B10050_008,Five years or more,4,7,4,7,100,247.48737341529164,0,100,Percentage MOE exceeds 50% of estimate,Pass
Georgia place,1309768,"Box Springs CDP, Georgia",2020-2024,B10050_008,Five years or more,20,28,20,28,100,197.98989873223331,0,100,Percentage MOE exceeds 50% of estimate,Pass
Georgia place,1309852,"Boykin CDP, Georgia",2020-2024,B10050_008,Five years or more,0,14,0,14,NA,NA,NA,NA,Missing input or nonpositive denominator,Pass
Georgia place,1310076,"Braselton town, Georgia",2020-2024,B10050_008,Five years or more,15,22,44,44,34.090909090909086,36.57608395325246,0,70.66699304416154,Percentage MOE exceeds 50% of estimate,Pass
Georgia place,1310104,"Braswell town, Georgia",2020-2024,B10050_008,Five years or more,0,14,11,17,0,127.27272727272728,0,100,Unavailable MOE or zero percentage,Pass
Georgia place,1310132,"Bremen city, Georgia",2020-2024,B10050_008,Five years or more,22,37,32,42,68.75,72.29729035973185,0,100,Percentage MOE exceeds 50% of estimate,Pass
Georgia place,1310608,"Brinson town, Georgia",2020-2024,B10050_008,Five years or more,6,9,6,9,100,212.13203435596424,0,100,Percentage MOE exceeds 50% of estimate,Pass
Georgia place,1310664,"Bristol CDP, Georgia",2020-2024,B10050_008,Five years or more,0,14,0,14,NA,NA,NA,NA,Missing input or nonpositive denominator,Pass
Georgia place,1310860,"Bronwood town, Georgia",2020-2024,B10050_008,Five years or more,8,12,16,16,50,55.90169943749474,0,100,Percentage MOE exceeds 50% of estimate,Pass
Georgia place,1310944,"Brookhaven city, Georgia",2020-2024,B10050_008,Five years or more,27,33,84,58,32.142857142857146,32.41603224006738,0,64.55888938292452,Percentage MOE exceeds 50% of estimate,Pass
Georgia place,1311000,"Brooklet city, Georgia",2020-2024,B10050_008,Five years or more,4,7,9,14,44.44444444444444,35.63177701151064,8.8126674329338,80.07622145595508,Percentage MOE exceeds 50% of estimate,Pass
Georgia place,1311056,"Brooks town, Georgia",2020-2024,B10050_008,Five years or more,0,14,3,5,0,466.6666666666667,0,100,Unavailable MOE or zero percentage,Pass
Georgia place,1311504,"Broxton city, Georgia",2020-2024,B10050_008,Five years or more,0,14,18,26,0,77.77777777777779,0,77.77777777777779,Unavailable MOE or zero percentage,Pass
Georgia place,1311616,"Buchanan city, Georgia",2020-2024,B10050_008,Five years or more,10,16,93,125,10.75268817204301,9.333387634212544,1.4193005378304662,20.08607580625555,Percentage MOE exceeds 50% of estimate,Pass
Georgia place,1311626,"Buckhead CDP, Georgia",2020-2024,B10050_008,Five years or more,0,14,0,14,NA,NA,NA,NA,Missing input or nonpositive denominator,Pass
Georgia place,1311672,"Buckhead town, Georgia",2020-2024,B10050_008,Five years or more,0,14,4,7,0,350,0,100,Unavailable MOE or zero percentage,Pass
Georgia place,1311728,"Buena Vista city, Georgia",2020-2024,B10050_008,Five years or more,20,27,28,28,71.42857142857143,64.77984695434662,6.648724474224807,100,Percentage MOE exceeds 50% of estimate,Pass
Georgia place,1311784,"Buford city, Georgia",2020-2024,B10050_008,Five years or more,0,23,244,319,0,9.42622950819672,0,9.42622950819672,Unavailable MOE or zero percentage,Pass
Georgia place,1312120,"Butler city, Georgia",2020-2024,B10050_008,Five years or more,14,23,17,22,82.35294117647058,83.34504613112121,0,100,Percentage MOE exceeds 50% of estimate,Pass
Georgia place,1312232,"Byromville town, Georgia",2020-2024,B10050_008,Five years or more,4,6,5,7,80,43.081318457076,36.918681542924,100,Percentage MOE exceeds 50% of estimate,Pass
Georgia place,1312260,"Byron city, Georgia",2020-2024,B10050_008,Five years or more,166,150,207,157,80.19323671497585,39.390021328337745,40.80321538663811,100,Caregiver count MOE exceeds 50% of estimate,Pass
Georgia place,1312344,"Cadwell town, Georgia",2020-2024,B10050_008,Five years or more,5,9,11,15,45.45454545454545,53.40659312860665,0,98.8611385831521,Percentage MOE exceeds 50% of estimate,Pass
Georgia place,1312400,"Cairo city, Georgia",2020-2024,B10050_008,Five years or more,170,124,235,139,72.3404255319149,30.876895073802313,41.46353045811259,100,Caregiver count MOE exceeds 50% of estimate,Pass
Georgia place,1312456,"Calhoun city, Georgia",2020-2024,B10050_008,Five years or more,9,15,171,136,5.263157894736842,7.708759040899346,0,12.971916935636187,Percentage MOE exceeds 50% of estimate,Pass
Georgia place,1312484,"Calvary CDP, Georgia",2020-2024,B10050_008,Five years or more,0,14,0,14,NA,NA,NA,NA,Missing input or nonpositive denominator,Pass
Georgia place,1312512,"Camak town, Georgia",2020-2024,B10050_008,Five years or more,0,14,0,14,NA,NA,NA,NA,Missing input or nonpositive denominator,Pass
Georgia place,1312624,"Camilla city, Georgia",2020-2024,B10050_008,Five years or more,23,25,59,63,38.983050847457626,7.920841717348084,31.062209130109544,46.90389256480571,Caregiver count MOE exceeds 50% of estimate,Pass
Georgia place,1312834,"Candler-McAfee CDP, Georgia",2020-2024,B10050_008,Five years or more,85,77,371,194,22.91105121293801,16.947781254989824,5.963269957948182,39.858832467927826,Percentage MOE exceeds 50% of estimate,Pass
Georgia place,1312932,"Canon city, Georgia",2020-2024,B10050_008,Five years or more,0,14,4,7,0,350,0,100,Unavailable MOE or zero percentage,Pass
Georgia place,1312960,"Canoochee CDP, Georgia",2020-2024,B10050_008,Five years or more,0,14,0,14,NA,NA,NA,NA,Missing input or nonpositive denominator,Pass
Georgia place,1312988,"Canton city, Georgia",2020-2024,B10050_008,Five years or more,57,71,111,93,51.35135135135135,47.331966564936685,4.019384786414662,98.68331791628805,Percentage MOE exceeds 50% of estimate,Pass
Georgia place,1313184,"Carl town, Georgia",2020-2024,B10050_008,Five years or more,0,14,0,14,NA,NA,NA,NA,Missing input or nonpositive denominator,Pass
Georgia place,1313212,"Carlton city, Georgia",2020-2024,B10050_008,Five years or more,3,5,3,5,100,235.70226039551585,0,100,Percentage MOE exceeds 50% of estimate,Pass
Georgia place,1313352,"Carnesville city, Georgia",2020-2024,B10050_008,Five years or more,0,14,0,14,NA,NA,NA,NA,Missing input or nonpositive denominator,Pass
Georgia place,1313492,"Carrollton city, Georgia",2020-2024,B10050_008,Five years or more,95,104,126,132,75.39682539682539,23.954733623142378,51.44209177368302,99.35155901996777,Caregiver count MOE exceeds 50% of estimate,Pass
Georgia place,1313688,"Cartersville city, Georgia",2020-2024,B10050_008,Five years or more,297,279,401,318,74.06483790523691,37.29694385001442,36.76789405522249,100,Percentage MOE exceeds 50% of estimate,Pass
Georgia place,1314024,"Cataula CDP, Georgia",2020-2024,B10050_008,Five years or more,0,14,0,14,NA,NA,NA,NA,Missing input or nonpositive denominator,Pass
Georgia place,1314108,"Cave Spring city, Georgia",2020-2024,B10050_008,Five years or more,4,8,4,8,100,282.842712474619,0,100,Percentage MOE exceeds 50% of estimate,Pass
Georgia place,1314192,"Cecil city, Georgia",2020-2024,B10050_008,Five years or more,0,14,0,14,NA,NA,NA,NA,Missing input or nonpositive denominator,Pass
Georgia place,1314472,"Cedar Springs CDP, Georgia",2020-2024,B10050_008,Five years or more,0,14,0,14,NA,NA,NA,NA,Missing input or nonpositive denominator,Pass
Georgia place,1314500,"Cedartown city, Georgia",2020-2024,B10050_008,Five years or more,87,92,218,146,39.908256880733944,32.65934833562188,7.248908545112066,72.56760521635582,Percentage MOE exceeds 50% of estimate,Pass
Georgia place,1314920,"Centerville city, Georgia",2020-2024,B10050_008,Five years or more,0,20,0,20,NA,NA,NA,NA,Missing input or nonpositive denominator,Pass
Georgia place,1315026,"Centralhatchee town, Georgia",2020-2024,B10050_008,Five years or more,25,30,25,30,100,169.7056274847714,0,100,Percentage MOE exceeds 50% of estimate,Pass
Georgia place,1315172,"Chamblee city, Georgia",2020-2024,B10050_008,Five years or more,191,139,270,145,70.74074074074073,34.742950509849,35.99779023089173,100,Caregiver count MOE exceeds 50% of estimate,Pass
Georgia place,1315508,"Chatsworth city, Georgia",2020-2024,B10050_008,Five years or more,0,14,51,71,0,27.450980392156865,0,27.450980392156865,Unavailable MOE or zero percentage,Pass
Georgia place,1315552,"Chattahoochee Hills city, Georgia",2020-2024,B10050_008,Five years or more,6,23,18,34,33.33333333333333,111.18824483168946,0,100,Percentage MOE exceeds 50% of estimate,Pass
Georgia place,1315585,"Chattanooga Valley CDP, Georgia",2020-2024,B10050_008,Five years or more,0,14,0,14,NA,NA,NA,NA,Missing input or nonpositive denominator,Pass
Georgia place,1315648,"Chauncey city, Georgia",2020-2024,B10050_008,Five years or more,5,7,5,7,100,197.98989873223331,0,100,Percentage MOE exceeds 50% of estimate,Pass
Georgia place,1315844,"Cherry Log CDP, Georgia",2020-2024,B10050_008,Five years or more,0,14,0,14,NA,NA,NA,NA,Missing input or nonpositive denominator,Pass
Georgia place,1315900,"Chester town, Georgia",2020-2024,B10050_008,Five years or more,0,14,0,14,NA,NA,NA,NA,Missing input or nonpositive denominator,Pass
Georgia place,1315984,"Chickamauga city, Georgia",2020-2024,B10050_008,Five years or more,2,8,10,17,20,72.41546796092668,0,92.41546796092668,Percentage MOE exceeds 50% of estimate,Pass
Georgia place,1316460,"Clarkesville city, Georgia",2020-2024,B10050_008,Five years or more,0,14,0,14,NA,NA,NA,NA,Missing input or nonpositive denominator,Pass
Georgia place,1316544,"Clarkston city, Georgia",2020-2024,B10050_008,Five years or more,22,31,118,84,18.64406779661017,22.672184983635177,0,41.31625278024535,Percentage MOE exceeds 50% of estimate,Pass
Georgia place,1316600,"Claxton city, Georgia",2020-2024,B10050_008,Five years or more,6,11,16,20,37.5,50.29211543572213,0,87.79211543572214,Percentage MOE exceeds 50% of estimate,Pass
Georgia place,1316656,"Clayton city, Georgia",2020-2024,B10050_008,Five years or more,2,5,7,9,28.57142857142857,61.258493958382175,0,89.82992252981074,Percentage MOE exceeds 50% of estimate,Pass
Georgia place,1316796,"Clermont town, Georgia",2020-2024,B10050_008,Five years or more,0,14,8,12,0,175,0,100,Unavailable MOE or zero percentage,Pass
Georgia place,1316824,"Cleveland city, Georgia",2020-2024,B10050_008,Five years or more,8,36,37,57,21.62162162162162,91.41813606859505,0,100,Percentage MOE exceeds 50% of estimate,Pass
Georgia place,1316908,"Climax city, Georgia",2020-2024,B10050_008,Five years or more,0,14,9,14,0,155.55555555555557,0,100,Unavailable MOE or zero percentage,Pass
Georgia place,1317132,"Clyattville CDP, Georgia",2020-2024,B10050_008,Five years or more,0,14,0,14,NA,NA,NA,NA,Missing input or nonpositive denominator,Pass
Georgia place,1317272,"Cobbtown city, Georgia",2020-2024,B10050_008,Five years or more,0,14,12,21,0,116.66666666666669,0,100,Unavailable MOE or zero percentage,Pass
Georgia place,1317328,"Cochran city, Georgia",2020-2024,B10050_008,Five years or more,31,51,59,65,52.54237288135594,64.19688925685757,0,100,Percentage MOE exceeds 50% of estimate,Pass
Georgia place,1317468,"Cogdell CDP, Georgia",2020-2024,B10050_008,Five years or more,0,14,0,14,NA,NA,NA,NA,Missing input or nonpositive denominator,Pass
Georgia place,1317496,"Cohutta city, Georgia",2020-2024,B10050_008,Five years or more,3,5,13,16,23.076923076923077,25.93444615480606,0,49.011369231729134,Percentage MOE exceeds 50% of estimate,Pass
Georgia place,1317552,"Colbert city, Georgia",2020-2024,B10050_008,Five years or more,6,7,6,7,100,164.9915822768611,0,100,Percentage MOE exceeds 50% of estimate,Pass
Georgia place,1317580,"Coleman CDP, Georgia",2020-2024,B10050_008,Five years or more,0,14,0,14,NA,NA,NA,NA,Missing input or nonpositive denominator,Pass
Georgia place,1317776,"College Park city, Georgia",2020-2024,B10050_008,Five years or more,65,74,144,134,45.13888888888889,29.60509080788332,15.533798081005571,74.74397969677221,Percentage MOE exceeds 50% of estimate,Pass
Georgia place,1317832,"Collins city, Georgia",2020-2024,B10050_008,Five years or more,0,14,0,14,NA,NA,NA,NA,Missing input or nonpositive denominator,Pass
Georgia place,1318000,"Colquitt city, Georgia",2020-2024,B10050_008,Five years or more,0,14,19,23,0,73.68421052631578,0,73.68421052631578,Unavailable MOE or zero percentage,Pass
Georgia place,1319084,"Comer city, Georgia",2020-2024,B10050_008,Five years or more,0,14,0,14,NA,NA,NA,NA,Missing input or nonpositive denominator,Pass
Georgia place,1319168,"Concord city, Georgia",2020-2024,B10050_008,Five years or more,0,14,0,14,NA,NA,NA,NA,Missing input or nonpositive denominator,Pass
Georgia place,1319280,"Conley CDP, Georgia",2020-2024,B10050_008,Five years or more,78,107,78,107,100,194.0010912486169,0,100,Percentage MOE exceeds 50% of estimate,Pass
Georgia place,1319336,"Conyers city, Georgia",2020-2024,B10050_008,Five years or more,192,187,192,187,100,137.73850841862955,0,100,Percentage MOE exceeds 50% of estimate,Pass
Georgia place,1319392,"Coolidge city, Georgia",2020-2024,B10050_008,Five years or more,3,4,3,4,100,188.56180831641268,0,100,Percentage MOE exceeds 50% of estimate,Pass
Georgia place,1319616,"Cordele city, Georgia",2020-2024,B10050_008,Five years or more,98,147,180,183,54.44444444444444,60.046789597905146,0,100,Percentage MOE exceeds 50% of estimate,Pass
Georgia place,1319728,"Cornelia city, Georgia",2020-2024,B10050_008,Five years or more,0,14,13,22,0,107.6923076923077,0,100,Unavailable MOE or zero percentage,Pass
Georgia place,1319830,"Country Club Estates CDP, Georgia",2020-2024,B10050_008,Five years or more,0,20,91,109,0,21.978021978021975,0,21.978021978021975,Unavailable MOE or zero percentage,Pass
Georgia place,1320064,"Covington city, Georgia",2020-2024,B10050_008,Five years or more,51,60,56,61,91.07142857142856,40.477093450079806,50.59433512134876,100,Caregiver count MOE exceeds 50% of estimate,Pass
Georgia place,1320288,"Crawford city, Georgia",2020-2024,B10050_008,Five years or more,0,14,3,6,0,466.6666666666667,0,100,Unavailable MOE or zero percentage,Pass
Georgia place,1320316,"Crawfordville city, Georgia",2020-2024,B10050_008,Five years or more,6,10,6,10,100,235.70226039551585,0,100,Percentage MOE exceeds 50% of estimate,Pass
Georgia place,1320372,"Crescent CDP, Georgia",2020-2024,B10050_008,Five years or more,0,14,0,14,NA,NA,NA,NA,Missing input or nonpositive denominator,Pass
Georgia place,1320550,"Crooked Creek CDP, Georgia",2020-2024,B10050_008,Five years or more,0,14,0,14,NA,NA,NA,NA,Missing input or nonpositive denominator,Pass
Georgia place,1320848,"Culloden city, Georgia",2020-2024,B10050_008,Five years or more,0,14,0,14,NA,NA,NA,NA,Missing input or nonpositive denominator,Pass
Georgia place,1320932,"Cumming city, Georgia",2020-2024,B10050_008,Five years or more,0,20,37,51,0,54.054054054054056,0,54.054054054054056,Unavailable MOE or zero percentage,Pass
Georgia place,1321017,"Cusseta-Chattahoochee County unified government, Georgia",2020-2024,B10050_008,Five years or more,87,45,87,45,100,73.14897736412561,26.851022635874383,100,Percentage MOE exceeds 50% of estimate,Pass
Georgia place,1321072,"Cuthbert city, Georgia",2020-2024,B10050_008,Five years or more,0,14,35,58,0,40,0,40,Unavailable MOE or zero percentage,Pass
Georgia place,1321184,"Dacula city, Georgia",2020-2024,B10050_008,Five years or more,34,55,106,126,32.075471698113205,35.19285408892481,0,67.26832578703801,Percentage MOE exceeds 50% of estimate,Pass
Georgia place,1321240,"Dahlonega city, Georgia",2020-2024,B10050_008,Five years or more,7,9,7,9,100,181.8274580193979,0,100,Percentage MOE exceeds 50% of estimate,Pass
Georgia place,1321268,"Daisy city, Georgia",2020-2024,B10050_008,Five years or more,0,14,0,14,NA,NA,NA,NA,Missing input or nonpositive denominator,Pass
Georgia place,1321324,"Dallas city, Georgia",2020-2024,B10050_008,Five years or more,0,23,154,141,0,14.935064935064934,0,14.935064935064934,Unavailable MOE or zero percentage,Pass
Georgia place,1321380,"Dalton city, Georgia",2020-2024,B10050_008,Five years or more,130,136,291,204,44.67353951890035,34.690190243383995,9.983349275516352,79.36372976228435,Percentage MOE exceeds 50% of estimate,Pass
Georgia place,1321436,"Damascus city, Georgia",2020-2024,B10050_008,Five years or more,0,14,1,2,0,1400,0,100,Unavailable MOE or zero percentage,Pass
Georgia place,1321632,"Danielsville city, Georgia",2020-2024,B10050_008,Five years or more,0,14,5,7,0,280,0,100,Unavailable MOE or zero percentage,Pass
Georgia place,1321688,"Danville town, Georgia",2020-2024,B10050_008,Five years or more,5,7,17,19,29.411764705882355,24.79788632134106,4.6138783845412945,54.209651027223416,Percentage MOE exceeds 50% of estimate,Pass
Georgia place,1321716,"Darien city, Georgia",2020-2024,B10050_008,Five years or more,20,25,20,25,100,176.7766952966369,0,100,Percentage MOE exceeds 50% of estimate,Pass
Georgia place,1321744,"Dasher town, Georgia",2020-2024,B10050_008,Five years or more,0,14,0,14,NA,NA,NA,NA,Missing input or nonpositive denominator,Pass
Georgia place,1321800,"Davisboro city, Georgia",2020-2024,B10050_008,Five years or more,3,6,14,18,21.428571428571427,32.827975392133496,0,54.256546820704926,Percentage MOE exceeds 50% of estimate,Pass
Georgia place,1321912,"Dawson city, Georgia",2020-2024,B10050_008,Five years or more,0,14,0,14,NA,NA,NA,NA,Missing input or nonpositive denominator,Pass
Georgia place,1321940,"Dawsonville city, Georgia",2020-2024,B10050_008,Five years or more,26,42,26,42,100,228.4498831525769,0,100,Percentage MOE exceeds 50% of estimate,Pass
Georgia place,1322024,"Dearing town, Georgia",2020-2024,B10050_008,Five years or more,16,32,16,32,100,282.842712474619,0,100,Percentage MOE exceeds 50% of estimate,Pass
Georgia place,1322052,"Decatur city, Georgia",2020-2024,B10050_008,Five years or more,0,27,0,27,NA,NA,NA,NA,Missing input or nonpositive denominator,Pass
Georgia place,1322080,"Deenwood CDP, Georgia",2020-2024,B10050_008,Five years or more,6,9,14,17,42.857142857142854,37.741310222259045,5.115832634883809,80.5984530794019,Percentage MOE exceeds 50% of estimate,Pass
Georgia place,1322108,"Deepstep town, Georgia",2020-2024,B10050_008,Five years or more,0,14,0,14,NA,NA,NA,NA,Missing input or nonpositive denominator,Pass
Georgia place,1322304,"Demorest city, Georgia",2020-2024,B10050_008,Five years or more,0,14,15,27,0,93.33333333333331,0,93.33333333333331,Unavailable MOE or zero percentage,Pass
Georgia place,1322388,"Denton city, Georgia",2020-2024,B10050_008,Five years or more,56,74,56,74,100,186.87822074215904,0,100,Percentage MOE exceeds 50% of estimate,Pass
Georgia place,1322472,"De Soto city, Georgia",2020-2024,B10050_008,Five years or more,0,14,0,14,NA,NA,NA,NA,Missing input or nonpositive denominator,Pass
Georgia place,1322724,"Dewy Rose CDP, Georgia",2020-2024,B10050_008,Five years or more,0,14,0,14,NA,NA,NA,NA,Missing input or nonpositive denominator,Pass
Georgia place,1322752,"Dexter town, Georgia",2020-2024,B10050_008,Five years or more,25,34,28,35,89.28571428571429,47.84081544506719,41.4448988406471,100,Percentage MOE exceeds 50% of estimate,Pass
Georgia place,1322976,"Dillard city, Georgia",2020-2024,B10050_008,Five years or more,1,3,1,3,100,424.2640687119285,0,100,Percentage MOE exceeds 50% of estimate,Pass
Georgia place,1323060,"Dixie CDP, Georgia",2020-2024,B10050_008,Five years or more,0,14,0,14,NA,NA,NA,NA,Missing input or nonpositive denominator,Pass
Georgia place,1323144,"Dixie Union CDP, Georgia",2020-2024,B10050_008,Five years or more,0,14,0,14,NA,NA,NA,NA,Missing input or nonpositive denominator,Pass
Georgia place,1323200,"Dock Junction CDP, Georgia",2020-2024,B10050_008,Five years or more,35,57,112,89,31.25,44.423253117374166,0,75.67325311737417,Percentage MOE exceeds 50% of estimate,Pass
Georgia place,1323284,"Doerun city, Georgia",2020-2024,B10050_008,Five years or more,10,11,16,13,62.5,46.34465609363716,16.155343906362837,100,Percentage MOE exceeds 50% of estimate,Pass
Georgia place,1323368,"Donalsonville city, Georgia",2020-2024,B10050_008,Five years or more,11,20,189,139,5.82010582010582,9.6776631557447,0,15.49776897585052,Percentage MOE exceeds 50% of estimate,Pass
Georgia place,1323480,"Dooling town, Georgia",2020-2024,B10050_008,Five years or more,0,14,0,14,NA,NA,NA,NA,Missing input or nonpositive denominator,Pass
Georgia place,1323536,"Doraville city, Georgia",2020-2024,B10050_008,Five years or more,33,57,33,57,100,244.2732516826255,0,100,Percentage MOE exceeds 50% of estimate,Pass
Georgia place,1323872,"Douglas city, Georgia",2020-2024,B10050_008,Five years or more,0,23,272,157,0,8.455882352941178,0,8.455882352941178,Unavailable MOE or zero percentage,Pass
Georgia place,1323900,"Douglasville city, Georgia",2020-2024,B10050_008,Five years or more,21,31,113,88,18.58407079646018,23.305562398383415,0,41.8896331948436,Percentage MOE exceeds 50% of estimate,Pass
Georgia place,1324264,"Druid Hills CDP, Georgia",2020-2024,B10050_008,Five years or more,0,20,0,20,NA,NA,NA,NA,Missing input or nonpositive denominator,Pass
Georgia place,1324376,"Dublin city, Georgia",2020-2024,B10050_008,Five years or more,26,31,57,48,45.614035087719294,38.50149787890778,7.112537208811517,84.11553296662707,Percentage MOE exceeds 50% of estimate,Pass
Georgia place,1324488,"Dudley city, Georgia",2020-2024,B10050_008,Five years or more,0,14,0,14,NA,NA,NA,NA,Missing input or nonpositive denominator,Pass
Georgia place,1324600,"Duluth city, Georgia",2020-2024,B10050_008,Five years or more,117,86,225,103,52,29.904626670404973,22.095373329595027,81.90462667040498,Percentage MOE exceeds 50% of estimate,Pass
Georgia place,1324768,"Dunwoody city, Georgia",2020-2024,B10050_008,Five years or more,48,60,48,60,100,176.7766952966369,0,100,Percentage MOE exceeds 50% of estimate,Pass
Georgia place,1324796,"Du Pont town, Georgia",2020-2024,B10050_008,Five years or more,0,14,0,14,NA,NA,NA,NA,Missing input or nonpositive denominator,Pass
Georgia place,1324876,"Dutch Island CDP, Georgia",2020-2024,B10050_008,Five years or more,0,14,0,14,NA,NA,NA,NA,Missing input or nonpositive denominator,Pass
Georgia place,1324964,"Eagle Grove CDP, Georgia",2020-2024,B10050_008,Five years or more,0,14,0,14,NA,NA,NA,NA,Missing input or nonpositive denominator,Pass
Georgia place,1325300,"East Dublin city, Georgia",2020-2024,B10050_008,Five years or more,5,7,5,7,100,197.98989873223331,0,100,Percentage MOE exceeds 50% of estimate,Pass
Georgia place,1325356,"East Ellijay city, Georgia",2020-2024,B10050_008,Five years or more,0,14,8,19,0,175,0,100,Unavailable MOE or zero percentage,Pass
Georgia place,1325440,"East Griffin CDP, Georgia",2020-2024,B10050_008,Five years or more,19,22,19,22,100,163.7510440642531,0,100,Percentage MOE exceeds 50% of estimate,Pass
Georgia place,1325552,"Eastman city, Georgia",2020-2024,B10050_008,Five years or more,0,20,11,17,0,181.8181818181818,0,100,Unavailable MOE or zero percentage,Pass
Georgia place,1325692,"East Newnan CDP, Georgia",2020-2024,B10050_008,Five years or more,0,14,0,14,NA,NA,NA,NA,Missing input or nonpositive denominator,Pass
Georgia place,1325720,"East Point city, Georgia",2020-2024,B10050_008,Five years or more,214,115,377,189,56.76392572944297,10.985346519487647,45.77857920995532,67.74927224893061,Caregiver count MOE exceeds 50% of estimate,Pass
Georgia place,1326084,"Eatonton city, Georgia",2020-2024,B10050_008,Five years or more,29,30,51,39,56.86274509803921,39.615809344936316,17.24693575310289,96.47855444297554,Percentage MOE exceeds 50% of estimate,Pass
Georgia place,1326156,"Echols County consolidated government, Georgia",2020-2024,B10050_008,Five years or more,0,14,162,148,0,8.641975308641975,0,8.641975308641975,Unavailable MOE or zero percentage,Pass
Georgia place,1326224,"Edge Hill city, Georgia",2020-2024,B10050_008,Five years or more,0,14,0,14,NA,NA,NA,NA,Missing input or nonpositive denominator,Pass
Georgia place,1326448,"Edison city, Georgia",2020-2024,B10050_008,Five years or more,0,14,0,14,NA,NA,NA,NA,Missing input or nonpositive denominator,Pass
Georgia place,1326616,"Elberton city, Georgia",2020-2024,B10050_008,Five years or more,0,14,22,31,0,63.63636363636363,0,63.63636363636363,Unavailable MOE or zero percentage,Pass
Georgia place,1326980,"Ellaville city, Georgia",2020-2024,B10050_008,Five years or more,0,14,4,6,0,350,0,100,Unavailable MOE or zero percentage,Pass
Georgia place,1327008,"Ellenton town, Georgia",2020-2024,B10050_008,Five years or more,0,14,0,14,NA,NA,NA,NA,Missing input or nonpositive denominator,Pass
Georgia place,1327064,"Ellerslie CDP, Georgia",2020-2024,B10050_008,Five years or more,0,14,0,14,NA,NA,NA,NA,Missing input or nonpositive denominator,Pass
Georgia place,1327092,"Ellijay city, Georgia",2020-2024,B10050_008,Five years or more,0,14,0,14,NA,NA,NA,NA,Missing input or nonpositive denominator,Pass
Georgia place,1327344,"Emerson city, Georgia",2020-2024,B10050_008,Five years or more,26,46,32,46,81.25,83.80067118009482,0,100,Percentage MOE exceeds 50% of estimate,Pass
Georgia place,1327512,"Empire CDP, Georgia",2020-2024,B10050_008,Five years or more,0,14,0,14,NA,NA,NA,NA,Missing input or nonpositive denominator,Pass
Georgia place,1327596,"Enigma town, Georgia",2020-2024,B10050_008,Five years or more,0,14,5,8,0,280,0,100,Unavailable MOE or zero percentage,Pass
Georgia place,1327708,"Ephesus city, Georgia",2020-2024,B10050_008,Five years or more,5,8,7,8,71.42857142857143,79.98333853985888,0,100,Percentage MOE exceeds 50% of estimate,Pass
Georgia place,1327736,"Epworth CDP, Georgia",2020-2024,B10050_008,Five years or more,0,14,0,14,NA,NA,NA,NA,Missing input or nonpositive denominator,Pass
Georgia place,1327932,"Eton city, Georgia",2020-2024,B10050_008,Five years or more,0,14,2,4,0,700,0,100,Unavailable MOE or zero percentage,Pass
Georgia place,1327988,"Euharlee city, Georgia",2020-2024,B10050_008,Five years or more,0,14,0,14,NA,NA,NA,NA,Missing input or nonpositive denominator,Pass
Georgia place,1328016,"Eulonia CDP, Georgia",2020-2024,B10050_008,Five years or more,72,36,72,36,100,70.71067811865474,29.28932188134526,100,Percentage MOE exceeds 50% of estimate,Pass
Georgia place,1328044,"Evans CDP, Georgia",2020-2024,B10050_008,Five years or more,155,162,173,162,89.59537572254335,41.59067632586941,48.00469939667394,100,Caregiver count MOE exceeds 50% of estimate,Pass
Georgia place,1328100,"Everett CDP, Georgia",2020-2024,B10050_008,Five years or more,0,14,0,14,NA,NA,NA,NA,Missing input or nonpositive denominator,Pass
Georgia place,1328296,"Experiment CDP, Georgia",2020-2024,B10050_008,Five years or more,22,33,49,53,44.89795918367347,46.66085732415063,0,91.5588165078241,Percentage MOE exceeds 50% of estimate,Pass
Georgia place,1328324,"Faceville CDP, Georgia",2020-2024,B10050_008,Five years or more,0,14,0,14,NA,NA,NA,NA,Missing input or nonpositive denominator,Pass
Georgia place,1328380,"Fairburn city, Georgia",2020-2024,B10050_008,Five years or more,77,79,194,211,39.69072164948454,59.34472036556583,0,99.03544201505036,Percentage MOE exceeds 50% of estimate,Pass
Georgia place,1328440,"Fairfield Plantation CDP, Georgia",2020-2024,B10050_008,Five years or more,0,20,59,68,0,33.89830508474576,0,33.89830508474576,Unavailable MOE or zero percentage,Pass
Georgia place,1328492,"Fairmount city, Georgia",2020-2024,B10050_008,Five years or more,5,6,14,14,35.714285714285715,23.690177073967146,12.024108640318572,59.40446278825286,Percentage MOE exceeds 50% of estimate,Pass
Georgia place,1328520,"Fair Oaks CDP, Georgia",2020-2024,B10050_008,Five years or more,14,24,35,44,40,46.61960698141974,0,86.61960698141974,Percentage MOE exceeds 50% of estimate,Pass
Georgia place,1328548,"Fairplay CDP, Georgia",2020-2024,B10050_008,Five years or more,6,10,6,10,100,235.70226039551585,0,100,Percentage MOE exceeds 50% of estimate,Pass
Georgia place,1328632,"Fairview CDP, Georgia",2020-2024,B10050_008,Five years or more,77,104,124,112,62.096774193548384,62.35817338052112,0,100,Percentage MOE exceeds 50% of estimate,Pass
Georgia place,1328744,"Fargo city, Georgia",2020-2024,B10050_008,Five years or more,0,14,0,14,NA,NA,NA,NA,Missing input or nonpositive denominator,Pass
Georgia place,1328968,"Fayetteville city, Georgia",2020-2024,B10050_008,Five years or more,37,62,138,100,26.81159420289855,40.509374968696974,0,67.32096917159552,Percentage MOE exceeds 50% of estimate,Pass
Georgia place,1329528,"Fitzgerald city, Georgia",2020-2024,B10050_008,Five years or more,10,18,26,27,38.46153846153847,56.547587347443105,0,95.00912580898157,Percentage MOE exceeds 50% of estimate,Pass
Georgia place,1330088,"Flemington city, Georgia",2020-2024,B10050_008,Five years or more,10,10,10,10,100,141.4213562373095,0,100,Percentage MOE exceeds 50% of estimate,Pass
Georgia place,1330312,"Flovilla city, Georgia",2020-2024,B10050_008,Five years or more,0,14,48,80,0,29.166666666666668,0,29.166666666666668,Unavailable MOE or zero percentage,Pass
Georgia place,1330340,"Flowery Branch city, Georgia",2020-2024,B10050_008,Five years or more,0,23,0,23,NA,NA,NA,NA,Missing input or nonpositive denominator,Pass
Georgia place,1330424,"Folkston city, Georgia",2020-2024,B10050_008,Five years or more,34,52,59,65,57.6271186440678,61.1328036335134,0,100,Percentage MOE exceeds 50% of estimate,Pass
Georgia place,1330536,"Forest Park city, Georgia",2020-2024,B10050_008,Five years or more,33,50,105,88,31.428571428571427,39.670781801972026,0,71.09935323054346,Percentage MOE exceeds 50% of estimate,Pass
Georgia place,1330732,"Forsyth city, Georgia",2020-2024,B10050_008,Five years or more,0,14,8,13,0,175,0,100,Unavailable MOE or zero percentage,Pass
Georgia place,1330816,"Fort Gaines city, Georgia",2020-2024,B10050_008,Five years or more,8,11,22,22,36.36363636363637,34.31742925123068,2.046207112405689,70.68106561486704,Percentage MOE exceeds 50% of estimate,Pass
Georgia place,1330956,"Fort Oglethorpe city, Georgia",2020-2024,B10050_008,Five years or more,15,24,15,24,100,226.2741699796952,0,100,Percentage MOE exceeds 50% of estimate,Pass
Georgia place,1331068,"Fort Stewart CDP, Georgia",2020-2024,B10050_008,Five years or more,0,20,0,20,NA,NA,NA,NA,Missing input or nonpositive denominator,Pass
Georgia place,1331096,"Fort Valley city, Georgia",2020-2024,B10050_008,Five years or more,31,53,87,84,35.63218390804598,50.27514695516406,0,85.90733086321003,Percentage MOE exceeds 50% of estimate,Pass
Georgia place,1331292,"Franklin city, Georgia",2020-2024,B10050_008,Five years or more,15,23,21,25,71.42857142857143,69.02667153178677,2.4018998967846557,100,Percentage MOE exceeds 50% of estimate,Pass
Georgia place,1331320,"Franklin Springs city, Georgia",2020-2024,B10050_008,Five years or more,0,14,18,31,0,77.77777777777779,0,77.77777777777779,Unavailable MOE or zero percentage,Pass
Georgia place,1331684,"Funston city, Georgia",2020-2024,B10050_008,Five years or more,0,14,3,4,0,466.6666666666667,0,100,Unavailable MOE or zero percentage,Pass
Georgia place,1331908,"Gainesville city, Georgia",2020-2024,B10050_008,Five years or more,95,89,163,103,58.282208588957054,40.310614513581015,17.97159407537604,98.59282310253806,Percentage MOE exceeds 50% of estimate,Pass
Georgia place,1332048,"Garden City city, Georgia",2020-2024,B10050_008,Five years or more,44,54,183,176,24.043715846994537,18.33067906715018,5.713036779844355,42.37439491414472,Percentage MOE exceeds 50% of estimate,Pass
Georgia place,1332132,"Gardi CDP, Georgia",2020-2024,B10050_008,Five years or more,0,14,5,11,0,280,0,100,Unavailable MOE or zero percentage,Pass
Georgia place,1332188,"Garfield city, Georgia",2020-2024,B10050_008,Five years or more,0,14,0,14,NA,NA,NA,NA,Missing input or nonpositive denominator,Pass
Georgia place,1332384,"Gay town, Georgia",2020-2024,B10050_008,Five years or more,0,14,0,14,NA,NA,NA,NA,Missing input or nonpositive denominator,Pass
Georgia place,1332412,"Geneva town, Georgia",2020-2024,B10050_008,Five years or more,0,14,0,14,NA,NA,NA,NA,Missing input or nonpositive denominator,Pass
Georgia place,1332482,"Georgetown CDP, Georgia",2020-2024,B10050_008,Five years or more,0,23,102,130,0,22.54901960784314,0,22.54901960784314,Unavailable MOE or zero percentage,Pass
Georgia place,1332528,"Georgetown-Quitman County unified government, Georgia",2020-2024,B10050_008,Five years or more,25,26,42,34,59.523809523809526,38.862766657531,20.661042866278528,98.38657618134052,Percentage MOE exceeds 50% of estimate,Pass
Georgia place,1332748,"Gibson city, Georgia",2020-2024,B10050_008,Five years or more,49,48,60,48,81.66666666666667,46.16877251514876,35.49789415151791,100,Percentage MOE exceeds 50% of estimate,Pass
Georgia place,1332860,"Gillsville city, Georgia",2020-2024,B10050_008,Five years or more,1,3,1,3,100,424.2640687119285,0,100,Percentage MOE exceeds 50% of estimate,Pass
Georgia place,1332916,"Girard town, Georgia",2020-2024,B10050_008,Five years or more,2,4,2,4,100,282.842712474619,0,100,Percentage MOE exceeds 50% of estimate,Pass
Georgia place,1333280,"Glenn CDP, Georgia",2020-2024,B10050_008,Five years or more,0,14,0,14,NA,NA,NA,NA,Missing input or nonpositive denominator,Pass
Georgia place,1333336,"Glennville city, Georgia",2020-2024,B10050_008,Five years or more,107,103,107,103,100,136.13457656488671,0,100,Percentage MOE exceeds 50% of estimate,Pass
Georgia place,1333392,"Glenwood city, Georgia",2020-2024,B10050_008,Five years or more,0,14,18,29,0,77.77777777777779,0,77.77777777777779,Unavailable MOE or zero percentage,Pass
Georgia place,1333672,"Godfrey CDP, Georgia",2020-2024,B10050_008,Five years or more,0,14,0,14,NA,NA,NA,NA,Missing input or nonpositive denominator,Pass
Georgia place,1333896,"Good Hope city, Georgia",2020-2024,B10050_008,Five years or more,0,14,12,20,0,116.66666666666669,0,100,Unavailable MOE or zero percentage,Pass
Georgia place,1333980,"Gordon city, Georgia",2020-2024,B10050_008,Five years or more,11,13,50,42,22,18.289056837354956,3.710943162645045,40.28905683735496,Percentage MOE exceeds 50% of estimate,Pass
Georgia place,1334176,"Gough CDP, Georgia",2020-2024,B10050_008,Five years or more,0,14,0,14,NA,NA,NA,NA,Missing input or nonpositive denominator,Pass
Georgia place,1334260,"Graham city, Georgia",2020-2024,B10050_008,Five years or more,18,34,18,34,100,267.1292284482513,0,100,Percentage MOE exceeds 50% of estimate,Pass
Georgia place,1334428,"Grantville city, Georgia",2020-2024,B10050_008,Five years or more,0,14,31,33,0,45.16129032258064,0,45.16129032258064,Unavailable MOE or zero percentage,Pass
Georgia place,1334512,"Gray city, Georgia",2020-2024,B10050_008,Five years or more,0,14,0,14,NA,NA,NA,NA,Missing input or nonpositive denominator,Pass
Georgia place,1334596,"Grayson city, Georgia",2020-2024,B10050_008,Five years or more,0,14,0,14,NA,NA,NA,NA,Missing input or nonpositive denominator,Pass
Georgia place,1334876,"Greensboro city, Georgia",2020-2024,B10050_008,Five years or more,0,14,58,94,0,24.13793103448276,0,24.13793103448276,Unavailable MOE or zero percentage,Pass
Georgia place,1335016,"Greenville city, Georgia",2020-2024,B10050_008,Five years or more,0,14,0,14,NA,NA,NA,NA,Missing input or nonpositive denominator,Pass
Georgia place,1335240,"Gresham Park CDP, Georgia",2020-2024,B10050_008,Five years or more,18,28,18,28,100,219.9887763691481,0,100,Percentage MOE exceeds 50% of estimate,Pass
Georgia place,1335324,"Griffin city, Georgia",2020-2024,B10050_008,Five years or more,261,159,289,162,90.3114186851211,21.5423805395899,68.7690381455312,100,Caregiver count MOE exceeds 50% of estimate,Pass
Georgia place,1335716,"Grovetown city, Georgia",2020-2024,B10050_008,Five years or more,39,64,96,114,40.625,46.01234388356334,0,86.63734388356335,Percentage MOE exceeds 50% of estimate,Pass
Georgia place,1335800,"Gumbranch city, Georgia",2020-2024,B10050_008,Five years or more,0,14,0,14,NA,NA,NA,NA,Missing input or nonpositive denominator,Pass
Georgia place,1335814,"Gumlog CDP, Georgia",2020-2024,B10050_008,Five years or more,16,27,22,30,72.72727272727273,72.29515691813222,0.4321158091405124,100,Percentage MOE exceeds 50% of estimate,Pass
Georgia place,1335884,"Guyton city, Georgia",2020-2024,B10050_008,Five years or more,15,16,31,26,48.38709677419355,31.88940424788686,16.497692526306693,80.27650102208041,Percentage MOE exceeds 50% of estimate,Pass
Georgia place,1336024,"Hagan city, Georgia",2020-2024,B10050_008,Five years or more,0,14,0,14,NA,NA,NA,NA,Missing input or nonpositive denominator,Pass
Georgia place,1336052,"Hahira city, Georgia",2020-2024,B10050_008,Five years or more,0,14,23,38,0,60.86956521739131,0,60.86956521739131,Unavailable MOE or zero percentage,Pass
Georgia place,1336220,"Hamilton city, Georgia",2020-2024,B10050_008,Five years or more,0,14,5,9,0,280,0,100,Unavailable MOE or zero percentage,Pass
Georgia place,1336276,"Hampton city, Georgia",2020-2024,B10050_008,Five years or more,70,54,126,89,55.55555555555556,17.228747823398592,38.326807732156965,72.78430337895415,Caregiver count MOE exceeds 50% of estimate,Pass
Georgia place,1336416,"Hannahs Mill CDP, Georgia",2020-2024,B10050_008,Five years or more,6,10,57,66,10.526315789473683,12.618666892599457,0,23.14498268207314,Percentage MOE exceeds 50% of estimate,Pass
Georgia place,1336472,"Hapeville city, Georgia",2020-2024,B10050_008,Five years or more,0,20,0,20,NA,NA,NA,NA,Missing input or nonpositive denominator,Pass
Georgia place,1336528,"Haralson town, Georgia",2020-2024,B10050_008,Five years or more,0,14,0,14,NA,NA,NA,NA,Missing input or nonpositive denominator,Pass
Georgia place,1336668,"Hardwick CDP, Georgia",2020-2024,B10050_008,Five years or more,9,16,38,43,23.684210526315788,32.474351263693855,0,56.15856179000964,Percentage MOE exceeds 50% of estimate,Pass
Georgia place,1336696,"Harlem city, Georgia",2020-2024,B10050_008,Five years or more,165,141,165,141,100,120.8509771482463,0,100,Percentage MOE exceeds 50% of estimate,Pass
Georgia place,1336920,"Harrison town, Georgia",2020-2024,B10050_008,Five years or more,0,14,2,4,0,700,0,100,Unavailable MOE or zero percentage,Pass
Georgia place,1337144,"Hartwell city, Georgia",2020-2024,B10050_008,Five years or more,39,60,90,73,43.333333333333336,56.64849623953203,0,99.98182957286537,Percentage MOE exceeds 50% of estimate,Pass
Georgia place,1337396,"Hawkinsville city, Georgia",2020-2024,B10050_008,Five years or more,0,14,0,14,NA,NA,NA,NA,Missing input or nonpositive denominator,Pass
Georgia place,1337564,"Hazlehurst city, Georgia",2020-2024,B10050_008,Five years or more,49,67,49,67,100,193.37205852856604,0,100,Percentage MOE exceeds 50% of estimate,Pass
Georgia place,1337788,"Helen city, Georgia",2020-2024,B10050_008,Five years or more,0,14,0,14,NA,NA,NA,NA,Missing input or nonpositive denominator,Pass
Georgia place,1337910,"Henderson CDP, Georgia",2020-2024,B10050_008,Five years or more,0,14,0,14,NA,NA,NA,NA,Missing input or nonpositive denominator,Pass
Georgia place,1338040,"Hephzibah city, Georgia",2020-2024,B10050_008,Five years or more,39,37,39,37,100,134.16897899437058,0,100,Percentage MOE exceeds 50% of estimate,Pass
Georgia place,1338105,"Heron Bay CDP, Georgia",2020-2024,B10050_008,Five years or more,0,14,29,40,0,48.27586206896552,0,48.27586206896552,Unavailable MOE or zero percentage,Pass
Georgia place,1338124,"Hiawassee city, Georgia",2020-2024,B10050_008,Five years or more,15,23,80,84,18.75,20.95148786482717,0,39.70148786482717,Percentage MOE exceeds 50% of estimate,Pass
Georgia place,1338292,"Hickox CDP, Georgia",2020-2024,B10050_008,Five years or more,0,14,0,14,NA,NA,NA,NA,Missing input or nonpositive denominator,Pass
Georgia place,1338348,"Higgston town, Georgia",2020-2024,B10050_008,Five years or more,0,14,2,6,0,700,0,100,Unavailable MOE or zero percentage,Pass
Georgia place,1338866,"Hilltop CDP, Georgia",2020-2024,B10050_008,Five years or more,0,14,0,14,NA,NA,NA,NA,Missing input or nonpositive denominator,Pass
Georgia place,1338920,"Hiltonia town, Georgia",2020-2024,B10050_008,Five years or more,5,8,5,8,100,226.2741699796952,0,100,Percentage MOE exceeds 50% of estimate,Pass
Georgia place,1339076,"Hiram city, Georgia",2020-2024,B10050_008,Five years or more,0,20,13,27,0,153.84615384615387,0,100,Unavailable MOE or zero percentage,Pass
Georgia place,1339216,"Hoboken city, Georgia",2020-2024,B10050_008,Five years or more,3,5,3,5,100,235.70226039551585,0,100,Percentage MOE exceeds 50% of estimate,Pass
Georgia place,1339244,"Hogansville city, Georgia",2020-2024,B10050_008,Five years or more,0,14,11,18,0,127.27272727272728,0,100,Unavailable MOE or zero percentage,Pass
Georgia place,1339524,"Holly Springs city, Georgia",2020-2024,B10050_008,Five years or more,48,64,48,64,100,188.56180831641268,0,100,Percentage MOE exceeds 50% of estimate,Pass
Georgia place,1339692,"Homeland city, Georgia",2020-2024,B10050_008,Five years or more,0,14,2,3,0,700,0,100,Unavailable MOE or zero percentage,Pass
Georgia place,1339720,"Homer town, Georgia",2020-2024,B10050_008,Five years or more,0,14,7,12,0,200,0,100,Unavailable MOE or zero percentage,Pass
Georgia place,1339748,"Homerville city, Georgia",2020-2024,B10050_008,Five years or more,14,18,14,18,100,181.8274580193979,0,100,Percentage MOE exceeds 50% of estimate,Pass
Georgia place,1340028,"Hortense CDP, Georgia",2020-2024,B10050_008,Five years or more,0,14,0,14,NA,NA,NA,NA,Missing input or nonpositive denominator,Pass
Georgia place,1340056,"Hoschton city, Georgia",2020-2024,B10050_008,Five years or more,0,14,34,32,0,41.17647058823529,0,41.17647058823529,Unavailable MOE or zero percentage,Pass
Georgia place,1340196,"Howard CDP, Georgia",2020-2024,B10050_008,Five years or more,0,14,0,14,NA,NA,NA,NA,Missing input or nonpositive denominator,Pass
Georgia place,1340532,"Hull city, Georgia",2020-2024,B10050_008,Five years or more,0,14,0,14,NA,NA,NA,NA,Missing input or nonpositive denominator,Pass
Georgia place,1340812,"Ideal city, Georgia",2020-2024,B10050_008,Five years or more,11,16,54,58,20.37037037037037,19.98028442606207,0.39008594430829646,40.35065479643245,Percentage MOE exceeds 50% of estimate,Pass
Georgia place,1340840,"Ila city, Georgia",2020-2024,B10050_008,Five years or more,0,14,0,14,NA,NA,NA,NA,Missing input or nonpositive denominator,Pass
Georgia place,1341036,"Indian Springs CDP, Georgia",2020-2024,B10050_008,Five years or more,0,14,0,14,NA,NA,NA,NA,Missing input or nonpositive denominator,Pass
Georgia place,1341344,"Iron City town, Georgia",2020-2024,B10050_008,Five years or more,6,9,6,9,100,212.13203435596424,0,100,Percentage MOE exceeds 50% of estimate,Pass
Georgia place,1341347,"Irondale CDP, Georgia",2020-2024,B10050_008,Five years or more,75,59,275,225,27.27272727272727,30.955037225341748,0,58.22776449806902,Percentage MOE exceeds 50% of estimate,Pass
Georgia place,1341400,"Irwinton city, Georgia",2020-2024,B10050_008,Five years or more,2,4,5,5,40,69.2820323027551,0,100,Percentage MOE exceeds 50% of estimate,Pass
Georgia place,1341484,"Isle of Hope CDP, Georgia",2020-2024,B10050_008,Five years or more,0,14,0,14,NA,NA,NA,NA,Missing input or nonpositive denominator,Pass
Georgia place,1341540,"Ivey city, Georgia",2020-2024,B10050_008,Five years or more,16,18,16,18,100,159.0990257669732,0,100,Percentage MOE exceeds 50% of estimate,Pass
Georgia place,1341596,"Jackson city, Georgia",2020-2024,B10050_008,Five years or more,9,25,9,25,100,392.8371006591931,0,100,Percentage MOE exceeds 50% of estimate,Pass
Georgia place,1341708,"Jacksonville city, Georgia",2020-2024,B10050_008,Five years or more,0,14,0,14,NA,NA,NA,NA,Missing input or nonpositive denominator,Pass
Georgia place,1341792,"Jakin city, Georgia",2020-2024,B10050_008,Five years or more,2,3,2,3,100,212.13203435596424,0,100,Percentage MOE exceeds 50% of estimate,Pass
Georgia place,1341932,"Jasper city, Georgia",2020-2024,B10050_008,Five years or more,46,51,81,58,56.79012345679012,48.070057972966254,8.720065483823866,100,Percentage MOE exceeds 50% of estimate,Pass
Georgia place,1341988,"Jefferson city, Georgia",2020-2024,B10050_008,Five years or more,37,34,106,74,34.90566037735849,20.857407889316654,14.048252488041827,55.76306826667515,Percentage MOE exceeds 50% of estimate,Pass
Georgia place,1342100,"Jeffersonville city, Georgia",2020-2024,B10050_008,Five years or more,17,19,17,19,100,158.05916285346356,0,100,Percentage MOE exceeds 50% of estimate,Pass
Georgia place,1342128,"Jekyll Island CDP, Georgia",2020-2024,B10050_008,Five years or more,0,14,0,14,NA,NA,NA,NA,Missing input or nonpositive denominator,Pass
Georgia place,1342156,"Jenkinsburg city, Georgia",2020-2024,B10050_008,Five years or more,0,14,0,14,NA,NA,NA,NA,Missing input or nonpositive denominator,Pass
Georgia place,1342184,"Jersey city, Georgia",2020-2024,B10050_008,Five years or more,0,14,22,33,0,63.63636363636363,0,63.63636363636363,Unavailable MOE or zero percentage,Pass
Georgia place,1342268,"Jesup city, Georgia",2020-2024,B10050_008,Five years or more,10,25,15,26,66.66666666666666,120.10283659441475,0,100,Percentage MOE exceeds 50% of estimate,Pass
Georgia place,1342425,"Johns Creek city, Georgia",2020-2024,B10050_008,Five years or more,106,92,207,117,51.20772946859904,33.728066832837285,17.479662635761755,84.93579630143633,Percentage MOE exceeds 50% of estimate,Pass
Georgia place,1342604,"Jonesboro city, Georgia",2020-2024,B10050_008,Five years or more,0,20,0,20,NA,NA,NA,NA,Missing input or nonpositive denominator,Pass
Georgia place,1342772,"Juliette CDP, Georgia",2020-2024,B10050_008,Five years or more,0,14,0,14,NA,NA,NA,NA,Missing input or nonpositive denominator,Pass
Georgia place,1342800,"Junction City town, Georgia",2020-2024,B10050_008,Five years or more,1,3,2,4,50,111.80339887498948,0,100,Percentage MOE exceeds 50% of estimate,Pass
Georgia place,1343192,"Kennesaw city, Georgia",2020-2024,B10050_008,Five years or more,70,75,262,160,26.717557251908396,23.52086861617401,3.196688635734386,50.2384258680824,Percentage MOE exceeds 50% of estimate,Pass
Georgia place,1343210,"Kennesaw State University CDP, Georgia",2020-2024,B10050_008,Five years or more,0,14,0,14,NA,NA,NA,NA,Missing input or nonpositive denominator,Pass
Georgia place,1343360,"Keysville city, Georgia",2020-2024,B10050_008,Five years or more,3,7,3,7,100,329.9831645537222,0,100,Percentage MOE exceeds 50% of estimate,Pass
Georgia place,1343580,"Kings Bay Base CDP, Georgia",2020-2024,B10050_008,Five years or more,0,14,0,14,NA,NA,NA,NA,Missing input or nonpositive denominator,Pass
Georgia place,1343640,"Kingsland city, Georgia",2020-2024,B10050_008,Five years or more,9,14,89,82,10.112359550561797,12.674261889802596,0,22.786621440364392,Percentage MOE exceeds 50% of estimate,Pass
Georgia place,1343668,"Kingston city, Georgia",2020-2024,B10050_008,Five years or more,0,14,15,19,0,93.33333333333331,0,93.33333333333331,Unavailable MOE or zero percentage,Pass
Georgia place,1343892,"Kite city, Georgia",2020-2024,B10050_008,Five years or more,0,14,0,14,NA,NA,NA,NA,Missing input or nonpositive denominator,Pass
Georgia place,1344060,"Knoxville CDP, Georgia",2020-2024,B10050_008,Five years or more,0,14,0,14,NA,NA,NA,NA,Missing input or nonpositive denominator,Pass
Georgia place,1344312,"LaFayette city, Georgia",2020-2024,B10050_008,Five years or more,160,166,160,166,100,146.7246570962086,0,100,Percentage MOE exceeds 50% of estimate,Pass
Georgia place,1344508,"Lake City city, Georgia",2020-2024,B10050_008,Five years or more,0,14,11,14,0,127.27272727272728,0,100,Unavailable MOE or zero percentage,Pass
Georgia place,1344592,"Lakeland city, Georgia",2020-2024,B10050_008,Five years or more,0,14,61,59,0,22.950819672131143,0,22.950819672131143,Unavailable MOE or zero percentage,Pass
Georgia place,1344704,"Lake Park city, Georgia",2020-2024,B10050_008,Five years or more,0,14,0,14,NA,NA,NA,NA,Missing input or nonpositive denominator,Pass
Georgia place,1344900,"Lakeview CDP, Georgia",2020-2024,B10050_008,Five years or more,51,73,62,75,82.25806451612904,62.94262801106252,19.31543650506652,100,Percentage MOE exceeds 50% of estimate,Pass
Georgia place,1344956,"Lakeview Estates CDP, Georgia",2020-2024,B10050_008,Five years or more,45,79,45,79,100,248.27304761661003,0,100,Percentage MOE exceeds 50% of estimate,Pass
Georgia place,1345460,"Lavonia city, Georgia",2020-2024,B10050_008,Five years or more,0,14,0,14,NA,NA,NA,NA,Missing input or nonpositive denominator,Pass
Georgia place,1345488,"Lawrenceville city, Georgia",2020-2024,B10050_008,Five years or more,16,18,181,118,8.83977900552486,8.104720172417098,0.7350588331077628,16.944499177941957,Percentage MOE exceeds 50% of estimate,Pass
Georgia place,1345600,"Leary city, Georgia",2020-2024,B10050_008,Five years or more,3,6,3,6,100,282.84271247461896,0,100,Percentage MOE exceeds 50% of estimate,Pass
Georgia place,1345768,"Leesburg city, Georgia",2020-2024,B10050_008,Five years or more,22,28,99,121,22.22222222222222,7.888342711921696,14.333879510300523,30.110564934143916,Caregiver count MOE exceeds 50% of estimate,Pass
Georgia place,1345936,"Lenox town, Georgia",2020-2024,B10050_008,Five years or more,0,14,0,14,NA,NA,NA,NA,Missing input or nonpositive denominator,Pass
Georgia place,1346020,"Leslie city, Georgia",2020-2024,B10050_008,Five years or more,1,3,1,3,100,424.2640687119285,0,100,Percentage MOE exceeds 50% of estimate,Pass
Georgia place,1346188,"Lexington city, Georgia",2020-2024,B10050_008,Five years or more,0,14,0,14,NA,NA,NA,NA,Missing input or nonpositive denominator,Pass
Georgia place,1346356,"Lilburn city, Georgia",2020-2024,B10050_008,Five years or more,0,23,20,29,0,115,0,100,Unavailable MOE or zero percentage,Pass
Georgia place,1346384,"Lilly city, Georgia",2020-2024,B10050_008,Five years or more,3,5,3,5,100,235.70226039551585,0,100,Percentage MOE exceeds 50% of estimate,Pass
Georgia place,1346524,"Lincoln Park CDP, Georgia",2020-2024,B10050_008,Five years or more,0,14,0,14,NA,NA,NA,NA,Missing input or nonpositive denominator,Pass
Georgia place,1346552,"Lincolnton city, Georgia",2020-2024,B10050_008,Five years or more,3,6,3,6,100,282.84271247461896,0,100,Percentage MOE exceeds 50% of estimate,Pass
Georgia place,1346580,"Lindale CDP, Georgia",2020-2024,B10050_008,Five years or more,23,35,40,45,57.49999999999999,58.9217900589417,0,100,Percentage MOE exceeds 50% of estimate,Pass
Georgia place,1346832,"Lithia Springs CDP, Georgia",2020-2024,B10050_008,Five years or more,7,18,58,74,12.06896551724138,26.944951096983573,0,39.013916614224954,Percentage MOE exceeds 50% of estimate,Pass
Georgia place,1346860,"Lithonia city, Georgia",2020-2024,B10050_008,Five years or more,15,19,62,51,24.193548387096776,23.303869903686035,0.8896784834107407,47.49741829078281,Percentage MOE exceeds 50% of estimate,Pass
Georgia place,1347140,"Locust Grove city, Georgia",2020-2024,B10050_008,Five years or more,7,19,215,143,3.255813953488372,8.567782691886036,0,11.823596645374408,Percentage MOE exceeds 50% of estimate,Pass
Georgia place,1347196,"Loganville city, Georgia",2020-2024,B10050_008,Five years or more,50,57,50,57,100,161.22034611053283,0,100,Percentage MOE exceeds 50% of estimate,Pass
Georgia place,1347252,"Lone Oak town, Georgia",2020-2024,B10050_008,Five years or more,0,14,33,37,0,42.42424242424242,0,42.42424242424242,Unavailable MOE or zero percentage,Pass
Georgia place,1347336,"Lookout Mountain city, Georgia",2020-2024,B10050_008,Five years or more,0,14,0,14,NA,NA,NA,NA,Missing input or nonpositive denominator,Pass
Georgia place,1347560,"Louisville city, Georgia",2020-2024,B10050_008,Five years or more,12,18,12,18,100,212.13203435596424,0,100,Percentage MOE exceeds 50% of estimate,Pass
Georgia place,1347616,"Lovejoy city, Georgia",2020-2024,B10050_008,Five years or more,35,57,116,87,30.17241379310345,43.617090453938616,0,73.78950424704206,Percentage MOE exceeds 50% of estimate,Pass
Georgia place,1347784,"Ludowici city, Georgia",2020-2024,B10050_008,Five years or more,9,15,21,24,42.857142857142854,51.99077225655918,0,94.84791511370204,Percentage MOE exceeds 50% of estimate,Pass
Georgia place,1347896,"Lula city, Georgia",2020-2024,B10050_008,Five years or more,43,38,43,38,100,124.97701248878516,0,100,Percentage MOE exceeds 50% of estimate,Pass
Georgia place,1347952,"Lumber City city, Georgia",2020-2024,B10050_008,Five years or more,2,3,2,3,100,212.13203435596424,0,100,Percentage MOE exceeds 50% of estimate,Pass
Georgia place,1347980,"Lumpkin city, Georgia",2020-2024,B10050_008,Five years or more,0,14,0,14,NA,NA,NA,NA,Missing input or nonpositive denominator,Pass
Georgia place,1348008,"Luthersville city, Georgia",2020-2024,B10050_008,Five years or more,7,13,7,13,100,262.63966158357476,0,100,Percentage MOE exceeds 50% of estimate,Pass
Georgia place,1348092,"Lyerly town, Georgia",2020-2024,B10050_008,Five years or more,0,14,5,6,0,280,0,100,Unavailable MOE or zero percentage,Pass
Georgia place,1348232,"Lyons city, Georgia",2020-2024,B10050_008,Five years or more,52,76,85,98,61.1764705882353,54.95068370053842,6.225786887696877,100,Percentage MOE exceeds 50% of estimate,Pass
Georgia place,1348428,"McCaysville city, Georgia",2020-2024,B10050_008,Five years or more,23,37,32,41,71.875,69.91853333058829,1.9564666694117108,100,Percentage MOE exceeds 50% of estimate,Pass
Georgia place,1348624,"McDonough city, Georgia",2020-2024,B10050_008,Five years or more,92,94,203,155,45.320197044334975,30.76928119642956,14.550915847905417,76.08947824076454,Percentage MOE exceeds 50% of estimate,Pass
Georgia place,1348848,"McIntyre town, Georgia",2020-2024,B10050_008,Five years or more,0,14,0,14,NA,NA,NA,NA,Missing input or nonpositive denominator,Pass
Georgia place,1349100,"McRae-Helena city, Georgia",2020-2024,B10050_008,Five years or more,6,12,33,43,18.181818181818183,27.586749899989083,0,45.76856808180727,Percentage MOE exceeds 50% of estimate,Pass
Georgia place,1349196,"Madison city, Georgia",2020-2024,B10050_008,Five years or more,0,14,0,14,NA,NA,NA,NA,Missing input or nonpositive denominator,Pass
Georgia place,1349504,"Manassas city, Georgia",2020-2024,B10050_008,Five years or more,0,14,0,14,NA,NA,NA,NA,Missing input or nonpositive denominator,Pass
Georgia place,1349532,"Manchester city, Georgia",2020-2024,B10050_008,Five years or more,17,18,17,18,100,149.74025954538652,0,100,Percentage MOE exceeds 50% of estimate,Pass
Georgia place,1349588,"Manor CDP, Georgia",2020-2024,B10050_008,Five years or more,0,14,0,14,NA,NA,NA,NA,Missing input or nonpositive denominator,Pass
Georgia place,1349616,"Mansfield city, Georgia",2020-2024,B10050_008,Five years or more,0,14,0,14,NA,NA,NA,NA,Missing input or nonpositive denominator,Pass
Georgia place,1349924,"Marshallville city, Georgia",2020-2024,B10050_008,Five years or more,0,14,11,17,0,127.27272727272728,0,100,Unavailable MOE or zero percentage,Pass
Georgia place,1350008,"Martin town, Georgia",2020-2024,B10050_008,Five years or more,0,14,0,14,NA,NA,NA,NA,Missing input or nonpositive denominator,Pass
Georgia place,1350036,"Martinez CDP, Georgia",2020-2024,B10050_008,Five years or more,105,81,214,115,49.06542056074766,27.155897914394757,21.909522646352904,76.22131847514243,Percentage MOE exceeds 50% of estimate,Pass
Georgia place,1350176,"Matthews CDP, Georgia",2020-2024,B10050_008,Five years or more,0,14,0,14,NA,NA,NA,NA,Missing input or nonpositive denominator,Pass
Georgia place,1350260,"Maxeys town, Georgia",2020-2024,B10050_008,Five years or more,0,14,0,14,NA,NA,NA,NA,Missing input or nonpositive denominator,Pass
Georgia place,1350484,"Maysville town, Georgia",2020-2024,B10050_008,Five years or more,11,12,22,22,50,21.799234196875997,28.200765803124003,71.799234196876,Caregiver count MOE exceeds 50% of estimate,Pass
Georgia place,1350596,"Meansville city, Georgia",2020-2024,B10050_008,Five years or more,13,23,13,23,100,250.20701488139375,0,100,Percentage MOE exceeds 50% of estimate,Pass
Georgia place,1350680,"Meigs city, Georgia",2020-2024,B10050_008,Five years or more,29,29,38,31,76.31578947368422,44.13715846947655,32.178631004207666,100,Percentage MOE exceeds 50% of estimate,Pass
Georgia place,1350820,"Mendes CDP, Georgia",2020-2024,B10050_008,Five years or more,0,14,0,14,NA,NA,NA,NA,Missing input or nonpositive denominator,Pass
Georgia place,1350848,"Menlo city, Georgia",2020-2024,B10050_008,Five years or more,0,14,4,7,0,350,0,100,Unavailable MOE or zero percentage,Pass
Georgia place,1350960,"Mershon CDP, Georgia",2020-2024,B10050_008,Five years or more,0,14,0,14,NA,NA,NA,NA,Missing input or nonpositive denominator,Pass
Georgia place,1351072,"Metter city, Georgia",2020-2024,B10050_008,Five years or more,0,14,34,36,0,41.17647058823529,0,41.17647058823529,Unavailable MOE or zero percentage,Pass
Georgia place,1351240,"Midville city, Georgia",2020-2024,B10050_008,Five years or more,0,14,2,4,0,700,0,100,Unavailable MOE or zero percentage,Pass
Georgia place,1351352,"Midway city, Georgia",2020-2024,B10050_008,Five years or more,5,8,5,8,100,226.2741699796952,0,100,Percentage MOE exceeds 50% of estimate,Pass
Georgia place,1351408,"Milan city, Georgia",2020-2024,B10050_008,Five years or more,8,12,10,13,80,59.86651818838305,20.133481811616953,100,Percentage MOE exceeds 50% of estimate,Pass
Georgia place,1351492,"Milledgeville city, Georgia",2020-2024,B10050_008,Five years or more,0,23,70,98,0,32.857142857142854,0,32.857142857142854,Unavailable MOE or zero percentage,Pass
Georgia place,1351520,"Millen city, Georgia",2020-2024,B10050_008,Five years or more,29,47,29,47,100,229.20012907426025,0,100,Percentage MOE exceeds 50% of estimate,Pass
Georgia place,1351576,"Millwood CDP, Georgia",2020-2024,B10050_008,Five years or more,0,14,0,14,NA,NA,NA,NA,Missing input or nonpositive denominator,Pass
Georgia place,1351604,"Milner city, Georgia",2020-2024,B10050_008,Five years or more,0,14,0,14,NA,NA,NA,NA,Missing input or nonpositive denominator,Pass
Georgia place,1351660,"Milstead CDP, Georgia",2020-2024,B10050_008,Five years or more,0,14,0,14,NA,NA,NA,NA,Missing input or nonpositive denominator,Pass
Georgia place,1351670,"Milton city, Georgia",2020-2024,B10050_008,Five years or more,42,40,71,61,59.154929577464785,24.30988981758206,34.845039759882724,83.46481939504685,Caregiver count MOE exceeds 50% of estimate,Pass
Georgia place,1351744,"Mineral Bluff CDP, Georgia",2020-2024,B10050_008,Five years or more,0,14,0,14,NA,NA,NA,NA,Missing input or nonpositive denominator,Pass
Georgia place,1351968,"Mitchell town, Georgia",2020-2024,B10050_008,Five years or more,0,14,0,14,NA,NA,NA,NA,Missing input or nonpositive denominator,Pass
Georgia place,1352108,"Molena city, Georgia",2020-2024,B10050_008,Five years or more,7,10,7,10,100,202.03050891044217,0,100,Percentage MOE exceeds 50% of estimate,Pass
Georgia place,1352192,"Monroe city, Georgia",2020-2024,B10050_008,Five years or more,92,102,232,131,39.6551724137931,37.83632532271828,1.8188470910748225,77.49149773651138,Percentage MOE exceeds 50% of estimate,Pass
Georgia place,1352304,"Montezuma city, Georgia",2020-2024,B10050_008,Five years or more,82,71,113,84,72.56637168141593,32.21769226289315,40.34867941852278,100,Caregiver count MOE exceeds 50% of estimate,Pass
Georgia place,1352332,"Montgomery CDP, Georgia",2020-2024,B10050_008,Five years or more,0,14,0,14,NA,NA,NA,NA,Missing input or nonpositive denominator,Pass
Georgia place,1352416,"Monticello city, Georgia",2020-2024,B10050_008,Five years or more,4,8,36,34,11.11111111111111,19.588434139040036,0,30.699545250151147,Percentage MOE exceeds 50% of estimate,Pass
Georgia place,1352500,"Montrose town, Georgia",2020-2024,B10050_008,Five years or more,0,14,0,14,NA,NA,NA,NA,Missing input or nonpositive denominator,Pass
Georgia place,1352556,"Moody AFB CDP, Georgia",2020-2024,B10050_008,Five years or more,0,14,0,14,NA,NA,NA,NA,Missing input or nonpositive denominator,Pass
Georgia place,1352668,"Moreland town, Georgia",2020-2024,B10050_008,Five years or more,2,4,13,19,15.384615384615383,21.003833549466087,0,36.388448934081474,Percentage MOE exceeds 50% of estimate,Pass
Georgia place,1352696,"Morgan city, Georgia",2020-2024,B10050_008,Five years or more,0,14,0,14,NA,NA,NA,NA,Missing input or nonpositive denominator,Pass
Georgia place,1352724,"Morganton city, Georgia",2020-2024,B10050_008,Five years or more,0,14,3,5,0,466.6666666666667,0,100,Unavailable MOE or zero percentage,Pass
Georgia place,1353004,"Morrow city, Georgia",2020-2024,B10050_008,Five years or more,11,21,11,21,100,269.9862255439545,0,100,Percentage MOE exceeds 50% of estimate,Pass
Georgia place,1353032,"Morven city, Georgia",2020-2024,B10050_008,Five years or more,0,14,2,6,0,700,0,100,Unavailable MOE or zero percentage,Pass
Georgia place,1353060,"Moultrie city, Georgia",2020-2024,B10050_008,Five years or more,101,95,196,111,51.53061224489795,38.69916199240187,12.831450252496076,90.22977423729984,Percentage MOE exceeds 50% of estimate,Pass
Georgia place,1353116,"Mountain City town, Georgia",2020-2024,B10050_008,Five years or more,0,14,0,14,NA,NA,NA,NA,Missing input or nonpositive denominator,Pass
Georgia place,1353172,"Mountain Park city, Georgia",2020-2024,B10050_008,Five years or more,0,14,3,5,0,466.6666666666667,0,100,Unavailable MOE or zero percentage,Pass
Georgia place,1353186,"Mountain Park CDP, Georgia",2020-2024,B10050_008,Five years or more,49,59,70,68,70,49.80041799677048,20.199582003229516,100,Percentage MOE exceeds 50% of estimate,Pass
Georgia place,1353284,"Mount Airy town, Georgia",2020-2024,B10050_008,Five years or more,46,56,74,58,62.16216216216216,57.905132395006675,4.257029767155487,100,Percentage MOE exceeds 50% of estimate,Pass
Georgia place,1353508,"Mount Vernon city, Georgia",2020-2024,B10050_008,Five years or more,11,17,29,37,37.93103448275862,33.08068428833189,4.850350194426731,71.0117187710905,Percentage MOE exceeds 50% of estimate,Pass
Georgia place,1353620,"Mount Zion city, Georgia",2020-2024,B10050_008,Five years or more,41,54,41,54,100,186.2622740686516,0,100,Percentage MOE exceeds 50% of estimate,Pass
Georgia place,1354012,"Musella CDP, Georgia",2020-2024,B10050_008,Five years or more,0,14,0,14,NA,NA,NA,NA,Missing input or nonpositive denominator,Pass
Georgia place,1354124,"Nahunta city, Georgia",2020-2024,B10050_008,Five years or more,18,19,24,22,75,39.25300766961828,35.74699233038172,100,Percentage MOE exceeds 50% of estimate,Pass
Georgia place,1354264,"Nashville city, Georgia",2020-2024,B10050_008,Five years or more,0,14,27,42,0,51.85185185185185,0,51.85185185185185,Unavailable MOE or zero percentage,Pass
Georgia place,1354404,"Naylor CDP, Georgia",2020-2024,B10050_008,Five years or more,0,14,0,14,NA,NA,NA,NA,Missing input or nonpositive denominator,Pass
Georgia place,1354572,"Nelson city, Georgia",2020-2024,B10050_008,Five years or more,0,14,14,23,0,100,0,100,Unavailable MOE or zero percentage,Pass
Georgia place,1354656,"Newborn town, Georgia",2020-2024,B10050_008,Five years or more,5,9,15,23,33.33333333333333,31.426968052735457,1.9063652805978748,64.76030138606879,Percentage MOE exceeds 50% of estimate,Pass
Georgia place,1354768,"New England CDP, Georgia",2020-2024,B10050_008,Five years or more,0,14,0,14,NA,NA,NA,NA,Missing input or nonpositive denominator,Pass
Georgia place,1354992,"Newington town, Georgia",2020-2024,B10050_008,Five years or more,4,6,4,6,100,212.13203435596424,0,100,Percentage MOE exceeds 50% of estimate,Pass
Georgia place,1355020,"Newnan city, Georgia",2020-2024,B10050_008,Five years or more,558,315,623,316,89.56661316211878,22.194305400560623,67.37230776155816,100,Caregiver count MOE exceeds 50% of estimate,Pass
Georgia place,1355244,"Newton city, Georgia",2020-2024,B10050_008,Five years or more,0,14,10,15,0,140,0,100,Unavailable MOE or zero percentage,Pass
Georgia place,1355440,"Nicholls city, Georgia",2020-2024,B10050_008,Five years or more,2,5,4,5,50,108.25317547305484,0,100,Percentage MOE exceeds 50% of estimate,Pass
Georgia place,1355468,"Nicholson city, Georgia",2020-2024,B10050_008,Five years or more,59,59,65,60,90.76923076923076,34.9112426035503,55.857988165680474,100,Caregiver count MOE exceeds 50% of estimate,Pass
Georgia place,1355776,"Norcross city, Georgia",2020-2024,B10050_008,Five years or more,59,94,59,94,100,225.31538112384905,0,100,Percentage MOE exceeds 50% of estimate,Pass
Georgia place,1355860,"Norman Park city, Georgia",2020-2024,B10050_008,Five years or more,3,5,3,5,100,235.70226039551585,0,100,Percentage MOE exceeds 50% of estimate,Pass
Georgia place,1355944,"Norristown CDP, Georgia",2020-2024,B10050_008,Five years or more,0,14,0,14,NA,NA,NA,NA,Missing input or nonpositive denominator,Pass
Georgia place,1356112,"North Decatur CDP, Georgia",2020-2024,B10050_008,Five years or more,0,23,0,23,NA,NA,NA,NA,Missing input or nonpositive denominator,Pass
Georgia place,1356168,"North Druid Hills CDP, Georgia",2020-2024,B10050_008,Five years or more,0,23,30,44,0,76.66666666666667,0,76.66666666666667,Unavailable MOE or zero percentage,Pass
Georgia place,1356308,"North High Shoals town, Georgia",2020-2024,B10050_008,Five years or more,2,3,2,3,100,212.13203435596424,0,100,Percentage MOE exceeds 50% of estimate,Pass
Georgia place,1356560,"Norwood city, Georgia",2020-2024,B10050_008,Five years or more,0,14,0,14,NA,NA,NA,NA,Missing input or nonpositive denominator,Pass
Georgia place,1356644,"Nunez city, Georgia",2020-2024,B10050_008,Five years or more,0,14,0,14,NA,NA,NA,NA,Missing input or nonpositive denominator,Pass
Georgia place,1357232,"Oak Park town, Georgia",2020-2024,B10050_008,Five years or more,0,14,3,5,0,466.6666666666667,0,100,Unavailable MOE or zero percentage,Pass
Georgia place,1357260,"Oakwood city, Georgia",2020-2024,B10050_008,Five years or more,107,145,144,150,74.30555555555556,64.40776588282174,9.897789672733822,100,Percentage MOE exceeds 50% of estimate,Pass
Georgia place,1357372,"Ochlocknee town, Georgia",2020-2024,B10050_008,Five years or more,13,17,13,17,100,184.9356196949432,0,100,Percentage MOE exceeds 50% of estimate,Pass
Georgia place,1357428,"Ocilla city, Georgia",2020-2024,B10050_008,Five years or more,39,79,52,84,75,91.6644252908691,0,100,Percentage MOE exceeds 50% of estimate,Pass
Georgia place,1357456,"Oconee city, Georgia",2020-2024,B10050_008,Five years or more,0,14,21,35,0,66.66666666666666,0,66.66666666666666,Unavailable MOE or zero percentage,Pass
Georgia place,1357540,"Odum city, Georgia",2020-2024,B10050_008,Five years or more,0,14,0,14,NA,NA,NA,NA,Missing input or nonpositive denominator,Pass
Georgia place,1357568,"Offerman city, Georgia",2020-2024,B10050_008,Five years or more,0,14,11,16,0,127.27272727272728,0,100,Unavailable MOE or zero percentage,Pass
Georgia place,1357736,"Oglethorpe city, Georgia",2020-2024,B10050_008,Five years or more,0,14,0,14,NA,NA,NA,NA,Missing input or nonpositive denominator,Pass
Georgia place,1357876,"Ohoopee CDP, Georgia",2020-2024,B10050_008,Five years or more,0,14,0,14,NA,NA,NA,NA,Missing input or nonpositive denominator,Pass
Georgia place,1358100,"Oliver city, Georgia",2020-2024,B10050_008,Five years or more,0,14,1,4,0,1400,0,100,Unavailable MOE or zero percentage,Pass
Georgia place,1358184,"Omega city, Georgia",2020-2024,B10050_008,Five years or more,0,14,0,14,NA,NA,NA,NA,Missing input or nonpositive denominator,Pass
Georgia place,1358296,"Orchard Hill town, Georgia",2020-2024,B10050_008,Five years or more,0,14,0,14,NA,NA,NA,NA,Missing input or nonpositive denominator,Pass
Georgia place,1358744,"Oxford city, Georgia",2020-2024,B10050_008,Five years or more,0,14,28,39,0,50,0,50,Unavailable MOE or zero percentage,Pass
Georgia place,1358884,"Palmetto city, Georgia",2020-2024,B10050_008,Five years or more,0,14,154,191,0,9.090909090909092,0,9.090909090909092,Unavailable MOE or zero percentage,Pass
Georgia place,1359080,"Panthersville CDP, Georgia",2020-2024,B10050_008,Five years or more,40,42,46,43,86.95652173913044,41.58317553485521,45.37334620427523,100,Caregiver count MOE exceeds 50% of estimate,Pass
Georgia place,1359416,"Parrott town, Georgia",2020-2024,B10050_008,Five years or more,0,14,0,14,NA,NA,NA,NA,Missing input or nonpositive denominator,Pass
Georgia place,1359500,"Patterson city, Georgia",2020-2024,B10050_008,Five years or more,4,7,6,9,66.66666666666666,60.092521257733154,6.574145408933504,100,Percentage MOE exceeds 50% of estimate,Pass
Georgia place,1359556,"Pavo city, Georgia",2020-2024,B10050_008,Five years or more,0,14,6,12,0,233.33333333333337,0,100,Unavailable MOE or zero percentage,Pass
Georgia place,1359724,"Peachtree City city, Georgia",2020-2024,B10050_008,Five years or more,10,17,126,114,7.936507936507936,11.422523465006208,0,19.359031401514144,Percentage MOE exceeds 50% of estimate,Pass
Georgia place,1359735,"Peachtree Corners city, Georgia",2020-2024,B10050_008,Five years or more,50,61,91,87,54.94505494505495,41.64168065799756,13.303374287057387,96.58673560305252,Percentage MOE exceeds 50% of estimate,Pass
Georgia place,1359808,"Pearson city, Georgia",2020-2024,B10050_008,Five years or more,0,14,15,28,0,93.33333333333331,0,93.33333333333331,Unavailable MOE or zero percentage,Pass
Georgia place,1359976,"Pelham city, Georgia",2020-2024,B10050_008,Five years or more,22,29,39,37,56.41025641025641,51.625018451424395,4.785237958832013,100,Percentage MOE exceeds 50% of estimate,Pass
Georgia place,1360004,"Pembroke city, Georgia",2020-2024,B10050_008,Five years or more,33,34,33,34,100,145.70685188086435,0,100,Percentage MOE exceeds 50% of estimate,Pass
Georgia place,1360032,"Pendergrass town, Georgia",2020-2024,B10050_008,Five years or more,0,14,0,14,NA,NA,NA,NA,Missing input or nonpositive denominator,Pass
Georgia place,1360312,"Perkins CDP, Georgia",2020-2024,B10050_008,Five years or more,0,14,0,14,NA,NA,NA,NA,Missing input or nonpositive denominator,Pass
Georgia place,1360340,"Perry city, Georgia",2020-2024,B10050_008,Five years or more,0,27,120,124,0,22.5,0,22.5,Unavailable MOE or zero percentage,Pass
Georgia place,1360508,"Phillipsburg CDP, Georgia",2020-2024,B10050_008,Five years or more,0,14,0,14,NA,NA,NA,NA,Missing input or nonpositive denominator,Pass
Georgia place,1360984,"Pinehurst city, Georgia",2020-2024,B10050_008,Five years or more,0,14,14,31,0,100,0,100,Unavailable MOE or zero percentage,Pass
Georgia place,1361040,"Pine Lake city, Georgia",2020-2024,B10050_008,Five years or more,0,14,0,14,NA,NA,NA,NA,Missing input or nonpositive denominator,Pass
Georgia place,1361124,"Pine Mountain town, Georgia",2020-2024,B10050_008,Five years or more,11,16,11,16,100,205.70379089063204,0,100,Percentage MOE exceeds 50% of estimate,Pass
Georgia place,1361320,"Pineview town, Georgia",2020-2024,B10050_008,Five years or more,0,14,0,14,NA,NA,NA,NA,Missing input or nonpositive denominator,Pass
Georgia place,1361376,"Piney Grove CDP, Georgia",2020-2024,B10050_008,Five years or more,0,14,0,14,NA,NA,NA,NA,Missing input or nonpositive denominator,Pass
Georgia place,1361544,"Pitts city, Georgia",2020-2024,B10050_008,Five years or more,0,14,0,14,NA,NA,NA,NA,Missing input or nonpositive denominator,Pass
Georgia place,1361628,"Plains city, Georgia",2020-2024,B10050_008,Five years or more,5,9,5,9,100,254.5584412271571,0,100,Percentage MOE exceeds 50% of estimate,Pass
Georgia place,1361684,"Plainville city, Georgia",2020-2024,B10050_008,Five years or more,0,14,0,14,NA,NA,NA,NA,Missing input or nonpositive denominator,Pass
Georgia place,1362104,"Pooler city, Georgia",2020-2024,B10050_008,Five years or more,11,18,107,99,10.2803738317757,13.875186581947618,0,24.15556041372332,Percentage MOE exceeds 50% of estimate,Pass
Georgia place,1362216,"Portal town, Georgia",2020-2024,B10050_008,Five years or more,0,14,5,8,0,280,0,100,Unavailable MOE or zero percentage,Pass
Georgia place,1362244,"Porterdale city, Georgia",2020-2024,B10050_008,Five years or more,15,32,15,32,100,301.69889330626035,0,100,Percentage MOE exceeds 50% of estimate,Pass
Georgia place,1362328,"Port Wentworth city, Georgia",2020-2024,B10050_008,Five years or more,109,130,128,144,85.15625,33.72168023897458,51.43456976102542,100,Caregiver count MOE exceeds 50% of estimate,Pass
Georgia place,1362496,"Poulan city, Georgia",2020-2024,B10050_008,Five years or more,13,21,13,21,100,228.4498831525769,0,100,Percentage MOE exceeds 50% of estimate,Pass
Georgia place,1362524,"Powder Springs city, Georgia",2020-2024,B10050_008,Five years or more,93,86,135,101,68.88888888888889,37.441735913368184,31.4471529755207,100,Percentage MOE exceeds 50% of estimate,Pass
Georgia place,1363000,"Pulaski town, Georgia",2020-2024,B10050_008,Five years or more,0,14,0,14,NA,NA,NA,NA,Missing input or nonpositive denominator,Pass
Georgia place,1363084,"Putney CDP, Georgia",2020-2024,B10050_008,Five years or more,0,14,0,14,NA,NA,NA,NA,Missing input or nonpositive denominator,Pass
Georgia place,1363224,"Quitman city, Georgia",2020-2024,B10050_008,Five years or more,17,24,33,35,51.51515151515152,48.00024608096599,3.514905434185529,99.51539759611752,Percentage MOE exceeds 50% of estimate,Pass
Georgia place,1363560,"Ranger CDP, Georgia",2020-2024,B10050_008,Five years or more,0,14,0,14,NA,NA,NA,NA,Missing input or nonpositive denominator,Pass
Georgia place,1363588,"Raoul CDP, Georgia",2020-2024,B10050_008,Five years or more,0,14,1,3,0,1400,0,100,Unavailable MOE or zero percentage,Pass
Georgia place,1363728,"Ray City city, Georgia",2020-2024,B10050_008,Five years or more,27,25,32,26,84.375,37.466924704028536,46.908075295971464,100,Caregiver count MOE exceeds 50% of estimate,Pass
Georgia place,1363756,"Rayle town, Georgia",2020-2024,B10050_008,Five years or more,0,14,0,14,NA,NA,NA,NA,Missing input or nonpositive denominator,Pass
Georgia place,1363840,"Rebecca town, Georgia",2020-2024,B10050_008,Five years or more,0,14,0,14,NA,NA,NA,NA,Missing input or nonpositive denominator,Pass
Georgia place,1363952,"Redan CDP, Georgia",2020-2024,B10050_008,Five years or more,94,69,245,136,38.36734693877551,18.4275213647624,19.939825574013113,56.79486830353791,Caregiver count MOE exceeds 50% of estimate,Pass
Georgia place,1364288,"Reed Creek CDP, Georgia",2020-2024,B10050_008,Five years or more,0,14,17,37,0,82.35294117647058,0,82.35294117647058,Unavailable MOE or zero percentage,Pass
Georgia place,1364372,"Register town, Georgia",2020-2024,B10050_008,Five years or more,0,14,0,14,NA,NA,NA,NA,Missing input or nonpositive denominator,Pass
Georgia place,1364512,"Reidsville city, Georgia",2020-2024,B10050_008,Five years or more,0,14,36,59,0,38.88888888888889,0,38.88888888888889,Unavailable MOE or zero percentage,Pass
Georgia place,1364596,"Remerton city, Georgia",2020-2024,B10050_008,Five years or more,0,14,0,14,NA,NA,NA,NA,Missing input or nonpositive denominator,Pass
Georgia place,1364680,"Rentz city, Georgia",2020-2024,B10050_008,Five years or more,9,16,9,16,100,251.4157444218836,0,100,Percentage MOE exceeds 50% of estimate,Pass
Georgia place,1364736,"Resaca town, Georgia",2020-2024,B10050_008,Five years or more,0,14,11,21,0,127.27272727272728,0,100,Unavailable MOE or zero percentage,Pass
Georgia place,1364792,"Rest Haven town, Georgia",2020-2024,B10050_008,Five years or more,0,14,0,14,NA,NA,NA,NA,Missing input or nonpositive denominator,Pass
Georgia place,1364876,"Reynolds city, Georgia",2020-2024,B10050_008,Five years or more,0,14,11,20,0,127.27272727272728,0,100,Unavailable MOE or zero percentage,Pass
Georgia place,1364932,"Rhine town, Georgia",2020-2024,B10050_008,Five years or more,0,14,0,14,NA,NA,NA,NA,Missing input or nonpositive denominator,Pass
Georgia place,1364960,"Riceboro city, Georgia",2020-2024,B10050_008,Five years or more,14,19,14,19,100,191.92898346492004,0,100,Percentage MOE exceeds 50% of estimate,Pass
Georgia place,1365016,"Richland city, Georgia",2020-2024,B10050_008,Five years or more,0,14,10,13,0,140,0,100,Unavailable MOE or zero percentage,Pass
Georgia place,1365044,"Richmond Hill city, Georgia",2020-2024,B10050_008,Five years or more,27,32,38,38,71.05263157894737,45.19885272978333,25.853778849164037,100,Percentage MOE exceeds 50% of estimate,Pass
Georgia place,1365156,"Riddleville town, Georgia",2020-2024,B10050_008,Five years or more,0,14,4,8,0,350,0,100,Unavailable MOE or zero percentage,Pass
Georgia place,1365296,"Rincon city, Georgia",2020-2024,B10050_008,Five years or more,10,19,10,19,100,268.70057685088807,0,100,Percentage MOE exceeds 50% of estimate,Pass
Georgia place,1365324,"Ringgold city, Georgia",2020-2024,B10050_008,Five years or more,5,8,39,53,12.82051282051282,10.826987153870828,1.9935256666419912,23.64749997438365,Percentage MOE exceeds 50% of estimate,Pass
Georgia place,1365464,"Riverdale city, Georgia",2020-2024,B10050_008,Five years or more,57,71,120,117,47.5,36.82182488951959,10.67817511048041,84.32182488951959,Percentage MOE exceeds 50% of estimate,Pass
Georgia place,1365856,"Roberta city, Georgia",2020-2024,B10050_008,Five years or more,7,10,7,10,100,202.03050891044217,0,100,Percentage MOE exceeds 50% of estimate,Pass
Georgia place,1365968,"Robins AFB CDP, Georgia",2020-2024,B10050_008,Five years or more,0,14,0,14,NA,NA,NA,NA,Missing input or nonpositive denominator,Pass
Georgia place,1366024,"Rochelle city, Georgia",2020-2024,B10050_008,Five years or more,14,17,38,29,36.84210526315789,34.797360105135084,2.044745158022806,71.63946536829297,Percentage MOE exceeds 50% of estimate,Pass
Georgia place,1366220,"Rockingham CDP, Georgia",2020-2024,B10050_008,Five years or more,0,14,0,14,NA,NA,NA,NA,Missing input or nonpositive denominator,Pass
Georgia place,1366276,"Rockmart city, Georgia",2020-2024,B10050_008,Five years or more,49,79,49,79,100,228.0058600560704,0,100,Percentage MOE exceeds 50% of estimate,Pass
Georgia place,1366304,"Rock Spring CDP, Georgia",2020-2024,B10050_008,Five years or more,0,14,0,14,NA,NA,NA,NA,Missing input or nonpositive denominator,Pass
Georgia place,1366444,"Rocky Ford town, Georgia",2020-2024,B10050_008,Five years or more,0,14,5,7,0,280,0,100,Unavailable MOE or zero percentage,Pass
Georgia place,1366668,"Rome city, Georgia",2020-2024,B10050_008,Five years or more,245,184,253,186,96.8379446640316,14.85923258516386,81.97871207886774,100,Caregiver count MOE exceeds 50% of estimate,Pass
Georgia place,1366696,"Roopville town, Georgia",2020-2024,B10050_008,Five years or more,0,14,9,17,0,155.55555555555557,0,100,Unavailable MOE or zero percentage,Pass
Georgia place,1367256,"Rossville city, Georgia",2020-2024,B10050_008,Five years or more,0,14,25,39,0,56.00000000000001,0,56.00000000000001,Unavailable MOE or zero percentage,Pass
Georgia place,1367284,"Roswell city, Georgia",2020-2024,B10050_008,Five years or more,54,66,207,147,26.08695652173913,25.9499184397908,0.13703808194832945,52.03687496152993,Percentage MOE exceeds 50% of estimate,Pass
Georgia place,1367452,"Royston city, Georgia",2020-2024,B10050_008,Five years or more,0,14,2,6,0,700,0,100,Unavailable MOE or zero percentage,Pass
Georgia place,1367676,"Russell CDP, Georgia",2020-2024,B10050_008,Five years or more,0,14,0,14,NA,NA,NA,NA,Missing input or nonpositive denominator,Pass
Georgia place,1367760,"Rutledge city, Georgia",2020-2024,B10050_008,Five years or more,2,3,5,8,40,87.72684879784525,0,100,Percentage MOE exceeds 50% of estimate,Pass
Georgia place,1367984,"St. Marys city, Georgia",2020-2024,B10050_008,Five years or more,48,42,127,108,37.79527559055118,7.787620341791189,30.00765524875999,45.58289593234237,Caregiver count MOE exceeds 50% of estimate,Pass
Georgia place,1368040,"St. Simons CDP, Georgia",2020-2024,B10050_008,Five years or more,0,23,35,34,0,65.71428571428571,0,65.71428571428571,Unavailable MOE or zero percentage,Pass
Georgia place,1368096,"Sale City city, Georgia",2020-2024,B10050_008,Five years or more,0,14,0,14,NA,NA,NA,NA,Missing input or nonpositive denominator,Pass
Georgia place,1368129,"Salem CDP, Georgia",2020-2024,B10050_008,Five years or more,0,14,0,14,NA,NA,NA,NA,Missing input or nonpositive denominator,Pass
Georgia place,1368208,"Sandersville city, Georgia",2020-2024,B10050_008,Five years or more,82,77,214,120,38.31775700934579,28.861408289622453,9.456348719723335,67.17916529896824,Percentage MOE exceeds 50% of estimate,Pass
Georgia place,1368516,"Sandy Springs city, Georgia",2020-2024,B10050_008,Five years or more,67,71,111,92,60.36036036036037,39.85658290071394,20.50377745964643,100,Percentage MOE exceeds 50% of estimate,Pass
Georgia place,1368600,"Santa Claus city, Georgia",2020-2024,B10050_008,Five years or more,0,14,0,14,NA,NA,NA,NA,Missing input or nonpositive denominator,Pass
Georgia place,1368740,"Sardis city, Georgia",2020-2024,B10050_008,Five years or more,0,14,16,24,0,87.5,0,87.5,Unavailable MOE or zero percentage,Pass
Georgia place,1368796,"Sasser town, Georgia",2020-2024,B10050_008,Five years or more,0,14,2,4,0,700,0,100,Unavailable MOE or zero percentage,Pass
Georgia place,1368805,"Satilla CDP, Georgia",2020-2024,B10050_008,Five years or more,0,14,0,14,NA,NA,NA,NA,Missing input or nonpositive denominator,Pass
Georgia place,1368880,"Sautee-Nacoochee CDP, Georgia",2020-2024,B10050_008,Five years or more,0,14,0,14,NA,NA,NA,NA,Missing input or nonpositive denominator,Pass
Georgia place,1369336,"Scotland city, Georgia",2020-2024,B10050_008,Five years or more,0,14,0,14,NA,NA,NA,NA,Missing input or nonpositive denominator,Pass
Georgia place,1369392,"Scottdale CDP, Georgia",2020-2024,B10050_008,Five years or more,11,19,101,91,10.891089108910892,16.049814554090204,0,26.940903663001095,Percentage MOE exceeds 50% of estimate,Pass
Georgia place,1369448,"Screven city, Georgia",2020-2024,B10050_008,Five years or more,22,24,23,23,95.65217391304348,41.702882811414945,53.94929110162854,100,Caregiver count MOE exceeds 50% of estimate,Pass
Georgia place,1369672,"Senoia city, Georgia",2020-2024,B10050_008,Five years or more,0,20,0,20,NA,NA,NA,NA,Missing input or nonpositive denominator,Pass
Georgia place,1369728,"Seville CDP, Georgia",2020-2024,B10050_008,Five years or more,0,14,0,14,NA,NA,NA,NA,Missing input or nonpositive denominator,Pass
Georgia place,1369784,"Shady Dale town, Georgia",2020-2024,B10050_008,Five years or more,0,14,5,8,0,280,0,100,Unavailable MOE or zero percentage,Pass
Georgia place,1369868,"Shannon CDP, Georgia",2020-2024,B10050_008,Five years or more,0,14,62,103,0,22.58064516129032,0,22.58064516129032,Unavailable MOE or zero percentage,Pass
Georgia place,1369896,"Sharon city, Georgia",2020-2024,B10050_008,Five years or more,0,14,1,2,0,1400,0,100,Unavailable MOE or zero percentage,Pass
Georgia place,1369980,"Sharpsburg town, Georgia",2020-2024,B10050_008,Five years or more,2,3,2,3,100,212.13203435596424,0,100,Percentage MOE exceeds 50% of estimate,Pass
Georgia place,1370120,"Shellman city, Georgia",2020-2024,B10050_008,Five years or more,12,14,45,42,26.666666666666668,18.666666666666668,8,45.333333333333336,Percentage MOE exceeds 50% of estimate,Pass
Georgia place,1370428,"Shiloh city, Georgia",2020-2024,B10050_008,Five years or more,9,17,9,17,100,267.1292284482513,0,100,Percentage MOE exceeds 50% of estimate,Pass
Georgia place,1370932,"Siloam town, Georgia",2020-2024,B10050_008,Five years or more,0,14,4,6,0,350,0,100,Unavailable MOE or zero percentage,Pass
Georgia place,1371184,"Skidaway Island CDP, Georgia",2020-2024,B10050_008,Five years or more,0,20,5,9,0,400,0,100,Unavailable MOE or zero percentage,Pass
Georgia place,1371282,"Sky Valley city, Georgia",2020-2024,B10050_008,Five years or more,0,14,0,14,NA,NA,NA,NA,Missing input or nonpositive denominator,Pass
Georgia place,1371296,"Smarr CDP, Georgia",2020-2024,B10050_008,Five years or more,0,14,0,14,NA,NA,NA,NA,Missing input or nonpositive denominator,Pass
Georgia place,1371464,"Smithville city, Georgia",2020-2024,B10050_008,Five years or more,0,14,11,23,0,127.27272727272728,0,100,Unavailable MOE or zero percentage,Pass
Georgia place,1371492,"Smyrna city, Georgia",2020-2024,B10050_008,Five years or more,70,67,203,118,34.48275862068966,26.22130035829292,8.261458262396737,60.70405897898258,Percentage MOE exceeds 50% of estimate,Pass
Georgia place,1371604,"Snellville city, Georgia",2020-2024,B10050_008,Five years or more,0,27,93,132,0,29.03225806451613,0,29.03225806451613,Unavailable MOE or zero percentage,Pass
Georgia place,1371660,"Social Circle city, Georgia",2020-2024,B10050_008,Five years or more,31,60,31,60,100,273.71875400769585,0,100,Percentage MOE exceeds 50% of estimate,Pass
Georgia place,1371772,"Soperton city, Georgia",2020-2024,B10050_008,Five years or more,18,23,18,23,100,180.7050663032288,0,100,Percentage MOE exceeds 50% of estimate,Pass
Georgia place,1372556,"Sparks town, Georgia",2020-2024,B10050_008,Five years or more,15,20,19,21,78.94736842105263,58.876485614493845,20.070882806558785,100,Percentage MOE exceeds 50% of estimate,Pass
Georgia place,1372584,"Sparta city, Georgia",2020-2024,B10050_008,Five years or more,5,13,5,13,100,367.6955262170047,0,100,Percentage MOE exceeds 50% of estimate,Pass
Georgia place,1372780,"Springfield city, Georgia",2020-2024,B10050_008,Five years or more,7,11,7,11,100,222.23355980148636,0,100,Percentage MOE exceeds 50% of estimate,Pass
Georgia place,1373004,"Stapleton city, Georgia",2020-2024,B10050_008,Five years or more,6,8,6,8,100,188.56180831641268,0,100,Percentage MOE exceeds 50% of estimate,Pass
Georgia place,1373256,"Statesboro city, Georgia",2020-2024,B10050_008,Five years or more,95,111,245,157,38.775510204081634,37.8843321290949,0.8911780749867333,76.65984233317653,Percentage MOE exceeds 50% of estimate,Pass
Georgia place,1373312,"Statham city, Georgia",2020-2024,B10050_008,Five years or more,0,14,0,14,NA,NA,NA,NA,Missing input or nonpositive denominator,Pass
Georgia place,1373452,"Sterling CDP, Georgia",2020-2024,B10050_008,Five years or more,0,14,0,14,NA,NA,NA,NA,Missing input or nonpositive denominator,Pass
Georgia place,1373620,"Stillmore city, Georgia",2020-2024,B10050_008,Five years or more,0,14,8,13,0,175,0,100,Unavailable MOE or zero percentage,Pass
Georgia place,1373760,"Stockton CDP, Georgia",2020-2024,B10050_008,Five years or more,0,14,0,14,NA,NA,NA,NA,Missing input or nonpositive denominator,Pass
Georgia place,1373816,"Stone Mountain city, Georgia",2020-2024,B10050_008,Five years or more,0,20,20,35,0,100,0,100,Unavailable MOE or zero percentage,Pass
Georgia place,1374180,"Sugar Hill city, Georgia",2020-2024,B10050_008,Five years or more,25,44,63,71,39.68253968253968,53.644963897449706,0,93.32750357998938,Percentage MOE exceeds 50% of estimate,Pass
Georgia place,1374348,"Summertown city, Georgia",2020-2024,B10050_008,Five years or more,8,17,8,17,100,300.5203820042827,0,100,Percentage MOE exceeds 50% of estimate,Pass
Georgia place,1374376,"Summerville city, Georgia",2020-2024,B10050_008,Five years or more,24,39,103,73,23.300970873786408,34.07296469401951,0,57.37393556780592,Percentage MOE exceeds 50% of estimate,Pass
Georgia place,1374432,"Sumner town, Georgia",2020-2024,B10050_008,Five years or more,0,14,0,14,NA,NA,NA,NA,Missing input or nonpositive denominator,Pass
Georgia place,1374572,"Sunny Side CDP, Georgia",2020-2024,B10050_008,Five years or more,5,7,5,7,100,197.98989873223331,0,100,Percentage MOE exceeds 50% of estimate,Pass
Georgia place,1374628,"Sunnyside CDP, Georgia",2020-2024,B10050_008,Five years or more,0,14,0,14,NA,NA,NA,NA,Missing input or nonpositive denominator,Pass
Georgia place,1374768,"Sunset Village CDP, Georgia",2020-2024,B10050_008,Five years or more,0,14,0,14,NA,NA,NA,NA,Missing input or nonpositive denominator,Pass
Georgia place,1374852,"Surrency town, Georgia",2020-2024,B10050_008,Five years or more,0,14,0,14,NA,NA,NA,NA,Missing input or nonpositive denominator,Pass
Georgia place,1374936,"Suwanee city, Georgia",2020-2024,B10050_008,Five years or more,25,35,88,66,28.40909090909091,33.584063686184344,0,61.99315459527526,Percentage MOE exceeds 50% of estimate,Pass
Georgia place,1374964,"Swainsboro city, Georgia",2020-2024,B10050_008,Five years or more,0,20,31,14,0,64.51612903225806,0,64.51612903225806,Unavailable MOE or zero percentage,Pass
Georgia place,1375104,"Sycamore city, Georgia",2020-2024,B10050_008,Five years or more,0,14,11,17,0,127.27272727272728,0,100,Unavailable MOE or zero percentage,Pass
Georgia place,1375160,"Sylvania city, Georgia",2020-2024,B10050_008,Five years or more,0,14,8,14,0,175,0,100,Unavailable MOE or zero percentage,Pass
Georgia place,1375188,"Sylvester city, Georgia",2020-2024,B10050_008,Five years or more,59,64,77,70,76.62337662337663,45.34570449283712,31.277672130539507,100,Percentage MOE exceeds 50% of estimate,Pass
Georgia place,1375239,"Talahi Island CDP, Georgia",2020-2024,B10050_008,Five years or more,0,14,0,14,NA,NA,NA,NA,Missing input or nonpositive denominator,Pass
Georgia place,1375244,"Talbotton city, Georgia",2020-2024,B10050_008,Five years or more,6,10,6,10,100,235.70226039551585,0,100,Percentage MOE exceeds 50% of estimate,Pass
Georgia place,1375272,"Talking Rock town, Georgia",2020-2024,B10050_008,Five years or more,0,14,0,14,NA,NA,NA,NA,Missing input or nonpositive denominator,Pass
Georgia place,1375300,"Tallapoosa city, Georgia",2020-2024,B10050_008,Five years or more,0,14,8,41,0,175,0,100,Unavailable MOE or zero percentage,Pass
Georgia place,1375328,"Tallulah Falls town, Georgia",2020-2024,B10050_008,Five years or more,0,14,0,14,NA,NA,NA,NA,Missing input or nonpositive denominator,Pass
Georgia place,1375412,"Talmo town, Georgia",2020-2024,B10050_008,Five years or more,0,14,0,14,NA,NA,NA,NA,Missing input or nonpositive denominator,Pass
Georgia place,1375496,"Tarrytown town, Georgia",2020-2024,B10050_008,Five years or more,0,14,0,14,NA,NA,NA,NA,Missing input or nonpositive denominator,Pass
Georgia place,1375580,"Tate City CDP, Georgia",2020-2024,B10050_008,Five years or more,0,14,0,14,NA,NA,NA,NA,Missing input or nonpositive denominator,Pass
Georgia place,1375664,"Taylorsville town, Georgia",2020-2024,B10050_008,Five years or more,0,14,4,6,0,350,0,100,Unavailable MOE or zero percentage,Pass
Georgia place,1375692,"Tazewell CDP, Georgia",2020-2024,B10050_008,Five years or more,0,14,0,14,NA,NA,NA,NA,Missing input or nonpositive denominator,Pass
Georgia place,1375832,"Temple city, Georgia",2020-2024,B10050_008,Five years or more,0,20,86,90,0,23.25581395348837,0,23.25581395348837,Unavailable MOE or zero percentage,Pass
Georgia place,1375888,"Tennille city, Georgia",2020-2024,B10050_008,Five years or more,18,28,23,28,78.26086956521739,75.78430808539468,2.4765614798227062,100,Percentage MOE exceeds 50% of estimate,Pass
Georgia place,1376112,"The Rock CDP, Georgia",2020-2024,B10050_008,Five years or more,0,14,0,14,NA,NA,NA,NA,Missing input or nonpositive denominator,Pass
Georgia place,1376168,"Thomaston city, Georgia",2020-2024,B10050_008,Five years or more,75,101,75,101,100,190.4474263995768,0,100,Percentage MOE exceeds 50% of estimate,Pass
Georgia place,1376224,"Thomasville city, Georgia",2020-2024,B10050_008,Five years or more,31,33,110,75,28.18181818181818,23.038848474570493,5.142969707247687,51.22066665638867,Percentage MOE exceeds 50% of estimate,Pass
Georgia place,1376280,"Thomson city, Georgia",2020-2024,B10050_008,Five years or more,128,151,147,155,87.07482993197279,46.06392910510295,41.01090082686984,100,Percentage MOE exceeds 50% of estimate,Pass
Georgia place,1376364,"Thunderbolt town, Georgia",2020-2024,B10050_008,Five years or more,4,6,38,33,10.526315789473683,12.8741828682795,0,23.400498657753182,Percentage MOE exceeds 50% of estimate,Pass
Georgia place,1376476,"Tifton city, Georgia",2020-2024,B10050_008,Five years or more,62,79,122,94,50.81967213114754,51.57412035508724,0,100,Percentage MOE exceeds 50% of estimate,Pass
Georgia place,1376504,"Tiger town, Georgia",2020-2024,B10050_008,Five years or more,0,14,3,3,0,466.6666666666667,0,100,Unavailable MOE or zero percentage,Pass
Georgia place,1376532,"Tignall town, Georgia",2020-2024,B10050_008,Five years or more,17,27,17,27,100,224.61038931807985,0,100,Percentage MOE exceeds 50% of estimate,Pass
Georgia place,1376756,"Toccoa city, Georgia",2020-2024,B10050_008,Five years or more,70,77,95,86,73.68421052631578,46.04518091063345,27.639029615682333,100,Percentage MOE exceeds 50% of estimate,Pass
Georgia place,1376952,"Toomsboro city, Georgia",2020-2024,B10050_008,Five years or more,6,11,9,12,66.66666666666666,83.8870492807861,0,100,Percentage MOE exceeds 50% of estimate,Pass
Georgia place,1377372,"Trenton city, Georgia",2020-2024,B10050_008,Five years or more,0,14,23,32,0,60.86956521739131,0,60.86956521739131,Unavailable MOE or zero percentage,Pass
Georgia place,1377540,"Trion town, Georgia",2020-2024,B10050_008,Five years or more,0,14,8,12,0,175,0,100,Unavailable MOE or zero percentage,Pass
Georgia place,1377652,"Tucker city, Georgia",2020-2024,B10050_008,Five years or more,134,146,185,158,72.43243243243244,49.00394008090563,23.4284923515268,100,Percentage MOE exceeds 50% of estimate,Pass
Georgia place,1377736,"Tunnel Hill city, Georgia",2020-2024,B10050_008,Five years or more,0,14,7,9,0,200,0,100,Unavailable MOE or zero percentage,Pass
Georgia place,1377764,"Turin town, Georgia",2020-2024,B10050_008,Five years or more,0,14,0,14,NA,NA,NA,NA,Missing input or nonpositive denominator,Pass
Georgia place,1377988,"Twin City city, Georgia",2020-2024,B10050_008,Five years or more,0,14,9,15,0,155.55555555555557,0,100,Unavailable MOE or zero percentage,Pass
Georgia place,1378036,"Tybee Island city, Georgia",2020-2024,B10050_008,Five years or more,0,14,16,30,0,87.5,0,87.5,Unavailable MOE or zero percentage,Pass
Georgia place,1378044,"Tyrone town, Georgia",2020-2024,B10050_008,Five years or more,0,20,0,20,NA,NA,NA,NA,Missing input or nonpositive denominator,Pass
Georgia place,1378100,"Ty Ty city, Georgia",2020-2024,B10050_008,Five years or more,14,23,29,36,48.27586206896552,51.94888779732382,0,100,Percentage MOE exceeds 50% of estimate,Pass
Georgia place,1378156,"Unadilla city, Georgia",2020-2024,B10050_008,Five years or more,0,14,0,14,NA,NA,NA,NA,Missing input or nonpositive denominator,Pass
Georgia place,1378324,"Union City city, Georgia",2020-2024,B10050_008,Five years or more,214,167,249,170,85.94377510040161,32.484223502397526,53.45955159800408,100,Caregiver count MOE exceeds 50% of estimate,Pass
Georgia place,1378380,"Union Point city, Georgia",2020-2024,B10050_008,Five years or more,0,14,14,16,0,100,0,100,Unavailable MOE or zero percentage,Pass
Georgia place,1378464,"Unionville CDP, Georgia",2020-2024,B10050_008,Five years or more,19,21,19,21,100,156.3078147886052,0,100,Percentage MOE exceeds 50% of estimate,Pass
Georgia place,1378744,"Uvalda city, Georgia",2020-2024,B10050_008,Five years or more,10,16,23,24,43.47826086956522,52.73526132071893,0,96.21352219028417,Percentage MOE exceeds 50% of estimate,Pass
Georgia place,1378800,"Valdosta city, Georgia",2020-2024,B10050_008,Five years or more,164,125,325,184,50.46153846153846,25.7507770353254,24.71076142621306,76.21231549686385,Percentage MOE exceeds 50% of estimate,Pass
Georgia place,1378996,"Varnell city, Georgia",2020-2024,B10050_008,Five years or more,0,14,2,4,0,700,0,100,Unavailable MOE or zero percentage,Pass
Georgia place,1379164,"Vernonburg town, Georgia",2020-2024,B10050_008,Five years or more,0,14,0,14,NA,NA,NA,NA,Missing input or nonpositive denominator,Pass
Georgia place,1379388,"Vidalia city, Georgia",2020-2024,B10050_008,Five years or more,65,75,65,75,100,163.17848796612634,0,100,Percentage MOE exceeds 50% of estimate,Pass
Georgia place,1379416,"Vidette city, Georgia",2020-2024,B10050_008,Five years or more,0,14,0,14,NA,NA,NA,NA,Missing input or nonpositive denominator,Pass
Georgia place,1379444,"Vienna city, Georgia",2020-2024,B10050_008,Five years or more,0,14,35,42,0,40,0,40,Unavailable MOE or zero percentage,Pass
Georgia place,1379528,"Villa Rica city, Georgia",2020-2024,B10050_008,Five years or more,52,68,215,219,24.186046511627907,19.83408793981119,4.351958571816713,44.020134451439105,Percentage MOE exceeds 50% of estimate,Pass
Georgia place,1379612,"Vinings CDP, Georgia",2020-2024,B10050_008,Five years or more,0,23,57,77,0,40.35087719298245,0,40.35087719298245,Unavailable MOE or zero percentage,Pass
Georgia place,1379808,"Waco city, Georgia",2020-2024,B10050_008,Five years or more,11,18,25,24,44,58.30765301399122,0,100,Percentage MOE exceeds 50% of estimate,Pass
Georgia place,1379864,"Wadley city, Georgia",2020-2024,B10050_008,Five years or more,11,13,49,42,22.448979591836736,18.26525376988581,4.183725821950926,40.71423336172255,Percentage MOE exceeds 50% of estimate,Pass
Georgia place,1379948,"Waleska city, Georgia",2020-2024,B10050_008,Five years or more,2,4,2,4,100,282.842712474619,0,100,Percentage MOE exceeds 50% of estimate,Pass
Georgia place,1380228,"Walnut Grove city, Georgia",2020-2024,B10050_008,Five years or more,22,21,22,21,100,134.99311277197725,0,100,Percentage MOE exceeds 50% of estimate,Pass
Georgia place,1380256,"Walthourville city, Georgia",2020-2024,B10050_008,Five years or more,31,54,120,127,25.833333333333336,35.74226085509912,0,61.575594188432454,Percentage MOE exceeds 50% of estimate,Pass
Georgia place,1380368,"Waresboro CDP, Georgia",2020-2024,B10050_008,Five years or more,0,14,0,14,NA,NA,NA,NA,Missing input or nonpositive denominator,Pass
Georgia place,1380480,"Warm Springs city, Georgia",2020-2024,B10050_008,Five years or more,0,14,8,17,0,175,0,100,Unavailable MOE or zero percentage,Pass
Georgia place,1380592,"Warrenton city, Georgia",2020-2024,B10050_008,Five years or more,91,89,98,88,92.85714285714286,35.986940429994256,56.870202427148605,100,Caregiver count MOE exceeds 50% of estimate,Pass
Georgia place,1380648,"Warthen CDP, Georgia",2020-2024,B10050_008,Five years or more,0,14,0,14,NA,NA,NA,NA,Missing input or nonpositive denominator,Pass
Georgia place,1380676,"Warwick city, Georgia",2020-2024,B10050_008,Five years or more,1,4,1,4,100,565.685424949238,0,100,Percentage MOE exceeds 50% of estimate,Pass
Georgia place,1380704,"Washington city, Georgia",2020-2024,B10050_008,Five years or more,53,40,58,48,91.3793103448276,102.34877034207328,0,100,Percentage MOE exceeds 50% of estimate,Pass
Georgia place,1380788,"Watkinsville city, Georgia",2020-2024,B10050_008,Five years or more,0,14,28,34,0,50,0,50,Unavailable MOE or zero percentage,Pass
Georgia place,1380816,"Waverly CDP, Georgia",2020-2024,B10050_008,Five years or more,0,14,0,14,NA,NA,NA,NA,Missing input or nonpositive denominator,Pass
Georgia place,1380844,"Waverly Hall town, Georgia",2020-2024,B10050_008,Five years or more,0,14,2,22,0,700,0,100,Unavailable MOE or zero percentage,Pass
Georgia place,1380956,"Waycross city, Georgia",2020-2024,B10050_008,Five years or more,46,44,139,100,33.093525179856115,20.861059059618288,12.232466120237827,53.9545842394744,Percentage MOE exceeds 50% of estimate,Pass
Georgia place,1380984,"Waynesboro city, Georgia",2020-2024,B10050_008,Five years or more,43,71,43,71,100,233.50968122904595,0,100,Percentage MOE exceeds 50% of estimate,Pass
Georgia place,1381012,"Waynesville CDP, Georgia",2020-2024,B10050_008,Five years or more,0,14,0,14,NA,NA,NA,NA,Missing input or nonpositive denominator,Pass
Georgia place,1381128,"Webster County unified government, Georgia",2020-2024,B10050_008,Five years or more,0,14,6,9,0,233.33333333333337,0,100,Unavailable MOE or zero percentage,Pass
Georgia place,1381208,"Wenona CDP, Georgia",2020-2024,B10050_008,Five years or more,0,14,0,14,NA,NA,NA,NA,Missing input or nonpositive denominator,Pass
Georgia place,1381488,"West Brow CDP, Georgia",2020-2024,B10050_008,Five years or more,0,14,0,14,NA,NA,NA,NA,Missing input or nonpositive denominator,Pass
Georgia place,1382132,"West Point city, Georgia",2020-2024,B10050_008,Five years or more,73,100,162,192,45.06172839506173,30.95385713713555,14.107871257926178,76.01558553219728,Percentage MOE exceeds 50% of estimate,Pass
Georgia place,1382412,"Whigham city, Georgia",2020-2024,B10050_008,Five years or more,0,14,0,14,NA,NA,NA,NA,Missing input or nonpositive denominator,Pass
Georgia place,1382468,"White city, Georgia",2020-2024,B10050_008,Five years or more,0,14,0,14,NA,NA,NA,NA,Missing input or nonpositive denominator,Pass
Georgia place,1382636,"Whitemarsh Island CDP, Georgia",2020-2024,B10050_008,Five years or more,0,20,36,42,0,55.55555555555556,0,55.55555555555556,Unavailable MOE or zero percentage,Pass
Georgia place,1382692,"White Plains city, Georgia",2020-2024,B10050_008,Five years or more,13,22,16,23,81.25,72.55852803243997,8.691471967560034,100,Percentage MOE exceeds 50% of estimate,Pass
Georgia place,1382720,"Whitesburg city, Georgia",2020-2024,B10050_008,Five years or more,2,4,5,15,40,144.22205101855957,0,100,Percentage MOE exceeds 50% of estimate,Pass
Georgia place,1382916,"Wildwood CDP, Georgia",2020-2024,B10050_008,Five years or more,31,37,31,37,100,168.79323163807908,0,100,Percentage MOE exceeds 50% of estimate,Pass
Georgia place,1382972,"Willacoochee city, Georgia",2020-2024,B10050_008,Five years or more,0,14,11,12,0,127.27272727272728,0,100,Unavailable MOE or zero percentage,Pass
Georgia place,1383084,"Williamson city, Georgia",2020-2024,B10050_008,Five years or more,0,14,0,14,NA,NA,NA,NA,Missing input or nonpositive denominator,Pass
Georgia place,1383168,"Wilmington Island CDP, Georgia",2020-2024,B10050_008,Five years or more,0,23,0,23,NA,NA,NA,NA,Missing input or nonpositive denominator,Pass
Georgia place,1383420,"Winder city, Georgia",2020-2024,B10050_008,Five years or more,7,12,45,47,15.555555555555555,21.14589582465353,0,36.701451380209086,Percentage MOE exceeds 50% of estimate,Pass
Georgia place,1383728,"Winterville city, Georgia",2020-2024,B10050_008,Five years or more,18,26,18,26,100,204.2752923427804,0,100,Percentage MOE exceeds 50% of estimate,Pass
Georgia place,1383868,"Woodbine city, Georgia",2020-2024,B10050_008,Five years or more,0,14,20,23,0,70,0,70,Unavailable MOE or zero percentage,Pass
Georgia place,1383896,"Woodbury city, Georgia",2020-2024,B10050_008,Five years or more,0,14,23,30,0,60.86956521739131,0,60.86956521739131,Unavailable MOE or zero percentage,Pass
Georgia place,1383952,"Woodland city, Georgia",2020-2024,B10050_008,Five years or more,0,14,0,14,NA,NA,NA,NA,Missing input or nonpositive denominator,Pass
Georgia place,1384176,"Woodstock city, Georgia",2020-2024,B10050_008,Five years or more,0,30,0,30,NA,NA,NA,NA,Missing input or nonpositive denominator,Pass
Georgia place,1384260,"Woodville city, Georgia",2020-2024,B10050_008,Five years or more,0,14,0,14,NA,NA,NA,NA,Missing input or nonpositive denominator,Pass
Georgia place,1384288,"Woolsey town, Georgia",2020-2024,B10050_008,Five years or more,0,14,0,14,NA,NA,NA,NA,Missing input or nonpositive denominator,Pass
Georgia place,1384456,"Wrens city, Georgia",2020-2024,B10050_008,Five years or more,64,97,64,97,100,214.34174304717223,0,100,Percentage MOE exceeds 50% of estimate,Pass
Georgia place,1384512,"Wrightsville city, Georgia",2020-2024,B10050_008,Five years or more,0,14,21,23,0,66.66666666666666,0,66.66666666666666,Unavailable MOE or zero percentage,Pass
Georgia place,1384708,"Yatesville town, Georgia",2020-2024,B10050_008,Five years or more,0,14,0,14,NA,NA,NA,NA,Missing input or nonpositive denominator,Pass
Georgia place,1384832,"Yonah CDP, Georgia",2020-2024,B10050_008,Five years or more,0,14,0,14,NA,NA,NA,NA,Missing input or nonpositive denominator,Pass
Georgia place,1384960,"Young Harris city, Georgia",2020-2024,B10050_008,Five years or more,0,14,0,14,NA,NA,NA,NA,Missing input or nonpositive denominator,Pass
Georgia place,1385128,"Zebulon city, Georgia",2020-2024,B10050_008,Five years or more,25,40,76,67,32.89473684210527,43.92178580406853,0,76.8165226461738,Percentage MOE exceeds 50% of estimate,Pass
